locus_tag,old_locus_tag,gcf_start,gca_start,diff_bp,diff_codons,frame_shift_flag
MA_RS00005,MA_0001,1510,1528,18,6.0,False
MA_RS00010,MA_0003,3805,3805,0,0.0,False
MA_RS00015,MA_0004,8134,8134,0,0.0,False
MA_RS00020,MA_0005,9375,9375,0,0.0,False
MA_RS00025,MA_0006,9571,9571,0,0.0,False
MA_RS00030,MA_0007,11359,11359,0,0.0,False
MA_RS00035,MA_0008,13031,13031,0,0.0,False
MA_RS00040,MA_0009,15084,15084,0,0.0,False
MA_RS00045,MA_0010,16337,16337,0,0.0,False
MA_RS00050,MA_0011,17538,17559,21,7.0,False
MA_RS00055,MA_0012,18310,18310,0,0.0,False
MA_RS00060,MA_0013,19551,19551,0,0.0,False
MA_RS00065,MA_0014,21523,21529,6,2.0,False
MA_RS00070,MA_0015,22783,22783,0,0.0,False
MA_RS00075,MA_0016,23492,23522,30,10.0,False
MA_RS00090,MA_0018,25197,25197,0,0.0,False
MA_RS00095,MA_0019,25854,25764,90,30.0,False
MA_RS00100,MA_0020,28098,28098,0,0.0,False
MA_RS00105,MA_0021,28677,28662,15,5.0,False
MA_RS00110,MA_0022,30256,30217,39,13.0,False
MA_RS00115,MA_0023,31065,31065,0,0.0,False
MA_RS00120,MA_0024,32254,32254,0,0.0,False
MA_RS00125,MA_0025,33066,33066,0,0.0,False
MA_RS00130,MA_0026,34650,34650,0,0.0,False
MA_RS00135,MA_0027,35473,35473,0,0.0,False
MA_RS00145,MA_0029,39249,39162,-87,-29.0,False
MA_RS00155,MA_0030,41054,41054,0,0.0,False
MA_RS00160,MA_0031,42199,42199,0,0.0,False
MA_RS00165,MA_0032,43407,43407,0,0.0,False
MA_RS00170,MA_0033,43667,43667,0,0.0,False
MA_RS00175,MA_0034,44212,44212,0,0.0,False
MA_RS00180,MA_0035,45743,45743,0,0.0,False
MA_RS00185,MA_0036,46686,46686,0,0.0,False
MA_RS00190,MA_0037,47351,47306,45,15.0,False
MA_RS00195,MA_0038,49629,49629,0,0.0,False
MA_RS00200,MA_0039,50071,50047,24,8.0,False
MA_RS00205,MA_0040,51146,51146,0,0.0,False
MA_RS00210,MA_0041,52826,52826,0,0.0,False
MA_RS00215,MA_0042,53371,53371,0,0.0,False
MA_RS00220,MA_0043,54803,54809,-6,-2.0,False
MA_RS00230,MA_0045,56958,56925,33,11.0,False
MA_RS00235,MA_0046,57569,57569,0,0.0,False
MA_RS00240,MA_0047,58313,58313,0,0.0,False
MA_RS00245,MA_0048,59191,59191,0,0.0,False
MA_RS00250,MA_0049,59484,59484,0,0.0,False
MA_RS00255,MA_0050,59888,59888,0,0.0,False
MA_RS00260,MA_0051,63327,63327,0,0.0,False
MA_RS00270,MA_0053,64281,64281,0,0.0,False
MA_RS00275,MA_0054,65547,65547,0,0.0,False
MA_RS00280,MA_0055,67382,67382,0,0.0,False
MA_RS00290,MA_0056,68403,68394,9,3.0,False
MA_RS00295,MA_0057,68676,68667,9,3.0,False
MA_RS00300,MA_0058,68950,68941,9,3.0,False
MA_RS00305,MA_0059,69214,69205,9,3.0,False
MA_RS00310,MA_0060,70403,70379,-24,-8.0,False
MA_RS00315,MA_0061,71146,71347,201,67.0,False
MA_RS00320,MA_0062,71483,71483,0,0.0,False
MA_RS00325,MA_0063,72781,72823,42,14.0,False
MA_RS00330,MA_0064,73571,73571,0,0.0,False
MA_RS00335,MA_0065,74723,74723,0,0.0,False
MA_RS00345,MA_0067,75144,75144,0,0.0,False
MA_RS00350,MA_0068,79369,79369,0,0.0,False
MA_RS00355,MA_0069,80597,80603,6,2.0,False
MA_RS00365,MA_0071,81987,81987,0,0.0,False
MA_RS00370,MA_0072,84404,84404,0,0.0,False
MA_RS00380,MA_0074,85487,85394,93,31.0,False
MA_RS00385,MA_0075,87507,87507,0,0.0,False
MA_RS00390,MA_0076,88183,88156,27,9.0,False
MA_RS00400,MA_0077,89654,89765,-111,-37.0,False
MA_RS00405,MA_0078,90829,90829,0,0.0,False
MA_RS00415,MA_0080,94605,94605,0,0.0,False
MA_RS00420,MA_0081,97563,97659,-96,-32.0,False
MA_RS00425,MA_0083,100217,100217,0,0.0,False
MA_RS00430,MA_0084,104516,104570,54,18.0,False
MA_RS00435,MA_0085,105273,105273,0,0.0,False
MA_RS00440,MA_0086,108391,108391,0,0.0,False
MA_RS00445,MA_0087,109126,109117,9,3.0,False
MA_RS00450,MA_0088,110763,110727,36,12.0,False
MA_RS00455,MA_0089,112200,112209,9,3.0,False
MA_RS00460,MA_0090,113850,113850,0,0.0,False
MA_RS00465,MA_0091,114846,114846,0,0.0,False
MA_RS00470,MA_0092,115917,115938,21,7.0,False
MA_RS00475,MA_0093,116164,116131,33,11.0,False
MA_RS00490,MA_0095,119704,119704,0,0.0,False
MA_RS00495,MA_0096,122275,122275,0,0.0,False
MA_RS00500,MA_0097,124302,124302,0,0.0,False
MA_RS00505,MA_0098,124580,124580,0,0.0,False
MA_RS00515,MA_0099,125996,125996,0,0.0,False
MA_RS00525,MA_0100,126603,126603,0,0.0,False
MA_RS00530,MA_0101,126920,126920,0,0.0,False
MA_RS00535,MA_0102,127336,127318,18,6.0,False
MA_RS00545,MA_0103,129463,129547,84,28.0,False
MA_RS00550,MA_0104,129857,129857,0,0.0,False
MA_RS00555,MA_0105,132203,132203,0,0.0,False
MA_RS00560,MA_0106,132513,132456,57,19.0,False
MA_RS00565,MA_0107,134850,134850,0,0.0,False
MA_RS00570,MA_0108,135133,135106,27,9.0,False
MA_RS00575,MA_0109,136748,136748,0,0.0,False
MA_RS00580,MA_0110,137493,137493,0,0.0,False
MA_RS00585,MA_0112,138120,138120,0,0.0,False
MA_RS00590,MA_0113,138514,138514,0,0.0,False
MA_RS00595,MA_0114,139482,139518,-36,-12.0,False
MA_RS00600,MA_0115,140357,140357,0,0.0,False
MA_RS00605,MA_0116,140985,140985,0,0.0,False
MA_RS00610,MA_0117,142032,142032,0,0.0,False
MA_RS00615,MA_0118,143543,143546,3,1.0,False
MA_RS00620,MA_0119,144711,144741,30,10.0,False
MA_RS00630,MA_0120,146253,146379,126,42.0,False
MA_RS00635,MA_0121,147269,147269,0,0.0,False
MA_RS00640,MA_0122,147571,147568,3,1.0,False
MA_RS00645,MA_0123,148799,148799,0,0.0,False
MA_RS00650,MA_0124,150169,150106,63,21.0,False
MA_RS00655,MA_0125,151346,151394,-48,-16.0,False
MA_RS00665,MA_0126,152664,152664,0,0.0,False
MA_RS00670,MA_0127,154401,154401,0,0.0,False
MA_RS00675,MA_0128,154898,154898,0,0.0,False
MA_RS00680,MA_0129,155353,155353,0,0.0,False
MA_RS00685,MA_0130,156974,157013,39,13.0,False
MA_RS00690,MA_0131,158415,158415,0,0.0,False
MA_RS00695,MA_0132,158892,158892,0,0.0,False
MA_RS00700,MA_0133,160448,160448,0,0.0,False
MA_RS00705,MA_0134,161625,161625,0,0.0,False
MA_RS00710,MA_0135,162129,162129,0,0.0,False
MA_RS00715,MA_0136,163458,163458,0,0.0,False
MA_RS00720,MA_0137,164277,164277,0,0.0,False
MA_RS00725,MA_0138,164671,164671,0,0.0,False
MA_RS00730,MA_0139,165573,165573,0,0.0,False
MA_RS00735,MA_0140,167353,167344,9,3.0,False
MA_RS00740,MA_0141,169217,169217,0,0.0,False
MA_RS00750,MA_0143,170893,170893,0,0.0,False
MA_RS00765,MA_0145,173245,173245,0,0.0,False
MA_RS00775,MA_0146,175251,175251,0,0.0,False
MA_RS00780,MA_0147,175643,175643,0,0.0,False
MA_RS00785,MA_0148,176345,176345,0,0.0,False
MA_RS00790,MA_0149,177173,177173,0,0.0,False
MA_RS00795,MA_0150,178886,178886,0,0.0,False
MA_RS00805,MA_0151,182416,182416,0,0.0,False
MA_RS00810,MA_0152,183842,183842,0,0.0,False
MA_RS00815,MA_0153,185009,185009,0,0.0,False
MA_RS00820,MA_0154,186063,186063,0,0.0,False
MA_RS00825,MA_0155,187631,187514,-117,-39.0,False
MA_RS00835,MA_0156,188921,188921,0,0.0,False
MA_RS00840,MA_0157,189056,189056,0,0.0,False
MA_RS00845,MA_0158,189736,189727,9,3.0,False
MA_RS00850,MA_0159,190535,190535,0,0.0,False
MA_RS00855,MA_0160,190783,190783,0,0.0,False
MA_RS00860,MA_0161,192494,192494,0,0.0,False
MA_RS00865,MA_0162,193001,193001,0,0.0,False
MA_RS00870,MA_0163,193154,193196,-42,-14.0,False
MA_RS00880,MA_0164,195154,195166,12,4.0,False
MA_RS00885,MA_0165,196425,196425,0,0.0,False
MA_RS00900,MA_0166,198400,198226,174,58.0,False
MA_RS00905,MA_0167,200788,200788,0,0.0,False
MA_RS00910,MA_0168,201678,201729,51,17.0,False
MA_RS00915,MA_0169,203218,203218,0,0.0,False
MA_RS00920,MA_0170,203500,203500,0,0.0,False
MA_RS00930,MA_0171,206095,206095,0,0.0,False
MA_RS00935,MA_0172,207555,207555,0,0.0,False
MA_RS00940,MA_0173,207902,207902,0,0.0,False
MA_RS00945,MA_0174,208412,208412,0,0.0,False
MA_RS00950,MA_0175,209960,209960,0,0.0,False
MA_RS00955,MA_0176,211183,211216,33,11.0,False
MA_RS00960,MA_0177,211761,211770,9,3.0,False
MA_RS00965,MA_0178,212391,212475,84,28.0,False
MA_RS00970,MA_0179,213361,213361,0,0.0,False
MA_RS00975,MA_0180,213728,213728,0,0.0,False
MA_RS00980,MA_0181,214216,214216,0,0.0,False
MA_RS00985,MA_0182,216456,216456,0,0.0,False
MA_RS00990,MA_0183,217016,217016,0,0.0,False
MA_RS00995,MA_0184,218444,218444,0,0.0,False
MA_RS01000,MA_0185,220432,220432,0,0.0,False
MA_RS01005,MA_0186,220724,220724,0,0.0,False
MA_RS01010,MA_0187,221645,221636,9,3.0,False
MA_RS01020,MA_0189,225245,225245,0,0.0,False
MA_RS01025,MA_0190,228483,228474,9,3.0,False
MA_RS01030,MA_0191,230487,230487,0,0.0,False
MA_RS01035,MA_0192,230904,230904,0,0.0,False
MA_RS01040,MA_0193,231647,231647,0,0.0,False
MA_RS01045,MA_0194,231952,231952,0,0.0,False
MA_RS01050,MA_0195,236253,236421,168,56.0,False
MA_RS01060,MA_0197,237397,237397,0,0.0,False
MA_RS01065,MA_0198,238117,238117,0,0.0,False
MA_RS01070,MA_0199,239620,239620,0,0.0,False
MA_RS01075,MA_0200,240720,240720,0,0.0,False
MA_RS01080,MA_0201,242029,242029,0,0.0,False
MA_RS01085,MA_0202,242613,242613,0,0.0,False
MA_RS01090,MA_0203,243156,243126,30,10.0,False
MA_RS01095,MA_0204,248497,248497,0,0.0,False
MA_RS01100,MA_0205,249118,249106,12,4.0,False
MA_RS01105,MA_0206,251315,251351,36,12.0,False
MA_RS01110,MA_0207,251515,251515,0,0.0,False
MA_RS01115,MA_0208,252510,252510,0,0.0,False
MA_RS01120,MA_0209,254801,254801,0,0.0,False
MA_RS01125,MA_0210,255385,255406,21,7.0,False
MA_RS01130,MA_0211,256229,256109,-120,-40.0,False
MA_RS01135,MA_0212,257170,257170,0,0.0,False
MA_RS01140,MA_0213,258555,258555,0,0.0,False
MA_RS01145,MA_0214,259343,259343,0,0.0,False
MA_RS01160,MA_0215,260214,260214,0,0.0,False
MA_RS01165,MA_0216,262409,262409,0,0.0,False
MA_RS01170,MA_0217,262974,262974,0,0.0,False
MA_RS01175,MA_0218,263960,263960,0,0.0,False
MA_RS01180,MA_0219,264755,264755,0,0.0,False
MA_RS01185,MA_0220,266245,266245,0,0.0,False
MA_RS01195,MA_0222,269016,269097,81,27.0,False
MA_RS01200,MA_0223,270074,270086,12,4.0,False
MA_RS01205,MA_0224,270372,270372,0,0.0,False
MA_RS01215,MA_0226,273158,273161,3,1.0,False
MA_RS01220,MA_0227,273911,273887,-24,-8.0,False
MA_RS01225,MA_0228,274729,274654,-75,-25.0,False
MA_RS01230,MA_0229,276009,276009,0,0.0,False
MA_RS01240,MA_0231,277403,277403,0,0.0,False
MA_RS01245,MA_0232,278014,278014,0,0.0,False
MA_RS01250,MA_0233,280012,280012,0,0.0,False
MA_RS01255,MA_0234,281699,281699,0,0.0,False
MA_RS01260,MA_0235,282728,282728,0,0.0,False
MA_RS01265,MA_0236,284033,284033,0,0.0,False
MA_RS01275,MA_0238,285247,285247,0,0.0,False
MA_RS01280,MA_0239,285776,285776,0,0.0,False
MA_RS01285,MA_0240,286701,286701,0,0.0,False
MA_RS01290,MA_0241,287013,287013,0,0.0,False
MA_RS01295,MA_0242,290446,290446,0,0.0,False
MA_RS01300,MA_0243,291626,291626,0,0.0,False
MA_RS01305,MA_0244,292170,292170,0,0.0,False
MA_RS01310,MA_0245,293362,293362,0,0.0,False
MA_RS01315,MA_0246,294857,294857,0,0.0,False
MA_RS01320,MA_0247,295222,295222,0,0.0,False
MA_RS01325,MA_0248,297112,297112,0,0.0,False
MA_RS01330,MA_0249,299268,299268,0,0.0,False
MA_RS01335,MA_0250,302484,302505,21,7.0,False
MA_RS01340,MA_0251,304429,304438,9,3.0,False
MA_RS01345,MA_0252,304839,304839,0,0.0,False
MA_RS01350,MA_0253,307301,307205,-96,-32.0,False
MA_RS01355,MA_0254,308860,308845,-15,-5.0,False
MA_RS01360,MA_0255,309318,309318,0,0.0,False
MA_RS01365,MA_0256,310333,310333,0,0.0,False
MA_RS01370,MA_0257,311987,311987,0,0.0,False
MA_RS01375,MA_0258,312034,312034,0,0.0,False
MA_RS01380,MA_0259,314696,314696,0,0.0,False
MA_RS01385,MA_0260,315578,315515,63,21.0,False
MA_RS01390,MA_0261,316983,316962,21,7.0,False
MA_RS01395,MA_0262,319666,319696,30,10.0,False
MA_RS01405,MA_0263,320466,320466,0,0.0,False
MA_RS01410,MA_0264,321289,321289,0,0.0,False
MA_RS01415,MA_0265,322186,322186,0,0.0,False
MA_RS01420,MA_0266,322988,322988,0,0.0,False
MA_RS01425,MA_0267,325715,325715,0,0.0,False
MA_RS01430,MA_0269,328029,328029,0,0.0,False
MA_RS01435,MA_0270,328263,328263,0,0.0,False
MA_RS01440,MA_0271,328505,328505,0,0.0,False
MA_RS01445,MA_0272,329227,329227,0,0.0,False
MA_RS01450,MA_0273,329555,329555,0,0.0,False
MA_RS01455,MA_0274,330355,330355,0,0.0,False
MA_RS01460,MA_0275,331107,331107,0,0.0,False
MA_RS01465,MA_0276,332018,332018,0,0.0,False
MA_RS01475,MA_0277,332799,332799,0,0.0,False
MA_RS01480,MA_0278,333941,333941,0,0.0,False
MA_RS01485,MA_0279,336637,336637,0,0.0,False
MA_RS01490,MA_0280,337091,337091,0,0.0,False
MA_RS01495,MA_0281,338264,338264,0,0.0,False
MA_RS01500,MA_0282,339069,339069,0,0.0,False
MA_RS01505,MA_0283,340130,340130,0,0.0,False
MA_RS01510,MA_0284,341950,341980,30,10.0,False
MA_RS01515,MA_0285,343088,343088,0,0.0,False
MA_RS01520,MA_0286,345346,345436,90,30.0,False
MA_RS01525,MA_0287,345679,345679,0,0.0,False
MA_RS01530,MA_0288,346711,346711,0,0.0,False
MA_RS01535,MA_0289,348379,348361,18,6.0,False
MA_RS01540,MA_0290,349120,349120,0,0.0,False
MA_RS01545,MA_0291,349764,349764,0,0.0,False
MA_RS01550,MA_0292,350108,350114,6,2.0,False
MA_RS01555,MA_0293,350298,350298,0,0.0,False
MA_RS01560,MA_0294,350802,350796,6,2.0,False
MA_RS01565,MA_0295,351805,351772,33,11.0,False
MA_RS01570,MA_0296,353792,353792,0,0.0,False
MA_RS01575,MA_0297,355260,355260,0,0.0,False
MA_RS01580,MA_0298,355964,355964,0,0.0,False
MA_RS01585,MA_0299,356881,356881,0,0.0,False
MA_RS01590,MA_0300,357780,357780,0,0.0,False
MA_RS01595,MA_0301,358726,358726,0,0.0,False
MA_RS01600,MA_0302,360492,360492,0,0.0,False
MA_RS01605,MA_0303,361289,361292,3,1.0,False
MA_RS01620,MA_0304,362830,362797,33,11.0,False
MA_RS01625,MA_0305,363418,363418,0,0.0,False
MA_RS01630,MA_0306,364459,364459,0,0.0,False
MA_RS01635,MA_0307,366218,366218,0,0.0,False
MA_RS01640,MA_0308,367095,367095,0,0.0,False
MA_RS01645,MA_0309,367487,367487,0,0.0,False
MA_RS01650,MA_0310,369250,369238,12,4.0,False
MA_RS01655,MA_0311,370777,370756,21,7.0,False
MA_RS01665,MA_0313,373571,373571,0,0.0,False
MA_RS01670,MA_0314,374464,374584,120,40.0,False
MA_RS01675,MA_0315,375115,375115,0,0.0,False
MA_RS01680,MA_0316,376216,376216,0,0.0,False
MA_RS01700,MA_0320,378649,378649,0,0.0,False
MA_RS01705,MA_0321,380020,380020,0,0.0,False
MA_RS01710,MA_0322,380837,380852,15,5.0,False
MA_RS01715,MA_0323,382022,382022,0,0.0,False
MA_RS01720,MA_0324,382879,382879,0,0.0,False
MA_RS01725,MA_0325,383682,383682,0,0.0,False
MA_RS01730,MA_0326,384498,384498,0,0.0,False
MA_RS01735,MA_0327,385146,385146,0,0.0,False
MA_RS01740,MA_0328,385754,385754,0,0.0,False
MA_RS01745,MA_0329,386206,386200,-6,-2.0,False
MA_RS01750,MA_0330,386826,386841,15,5.0,False
MA_RS01755,MA_0331,387662,387662,0,0.0,False
MA_RS01760,MA_0332,388475,388475,0,0.0,False
MA_RS01765,MA_0333,388736,388736,0,0.0,False
MA_RS01770,MA_0334,390565,390565,0,0.0,False
MA_RS01775,MA_0335,391064,391031,33,11.0,False
MA_RS01780,MA_0336,396260,396260,0,0.0,False
MA_RS01785,MA_0337,397092,397092,0,0.0,False
MA_RS01790,MA_0338,397635,397626,9,3.0,False
MA_RS01795,MA_0339,398698,398680,18,6.0,False
MA_RS01800,MA_0340,399660,399660,0,0.0,False
MA_RS01805,MA_0341,400671,400671,0,0.0,False
MA_RS01810,MA_0342,401951,401951,0,0.0,False
MA_RS01815,MA_0343,402530,402530,0,0.0,False
MA_RS01820,MA_0344,403216,403216,0,0.0,False
MA_RS01825,MA_0345,403871,403871,0,0.0,False
MA_RS01830,MA_0346,404536,404536,0,0.0,False
MA_RS01840,MA_0348,410767,410767,0,0.0,False
MA_RS01850,MA_0351,419550,419610,60,20.0,False
MA_RS01855,MA_0352,421036,421159,123,41.0,False
MA_RS01870,MA_0356,423671,423695,24,8.0,False
MA_RS01875,MA_0357,424020,424089,69,23.0,False
MA_RS01885,MA_0359,425420,425420,0,0.0,False
MA_RS01895,MA_0360,427939,427930,-9,-3.0,False
MA_RS01900,MA_0361,428664,428664,0,0.0,False
MA_RS01905,MA_0362,430029,430101,72,24.0,False
MA_RS01910,MA_0363,430861,430861,0,0.0,False
MA_RS01915,MA_0364,431496,431496,0,0.0,False
MA_RS01920,MA_0365,432943,432955,12,4.0,False
MA_RS01925,MA_0366,433868,433868,0,0.0,False
MA_RS01930,MA_0367,434928,434928,0,0.0,False
MA_RS01935,MA_0368,435737,435737,0,0.0,False
MA_RS01940,MA_0369,436552,436561,9,3.0,False
MA_RS01945,MA_0370,438486,438486,0,0.0,False
MA_RS01950,MA_0372,438790,438790,0,0.0,False
MA_RS01955,MA_0373,439678,439678,0,0.0,False
MA_RS01960,MA_0374,440932,440932,0,0.0,False
MA_RS01965,MA_0375,442147,442147,0,0.0,False
MA_RS01970,MA_0376,442416,442416,0,0.0,False
MA_RS01975,MA_0377,442881,442932,-51,-17.0,False
MA_RS01980,MA_0378,444149,444149,0,0.0,False
MA_RS01985,MA_0379,445136,445136,0,0.0,False
MA_RS01990,MA_0380,446003,446003,0,0.0,False
MA_RS02000,MA_0381,447488,447362,126,42.0,False
MA_RS02005,MA_0382,447990,447978,12,4.0,False
MA_RS02010,MA_0383,453072,453309,237,79.0,False
MA_RS02015,MA_0384,457996,457996,0,0.0,False
MA_RS02025,MA_0385,464422,464494,72,24.0,False
MA_RS02030,MA_0386,469318,469360,42,14.0,False
MA_RS02035,MA_0387,470503,470503,0,0.0,False
MA_RS02040,MA_0388,472120,472120,0,0.0,False
MA_RS02045,MA_0389,472290,472290,0,0.0,False
MA_RS02070,MA_0393,475733,475733,0,0.0,False
MA_RS02075,MA_0394,476549,476540,9,3.0,False
MA_RS02090,MA_0398,481091,481091,0,0.0,False
MA_RS02100,MA_0399,482086,481978,108,36.0,False
MA_RS02105,MA_0400,483000,482997,3,1.0,False
MA_RS02110,MA_0401,484225,484225,0,0.0,False
MA_RS02115,MA_0402,484776,484776,0,0.0,False
MA_RS02120,MA_0403,485208,485208,0,0.0,False
MA_RS02125,MA_0404,486521,486506,15,5.0,False
MA_RS02135,MA_0406,488865,488862,3,1.0,False
MA_RS02140,MA_0407,489540,489540,0,0.0,False
MA_RS02150,MA_0409,491290,491290,0,0.0,False
MA_RS02155,MA_0410,492073,492073,0,0.0,False
MA_RS02165,MA_0413,493911,493911,0,0.0,False
MA_RS02170,MA_0414,495432,495432,0,0.0,False
MA_RS02175,MA_0415,496128,496128,0,0.0,False
MA_RS02180,MA_0416,497069,497069,0,0.0,False
MA_RS02185,MA_0417,497558,497558,0,0.0,False
MA_RS02190,MA_0418,499078,499078,0,0.0,False
MA_RS02195,MA_0419,499831,499831,0,0.0,False
MA_RS02205,MA_0421,501351,501351,0,0.0,False
MA_RS02210,MA_0422,502401,502401,0,0.0,False
MA_RS02220,MA_0424,504673,504683,-10,-3.3333333333333335,True
MA_RS02230,MA_0425,505885,505966,81,27.0,False
MA_RS02235,MA_0426,506196,506187,9,3.0,False
MA_RS02240,MA_0427,506764,506764,0,0.0,False
MA_RS02245,MA_0428,508310,508310,0,0.0,False
MA_RS02250,MA_0429,509181,509181,0,0.0,False
MA_RS02255,MA_0430,511654,511654,0,0.0,False
MA_RS02260,MA_0431,511936,511936,0,0.0,False
MA_RS02265,MA_0432,512491,512491,0,0.0,False
MA_RS02270,MA_0433,513692,513692,0,0.0,False
MA_RS02275,MA_0434,514231,514231,0,0.0,False
MA_RS02285,MA_0436,516253,516193,60,20.0,False
MA_RS02290,MA_0437,517343,517343,0,0.0,False
MA_RS02300,MA_0439,520196,520196,0,0.0,False
MA_RS02305,MA_0440,520823,520823,0,0.0,False
MA_RS02310,MA_0441,521099,521090,9,3.0,False
MA_RS02320,MA_0443,523963,523963,0,0.0,False
MA_RS02325,MA_0444,524887,524887,0,0.0,False
MA_RS02330,MA_0445,525616,525616,0,0.0,False
MA_RS02340,MA_0447,526764,526764,0,0.0,False
MA_RS02345,MA_0448,528495,528510,15,5.0,False
MA_RS02350,MA_0449,528705,528684,21,7.0,False
MA_RS02360,MA_0451,529870,529870,0,0.0,False
MA_RS02365,MA_0452,531747,531747,0,0.0,False
MA_RS02370,MA_0453,532971,533082,111,37.0,False
MA_RS02375,MA_0454,533783,533768,15,5.0,False
MA_RS02380,MA_0455,536229,536229,0,0.0,False
MA_RS02385,MA_0456,537016,537016,0,0.0,False
MA_RS02395,MA_0458,537533,537539,6,2.0,False
MA_RS02400,MA_0459,537926,537926,0,0.0,False
MA_RS02405,MA_0460,539017,539029,-12,-4.0,False
MA_RS02410,MA_0461,541817,541817,0,0.0,False
MA_RS02415,MA_0462,541988,541988,0,0.0,False
MA_RS02420,MA_0463,542799,542799,0,0.0,False
MA_RS02425,MA_0464,544933,544933,0,0.0,False
MA_RS02430,MA_0465,546491,546491,0,0.0,False
MA_RS02445,MA_0468,549450,549450,0,0.0,False
MA_RS02455,MA_0469,550418,550418,0,0.0,False
MA_RS02465,MA_0471,552436,552436,0,0.0,False
MA_RS02470,MA_0472,554347,554347,0,0.0,False
MA_RS02475,MA_0473,554458,554425,33,11.0,False
MA_RS02480,MA_0474,554618,554684,-66,-22.0,False
MA_RS02485,MA_0475,555563,555563,0,0.0,False
MA_RS02490,MA_0476,556226,556226,0,0.0,False
MA_RS02495,MA_0477,557862,557853,9,3.0,False
MA_RS02500,MA_0479,560424,560424,0,0.0,False
MA_RS02505,MA_0480,561176,561200,24,8.0,False
MA_RS02510,MA_0481,561753,561753,0,0.0,False
MA_RS02525,MA_0484,564046,564046,0,0.0,False
MA_RS02535,MA_0486,565790,565790,0,0.0,False
MA_RS02540,MA_0487,566070,566070,0,0.0,False
MA_RS02555,MA_0490,571167,571167,0,0.0,False
MA_RS02560,MA_0491,576203,576203,0,0.0,False
MA_RS02565,MA_0492,577233,577233,0,0.0,False
MA_RS02570,MA_0493,577531,577531,0,0.0,False
MA_RS02575,MA_0494,578794,578794,0,0.0,False
MA_RS02585,MA_0496,579515,579515,0,0.0,False
MA_RS02590,MA_0497,582219,582003,-216,-72.0,False
MA_RS02595,MA_0499,582774,582771,3,1.0,False
MA_RS02610,MA_0502,584723,584615,108,36.0,False
MA_RS02620,MA_0504,586307,586307,0,0.0,False
MA_RS02625,MA_0505,586505,586472,33,11.0,False
MA_RS02630,MA_0506,587255,587255,0,0.0,False
MA_RS02635,MA_0507,588926,588926,0,0.0,False
MA_RS02640,MA_0508,590259,590259,0,0.0,False
MA_RS02645,MA_0509,591371,591359,12,4.0,False
MA_RS02650,MA_0510,593230,593230,0,0.0,False
MA_RS02660,MA_0511,594609,594609,0,0.0,False
MA_RS02665,MA_0512,595359,595359,0,0.0,False
MA_RS02670,MA_0513,597652,597667,15,5.0,False
MA_RS02685,MA_0515,600484,600484,0,0.0,False
MA_RS02690,MA_0516,601283,601280,3,1.0,False
MA_RS02695,MA_0517,601897,601897,0,0.0,False
MA_RS02700,MA_0518,602172,602172,0,0.0,False
MA_RS02710,MA_0519,603202,603202,0,0.0,False
MA_RS02715,MA_0520,604648,604648,0,0.0,False
MA_RS02720,MA_0521,605800,605800,0,0.0,False
MA_RS02725,MA_0522,608416,608416,0,0.0,False
MA_RS02730,MA_0523,611318,611318,0,0.0,False
MA_RS02745,MA_0525,613311,613311,0,0.0,False
MA_RS02750,MA_0526,613653,613653,0,0.0,False
MA_RS02760,MA_0527,615729,615729,0,0.0,False
MA_RS02775,MA_0529,617913,617913,0,0.0,False
MA_RS02780,MA_0530,619035,619035,0,0.0,False
MA_RS02785,MA_0531,620098,620089,9,3.0,False
MA_RS02800,MA_0533,622779,622779,0,0.0,False
MA_RS02805,MA_0534,624104,624116,-12,-4.0,False
MA_RS02810,MA_0535,625757,625757,0,0.0,False
MA_RS02815,MA_0536,626991,626991,0,0.0,False
MA_RS02820,MA_0537,627634,627634,0,0.0,False
MA_RS02825,MA_0538,630268,630268,0,0.0,False
MA_RS02830,MA_0539,630926,630926,0,0.0,False
MA_RS02835,MA_0540,631561,631561,0,0.0,False
MA_RS02840,MA_0541,632430,632430,0,0.0,False
MA_RS02845,MA_0542,633491,633491,0,0.0,False
MA_RS02850,MA_0543,634320,634320,0,0.0,False
MA_RS02855,MA_0544,635216,635216,0,0.0,False
MA_RS02860,MA_0545,635793,635793,0,0.0,False
MA_RS02870,MA_0546,636565,636565,0,0.0,False
MA_RS02875,MA_0547,636723,636723,0,0.0,False
MA_RS02880,MA_0548,637433,637433,0,0.0,False
MA_RS02885,MA_0549,638399,638354,45,15.0,False
MA_RS02890,MA_0550,639295,639295,0,0.0,False
MA_RS02905,MA_0552,645562,645382,180,60.0,False
MA_RS02915,MA_0554,649933,649933,0,0.0,False
MA_RS02920,MA_0555,651520,651520,0,0.0,False
MA_RS02925,MA_0556,652958,652958,0,0.0,False
MA_RS02930,MA_0557,655226,655538,-312,-104.0,False
MA_RS02935,MA_0558,657701,657701,0,0.0,False
MA_RS02940,MA_0559,660130,660130,0,0.0,False
MA_RS02945,MA_0560,661627,661579,48,16.0,False
MA_RS02950,MA_0561,664051,664015,36,12.0,False
MA_RS02955,MA_0562,666579,666579,0,0.0,False
MA_RS02960,MA_0563,667157,667136,21,7.0,False
MA_RS02965,MA_0564,668702,668702,0,0.0,False
MA_RS02970,MA_0565,670086,670086,0,0.0,False
MA_RS02975,MA_0566,671739,671739,0,0.0,False
MA_RS02980,MA_0567,672806,672806,0,0.0,False
MA_RS02990,MA_0569,674025,674025,0,0.0,False
MA_RS03000,MA_0571,675365,675365,0,0.0,False
MA_RS03005,MA_0572,676154,676187,-33,-11.0,False
MA_RS03010,MA_0573,677229,677229,0,0.0,False
MA_RS03015,MA_0574,678275,678275,0,0.0,False
MA_RS03020,MA_0575,678843,678825,18,6.0,False
MA_RS03025,MA_0576,679496,679496,0,0.0,False
MA_RS03030,MA_0577,680300,680300,0,0.0,False
MA_RS03035,MA_0578,681830,681830,0,0.0,False
MA_RS03040,MA_0579,683303,683303,0,0.0,False
MA_RS03050,MA_0581,685082,685082,0,0.0,False
MA_RS03055,MA_0582,686420,686420,0,0.0,False
MA_RS03060,MA_0583,687412,687382,30,10.0,False
MA_RS03065,MA_0584,688317,688317,0,0.0,False
MA_RS03070,MA_0585,689174,689174,0,0.0,False
MA_RS03075,MA_0586,689908,689908,0,0.0,False
MA_RS03080,MA_0587,690641,690617,24,8.0,False
MA_RS03085,MA_0588,693603,693603,0,0.0,False
MA_RS03095,MA_0590,694191,694191,0,0.0,False
MA_RS03100,MA_0591,695536,695452,84,28.0,False
MA_RS03105,MA_0592,696548,696548,0,0.0,False
MA_RS03110,MA_0593,698285,698285,0,0.0,False
MA_RS03115,MA_0594,700535,700535,0,0.0,False
MA_RS03125,MA_0595,701308,701272,36,12.0,False
MA_RS03130,MA_0596,701699,701690,9,3.0,False
MA_RS03135,MA_0597,702135,702135,0,0.0,False
MA_RS03140,MA_0598,702548,702548,0,0.0,False
MA_RS03150,MA_0599,702924,702924,0,0.0,False
MA_RS03155,MA_0600,703179,703179,0,0.0,False
MA_RS03160,MA_0601,703991,703991,0,0.0,False
MA_RS03165,MA_0602,705010,704998,12,4.0,False
MA_RS03170,MA_0603,706015,706015,0,0.0,False
MA_RS03175,MA_0604,706801,706801,0,0.0,False
MA_RS03180,MA_0605,709310,709310,0,0.0,False
MA_RS03185,MA_0606,710692,710683,9,3.0,False
MA_RS03190,MA_0607,711909,711909,0,0.0,False
MA_RS03195,MA_0608,714773,714773,0,0.0,False
MA_RS03200,MA_0609,715092,715092,0,0.0,False
MA_RS03205,MA_0610,715547,715547,0,0.0,False
MA_RS03210,MA_0611,716760,716754,6,2.0,False
MA_RS03220,MA_0613,718050,718050,0,0.0,False
MA_RS03230,MA_0614,720950,720950,0,0.0,False
MA_RS03235,MA_0615,723159,723159,0,0.0,False
MA_RS03240,MA_0616,724329,724329,0,0.0,False
MA_RS03245,MA_0617,725662,725662,0,0.0,False
MA_RS03260,MA_0619,727859,727859,0,0.0,False
MA_RS03265,MA_0620,730368,730311,57,19.0,False
MA_RS03270,MA_0621,734000,734000,0,0.0,False
MA_RS03275,MA_0622,734439,734439,0,0.0,False
MA_RS03280,MA_0623,735572,735572,0,0.0,False
MA_RS03295,MA_0626,737081,737183,-102,-34.0,False
MA_RS03300,MA_0627,738028,738022,6,2.0,False
MA_RS03305,MA_0628,741168,741168,0,0.0,False
MA_RS03310,MA_0629,741669,741669,0,0.0,False
MA_RS03315,MA_0630,741925,741874,51,17.0,False
MA_RS03320,MA_0631,742329,742329,0,0.0,False
MA_RS03325,MA_0633,744374,744362,12,4.0,False
MA_RS03330,MA_0634,745333,745333,0,0.0,False
MA_RS03335,MA_0635,746169,746160,9,3.0,False
MA_RS03340,MA_0636,747109,747109,0,0.0,False
MA_RS03345,MA_0637,749592,749592,0,0.0,False
MA_RS03355,MA_0638,750596,750596,0,0.0,False
MA_RS03360,MA_0639,752129,752129,0,0.0,False
MA_RS03365,MA_0640,753082,753082,0,0.0,False
MA_RS03380,MA_0641,755989,755989,0,0.0,False
MA_RS03385,MA_0642,756878,756878,0,0.0,False
MA_RS03390,MA_0644,757856,757865,9,3.0,False
MA_RS03395,MA_0645,758117,758117,0,0.0,False
MA_RS03400,MA_0646,758402,758402,0,0.0,False
MA_RS03405,MA_0647,759527,759539,12,4.0,False
MA_RS03410,MA_0648,760737,760737,0,0.0,False
MA_RS03415,MA_0649,761249,761249,0,0.0,False
MA_RS03420,MA_0650,762428,762428,0,0.0,False
MA_RS03425,MA_0651,763478,763478,0,0.0,False
MA_RS03430,MA_0652,765841,765841,0,0.0,False
MA_RS03435,MA_0653,767242,767419,-177,-59.0,False
MA_RS03440,MA_0654,770496,770547,51,17.0,False
MA_RS03445,MA_0655,771519,771537,18,6.0,False
MA_RS03450,MA_0656,771947,771938,9,3.0,False
MA_RS03455,MA_0657,773713,773713,0,0.0,False
MA_RS03460,MA_0658,774913,774904,9,3.0,False
MA_RS03465,MA_0659,776411,776384,27,9.0,False
MA_RS03470,MA_0660,777724,777724,0,0.0,False
MA_RS03475,MA_0661,778583,778583,0,0.0,False
MA_RS03480,MA_0662,779151,779127,24,8.0,False
MA_RS03485,MA_0663,779770,779761,9,3.0,False
MA_RS03490,MA_0664,780362,780353,9,3.0,False
MA_RS03495,MA_0665,781197,781197,0,0.0,False
MA_RS03500,MA_0666,782240,782240,0,0.0,False
MA_RS03505,MA_0667,783465,783480,15,5.0,False
MA_RS03515,MA_0669,785002,784990,12,4.0,False
MA_RS03525,MA_0671,786830,786830,0,0.0,False
MA_RS03530,MA_0672,787450,787438,-12,-4.0,False
MA_RS03535,MA_0673,787765,787765,0,0.0,False
MA_RS03540,MA_0674,789265,789265,0,0.0,False
MA_RS03545,MA_0675,791006,791006,0,0.0,False
MA_RS03550,MA_0676,792605,792605,0,0.0,False
MA_RS03555,MA_0677,793566,793548,18,6.0,False
MA_RS03560,MA_0678,795740,795740,0,0.0,False
MA_RS03565,MA_0679,796395,796494,99,33.0,False
MA_RS03570,MA_0680,796823,796823,0,0.0,False
MA_RS03575,MA_0681,799075,799075,0,0.0,False
MA_RS03580,MA_0682,799951,799960,9,3.0,False
MA_RS03585,MA_0683,800185,800185,0,0.0,False
MA_RS03590,MA_0684,800592,800592,0,0.0,False
MA_RS03595,MA_0685,801921,801909,12,4.0,False
MA_RS03600,MA_0687,803364,803352,12,4.0,False
MA_RS03605,MA_0688,804148,804148,0,0.0,False
MA_RS03610,MA_0689,805491,805491,0,0.0,False
MA_RS03615,MA_0690,806119,806119,0,0.0,False
MA_RS03620,MA_0691,806927,806882,45,15.0,False
MA_RS03625,MA_0692,808279,808279,0,0.0,False
MA_RS03630,MA_0693,810326,810326,0,0.0,False
MA_RS03635,MA_0694,811452,811452,0,0.0,False
MA_RS03640,MA_0695,812489,812489,0,0.0,False
MA_RS03645,MA_0696,813275,813275,0,0.0,False
MA_RS03650,MA_0697,814775,814784,9,3.0,False
MA_RS03655,MA_0698,815719,815719,0,0.0,False
MA_RS03660,MA_0699,816687,816687,0,0.0,False
MA_RS03665,MA_0700,817631,817631,0,0.0,False
MA_RS03670,MA_0701,819624,819624,0,0.0,False
MA_RS03675,MA_0702,819984,819984,0,0.0,False
MA_RS03680,MA_0703,821221,821221,0,0.0,False
MA_RS03685,MA_0704,821430,821430,0,0.0,False
MA_RS03690,MA_0705,822155,822113,42,14.0,False
MA_RS03695,MA_0706,823576,823573,3,1.0,False
MA_RS03700,MA_0707,824927,824927,0,0.0,False
MA_RS03705,MA_0708,825331,825331,0,0.0,False
MA_RS03710,MA_0709,826637,826637,0,0.0,False
MA_RS03715,MA_0710,829517,829517,0,0.0,False
MA_RS03725,MA_0711,830638,830638,0,0.0,False
MA_RS03730,MA_0712,831018,831018,0,0.0,False
MA_RS03735,MA_0713,832241,832241,0,0.0,False
MA_RS03740,MA_0714,832366,832300,66,22.0,False
MA_RS03745,MA_0715,833678,833678,0,0.0,False
MA_RS03755,MA_0717,836209,836209,0,0.0,False
MA_RS03760,MA_0718,836759,836759,0,0.0,False
MA_RS03765,MA_0719,837898,837898,0,0.0,False
MA_RS03770,MA_0720,839119,839119,0,0.0,False
MA_RS03775,MA_0721,840172,840172,0,0.0,False
MA_RS03780,MA_0722,840784,840784,0,0.0,False
MA_RS03785,MA_0723,842642,842642,0,0.0,False
MA_RS03790,MA_0724,843354,843354,0,0.0,False
MA_RS03795,MA_0725,843681,843681,0,0.0,False
MA_RS03800,MA_0726,845669,845669,0,0.0,False
MA_RS03805,MA_0727,847893,847893,0,0.0,False
MA_RS03810,MA_0728,849730,849730,0,0.0,False
MA_RS03820,MA_0729,850568,850580,12,4.0,False
MA_RS03825,MA_0730,851268,851268,0,0.0,False
MA_RS03830,MA_0731,851687,851687,0,0.0,False
MA_RS03845,MA_0734,854297,854222,75,25.0,False
MA_RS03850,MA_0735,855461,855494,33,11.0,False
MA_RS03855,MA_0736,855803,855803,0,0.0,False
MA_RS03870,MA_0739,859521,859557,36,12.0,False
MA_RS03875,MA_0740,860394,860394,0,0.0,False
MA_RS03885,MA_0743,863532,863655,123,41.0,False
MA_RS03890,MA_0744,864677,864677,0,0.0,False
MA_RS03895,MA_0745,864913,864913,0,0.0,False
MA_RS03900,MA_0746,865857,865812,45,15.0,False
MA_RS03905,MA_0747,867484,867484,0,0.0,False
MA_RS03910,MA_0748,867686,867686,0,0.0,False
MA_RS03915,MA_0749,868435,868435,0,0.0,False
MA_RS03920,MA_0750,870740,870740,0,0.0,False
MA_RS03925,MA_0751,871621,871507,114,38.0,False
MA_RS03930,MA_0752,872268,872268,0,0.0,False
MA_RS03935,MA_0753,873486,873477,9,3.0,False
MA_RS03940,MA_0754,874642,874642,0,0.0,False
MA_RS03945,MA_0755,875043,875043,0,0.0,False
MA_RS03955,MA_0757,876714,876714,0,0.0,False
MA_RS03960,MA_0758,877867,877963,-96,-32.0,False
MA_RS03965,MA_0759,881428,881428,0,0.0,False
MA_RS03975,MA_0760,885884,885884,0,0.0,False
MA_RS03980,MA_0761,887894,887882,12,4.0,False
MA_RS03985,MA_0762,890046,890046,0,0.0,False
MA_RS03990,MA_0763,896812,896848,36,12.0,False
MA_RS03995,MA_0764,897256,897175,81,27.0,False
MA_RS04000,MA_0765,897465,897465,0,0.0,False
MA_RS04005,MA_0766,897937,897937,0,0.0,False
MA_RS04010,MA_0767,898230,898230,0,0.0,False
MA_RS04015,MA_0768,898820,898814,6,2.0,False
MA_RS04020,MA_0769,900142,900142,0,0.0,False
MA_RS04030,MA_0771,902511,902556,45,15.0,False
MA_RS04040,MA_0772,904126,904126,0,0.0,False
MA_RS04045,MA_0773,905556,905556,0,0.0,False
MA_RS04050,MA_0774,906128,906128,0,0.0,False
MA_RS04055,MA_0775,907094,907094,0,0.0,False
MA_RS04060,MA_0776,907759,907759,0,0.0,False
MA_RS04070,MA_0777,910007,909998,9,3.0,False
MA_RS04075,MA_0778,911995,911995,0,0.0,False
MA_RS04080,MA_0779,912278,912278,0,0.0,False
MA_RS04085,MA_0780,914269,914269,0,0.0,False
MA_RS04090,MA_0781,914377,914377,0,0.0,False
MA_RS04095,MA_0782,916171,916171,0,0.0,False
MA_RS04100,MA_0783,917382,917292,-90,-30.0,False
MA_RS04105,MA_0784,918232,918250,18,6.0,False
MA_RS04115,MA_0787,919641,919641,0,0.0,False
MA_RS04125,MA_0790,921378,921330,48,16.0,False
MA_RS04130,MA_0791,922460,922313,147,49.0,False
MA_RS04135,MA_0792,924438,924474,36,12.0,False
MA_RS04140,MA_0793,925478,925502,24,8.0,False
MA_RS04145,MA_0794,926740,926740,0,0.0,False
MA_RS04150,MA_0795,926962,926962,0,0.0,False
MA_RS04155,MA_0796,928416,928416,0,0.0,False
MA_RS04160,MA_0797,929260,929296,36,12.0,False
MA_RS04165,MA_0798,930365,930365,0,0.0,False
MA_RS04170,MA_0799,931303,931303,0,0.0,False
MA_RS04175,MA_0800,933719,933815,96,32.0,False
MA_RS04180,MA_0802,934184,934184,0,0.0,False
MA_RS04185,MA_0803,935609,935609,0,0.0,False
MA_RS04190,MA_0804,937708,937750,42,14.0,False
MA_RS04200,MA_0805,939161,939161,0,0.0,False
MA_RS04205,MA_0806,941194,941194,0,0.0,False
MA_RS04210,MA_0807,941909,941909,0,0.0,False
MA_RS04215,MA_0808,943120,943120,0,0.0,False
MA_RS04220,MA_0809,943707,943707,0,0.0,False
MA_RS04225,MA_0810,943954,943954,0,0.0,False
MA_RS04230,MA_0811,944560,944593,33,11.0,False
MA_RS04235,MA_0812,944933,944933,0,0.0,False
MA_RS04240,MA_0813,947916,947937,21,7.0,False
MA_RS04245,MA_0814,950003,950012,9,3.0,False
MA_RS04250,MA_0815,951132,951132,0,0.0,False
MA_RS04260,MA_0818,952180,952180,0,0.0,False
MA_RS04265,MA_0819,953983,953983,0,0.0,False
MA_RS04270,MA_0820,954420,954420,0,0.0,False
MA_RS04275,MA_0821,955395,955395,0,0.0,False
MA_RS04285,MA_0822,956440,956440,0,0.0,False
MA_RS04290,MA_0823,958709,958739,30,10.0,False
MA_RS04295,MA_0824,959244,959244,0,0.0,False
MA_RS04305,MA_0826,963212,963212,0,0.0,False
MA_RS04310,MA_0827,964304,964304,0,0.0,False
MA_RS04320,MA_0829,965341,965341,0,0.0,False
MA_RS04325,MA_0830,967529,967529,0,0.0,False
MA_RS04330,MA_0831,968396,968396,0,0.0,False
MA_RS04335,MA_0832,970507,970507,0,0.0,False
MA_RS04340,MA_0833,972226,972235,9,3.0,False
MA_RS04345,MA_0834,973532,973532,0,0.0,False
MA_RS04350,MA_0835,973993,973993,0,0.0,False
MA_RS04365,MA_0837,976697,976697,0,0.0,False
MA_RS04370,MA_0838,977515,977530,15,5.0,False
MA_RS04380,MA_0840,979079,979079,0,0.0,False
MA_RS04385,MA_0841,980748,980700,48,16.0,False
MA_RS04390,MA_0842,981636,981636,0,0.0,False
MA_RS04395,MA_0843,982633,982543,90,30.0,False
MA_RS04400,MA_0844,983574,983574,0,0.0,False
MA_RS04405,MA_0845,985457,985439,18,6.0,False
MA_RS04410,MA_0846,986446,986446,0,0.0,False
MA_RS04415,MA_0847,987383,987278,105,35.0,False
MA_RS04420,MA_0848,989232,989232,0,0.0,False
MA_RS04425,MA_0849,990883,990883,0,0.0,False
MA_RS04440,MA_0852,1008478,1008478,0,0.0,False
MA_RS04445,MA_0853,1009398,1009419,21,7.0,False
MA_RS04450,MA_0854,1009640,1009601,39,13.0,False
MA_RS04460,MA_0856,1013631,1013631,0,0.0,False
MA_RS04465,MA_0857,1015928,1015874,-54,-18.0,False
MA_RS04470,MA_0858,1018281,1018299,18,6.0,False
MA_RS04475,MA_0859,1020910,1020928,18,6.0,False
MA_RS04480,MA_0860,1021409,1021409,0,0.0,False
MA_RS04485,MA_0861,1021908,1021878,30,10.0,False
MA_RS04490,MA_0862,1024522,1024522,0,0.0,False
MA_RS04495,MA_0863,1026891,1026891,0,0.0,False
MA_RS04510,MA_0866,1028464,1028464,0,0.0,False
MA_RS04515,MA_0867,1030539,1030539,0,0.0,False
MA_RS04520,MA_0868,1031306,1031312,6,2.0,False
MA_RS04525,MA_0869,1032196,1032196,0,0.0,False
MA_RS04530,MA_0870,1034123,1034147,24,8.0,False
MA_RS04535,MA_0871,1035734,1035809,75,25.0,False
MA_RS04540,MA_0872,1039659,1039659,0,0.0,False
MA_RS04545,MA_0873,1041381,1041381,0,0.0,False
MA_RS04550,MA_0874,1042909,1042909,0,0.0,False
MA_RS04555,MA_0875,1043542,1043542,0,0.0,False
MA_RS04560,MA_0876,1043905,1043905,0,0.0,False
MA_RS04565,MA_0877,1045683,1045683,0,0.0,False
MA_RS04570,MA_0878,1048803,1048803,0,0.0,False
MA_RS04575,MA_0879,1049737,1049737,0,0.0,False
MA_RS04580,MA_0880,1050588,1050570,-18,-6.0,False
MA_RS04595,MA_0882,1055828,1055828,0,0.0,False
MA_RS04600,MA_0883,1057406,1057406,0,0.0,False
MA_RS04605,MA_0884,1058343,1058322,21,7.0,False
MA_RS04610,MA_0885,1060666,1060660,6,2.0,False
MA_RS04615,MA_0886,1063818,1063818,0,0.0,False
MA_RS04620,MA_0887,1064522,1064492,30,10.0,False
MA_RS04625,MA_0888,1065477,1065477,0,0.0,False
MA_RS04630,MA_0889,1066370,1066370,0,0.0,False
MA_RS04635,MA_0890,1067344,1067344,0,0.0,False
MA_RS04640,MA_0891,1068127,1068127,0,0.0,False
MA_RS04645,MA_0892,1069061,1069061,0,0.0,False
MA_RS04650,MA_0893,1071044,1071044,0,0.0,False
MA_RS04655,MA_0894,1071829,1071829,0,0.0,False
MA_RS04660,MA_0895,1072160,1072166,6,2.0,False
MA_RS04680,MA_0901,1079521,1079521,0,0.0,False
MA_RS04685,MA_0902,1080471,1080450,-21,-7.0,False
MA_RS04690,MA_0903,1080876,1080876,0,0.0,False
MA_RS04695,MA_0904,1082313,1082322,9,3.0,False
MA_RS04700,MA_0905,1082474,1082411,63,21.0,False
MA_RS04710,MA_0908,1085862,1085862,0,0.0,False
MA_RS04715,MA_0909,1086700,1086700,0,0.0,False
MA_RS04720,MA_0910,1088846,1088837,9,3.0,False
MA_RS04725,MA_0911,1090528,1090528,0,0.0,False
MA_RS04730,MA_0912,1090906,1091029,123,41.0,False
MA_RS04735,MA_0913,1091615,1091615,0,0.0,False
MA_RS04740,MA_0914,1092417,1092387,30,10.0,False
MA_RS04745,MA_0915,1095143,1095143,0,0.0,False
MA_RS04750,MA_0916,1095992,1095992,0,0.0,False
MA_RS04755,MA_0917,1096558,1096546,12,4.0,False
MA_RS04760,MA_0918,1099403,1099403,0,0.0,False
MA_RS04765,MA_0919,1100187,1100187,0,0.0,False
MA_RS04770,MA_0920,1100861,1100897,36,12.0,False
MA_RS04775,MA_0921,1102056,1102089,33,11.0,False
MA_RS04780,MA_0922,1102634,1102634,0,0.0,False
MA_RS04785,MA_0923,1103181,1103181,0,0.0,False
MA_RS04790,MA_0924,1103632,1103632,0,0.0,False
MA_RS04795,MA_0925,1104205,1104181,24,8.0,False
MA_RS04800,MA_0926,1106335,1106335,0,0.0,False
MA_RS04805,MA_0927,1106736,1106736,0,0.0,False
MA_RS04810,MA_0928,1107970,1107970,0,0.0,False
MA_RS04820,MA_0931,1109794,1109794,0,0.0,False
MA_RS04845,MA_0934,1113955,1113961,6,2.0,False
MA_RS04855,MA_0935,1114790,1114805,15,5.0,False
MA_RS04860,MA_0936,1115871,1115871,0,0.0,False
MA_RS04865,MA_0937,1116582,1116582,0,0.0,False
MA_RS04870,MA_0938,1117239,1117239,0,0.0,False
MA_RS04875,MA_0939,1118060,1118060,0,0.0,False
MA_RS04880,MA_0940,1118620,1118629,9,3.0,False
MA_RS04890,MA_0941,1119868,1119868,0,0.0,False
MA_RS04895,MA_0942,1121355,1121355,0,0.0,False
MA_RS04900,MA_0943,1121827,1121827,0,0.0,False
MA_RS04905,MA_0944,1124670,1124727,57,19.0,False
MA_RS04920,MA_0946,1125765,1125765,0,0.0,False
MA_RS04925,MA_0947,1126372,1126354,18,6.0,False
MA_RS04930,MA_0948,1127122,1127122,0,0.0,False
MA_RS04935,MA_0949,1128668,1128668,0,0.0,False
MA_RS04940,MA_0950,1130084,1130081,-3,-1.0,False
MA_RS04945,MA_0951,1131151,1131151,0,0.0,False
MA_RS04950,MA_0952,1132378,1132378,0,0.0,False
MA_RS04955,MA_0953,1133958,1134066,108,36.0,False
MA_RS04960,MA_0954,1135282,1135282,0,0.0,False
MA_RS04965,MA_0955,1137348,1137348,0,0.0,False
MA_RS04970,MA_0956,1137918,1137918,0,0.0,False
MA_RS04980,MA_0958,1142634,1142634,0,0.0,False
MA_RS04985,MA_0959,1143764,1143764,0,0.0,False
MA_RS04995,MA_0961,1147403,1147403,0,0.0,False
MA_RS05000,MA_0962,1149639,1149639,0,0.0,False
MA_RS05005,MA_0963,1150728,1150728,0,0.0,False
MA_RS05015,MA_0964,1151312,1151300,12,4.0,False
MA_RS05020,MA_0965,1152290,1152290,0,0.0,False
MA_RS05040,MA_0968,1154663,1154663,0,0.0,False
MA_RS05045,MA_0969,1155621,1155555,66,22.0,False
MA_RS05055,MA_0971,1160659,1160659,0,0.0,False
MA_RS05060,MA_0972,1160915,1160900,15,5.0,False
MA_RS05070,MA_0973,1163445,1163445,0,0.0,False
MA_RS05075,MA_0974,1165169,1165169,0,0.0,False
MA_RS05080,MA_0975,1165686,1165692,-6,-2.0,False
MA_RS05085,MA_0976,1167069,1167069,0,0.0,False
MA_RS05090,MA_0977,1167535,1167553,-18,-6.0,False
MA_RS05095,MA_0978,1168352,1168352,0,0.0,False
MA_RS05100,MA_0979,1170885,1170885,0,0.0,False
MA_RS05105,MA_0980,1172284,1172284,0,0.0,False
MA_RS05115,MA_0981,1172985,1172985,0,0.0,False
MA_RS05125,MA_0982,1173882,1173873,9,3.0,False
MA_RS05140,MA_0984,1175397,1175397,0,0.0,False
MA_RS05145,MA_0986,1178389,1178383,6,2.0,False
MA_RS05155,MA_0987,1179874,1179874,0,0.0,False
MA_RS05160,MA_0988,1181283,1181337,54,18.0,False
MA_RS05165,MA_0989,1181616,1181616,0,0.0,False
MA_RS05170,MA_0990,1183333,1183333,0,0.0,False
MA_RS05175,MA_0991,1184234,1184174,-60,-20.0,False
MA_RS05185,MA_0993,1185696,1185696,0,0.0,False
MA_RS05190,MA_0994,1186691,1186691,0,0.0,False
MA_RS05195,MA_0995,1187129,1187126,3,1.0,False
MA_RS05200,MA_0996,1188064,1188064,0,0.0,False
MA_RS05210,MA_0999,1190771,1190771,0,0.0,False
MA_RS05225,MA_1001,1194679,1194691,12,4.0,False
MA_RS05230,MA_1002,1195106,1195106,0,0.0,False
MA_RS05240,MA_1003,1196654,1196654,0,0.0,False
MA_RS05250,MA_1004,1198131,1198131,0,0.0,False
MA_RS05255,MA_1005,1199625,1199625,0,0.0,False
MA_RS05260,MA_1006,1200259,1200259,0,0.0,False
MA_RS05265,MA_1007,1201578,1201578,0,0.0,False
MA_RS05270,MA_1008,1202909,1202909,0,0.0,False
MA_RS05275,MA_1009,1205464,1205464,0,0.0,False
MA_RS05285,MA_1011,1207513,1207513,0,0.0,False
MA_RS05290,MA_1012,1208827,1208827,0,0.0,False
MA_RS05295,MA_1013,1209825,1209762,-63,-21.0,False
MA_RS05300,MA_1014,1211290,1211290,0,0.0,False
MA_RS05305,MA_1015,1211827,1211827,0,0.0,False
MA_RS05310,MA_1016,1214250,1214250,0,0.0,False
MA_RS05325,MA_1018,1218959,1218959,0,0.0,False
MA_RS05330,MA_1019,1220592,1220592,0,0.0,False
MA_RS05335,MA_1020,1222293,1222293,0,0.0,False
MA_RS05340,MA_1021,1222800,1222800,0,0.0,False
MA_RS05345,MA_1022,1223996,1223981,15,5.0,False
MA_RS05350,MA_1023,1225795,1225795,0,0.0,False
MA_RS05360,MA_1027,1228492,1228492,0,0.0,False
MA_RS05365,MA_1028,1228753,1228753,0,0.0,False
MA_RS05370,MA_1029,1230212,1230212,0,0.0,False
MA_RS05375,MA_1030,1231307,1231274,33,11.0,False
MA_RS05380,MA_1031,1232572,1232572,0,0.0,False
MA_RS05385,MA_1032,1233847,1233847,0,0.0,False
MA_RS05390,MA_1033,1235254,1235296,42,14.0,False
MA_RS05395,MA_1034,1235803,1235803,0,0.0,False
MA_RS05410,MA_1038,1238301,1238301,0,0.0,False
MA_RS05430,MA_1042,1243245,1243245,0,0.0,False
MA_RS05435,MA_1043,1244822,1244822,0,0.0,False
MA_RS05440,MA_1045,1248389,1248389,0,0.0,False
MA_RS05470,MA_1049,1252886,1252886,0,0.0,False
MA_RS05485,MA_1053,1255168,1255168,0,0.0,False
MA_RS05490,MA_1054,1256865,1256865,0,0.0,False
MA_RS05495,MA_1055,1260984,1260984,0,0.0,False
MA_RS05505,MA_1057,1261729,1261729,0,0.0,False
MA_RS05520,MA_1059,1267617,1267626,9,3.0,False
MA_RS05525,MA_1060,1269998,1269998,0,0.0,False
MA_RS05530,MA_1061,1271657,1271666,9,3.0,False
MA_RS05535,MA_1062,1272832,1272832,0,0.0,False
MA_RS05540,MA_1063,1274172,1274172,0,0.0,False
MA_RS05545,MA_1064,1275240,1275240,0,0.0,False
MA_RS05550,MA_1065,1275986,1275986,0,0.0,False
MA_RS05555,MA_1066,1276759,1276759,0,0.0,False
MA_RS05570,MA_1068,1280232,1280238,6,2.0,False
MA_RS05575,MA_1069,1281584,1281329,255,85.0,False
MA_RS05580,MA_1070,1283295,1283295,0,0.0,False
MA_RS05585,MA_1071,1284710,1284710,0,0.0,False
MA_RS05595,MA_1072,1285985,1285985,0,0.0,False
MA_RS05600,MA_1073,1287005,1287005,0,0.0,False
MA_RS05605,MA_1074,1287763,1287763,0,0.0,False
MA_RS05610,MA_1075,1288022,1288022,0,0.0,False
MA_RS05615,MA_1076,1288754,1288754,0,0.0,False
MA_RS05620,MA_1077,1289176,1289176,0,0.0,False
MA_RS05625,MA_1078,1289632,1289632,0,0.0,False
MA_RS05630,MA_1079,1290588,1290588,0,0.0,False
MA_RS05635,MA_1080,1290781,1290781,0,0.0,False
MA_RS05640,MA_1081,1291118,1291118,0,0.0,False
MA_RS05645,MA_1082,1291444,1291444,0,0.0,False
MA_RS05650,MA_1083,1291853,1291844,9,3.0,False
MA_RS05655,MA_1084,1292217,1292217,0,0.0,False
MA_RS05660,MA_1085,1292929,1292929,0,0.0,False
MA_RS05665,MA_1086,1293427,1293427,0,0.0,False
MA_RS05670,MA_1087,1293590,1293590,0,0.0,False
MA_RS05675,MA_1088,1293997,1293997,0,0.0,False
MA_RS05680,MA_1089,1294539,1294530,9,3.0,False
MA_RS05685,MA_1090,1295017,1295017,0,0.0,False
MA_RS05690,MA_1091,1295489,1295489,0,0.0,False
MA_RS05695,MA_1092,1296023,1296023,0,0.0,False
MA_RS05700,MA_1093,1296654,1296654,0,0.0,False
MA_RS05705,MA_1094,1297126,1297126,0,0.0,False
MA_RS05710,MA_1095,1297691,1297691,0,0.0,False
MA_RS05715,MA_1096,1299259,1299259,0,0.0,False
MA_RS05720,MA_1097,1300099,1300084,15,5.0,False
MA_RS05725,MA_1098,1300970,1300970,0,0.0,False
MA_RS05730,MA_1100,1303281,1303281,0,0.0,False
MA_RS05735,MA_1101,1304091,1304091,0,0.0,False
MA_RS05740,MA_1102,1304760,1304760,0,0.0,False
MA_RS05745,MA_1103,1306088,1306088,0,0.0,False
MA_RS05750,MA_1104,1306708,1306708,0,0.0,False
MA_RS05755,MA_1105,1307563,1307563,0,0.0,False
MA_RS05765,MA_1106,1309343,1309343,0,0.0,False
MA_RS05770,MA_1107,1310037,1309983,54,18.0,False
MA_RS05775,MA_1108,1312030,1311970,60,20.0,False
MA_RS05780,MA_1109,1312542,1312542,0,0.0,False
MA_RS05785,MA_1110,1313201,1313201,0,0.0,False
MA_RS05800,MA_1114,1318083,1318083,0,0.0,False
MA_RS05810,MA_1116,1319865,1319865,0,0.0,False
MA_RS05825,MA_1117,1320776,1320776,0,0.0,False
MA_RS05830,MA_1118,1323128,1323128,0,0.0,False
MA_RS05835,MA_1119,1324597,1324597,0,0.0,False
MA_RS05840,MA_1120,1325545,1325545,0,0.0,False
MA_RS05845,MA_1121,1327145,1327145,0,0.0,False
MA_RS05850,MA_1122,1327623,1327641,18,6.0,False
MA_RS05855,MA_1123,1328311,1328311,0,0.0,False
MA_RS05860,MA_1125,1330965,1330965,0,0.0,False
MA_RS05870,MA_1127,1334644,1334644,0,0.0,False
MA_RS05875,MA_1128,1335895,1335913,18,6.0,False
MA_RS05880,MA_1129,1337615,1337615,0,0.0,False
MA_RS05885,MA_1130,1337783,1337765,18,6.0,False
MA_RS05890,MA_1131,1339430,1339451,-21,-7.0,False
MA_RS05895,MA_1132,1340505,1340505,0,0.0,False
MA_RS05900,MA_1133,1342183,1342198,15,5.0,False
MA_RS05905,MA_1134,1342816,1342816,0,0.0,False
MA_RS05915,MA_1136,1344711,1344711,0,0.0,False
MA_RS05920,MA_1137,1345432,1345432,0,0.0,False
MA_RS05925,MA_1138,1346054,1346054,0,0.0,False
MA_RS05930,MA_1139,1347132,1347165,33,11.0,False
MA_RS05935,MA_1140,1347445,1347445,0,0.0,False
MA_RS05945,MA_1141,1348886,1348886,0,0.0,False
MA_RS05950,MA_1142,1350045,1350045,0,0.0,False
MA_RS05955,MA_1143,1351847,1351847,0,0.0,False
MA_RS05960,MA_1144,1352797,1352797,0,0.0,False
MA_RS05965,MA_1145,1354695,1354695,0,0.0,False
MA_RS05970,MA_1146,1355292,1355223,69,23.0,False
MA_RS05975,MA_1147,1356455,1356455,0,0.0,False
MA_RS05980,MA_1148,1358257,1358257,0,0.0,False
MA_RS05985,MA_1149,1362234,1362234,0,0.0,False
MA_RS05990,MA_1150,1362462,1362462,0,0.0,False
MA_RS05995,MA_1151,1363771,1363771,0,0.0,False
MA_RS06000,MA_1152,1364136,1364136,0,0.0,False
MA_RS06005,MA_1153,1365301,1365301,0,0.0,False
MA_RS06015,MA_1155,1366947,1366947,0,0.0,False
MA_RS06020,MA_1156,1371111,1371099,12,4.0,False
MA_RS06025,MA_1157,1372438,1372438,0,0.0,False
MA_RS06030,MA_1158,1373261,1373261,0,0.0,False
MA_RS06035,MA_1159,1373623,1373623,0,0.0,False
MA_RS06045,MA_1161,1375692,1375692,0,0.0,False
MA_RS06050,MA_1162,1376558,1376558,0,0.0,False
MA_RS06055,MA_1163,1377048,1377048,0,0.0,False
MA_RS06060,MA_1164,1378889,1378889,0,0.0,False
MA_RS06065,MA_1165,1382947,1382953,6,2.0,False
MA_RS06070,MA_1166,1384272,1384272,0,0.0,False
MA_RS06075,MA_1167,1385185,1385185,0,0.0,False
MA_RS06080,MA_1168,1385749,1385758,9,3.0,False
MA_RS06090,MA_1170,1387983,1387983,0,0.0,False
MA_RS06095,MA_1171,1388704,1388653,51,17.0,False
MA_RS06100,MA_1172,1392905,1392914,9,3.0,False
MA_RS06105,MA_1173,1394033,1394042,9,3.0,False
MA_RS06110,MA_1174,1395082,1395082,0,0.0,False
MA_RS06115,MA_1175,1395472,1395472,0,0.0,False
MA_RS06120,MA_1176,1396529,1396529,0,0.0,False
MA_RS06125,MA_1177,1397311,1397311,0,0.0,False
MA_RS06135,MA_1179,1399970,1399955,15,5.0,False
MA_RS06140,MA_1180,1402390,1402390,0,0.0,False
MA_RS06145,MA_1181,1406301,1406301,0,0.0,False
MA_RS06150,MA_1182,1407605,1407605,0,0.0,False
MA_RS06155,MA_1183,1409869,1409869,0,0.0,False
MA_RS06160,MA_1184,1410810,1410810,0,0.0,False
MA_RS06165,MA_1185,1411736,1411721,-15,-5.0,False
MA_RS06170,MA_1186,1413418,1413418,0,0.0,False
MA_RS06175,MA_1187,1414573,1414573,0,0.0,False
MA_RS06185,MA_1189,1414961,1414961,0,0.0,False
MA_RS06190,MA_1190,1416845,1416845,0,0.0,False
MA_RS06195,MA_1191,1419348,1419348,0,0.0,False
MA_RS06200,MA_1192,1420585,1420630,45,15.0,False
MA_RS06205,MA_1193,1421117,1421108,9,3.0,False
MA_RS06210,MA_1194,1422102,1421985,117,39.0,False
MA_RS06215,MA_1195,1425149,1425227,78,26.0,False
MA_RS06220,MA_1196,1425479,1425479,0,0.0,False
MA_RS06225,MA_1197,1428312,1428396,84,28.0,False
MA_RS06230,MA_1198,1429178,1429178,0,0.0,False
MA_RS06235,MA_1199,1430212,1430212,0,0.0,False
MA_RS06245,MA_1200,1431478,1431637,159,53.0,False
MA_RS06255,MA_1202,1433246,1433246,0,0.0,False
MA_RS06265,MA_1204,1436630,1436630,0,0.0,False
MA_RS06270,MA_1205,1437519,1437519,0,0.0,False
MA_RS06275,MA_1206,1438658,1438658,0,0.0,False
MA_RS06280,MA_1207,1439997,1439997,0,0.0,False
MA_RS06285,MA_1208,1441791,1441791,0,0.0,False
MA_RS06290,MA_1209,1442157,1442157,0,0.0,False
MA_RS06295,MA_1210,1443742,1443742,0,0.0,False
MA_RS06300,MA_1211,1444156,1444156,0,0.0,False
MA_RS06305,MA_1212,1444487,1444487,0,0.0,False
MA_RS06310,MA_1213,1446358,1446358,0,0.0,False
MA_RS06315,MA_1214,1447205,1447205,0,0.0,False
MA_RS06320,MA_1215,1447569,1447569,0,0.0,False
MA_RS06325,MA_1216,1447960,1447960,0,0.0,False
MA_RS06330,MA_1217,1449399,1449399,0,0.0,False
MA_RS06335,MA_1218,1449778,1449778,0,0.0,False
MA_RS06340,MA_1219,1451365,1451326,39,13.0,False
MA_RS06345,MA_1220,1452879,1452846,33,11.0,False
MA_RS06350,MA_1221,1454243,1454243,0,0.0,False
MA_RS06355,MA_1222,1455058,1455058,0,0.0,False
MA_RS06360,MA_1223,1456238,1456238,0,0.0,False
MA_RS06365,MA_1224,1457748,1457757,9,3.0,False
MA_RS06370,MA_1225,1458717,1458717,0,0.0,False
MA_RS06375,MA_1226,1459840,1459840,0,0.0,False
MA_RS06380,MA_1227,1460904,1460904,0,0.0,False
MA_RS06385,MA_1228,1461599,1461599,0,0.0,False
MA_RS06390,MA_1229,1462519,1462627,108,36.0,False
MA_RS06395,MA_1230,1463861,1463861,0,0.0,False
MA_RS06400,MA_1231,1465054,1465054,0,0.0,False
MA_RS06405,MA_1232,1466250,1466250,0,0.0,False
MA_RS06410,MA_1233,1467116,1467101,-15,-5.0,False
MA_RS06415,MA_1234,1468138,1468138,0,0.0,False
MA_RS06420,MA_1235,1470485,1470485,0,0.0,False
MA_RS06425,MA_1236,1471159,1471159,0,0.0,False
MA_RS06430,MA_1237,1472118,1472118,0,0.0,False
MA_RS06435,MA_1238,1472814,1472814,0,0.0,False
MA_RS06440,MA_1239,1473314,1473359,45,15.0,False
MA_RS06445,MA_1241,1473916,1473916,0,0.0,False
MA_RS06455,MA_1243,1477774,1477762,12,4.0,False
MA_RS06460,MA_1244,1483501,1483501,0,0.0,False
MA_RS06465,MA_1245,1484432,1484456,24,8.0,False
MA_RS06470,MA_1246,1485273,1485300,27,9.0,False
MA_RS06475,MA_1247,1486207,1486207,0,0.0,False
MA_RS06480,MA_1248,1486931,1486931,0,0.0,False
MA_RS06485,MA_1249,1488505,1488505,0,0.0,False
MA_RS06490,MA_1250,1490296,1490305,9,3.0,False
MA_RS06495,MA_1251,1491186,1491186,0,0.0,False
MA_RS06500,MA_1252,1492897,1492897,0,0.0,False
MA_RS06510,MA_1255,1495909,1495909,0,0.0,False
MA_RS06515,MA_1256,1497216,1497216,0,0.0,False
MA_RS06520,MA_1257,1499736,1499736,0,0.0,False
MA_RS06525,MA_1258,1500378,1500378,0,0.0,False
MA_RS06530,MA_1259,1500803,1500803,0,0.0,False
MA_RS06535,MA_1260,1501332,1501356,24,8.0,False
MA_RS06540,MA_1261,1501643,1501652,9,3.0,False
MA_RS06545,MA_1262,1503107,1503098,-9,-3.0,False
MA_RS06550,MA_1263,1505746,1505746,0,0.0,False
MA_RS06555,MA_1264,1507575,1507575,0,0.0,False
MA_RS06560,MA_1265,1509184,1509241,57,19.0,False
MA_RS06565,MA_1266,1509634,1509634,0,0.0,False
MA_RS06580,MA_1267,1512242,1512242,0,0.0,False
MA_RS06585,MA_1268,1512720,1512720,0,0.0,False
MA_RS06590,MA_1269,1513219,1513219,0,0.0,False
MA_RS06595,MA_1270,1517687,1517687,0,0.0,False
MA_RS06600,MA_1271,1519002,1519002,0,0.0,False
MA_RS06605,MA_1272,1520231,1520231,0,0.0,False
MA_RS06610,MA_1273,1520928,1520874,54,18.0,False
MA_RS06615,MA_1274,1526139,1526139,0,0.0,False
MA_RS06620,MA_1275,1527823,1527823,0,0.0,False
MA_RS06625,MA_1276,1529509,1529539,30,10.0,False
MA_RS06630,MA_1277,1530674,1530674,0,0.0,False
MA_RS06635,MA_1278,1531438,1531438,0,0.0,False
MA_RS06640,MA_1279,1532600,1532642,42,14.0,False
MA_RS06645,MA_1280,1534015,1534045,30,10.0,False
MA_RS06650,MA_1281,1534612,1534612,0,0.0,False
MA_RS06655,MA_1282,1536571,1536577,6,2.0,False
MA_RS06660,MA_1283,1536969,1536960,9,3.0,False
MA_RS06665,MA_1284,1538199,1538199,0,0.0,False
MA_RS06670,MA_1285,1539406,1539280,126,42.0,False
MA_RS06675,MA_1286,1540190,1540190,0,0.0,False
MA_RS06680,MA_1287,1542160,1542160,0,0.0,False
MA_RS06685,MA_1288,1542668,1542668,0,0.0,False
MA_RS06690,MA_1289,1543709,1543700,9,3.0,False
MA_RS06695,MA_1290,1544708,1544708,0,0.0,False
MA_RS06700,MA_1291,1546595,1546586,9,3.0,False
MA_RS06710,MA_1293,1550911,1550911,0,0.0,False
MA_RS06720,MA_1295,1553631,1553607,24,8.0,False
MA_RS06725,MA_1296,1553924,1553924,0,0.0,False
MA_RS06735,MA_1298,1556638,1556638,0,0.0,False
MA_RS06740,MA_1299,1559493,1559175,-318,-106.0,False
MA_RS06750,MA_1302,1562556,1562556,0,0.0,False
MA_RS06755,MA_1303,1563189,1563189,0,0.0,False
MA_RS06760,MA_1304,1563240,1563240,0,0.0,False
MA_RS06765,MA_1305,1564027,1564027,0,0.0,False
MA_RS06775,MA_1307,1566811,1566787,-24,-8.0,False
MA_RS06780,MA_1308,1566985,1566985,0,0.0,False
MA_RS06785,MA_1309,1569739,1569739,0,0.0,False
MA_RS06790,MA_1310,1571996,1571996,0,0.0,False
MA_RS06795,MA_1312,1572857,1572806,51,17.0,False
MA_RS06800,MA_1313,1574242,1574095,147,49.0,False
MA_RS06815,MA_1316,1578873,1578873,0,0.0,False
MA_RS06825,MA_1317,1580910,1580910,0,0.0,False
MA_RS06830,MA_1318,1582653,1582653,0,0.0,False
MA_RS06835,MA_1319,1583090,1583090,0,0.0,False
MA_RS06845,MA_1321,1585299,1585332,33,11.0,False
MA_RS06850,MA_1322,1590092,1590092,0,0.0,False
MA_RS06865,MA_1323,1590819,1590798,21,7.0,False
MA_RS06870,MA_1324,1592343,1592343,0,0.0,False
MA_RS06875,MA_1325,1592549,1592549,0,0.0,False
MA_RS06880,MA_1326,1594327,1594327,0,0.0,False
MA_RS06885,MA_1327,1594806,1594806,0,0.0,False
MA_RS06890,MA_1328,1595636,1595612,24,8.0,False
MA_RS06895,MA_1329,1597555,1597555,0,0.0,False
MA_RS06905,MA_1331,1598918,1598918,0,0.0,False
MA_RS06915,MA_1333,1600296,1600374,-78,-26.0,False
MA_RS06920,MA_1334,1601147,1601147,0,0.0,False
MA_RS06925,MA_1335,1602118,1602118,0,0.0,False
MA_RS06940,MA_1338,1603305,1603275,30,10.0,False
MA_RS06945,MA_1339,1604124,1604124,0,0.0,False
MA_RS06950,MA_1340,1604273,1604273,0,0.0,False
MA_RS06955,MA_1341,1605346,1605346,0,0.0,False
MA_RS06960,MA_1342,1606602,1606602,0,0.0,False
MA_RS06965,MA_1343,1609739,1609676,63,21.0,False
MA_RS06970,MA_1344,1610154,1610103,51,17.0,False
MA_RS06975,MA_1345,1613214,1613214,0,0.0,False
MA_RS06980,MA_1346,1614606,1614606,0,0.0,False
MA_RS06990,MA_1347,1615914,1615842,72,24.0,False
MA_RS06995,MA_1348,1617034,1617037,3,1.0,False
MA_RS07005,MA_1350,1618145,1618134,11,3.6666666666666665,True
MA_RS07010,MA_1351,1618984,1618984,0,0.0,False
MA_RS07030,MA_1353,1621343,1621343,0,0.0,False
MA_RS07040,MA_1354,1623543,1623555,12,4.0,False
MA_RS07045,MA_1355,1625123,1625123,0,0.0,False
MA_RS07055,MA_1357,1626327,1626315,12,4.0,False
MA_RS07065,MA_1360,1628368,1628368,0,0.0,False
MA_RS07070,MA_1361,1630205,1630205,0,0.0,False
MA_RS07075,MA_1362,1631797,1631803,6,2.0,False
MA_RS07080,MA_1363,1632032,1632032,0,0.0,False
MA_RS07085,MA_1364,1634047,1634047,0,0.0,False
MA_RS07090,MA_1366,1635548,1635413,-135,-45.0,False
MA_RS07100,MA_1367,1635794,1635833,-39,-13.0,False
MA_RS07105,MA_1368,1637338,1637368,30,10.0,False
MA_RS07110,MA_4683,1637633,1637633,0,0.0,False
MA_RS07115,MA_1370,1637798,1637798,0,0.0,False
MA_RS07120,MA_1371,1638685,1638664,21,7.0,False
MA_RS07125,MA_1372,1639566,1639566,0,0.0,False
MA_RS07130,MA_1373,1640202,1640202,0,0.0,False
MA_RS07135,MA_1374,1641232,1641226,6,2.0,False
MA_RS07140,MA_1376,1643823,1643823,0,0.0,False
MA_RS07145,MA_1377,1644132,1644132,0,0.0,False
MA_RS07150,MA_1378,1645009,1645123,114,38.0,False
MA_RS07155,MA_1379,1646030,1646030,0,0.0,False
MA_RS07160,MA_1380,1646304,1646304,0,0.0,False
MA_RS07165,MA_1381,1648366,1648366,0,0.0,False
MA_RS07170,MA_1382,1649013,1649013,0,0.0,False
MA_RS07175,MA_1383,1649388,1649379,9,3.0,False
MA_RS07180,MA_1384,1650249,1650213,36,12.0,False
MA_RS07185,MA_1385,1650983,1650983,0,0.0,False
MA_RS07195,MA_1388,1653968,1653893,-75,-25.0,False
MA_RS07200,MA_1389,1654362,1654596,-234,-78.0,False
MA_RS07205,MA_1390,1656380,1656380,0,0.0,False
MA_RS07210,MA_1391,1657067,1657067,0,0.0,False
MA_RS07215,MA_1392,1658603,1658603,0,0.0,False
MA_RS07220,MA_1393,1659940,1659940,0,0.0,False
MA_RS07225,MA_1394,1661032,1661062,30,10.0,False
MA_RS07230,MA_1395,1661702,1661678,24,8.0,False
MA_RS07235,MA_1396,1662354,1662354,0,0.0,False
MA_RS07240,MA_1397,1663504,1663498,6,2.0,False
MA_RS07245,MA_1398,1664767,1664767,0,0.0,False
MA_RS07255,MA_1400,1667076,1667082,6,2.0,False
MA_RS07275,MA_1402,1669311,1669311,0,0.0,False
MA_RS07280,MA_1403,1670669,1670669,0,0.0,False
MA_RS07285,MA_1404,1671283,1671280,3,1.0,False
MA_RS07290,MA_1405,1671761,1671761,0,0.0,False
MA_RS07295,MA_1406,1672472,1672472,0,0.0,False
MA_RS07300,MA_1407,1673872,1673872,0,0.0,False
MA_RS07305,MA_1408,1674572,1674455,117,39.0,False
MA_RS07310,MA_1409,1675776,1675776,0,0.0,False
MA_RS07315,MA_1410,1677038,1677038,0,0.0,False
MA_RS07320,MA_1411,1677383,1677383,0,0.0,False
MA_RS07325,MA_1412,1680032,1680032,0,0.0,False
MA_RS07330,MA_1413,1681001,1681001,0,0.0,False
MA_RS07335,MA_1414,1681265,1681253,12,4.0,False
MA_RS07350,MA_1416,1683542,1683806,264,88.0,False
MA_RS07355,MA_1417,1683955,1683943,12,4.0,False
MA_RS07360,MA_1418,1684483,1684483,0,0.0,False
MA_RS07365,MA_1419,1686066,1686042,24,8.0,False
MA_RS07375,MA_1421,1689517,1689646,129,43.0,False
MA_RS07380,MA_1422,1692490,1692490,0,0.0,False
MA_RS07385,MA_1423,1693040,1693040,0,0.0,False
MA_RS07390,MA_1424,1693726,1693726,0,0.0,False
MA_RS07405,MA_1426,1696747,1696747,0,0.0,False
MA_RS07410,MA_1427,1697741,1697777,36,12.0,False
MA_RS07415,MA_1428,1698671,1698680,9,3.0,False
MA_RS07420,MA_1429,1699739,1699760,21,7.0,False
MA_RS07425,MA_1430,1700716,1700716,0,0.0,False
MA_RS07430,MA_1431,1701411,1701411,0,0.0,False
MA_RS07435,MA_1432,1702182,1702203,21,7.0,False
MA_RS07445,MA_1433,1703824,1703836,12,4.0,False
MA_RS07450,MA_1434,1703964,1703964,0,0.0,False
MA_RS07455,MA_1435,1706412,1706412,0,0.0,False
MA_RS07460,MA_1436,1707139,1707139,0,0.0,False
MA_RS07465,MA_1437,1707762,1707762,0,0.0,False
MA_RS07480,MA_1439,1710256,1710256,0,0.0,False
MA_RS07485,MA_1440,1711064,1711064,0,0.0,False
MA_RS07490,MA_1441,1711877,1711877,0,0.0,False
MA_RS07495,MA_1442,1712896,1712752,-144,-48.0,False
MA_RS07500,MA_1444,1713608,1713608,0,0.0,False
MA_RS07505,MA_1446,1714359,1714359,0,0.0,False
MA_RS07510,MA_1447,1715888,1715888,0,0.0,False
MA_RS07515,MA_1448,1716876,1716933,57,19.0,False
MA_RS07520,MA_1449,1717100,1717100,0,0.0,False
MA_RS07525,MA_1450,1718222,1718222,0,0.0,False
MA_RS07535,MA_1452,1720200,1720200,0,0.0,False
MA_RS07545,MA_1454,1721996,1721954,42,14.0,False
MA_RS07550,MA_1455,1722674,1722674,0,0.0,False
MA_RS07555,MA_1456,1723965,1723965,0,0.0,False
MA_RS07560,MA_1457,1724667,1724667,0,0.0,False
MA_RS07565,MA_1458,1726284,1726284,0,0.0,False
MA_RS07575,MA_1460,1726936,1726936,0,0.0,False
MA_RS07580,MA_1461,1727679,1727679,0,0.0,False
MA_RS07585,MA_1462,1728721,1728721,0,0.0,False
MA_RS07595,MA_1464,1731303,1731330,-27,-9.0,False
MA_RS07605,MA_1466,1732985,1732907,78,26.0,False
MA_RS07610,MA_1467,1734894,1734894,0,0.0,False
MA_RS07615,MA_1468,1735618,1735666,48,16.0,False
MA_RS07620,MA_1469,1736373,1736373,0,0.0,False
MA_RS07625,MA_1470,1739570,1739570,0,0.0,False
MA_RS07635,MA_1471,1740859,1740859,0,0.0,False
MA_RS07640,MA_1472,1741122,1741122,0,0.0,False
MA_RS07645,MA_1473,1742003,1742003,0,0.0,False
MA_RS07650,MA_1474,1743124,1743124,0,0.0,False
MA_RS07655,MA_1475,1744220,1744220,0,0.0,False
MA_RS07660,MA_1476,1744592,1744544,48,16.0,False
MA_RS07665,MA_1477,1745118,1745118,0,0.0,False
MA_RS07670,MA_1478,1746019,1746019,0,0.0,False
MA_RS07675,MA_1479,1747983,1747983,0,0.0,False
MA_RS07680,MA_1480,1749660,1749660,0,0.0,False
MA_RS07685,MA_1481,1751031,1751031,0,0.0,False
MA_RS07695,MA_1482,1753036,1753036,0,0.0,False
MA_RS07700,MA_1483,1754438,1754438,0,0.0,False
MA_RS07705,MA_1484,1757213,1757213,0,0.0,False
MA_RS07710,MA_1485,1757431,1757518,87,29.0,False
MA_RS07715,MA_1486,1759494,1759521,27,9.0,False
MA_RS07720,MA_1487,1760210,1760210,0,0.0,False
MA_RS07725,MA_1488,1761146,1761146,0,0.0,False
MA_RS07730,MA_1489,1762424,1762490,66,22.0,False
MA_RS07735,MA_1490,1763599,1763599,0,0.0,False
MA_RS07740,MA_1491,1764621,1764585,-36,-12.0,False
MA_RS07745,MA_1492,1765947,1765947,0,0.0,False
MA_RS07750,MA_1493,1766105,1766114,9,3.0,False
MA_RS07760,MA_1495,1767327,1767342,-15,-5.0,False
MA_RS07765,MA_1496,1767704,1767704,0,0.0,False
MA_RS07770,MA_1497,1768289,1768289,0,0.0,False
MA_RS07775,MA_1498,1768776,1768776,0,0.0,False
MA_RS07780,MA_1499,1769906,1769897,9,3.0,False
MA_RS07785,MA_1500,1770948,1770948,0,0.0,False
MA_RS07800,MA_1503,1771883,1771883,0,0.0,False
MA_RS07805,MA_1504,1772185,1772185,0,0.0,False
MA_RS07810,MA_1505,1774203,1774203,0,0.0,False
MA_RS07815,MA_1506,1775694,1775694,0,0.0,False
MA_RS07820,MA_1507,1777177,1777177,0,0.0,False
MA_RS07845,MA_1511,1788092,1788092,0,0.0,False
MA_RS07850,MA_1512,1789391,1789463,72,24.0,False
MA_RS07855,MA_1513,1789942,1789903,39,13.0,False
MA_RS07860,MA_1514,1791919,1791919,0,0.0,False
MA_RS07865,MA_1515,1792158,1792149,9,3.0,False
MA_RS07880,MA_1517,1794367,1794367,0,0.0,False
MA_RS07885,MA_1518,1798231,1798234,3,1.0,False
MA_RS07890,MA_1519,1798744,1798714,30,10.0,False
MA_RS07895,MA_1520,1800952,1800952,0,0.0,False
MA_RS07900,MA_1521,1801311,1801311,0,0.0,False
MA_RS07905,MA_1522,1801698,1801689,9,3.0,False
MA_RS07910,MA_1523,1801941,1801941,0,0.0,False
MA_RS07915,MA_1524,1802166,1802160,6,2.0,False
MA_RS07920,MA_1525,1802751,1802733,18,6.0,False
MA_RS07925,MA_1526,1804703,1804703,0,0.0,False
MA_RS07935,MA_1528,1806410,1806602,192,64.0,False
MA_RS07940,MA_1529,1807570,1807570,0,0.0,False
MA_RS07945,MA_1530,1809651,1809561,-90,-30.0,False
MA_RS07955,MA_1531,1810669,1810669,0,0.0,False
MA_RS07960,MA_1532,1810919,1810919,0,0.0,False
MA_RS07965,MA_1533,1811803,1811803,0,0.0,False
MA_RS07970,MA_1534,1813044,1813044,0,0.0,False
MA_RS07980,MA_1535,1815670,1815670,0,0.0,False
MA_RS07985,MA_1536,1816861,1816861,0,0.0,False
MA_RS07990,MA_1537,1818435,1818435,0,0.0,False
MA_RS07995,MA_1538,1819348,1819363,15,5.0,False
MA_RS08000,MA_1539,1820256,1820256,0,0.0,False
MA_RS08005,MA_1540,1822070,1822109,39,13.0,False
MA_RS08015,MA_1543,1824301,1824289,12,4.0,False
MA_RS08020,MA_1544,1826024,1826024,0,0.0,False
MA_RS08025,MA_1545,1826897,1826897,0,0.0,False
MA_RS08030,MA_1546,1829235,1829235,0,0.0,False
MA_RS08035,MA_1547,1830146,1830146,0,0.0,False
MA_RS08040,MA_1548,1831765,1831735,-30,-10.0,False
MA_RS08050,MA_1551,1834797,1834899,102,34.0,False
MA_RS08055,MA_1552,1835329,1835392,63,21.0,False
MA_RS08060,MA_1553,1836408,1836459,51,17.0,False
MA_RS08065,MA_1554,1837393,1837402,9,3.0,False
MA_RS08070,MA_1555,1837486,1837486,0,0.0,False
MA_RS08085,MA_1556,1839824,1839824,0,0.0,False
MA_RS08090,MA_1557,1843019,1843025,6,2.0,False
MA_RS08095,MA_1558,1843643,1843643,0,0.0,False
MA_RS08100,MA_1559,1844182,1844182,0,0.0,False
MA_RS08105,MA_1560,1846298,1846298,0,0.0,False
MA_RS08110,MA_1561,1846946,1846946,0,0.0,False
MA_RS08115,MA_1562,1847947,1847947,0,0.0,False
MA_RS08125,MA_1563,1850524,1850524,0,0.0,False
MA_RS08130,MA_1564,1851088,1851088,0,0.0,False
MA_RS08135,MA_1565,1854280,1854316,36,12.0,False
MA_RS08140,MA_1566,1855406,1855406,0,0.0,False
MA_RS08145,MA_1567,1856569,1856725,156,52.0,False
MA_RS08150,MA_1568,1857296,1857296,0,0.0,False
MA_RS08155,MA_1569,1860430,1860535,105,35.0,False
MA_RS08160,MA_1570,1860781,1860913,-132,-44.0,False
MA_RS08165,MA_1571,1861660,1861660,0,0.0,False
MA_RS08170,MA_1572,1862802,1862802,0,0.0,False
MA_RS08175,MA_1573,1864340,1864340,0,0.0,False
MA_RS08180,MA_1574,1866321,1866339,18,6.0,False
MA_RS08185,MA_1575,1867153,1867108,45,15.0,False
MA_RS08190,MA_1576,1867914,1867914,0,0.0,False
MA_RS08195,MA_1577,1869102,1869102,0,0.0,False
MA_RS08200,MA_1578,1871136,1871136,0,0.0,False
MA_RS08205,MA_1579,1872377,1872377,0,0.0,False
MA_RS08210,MA_1580,1872500,1872500,0,0.0,False
MA_RS08215,MA_1581,1874524,1874524,0,0.0,False
MA_RS08220,MA_1582,1878270,1878270,0,0.0,False
MA_RS08230,MA_1583,1881991,1881991,0,0.0,False
MA_RS08235,MA_1584,1883907,1883907,0,0.0,False
MA_RS08240,MA_1586,1885744,1885804,60,20.0,False
MA_RS08245,MA_1587,1887611,1887611,0,0.0,False
MA_RS08250,MA_1588,1888033,1888033,0,0.0,False
MA_RS08255,MA_1589,1889323,1889332,9,3.0,False
MA_RS08260,MA_1590,1890808,1890838,30,10.0,False
MA_RS08265,MA_1591,1892185,1892185,0,0.0,False
MA_RS08275,MA_1593,1893802,1893802,0,0.0,False
MA_RS08285,MA_1594,1895349,1895349,0,0.0,False
MA_RS08295,MA_1596,1896427,1896427,0,0.0,False
MA_RS08300,MA_1597,1897370,1897358,12,4.0,False
MA_RS08305,MA_1598,1898789,1898789,0,0.0,False
MA_RS08310,MA_1599,1899090,1899090,0,0.0,False
MA_RS08315,MA_1600,1899892,1899892,0,0.0,False
MA_RS08325,MA_1601,1901709,1901709,0,0.0,False
MA_RS08330,MA_1602,1901834,1901834,0,0.0,False
MA_RS08340,MA_1605,1905469,1905469,0,0.0,False
MA_RS08345,MA_1606,1908653,1908653,0,0.0,False
MA_RS08350,MA_1607,1909010,1909010,0,0.0,False
MA_RS08355,MA_1608,1910053,1910053,0,0.0,False
MA_RS08365,MA_1610,1911151,1911151,0,0.0,False
MA_RS08370,MA_1611,1912651,1912651,0,0.0,False
MA_RS08380,MA_1613,1922058,1922058,0,0.0,False
MA_RS08385,MA_1614,1923295,1923358,63,21.0,False
MA_RS08390,MA_1615,1923640,1923640,0,0.0,False
MA_RS08395,MA_1616,1926643,1926643,0,0.0,False
MA_RS08400,MA_1617,1927439,1927439,0,0.0,False
MA_RS08425,MA_1623,1934305,1934305,0,0.0,False
MA_RS08435,MA_1624,1935885,1935885,0,0.0,False
MA_RS08440,MA_1625,1938930,1938915,15,5.0,False
MA_RS08450,MA_1627,1941145,1941097,48,16.0,False
MA_RS08455,MA_1628,1944036,1944048,-12,-4.0,False
MA_RS08460,MA_1629,1948545,1948545,0,0.0,False
MA_RS08465,MA_1630,1948725,1948680,45,15.0,False
MA_RS08470,MA_1631,1952419,1952407,12,4.0,False
MA_RS08475,MA_1632,1953827,1953851,-24,-8.0,False
MA_RS08480,MA_1633,1955192,1955192,0,0.0,False
MA_RS08485,MA_1634,1956081,1956033,48,16.0,False
MA_RS08490,MA_1635,1956973,1956973,0,0.0,False
MA_RS08495,MA_1636,1959341,1959362,21,7.0,False
MA_RS08510,MA_1640,1964540,1964558,18,6.0,False
MA_RS08515,MA_1641,1967111,1967111,0,0.0,False
MA_RS08525,MA_1643,1969181,1969181,0,0.0,False
MA_RS08530,MA_1645,1969824,1969824,0,0.0,False
MA_RS08535,MA_1646,1973020,1973002,18,6.0,False
MA_RS08540,MA_1647,1976966,1976966,0,0.0,False
MA_RS08545,MA_1648,1977418,1977418,0,0.0,False
MA_RS08560,MA_1651,1978710,1978710,0,0.0,False
MA_RS08565,MA_1652,1981412,1981412,0,0.0,False
MA_RS08570,MA_1653,1982012,1982012,0,0.0,False
MA_RS08575,MA_1654,1984443,1984443,0,0.0,False
MA_RS08580,MA_1655,1985171,1985171,0,0.0,False
MA_RS08585,MA_1656,1988057,1988057,0,0.0,False
MA_RS08590,MA_1657,1988711,1988711,0,0.0,False
MA_RS08595,MA_1658,1990442,1990442,0,0.0,False
MA_RS08600,MA_1659,1990762,1990792,-30,-10.0,False
MA_RS08610,MA_1661,1995881,1995905,-24,-8.0,False
MA_RS08620,MA_1663,1996878,1996878,0,0.0,False
MA_RS08630,MA_1664,1997406,1997406,0,0.0,False
MA_RS08635,MA_1665,1998360,1998360,0,0.0,False
MA_RS08640,MA_1666,2000194,2000194,0,0.0,False
MA_RS08645,MA_1667,2001638,2001515,123,41.0,False
MA_RS08650,MA_1668,2002736,2002736,0,0.0,False
MA_RS08655,MA_1669,2003430,2003430,0,0.0,False
MA_RS08660,MA_1670,2004011,2003999,12,4.0,False
MA_RS08665,MA_1671,2005264,2005264,0,0.0,False
MA_RS08670,MA_1672,2005904,2005901,3,1.0,False
MA_RS08680,MA_1674,2008039,2008039,0,0.0,False
MA_RS08685,MA_1675,2010233,2010239,6,2.0,False
MA_RS08690,MA_1676,2010696,2010696,0,0.0,False
MA_RS08700,MA_1678,2013419,2013404,15,5.0,False
MA_RS08705,MA_1679,2016050,2016050,0,0.0,False
MA_RS08715,MA_1682,2019360,2019360,0,0.0,False
MA_RS08725,MA_1683,2020448,2020448,0,0.0,False
MA_RS08730,MA_1684,2021872,2021872,0,0.0,False
MA_RS08735,MA_1685,2022308,2022284,24,8.0,False
MA_RS08745,MA_1686,2023960,2023960,0,0.0,False
MA_RS08765,MA_1689,2026980,2026980,0,0.0,False
MA_RS08770,MA_1690,2029327,2029372,45,15.0,False
MA_RS08775,MA_1691,2031469,2031469,0,0.0,False
MA_RS08790,MA_1693,2033512,2033512,0,0.0,False
MA_RS08795,MA_1694,2033718,2033718,0,0.0,False
MA_RS08805,MA_1696,2034436,2034553,117,39.0,False
MA_RS08810,MA_1697,2035934,2035934,0,0.0,False
MA_RS08815,MA_1698,2036474,2036474,0,0.0,False
MA_RS08830,MA_1700,2039132,2039132,0,0.0,False
MA_RS08835,MA_1701,2039855,2039813,42,14.0,False
MA_RS08840,MA_1702,2040583,2040583,0,0.0,False
MA_RS08845,MA_1703,2041455,2041455,0,0.0,False
MA_RS08850,MA_1704,2044264,2044315,51,17.0,False
MA_RS08855,MA_1705,2044430,2044406,24,8.0,False
MA_RS08860,MA_1706,2045002,2045002,0,0.0,False
MA_RS08865,MA_1708,2046993,2046993,0,0.0,False
MA_RS08870,MA_1709,2048732,2048705,27,9.0,False
MA_RS08875,MA_1710,2050465,2050465,0,0.0,False
MA_RS08880,MA_1711,2051782,2051782,0,0.0,False
MA_RS08890,MA_1712,2052893,2052881,12,4.0,False
MA_RS08895,MA_1713,2054545,2054545,0,0.0,False
MA_RS08900,MA_1714,2056438,2056561,123,41.0,False
MA_RS08905,MA_1715,2057468,2057468,0,0.0,False
MA_RS08910,MA_1716,2058400,2058400,0,0.0,False
MA_RS08915,MA_1717,2058677,2058677,0,0.0,False
MA_RS08920,MA_1718,2061168,2061168,0,0.0,False
MA_RS08925,MA_1719,2061899,2061899,0,0.0,False
MA_RS08930,MA_1721,2063610,2063610,0,0.0,False
MA_RS08935,MA_1722,2063894,2063777,117,39.0,False
MA_RS08940,MA_1723,2065405,2065405,0,0.0,False
MA_RS08950,MA_1724,2068408,2068396,12,4.0,False
MA_RS08960,MA_1725,2071011,2071011,0,0.0,False
MA_RS08965,MA_1726,2071629,2071629,0,0.0,False
MA_RS08970,MA_1727,2073485,2073485,0,0.0,False
MA_RS08975,MA_1728,2074213,2074213,0,0.0,False
MA_RS08980,MA_1729,2075733,2075733,0,0.0,False
MA_RS08985,MA_1730,2077593,2077593,0,0.0,False
MA_RS08990,MA_1731,2077902,2077902,0,0.0,False
MA_RS08995,MA_1732,2078864,2078864,0,0.0,False
MA_RS09000,MA_1733,2079856,2079856,0,0.0,False
MA_RS09005,MA_1734,2080131,2080131,0,0.0,False
MA_RS09010,MA_1735,2081935,2081935,0,0.0,False
MA_RS09015,MA_1736,2082495,2082408,87,29.0,False
MA_RS09025,MA_1738,2086681,2086681,0,0.0,False
MA_RS09030,MA_1739,2089254,2089290,36,12.0,False
MA_RS09035,MA_1740,2089865,2089865,0,0.0,False
MA_RS09040,MA_1741,2090470,2090470,0,0.0,False
MA_RS09045,MA_1742,2094267,2094267,0,0.0,False
MA_RS09050,MA_1743,2095883,2095883,0,0.0,False
MA_RS09055,MA_1744,2096298,2096295,3,1.0,False
MA_RS09060,MA_1745,2097561,2097561,0,0.0,False
MA_RS09065,MA_1746,2098570,2098570,0,0.0,False
MA_RS09070,MA_1747,2101502,2101502,0,0.0,False
MA_RS09075,MA_1748,2101613,2101580,33,11.0,False
MA_RS09080,MA_1749,2103844,2103868,24,8.0,False
MA_RS09085,MA_1750,2104499,2104808,-309,-103.0,False
MA_RS09090,MA_1751,2106255,2106234,21,7.0,False
MA_RS09095,MA_1752,2107279,2107279,0,0.0,False
MA_RS09100,MA_1753,2112743,2112743,0,0.0,False
MA_RS09105,MA_1754,2117077,2117083,6,2.0,False
MA_RS09120,MA_1756,2125040,2125040,0,0.0,False
MA_RS09130,MA_1757,2125596,2125596,0,0.0,False
MA_RS09135,MA_1758,2127875,2127890,15,5.0,False
MA_RS09140,MA_1759,2131132,2130919,-213,-71.0,False
MA_RS09145,MA_1760,2132844,2132844,0,0.0,False
MA_RS09160,MA_1763,2151432,2151447,15,5.0,False
MA_RS09170,MA_1765,2156110,2156110,0,0.0,False
MA_RS09185,MA_1768,2170228,2170234,6,2.0,False
MA_RS09195,MA_1769,2174655,2174685,30,10.0,False
MA_RS09200,MA_1770,2175498,2175498,0,0.0,False
MA_RS09205,MA_1771,2176199,2176241,42,14.0,False
MA_RS09215,MA_1773,2178213,2178213,0,0.0,False
MA_RS09220,MA_1774,2179415,2179355,60,20.0,False
MA_RS09225,MA_1775,2180684,2180684,0,0.0,False
MA_RS09230,MA_1776,2181650,2181650,0,0.0,False
MA_RS09240,MA_1777,2184105,2184105,0,0.0,False
MA_RS09245,MA_1778,2184809,2184809,0,0.0,False
MA_RS09250,MA_1779,2185637,2185631,-6,-2.0,False
MA_RS09255,MA_1781,2187986,2187986,0,0.0,False
MA_RS09260,MA_1782,2188702,2188702,0,0.0,False
MA_RS09265,MA_1783,2189120,2189120,0,0.0,False
MA_RS09270,MA_1784,2189725,2189725,0,0.0,False
MA_RS09275,MA_1785,2190122,2190191,-69,-23.0,False
MA_RS09285,MA_1787,2192255,2192255,0,0.0,False
MA_RS09300,MA_1789,2198878,2198878,0,0.0,False
MA_RS09305,MA_1790,2199790,2199790,0,0.0,False
MA_RS09310,MA_1791,2202583,2202586,3,1.0,False
MA_RS09315,MA_1792,2203149,2203149,0,0.0,False
MA_RS09320,MA_1793,2204153,2204153,0,0.0,False
MA_RS09330,MA_1794,2204499,2204499,0,0.0,False
MA_RS09340,MA_1796,2206902,2206887,15,5.0,False
MA_RS09345,MA_1797,2207949,2207949,0,0.0,False
MA_RS09350,MA_1798,2208861,2208861,0,0.0,False
MA_RS09355,MA_1799,2210061,2210061,0,0.0,False
MA_RS09360,MA_1800,2212032,2212032,0,0.0,False
MA_RS09365,MA_1801,2213947,2213947,0,0.0,False
MA_RS09370,MA_1802,2214810,2214810,0,0.0,False
MA_RS09380,MA_1804,2219534,2219564,30,10.0,False
MA_RS09385,MA_1805,2220385,2220385,0,0.0,False
MA_RS09390,MA_1806,2221239,2221224,-15,-5.0,False
MA_RS09395,MA_1807,2221503,2221503,0,0.0,False
MA_RS09400,MA_1808,2222568,2222568,0,0.0,False
MA_RS09410,MA_1809,2223702,2223702,0,0.0,False
MA_RS09415,MA_1810,2224422,2224407,15,5.0,False
MA_RS09430,MA_1811,2228279,2228279,0,0.0,False
MA_RS09435,MA_1812,2229030,2229030,0,0.0,False
MA_RS09440,MA_1813,2229799,2229799,0,0.0,False
MA_RS09445,MA_1814,2233731,2233731,0,0.0,False
MA_RS09450,MA_1815,2234162,2234162,0,0.0,False
MA_RS09455,MA_1816,2235047,2235023,24,8.0,False
MA_RS09460,MA_1817,2236289,2236289,0,0.0,False
MA_RS09465,MA_1818,2236794,2236794,0,0.0,False
MA_RS09470,MA_1819,2237254,2237254,0,0.0,False
MA_RS09475,MA_1820,2238951,2238951,0,0.0,False
MA_RS09480,MA_1821,2239282,2239282,0,0.0,False
MA_RS09485,MA_1822,2240787,2240781,6,2.0,False
MA_RS09490,MA_1824,2242194,2242194,0,0.0,False
MA_RS09495,MA_1825,2244069,2244069,0,0.0,False
MA_RS09500,MA_1826,2244278,2244239,39,13.0,False
MA_RS09505,MA_1827,2245699,2245744,45,15.0,False
MA_RS09510,MA_1828,2245929,2245929,0,0.0,False
MA_RS09515,MA_1829,2248670,2248700,-30,-10.0,False
MA_RS09525,MA_1831,2251068,2251008,60,20.0,False
MA_RS09545,MA_1834,2255127,2255136,9,3.0,False
MA_RS09550,MA_1835,2255404,2255404,0,0.0,False
MA_RS09555,MA_1836,2256750,2256750,0,0.0,False
MA_RS09565,MA_1837,2258170,2258164,6,2.0,False
MA_RS09570,MA_1838,2262081,2262081,0,0.0,False
MA_RS09580,MA_1839,2267143,2267143,0,0.0,False
MA_RS09585,MA_1840,2268239,2268323,84,28.0,False
MA_RS09590,MA_1841,2270247,2270247,0,0.0,False
MA_RS09600,MA_1842,2270783,2270783,0,0.0,False
MA_RS09605,MA_4669,2272588,2272588,0,0.0,False
MA_RS09625,MA_1846,2278043,2278043,0,0.0,False
MA_RS09630,MA_1847,2279406,2279385,-21,-7.0,False
MA_RS09640,MA_1848,2280470,2280470,0,0.0,False
MA_RS09645,MA_1849,2281251,2281251,0,0.0,False
MA_RS09650,MA_1850,2282517,2282526,9,3.0,False
MA_RS09655,MA_1851,2283137,2283266,129,43.0,False
MA_RS09665,MA_1852,2284369,2284369,0,0.0,False
MA_RS09670,MA_1853,2284809,2284830,21,7.0,False
MA_RS09675,MA_1854,2286323,2286320,3,1.0,False
MA_RS09680,MA_1855,2288221,2288221,0,0.0,False
MA_RS09685,MA_1856,2289125,2289125,0,0.0,False
MA_RS09690,MA_1857,2290275,2290275,0,0.0,False
MA_RS09695,MA_1858,2290647,2290572,75,25.0,False
MA_RS09700,MA_1859,2292249,2292249,0,0.0,False
MA_RS09705,MA_1860,2294344,2294344,0,0.0,False
MA_RS09710,MA_1861,2294660,2294630,30,10.0,False
MA_RS09715,MA_1862,2298853,2298853,0,0.0,False
MA_RS09720,MA_1863,2299374,2299374,0,0.0,False
MA_RS09725,MA_1864,2300902,2300782,-120,-40.0,False
MA_RS09730,MA_1865,2301480,2301504,24,8.0,False
MA_RS09740,MA_1867,2303665,2303665,0,0.0,False
MA_RS09745,MA_1868,2305713,2305842,129,43.0,False
MA_RS09750,MA_1869,2306332,2306332,0,0.0,False
MA_RS09755,MA_1870,2306715,2306715,0,0.0,False
MA_RS09765,MA_1872,2309457,2309457,0,0.0,False
MA_RS09770,MA_1873,2309699,2309960,-261,-87.0,False
MA_RS09775,MA_1874,2312816,2312816,0,0.0,False
MA_RS09785,MA_1876,2313706,2313706,0,0.0,False
MA_RS09790,MA_1877,2314519,2314519,0,0.0,False
MA_RS09795,MA_1878,2316282,2316282,0,0.0,False
MA_RS09810,MA_1881,2317769,2317769,0,0.0,False
MA_RS09815,MA_1882,2318374,2318374,0,0.0,False
MA_RS09820,MA_1883,2319615,2319615,0,0.0,False
MA_RS09825,MA_1884,2322065,2322068,3,1.0,False
MA_RS09830,MA_1885,2322276,2322273,3,1.0,False
MA_RS09835,MA_1886,2323674,2323674,0,0.0,False
MA_RS09840,MA_1887,2324554,2324554,0,0.0,False
MA_RS09845,MA_1888,2325100,2325061,39,13.0,False
MA_RS09850,MA_1889,2325429,2325429,0,0.0,False
MA_RS09855,MA_1890,2327163,2327163,0,0.0,False
MA_RS09860,MA_1891,2329837,2329846,9,3.0,False
MA_RS09870,MA_1893,2332805,2332805,0,0.0,False
MA_RS09875,MA_1894,2333113,2333113,0,0.0,False
MA_RS09880,MA_1895,2336368,2336368,0,0.0,False
MA_RS09885,MA_1896,2337906,2337906,0,0.0,False
MA_RS09890,MA_1897,2338687,2338687,0,0.0,False
MA_RS09895,MA_1898,2339133,2339142,9,3.0,False
MA_RS09900,MA_1899,2339674,2339674,0,0.0,False
MA_RS09905,MA_1900,2341579,2341579,0,0.0,False
MA_RS09910,MA_1901,2341803,2341794,9,3.0,False
MA_RS09915,MA_1902,2343944,2343983,39,13.0,False
MA_RS09925,MA_1904,2352052,2352145,93,31.0,False
MA_RS09940,MA_1905,2354145,2354145,0,0.0,False
MA_RS09945,MA_1906,2354917,2354917,0,0.0,False
MA_RS09950,MA_1907,2355387,2355387,0,0.0,False
MA_RS09955,MA_1909,2358143,2358143,0,0.0,False
MA_RS09960,MA_1910,2359665,2359665,0,0.0,False
MA_RS09965,MA_1911,2360632,2360632,0,0.0,False
MA_RS09970,MA_1912,2361599,2361599,0,0.0,False
MA_RS09975,MA_1913,2362588,2362588,0,0.0,False
MA_RS09980,MA_1914,2364442,2364442,0,0.0,False
MA_RS09985,MA_1915,2366373,2366373,0,0.0,False
MA_RS09990,MA_1916,2368582,2368582,0,0.0,False
MA_RS09995,MA_1917,2369966,2369960,6,2.0,False
MA_RS10005,MA_1919,2372037,2372037,0,0.0,False
MA_RS10015,MA_1921,2374146,2374146,0,0.0,False
MA_RS10020,MA_1922,2374818,2374818,0,0.0,False
MA_RS10025,MA_1923,2376100,2376100,0,0.0,False
MA_RS10030,MA_1924,2376203,2376284,-81,-27.0,False
MA_RS10035,MA_1925,2376742,2376742,0,0.0,False
MA_RS10040,MA_1926,2377891,2377882,9,3.0,False
MA_RS10045,MA_1928,2381380,2381368,12,4.0,False
MA_RS10050,MA_1929,2382671,2382665,6,2.0,False
MA_RS10055,MA_1930,2384331,2384331,0,0.0,False
MA_RS10060,MA_1931,2384297,2384297,0,0.0,False
MA_RS10065,MA_1932,2386213,2386213,0,0.0,False
MA_RS10070,MA_1933,2386714,2386714,0,0.0,False
MA_RS10075,MA_1934,2387483,2387483,0,0.0,False
MA_RS10080,MA_1935,2388553,2388553,0,0.0,False
MA_RS10090,MA_1937,2393013,2393013,0,0.0,False
MA_RS10095,MA_1938,2394924,2394873,51,17.0,False
MA_RS10105,MA_1939,2395375,2395375,0,0.0,False
MA_RS10115,MA_1940,2396108,2396108,0,0.0,False
MA_RS10120,MA_1941,2396988,2396988,0,0.0,False
MA_RS10130,MA_1943,2400803,2400803,0,0.0,False
MA_RS10135,MA_1944,2401255,2401255,0,0.0,False
MA_RS10140,MA_1945,2402769,2402874,-105,-35.0,False
MA_RS10145,MA_1946,2403835,2403835,0,0.0,False
MA_RS10150,MA_1947,2405989,2405989,0,0.0,False
MA_RS10165,MA_1949,2408838,2408838,0,0.0,False
MA_RS10170,MA_1950,2410466,2410451,15,5.0,False
MA_RS10175,MA_1951,2413065,2413179,114,38.0,False
MA_RS10180,MA_1953,2414299,2414299,0,0.0,False
MA_RS10185,MA_1954,2415902,2415902,0,0.0,False
MA_RS10190,MA_1955,2416068,2416068,0,0.0,False
MA_RS10195,MA_1956,2418417,2418417,0,0.0,False
MA_RS10200,MA_1957,2420151,2420127,-24,-8.0,False
MA_RS10205,MA_1958,2422434,2422434,0,0.0,False
MA_RS10210,MA_1959,2423163,2423163,0,0.0,False
MA_RS10220,MA_1961,2425154,2425136,-18,-6.0,False
MA_RS10225,MA_1962,2426721,2426721,0,0.0,False
MA_RS10230,MA_1963,2427603,2427603,0,0.0,False
MA_RS10235,MA_1964,2427945,2427960,15,5.0,False
MA_RS10245,MA_1966,2429336,2429336,0,0.0,False
MA_RS10250,MA_1967,2431127,2431127,0,0.0,False
MA_RS10255,MA_1968,2432700,2432700,0,0.0,False
MA_RS10260,MA_1969,2434565,2434658,93,31.0,False
MA_RS10265,MA_1970,2435926,2435929,3,1.0,False
MA_RS10270,MA_1971,2436710,2436710,0,0.0,False
MA_RS10275,MA_1972,2437172,2437163,9,3.0,False
MA_RS10280,MA_1973,2439371,2439371,0,0.0,False
MA_RS10285,MA_1974,2441040,2441040,0,0.0,False
MA_RS10290,MA_1975,2443659,2443659,0,0.0,False
MA_RS10295,MA_1976,2443895,2443895,0,0.0,False
MA_RS10300,MA_1977,2446206,2446206,0,0.0,False
MA_RS10305,MA_1978,2447102,2447105,3,1.0,False
MA_RS10310,MA_1979,2447423,2447423,0,0.0,False
MA_RS10315,MA_1980,2448478,2448478,0,0.0,False
MA_RS10320,MA_1981,2449255,2449255,0,0.0,False
MA_RS10325,MA_1982,2450366,2450366,0,0.0,False
MA_RS10330,MA_1983,2454303,2454291,12,4.0,False
MA_RS10335,MA_1984,2454831,2454801,30,10.0,False
MA_RS10340,MA_1985,2456933,2456945,12,4.0,False
MA_RS10345,MA_1986,2459321,2459321,0,0.0,False
MA_RS10350,MA_1988,2460279,2460376,97,32.333333333333336,True
MA_RS10360,MA_1989,2461449,2461449,0,0.0,False
MA_RS10375,MA_1992,2468741,2468741,0,0.0,False
MA_RS10380,MA_1993,2469807,2469834,27,9.0,False
MA_RS10385,MA_1994,2470273,2470273,0,0.0,False
MA_RS10390,MA_1995,2470849,2470849,0,0.0,False
MA_RS10400,MA_1997,2473620,2473596,24,8.0,False
MA_RS10405,MA_1998,2474741,2474741,0,0.0,False
MA_RS10410,MA_1999,2475187,2475094,93,31.0,False
MA_RS10415,MA_2000,2479162,2479162,0,0.0,False
MA_RS10420,MA_2001,2482654,2482567,-87,-29.0,False
MA_RS10425,MA_2002,2483259,2483265,-6,-2.0,False
MA_RS10430,MA_2003,2485674,2485734,60,20.0,False
MA_RS10435,MA_2004,2486124,2486124,0,0.0,False
MA_RS10440,MA_2005,2486764,2486731,33,11.0,False
MA_RS10450,MA_2007,2489499,2489499,0,0.0,False
MA_RS10455,MA_2008,2491412,2491412,0,0.0,False
MA_RS10460,MA_2009,2493169,2493169,0,0.0,False
MA_RS10465,MA_2010,2493982,2493982,0,0.0,False
MA_RS10470,MA_2011,2494344,2494344,0,0.0,False
MA_RS10475,MA_2012,2495230,2495230,0,0.0,False
MA_RS10480,MA_2013,2498282,2498282,0,0.0,False
MA_RS10485,MA_2014,2499508,2499508,0,0.0,False
MA_RS10495,MA_2016,2501464,2501464,0,0.0,False
MA_RS10505,MA_2019,2508275,2508326,51,17.0,False
MA_RS10510,MA_2020,2508974,2508815,159,53.0,False
MA_RS10515,MA_2021,2511102,2511171,69,23.0,False
MA_RS10520,MA_2022,2512900,2512900,0,0.0,False
MA_RS10525,MA_2023,2513521,2513437,84,28.0,False
MA_RS10535,MA_2025,2515729,2515729,0,0.0,False
MA_RS10540,MA_2026,2517231,2517231,0,0.0,False
MA_RS10550,MA_2028,2518586,2518586,0,0.0,False
MA_RS10565,MA_2030,2520749,2520749,0,0.0,False
MA_RS10570,MA_2032,2521860,2521860,0,0.0,False
MA_RS10575,MA_2033,2524124,2524124,0,0.0,False
MA_RS10585,MA_2034,2526960,2526960,0,0.0,False
MA_RS10595,MA_2036,2528797,2528890,93,31.0,False
MA_RS10605,MA_2038,2530686,2530686,0,0.0,False
MA_RS10610,MA_2039,2530986,2530986,0,0.0,False
MA_RS10615,MA_2040,2531278,2531278,0,0.0,False
MA_RS10625,MA_2042,2532488,2532491,3,1.0,False
MA_RS10640,MA_2044,2534476,2534485,9,3.0,False
MA_RS10645,MA_2045,2541131,2541140,9,3.0,False
MA_RS10650,MA_2046,2542069,2542069,0,0.0,False
MA_RS10655,MA_2047,2543043,2543043,0,0.0,False
MA_RS10665,MA_2050,2545891,2545891,0,0.0,False
MA_RS10670,MA_2051,2546374,2546374,0,0.0,False
MA_RS10675,MA_2052,2546592,2546592,0,0.0,False
MA_RS10680,MA_2053,2547871,2547871,0,0.0,False
MA_RS10690,MA_2055,2549202,2549202,0,0.0,False
MA_RS10695,MA_2056,2550188,2550188,0,0.0,False
MA_RS10700,MA_2057,2552690,2552690,0,0.0,False
MA_RS10705,MA_2058,2554262,2554262,0,0.0,False
MA_RS10710,MA_2059,2554530,2554530,0,0.0,False
MA_RS10720,MA_2061,2555964,2555931,33,11.0,False
MA_RS10725,MA_2063,2556847,2556847,0,0.0,False
MA_RS10730,MA_2064,2558626,2558626,0,0.0,False
MA_RS10735,MA_2065,2559097,2559097,0,0.0,False
MA_RS10740,MA_2066,2559494,2559494,0,0.0,False
MA_RS10745,MA_2067,2560580,2560562,18,6.0,False
MA_RS10755,MA_2069,2561769,2561769,0,0.0,False
MA_RS10760,MA_2070,2562950,2563061,-111,-37.0,False
MA_RS10770,MA_2073,2565097,2565097,0,0.0,False
MA_RS10775,MA_2074,2566780,2566780,0,0.0,False
MA_RS10785,MA_2076,2571915,2571915,0,0.0,False
MA_RS10790,MA_2077,2572415,2572415,0,0.0,False
MA_RS10795,MA_2078,2573860,2573878,18,6.0,False
MA_RS10800,MA_2079,2574803,2574803,0,0.0,False
MA_RS10805,MA_2080,2576044,2576044,0,0.0,False
MA_RS10815,MA_2082,2580782,2580782,0,0.0,False
MA_RS10820,MA_2083,2581221,2581221,0,0.0,False
MA_RS10825,MA_2084,2583128,2583071,57,19.0,False
MA_RS10830,MA_2085,2583770,2583749,21,7.0,False
MA_RS10835,MA_2086,2585279,2585240,39,13.0,False
MA_RS10840,MA_2087,2587158,2587158,0,0.0,False
MA_RS10845,MA_2088,2587478,2587313,165,55.0,False
MA_RS10850,MA_2089,2589982,2589982,0,0.0,False
MA_RS10860,MA_2091,2591563,2591563,0,0.0,False
MA_RS10865,MA_2092,2591856,2591862,6,2.0,False
MA_RS10870,MA_2093,2592428,2592428,0,0.0,False
MA_RS10875,MA_2094,2593346,2593346,0,0.0,False
MA_RS10880,MA_2095,2593637,2593637,0,0.0,False
MA_RS10885,MA_2096,2595973,2595979,6,2.0,False
MA_RS10890,MA_2097,2596200,2596200,0,0.0,False
MA_RS10900,MA_2099,2598834,2598777,57,19.0,False
MA_RS10905,MA_2100,2601180,2601180,0,0.0,False
MA_RS10920,MA_2103,2606204,2606231,27,9.0,False
MA_RS10925,MA_2104,2606340,2606340,0,0.0,False
MA_RS10930,MA_2105,2608148,2608148,0,0.0,False
MA_RS10935,MA_2106,2611021,2611027,6,2.0,False
MA_RS10940,MA_2107,2611392,2611392,0,0.0,False
MA_RS10945,MA_2108,2613066,2613135,69,23.0,False
MA_RS10950,MA_2109,2614003,2614003,0,0.0,False
MA_RS10955,MA_2110,2614803,2614803,0,0.0,False
MA_RS10960,MA_2111,2615350,2615350,0,0.0,False
MA_RS10970,MA_2113,2616562,2616562,0,0.0,False
MA_RS10975,MA_2114,2617346,2617346,0,0.0,False
MA_RS10980,MA_2115,2619246,2619045,-201,-67.0,False
MA_RS10985,MA_2116,2621001,2621001,0,0.0,False
MA_RS10995,MA_2118,2622738,2622738,0,0.0,False
MA_RS11000,MA_2119,2624855,2624855,0,0.0,False
MA_RS11010,MA_2121,2627856,2627862,6,2.0,False
MA_RS11015,MA_2122,2630717,2630717,0,0.0,False
MA_RS11030,MA_2123,2631809,2631809,0,0.0,False
MA_RS11035,MA_2124,2632107,2632077,30,10.0,False
MA_RS11040,MA_2125,2634019,2634038,19,6.333333333333333,True
MA_RS11045,MA_2126,2634392,2634380,12,4.0,False
MA_RS11060,MA_2129,2635884,2635884,0,0.0,False
MA_RS11065,MA_2130,2636461,2636461,0,0.0,False
MA_RS11070,MA_2131,2636821,2636821,0,0.0,False
MA_RS11080,MA_2132,2637380,2637380,0,0.0,False
MA_RS11085,MA_2133,2638824,2638872,48,16.0,False
MA_RS11090,MA_2134,2639274,2639274,0,0.0,False
MA_RS11095,MA_2135,2639527,2639527,0,0.0,False
MA_RS11100,MA_2136,2639725,2639725,0,0.0,False
MA_RS11105,MA_2137,2640925,2640772,-153,-51.0,False
MA_RS11110,MA_2138,2643239,2643332,93,31.0,False
MA_RS11115,MA_2139,2644134,2644101,33,11.0,False
MA_RS11120,MA_2140,2646157,2646157,0,0.0,False
MA_RS11125,MA_2142,2649435,2649435,0,0.0,False
MA_RS11130,MA_2143,2653130,2653130,0,0.0,False
MA_RS11135,MA_2144,2654236,2654236,0,0.0,False
MA_RS11140,MA_2145,2654921,2654921,0,0.0,False
MA_RS11145,MA_2146,2656390,2656390,0,0.0,False
MA_RS11150,MA_2147,2657425,2657425,0,0.0,False
MA_RS11155,MA_2148,2658984,2658876,108,36.0,False
MA_RS11160,MA_2149,2660075,2660051,24,8.0,False
MA_RS11165,MA_2150,2661115,2661112,3,1.0,False
MA_RS11170,MA_2151,2661915,2661909,6,2.0,False
MA_RS11175,MA_2152,2662711,2662711,0,0.0,False
MA_RS11180,MA_2153,2663662,2663662,0,0.0,False
MA_RS11185,MA_2154,2664798,2664795,3,1.0,False
MA_RS11195,MA_2156,2666416,2666416,0,0.0,False
MA_RS11210,MA_2159,2668880,2668859,21,7.0,False
MA_RS11235,MA_2163,2670598,2670598,0,0.0,False
MA_RS11240,MA_2164,2672909,2672909,0,0.0,False
MA_RS11245,MA_2167,2674984,2674984,0,0.0,False
MA_RS11255,MA_2169,2675838,2675838,0,0.0,False
MA_RS11260,MA_2170,2676934,2676934,0,0.0,False
MA_RS11265,MA_2171,2678066,2678015,51,17.0,False
MA_RS11270,MA_2172,2678446,2678503,-57,-19.0,False
MA_RS11275,MA_2173,2678967,2678967,0,0.0,False
MA_RS11285,MA_2175,2680792,2680792,0,0.0,False
MA_RS11290,MA_2176,2682018,2682018,0,0.0,False
MA_RS11295,MA_2177,2682900,2682840,60,20.0,False
MA_RS11300,MA_2178,2683653,2683653,0,0.0,False
MA_RS11305,MA_2179,2685164,2685062,102,34.0,False
MA_RS11310,MA_2180,2687120,2687117,3,1.0,False
MA_RS11315,MA_2181,2689510,2689510,0,0.0,False
MA_RS11320,MA_2182,2690681,2690696,15,5.0,False
MA_RS11325,MA_2183,2691686,2691686,0,0.0,False
MA_RS11335,MA_2185,2693722,2693722,0,0.0,False
MA_RS11340,MA_2186,2694796,2694805,9,3.0,False
MA_RS11350,MA_2188,2695963,2695963,0,0.0,False
MA_RS11360,MA_2190,2698556,2698556,0,0.0,False
MA_RS11365,MA_2191,2699579,2699579,0,0.0,False
MA_RS11375,MA_2193,2700208,2700208,0,0.0,False
MA_RS11380,MA_2194,2701395,2701395,0,0.0,False
MA_RS11390,MA_2197,2703782,2703782,0,0.0,False
MA_RS11395,MA_2198,2704355,2704355,0,0.0,False
MA_RS11400,MA_2199,2707067,2707067,0,0.0,False
MA_RS11405,MA_2200,2708830,2708830,0,0.0,False
MA_RS11410,MA_2201,2709945,2709945,0,0.0,False
MA_RS11415,MA_2202,2711186,2711186,0,0.0,False
MA_RS11420,MA_2203,2712964,2713051,87,29.0,False
MA_RS11425,MA_2204,2713772,2713817,45,15.0,False
MA_RS11430,MA_2205,2714475,2714640,165,55.0,False
MA_RS11435,MA_2206,2714940,2714940,0,0.0,False
MA_RS11440,MA_2207,2715542,2715542,0,0.0,False
MA_RS11445,MA_2208,2716221,2716164,57,19.0,False
MA_RS11450,MA_2209,2718792,2718792,0,0.0,False
MA_RS11455,MA_2210,2720421,2720421,0,0.0,False
MA_RS11460,MA_2211,2721755,2721755,0,0.0,False
MA_RS11465,MA_2212,2722379,2722364,15,5.0,False
MA_RS11480,MA_2213,2724350,2724350,0,0.0,False
MA_RS11490,MA_2214,2725199,2725187,12,4.0,False
MA_RS11500,MA_2215,2726534,2726534,0,0.0,False
MA_RS11505,MA_2217,2727407,2727569,-162,-54.0,False
MA_RS11510,MA_2218,2729208,2729160,48,16.0,False
MA_RS11520,MA_2220,2731925,2731925,0,0.0,False
MA_RS11525,MA_2221,2732442,2732442,0,0.0,False
MA_RS11530,MA_2223,2734793,2734793,0,0.0,False
MA_RS11535,MA_2224,2734866,2734866,0,0.0,False
MA_RS11540,MA_2225,2736512,2736566,-54,-18.0,False
MA_RS11550,MA_2228,2738901,2738901,0,0.0,False
MA_RS11565,MA_2231,2740627,2740627,0,0.0,False
MA_RS11570,MA_2232,2742788,2742788,0,0.0,False
MA_RS11575,MA_2233,2743489,2743489,0,0.0,False
MA_RS11580,MA_2234,2745365,2745242,123,41.0,False
MA_RS11585,MA_2235,2748899,2748899,0,0.0,False
MA_RS11605,MA_2238,2751605,2751605,0,0.0,False
MA_RS11610,MA_2239,2753893,2753893,0,0.0,False
MA_RS11615,MA_2240,2754684,2754684,0,0.0,False
MA_RS11625,MA_2241,2755134,2755134,0,0.0,False
MA_RS11630,MA_2242,2758215,2758215,0,0.0,False
MA_RS11635,MA_2243,2759432,2759432,0,0.0,False
MA_RS11640,MA_2244,2761175,2761175,0,0.0,False
MA_RS11645,MA_2245,2762059,2762059,0,0.0,False
MA_RS11650,MA_2246,2762806,2762806,0,0.0,False
MA_RS11660,MA_2249,2765727,2765727,0,0.0,False
MA_RS11665,MA_2250,2766465,2766465,0,0.0,False
MA_RS11670,MA_2251,2768093,2768093,0,0.0,False
MA_RS11675,MA_2252,2768318,2768318,0,0.0,False
MA_RS11680,MA_2253,2768993,2768960,33,11.0,False
MA_RS11695,MA_2255,2773734,2773734,0,0.0,False
MA_RS11705,MA_4671,2774795,2774795,0,0.0,False
MA_RS11710,MA_2256,2775217,2775244,-27,-9.0,False
MA_RS11715,MA_2257,2779354,2779363,9,3.0,False
MA_RS11720,MA_2258,2780284,2780284,0,0.0,False
MA_RS11725,MA_2259,2781429,2781462,33,11.0,False
MA_RS11730,MA_2260,2782036,2782036,0,0.0,False
MA_RS11740,MA_2262,2783162,2783162,0,0.0,False
MA_RS11745,MA_2263,2785533,2785533,0,0.0,False
MA_RS11760,MA_2265,2786849,2786960,-111,-37.0,False
MA_RS11765,MA_2266,2789677,2789698,21,7.0,False
MA_RS11770,MA_2267,2790147,2790147,0,0.0,False
MA_RS11775,MA_2268,2791350,2791350,0,0.0,False
MA_RS11780,MA_2270,2792423,2792423,0,0.0,False
MA_RS11785,MA_2271,2792830,2792830,0,0.0,False
MA_RS11790,MA_2272,2795517,2795526,9,3.0,False
MA_RS11795,MA_2273,2796899,2796731,-168,-56.0,False
MA_RS11800,MA_2275,2797791,2797791,0,0.0,False
MA_RS11805,MA_4668,2798351,2798384,33,11.0,False
MA_RS11810,MA_2277,2798757,2798757,0,0.0,False
MA_RS11815,MA_2278,2800102,2800171,69,23.0,False
MA_RS11820,MA_2279,2800818,2800818,0,0.0,False
MA_RS11825,MA_2280,2801957,2801957,0,0.0,False
MA_RS11830,MA_2281,2802953,2802953,0,0.0,False
MA_RS11835,MA_2282,2803627,2803627,0,0.0,False
MA_RS11855,MA_2285,2810268,2810268,0,0.0,False
MA_RS11860,MA_2286,2810596,2810596,0,0.0,False
MA_RS11865,MA_2287,2813321,2813363,42,14.0,False
MA_RS11875,MA_2288,2815051,2815051,0,0.0,False
MA_RS11880,MA_2289,2815581,2815581,0,0.0,False
MA_RS11885,MA_2290,2816246,2816228,-18,-6.0,False
MA_RS11895,MA_2291,2817905,2817905,0,0.0,False
MA_RS11905,MA_2292,2819852,2819852,0,0.0,False
MA_RS11915,MA_2294,2822353,2822401,-48,-16.0,False
MA_RS11920,MA_2295,2824703,2824703,0,0.0,False
MA_RS11925,MA_2296,2824983,2824935,48,16.0,False
MA_RS11930,MA_2297,2825407,2825407,0,0.0,False
MA_RS11935,MA_2298,2826238,2826229,9,3.0,False
MA_RS11940,MA_2299,2826586,2826586,0,0.0,False
MA_RS11945,MA_2300,2831120,2831120,0,0.0,False
MA_RS11950,MA_2301,2831346,2831346,0,0.0,False
MA_RS11960,MA_2303,2834590,2834572,18,6.0,False
MA_RS11965,MA_2304,2836835,2836835,0,0.0,False
MA_RS11975,MA_2305,2837320,2837320,0,0.0,False
MA_RS11985,MA_2307,2838074,2838074,0,0.0,False
MA_RS11990,MA_2308,2841638,2841644,6,2.0,False
MA_RS11995,MA_2309,2843070,2843070,0,0.0,False
MA_RS12000,MA_2310,2843256,2843256,0,0.0,False
MA_RS12010,MA_2311,2846131,2846131,0,0.0,False
MA_RS12020,MA_2313,2849664,2849664,0,0.0,False
MA_RS12025,MA_2314,2850138,2850138,0,0.0,False
MA_RS12035,MA_2319,2853898,2853898,0,0.0,False
MA_RS12040,MA_2320,2855540,2855540,0,0.0,False
MA_RS12045,MA_2321,2855788,2855788,0,0.0,False
MA_RS12050,MA_2322,2857577,2857433,-144,-48.0,False
MA_RS12055,MA_2323,2858398,2858395,3,1.0,False
MA_RS12060,MA_2324,2860192,2860192,0,0.0,False
MA_RS12065,MA_2325,2860946,2860946,0,0.0,False
MA_RS12075,MA_2327,2864665,2864308,357,119.0,False
MA_RS12085,MA_2329,2867342,2867342,0,0.0,False
MA_RS12090,MA_2331,2868824,2868824,0,0.0,False
MA_RS12095,MA_2332,2870009,2870009,0,0.0,False
MA_RS12100,MA_2333,2871047,2871047,0,0.0,False
MA_RS12110,MA_2335,2872703,2872604,99,33.0,False
MA_RS12115,MA_2337,2875248,2875458,-210,-70.0,False
MA_RS12125,MA_2339,2879501,2879501,0,0.0,False
MA_RS12130,MA_2340,2879753,2879750,3,1.0,False
MA_RS12135,MA_2341,2880905,2880968,63,21.0,False
MA_RS12140,MA_2342,2881679,2881706,27,9.0,False
MA_RS12145,MA_2343,2882418,2882394,24,8.0,False
MA_RS12150,MA_2344,2885592,2885592,0,0.0,False
MA_RS12155,MA_2345,2886316,2886295,21,7.0,False
MA_RS12160,MA_2346,2888933,2888882,-51,-17.0,False
MA_RS12165,MA_2347,2889363,2889342,21,7.0,False
MA_RS12170,MA_2348,2893050,2893050,0,0.0,False
MA_RS12175,MA_2349,2894222,2894222,0,0.0,False
MA_RS12180,MA_2350,2895198,2895198,0,0.0,False
MA_RS12185,MA_2351,2899467,2899467,0,0.0,False
MA_RS12195,MA_2353,2901238,2901238,0,0.0,False
MA_RS12200,MA_2354,2903443,2903443,0,0.0,False
MA_RS12205,MA_2355,2905242,2905242,0,0.0,False
MA_RS12225,MA_2358,2908647,2908647,0,0.0,False
MA_RS12235,MA_2360,2912153,2911961,192,64.0,False
MA_RS12240,MA_2361,2912899,2912899,0,0.0,False
MA_RS12245,MA_2362,2917652,2917679,27,9.0,False
MA_RS12250,MA_2363,2918955,2918973,18,6.0,False
MA_RS12255,MA_2364,2921201,2921201,0,0.0,False
MA_RS12260,MA_2365,2923976,2923976,0,0.0,False
MA_RS12265,MA_2366,2925885,2925921,36,12.0,False
MA_RS12270,MA_2367,2926166,2926166,0,0.0,False
MA_RS12280,MA_2369,2928777,2928777,0,0.0,False
MA_RS12290,MA_2370,2930611,2930611,0,0.0,False
MA_RS12295,MA_2371,2931831,2931831,0,0.0,False
MA_RS12300,MA_2372,2935383,2935383,0,0.0,False
MA_RS12305,MA_2373,2938998,2939007,9,3.0,False
MA_RS12310,MA_2374,2939704,2939722,18,6.0,False
MA_RS12320,MA_2375,2940555,2940555,0,0.0,False
MA_RS12325,MA_2376,2941685,2941685,0,0.0,False
MA_RS12335,MA_2378,2943596,2943596,0,0.0,False
MA_RS12345,MA_2380,2944122,2944110,12,4.0,False
MA_RS12350,MA_2381,2946044,2946044,0,0.0,False
MA_RS12355,MA_2382,2947064,2947064,0,0.0,False
MA_RS12360,MA_2383,2949460,2949460,0,0.0,False
MA_RS12365,MA_2384,2950991,2950904,87,29.0,False
MA_RS12375,MA_2386,2955023,2955008,15,5.0,False
MA_RS12380,MA_2387,2956182,2956209,27,9.0,False
MA_RS12390,MA_2388,2957511,2957511,0,0.0,False
MA_RS12395,MA_2389,2957878,2957908,30,10.0,False
MA_RS12400,MA_2390,2958578,2958578,0,0.0,False
MA_RS12405,MA_2391,2961448,2961250,198,66.0,False
MA_RS12410,MA_2393,2964924,2964924,0,0.0,False
MA_RS12415,MA_2394,2965720,2965711,9,3.0,False
MA_RS12420,MA_2395,2966285,2966285,0,0.0,False
MA_RS12425,MA_2396,2966867,2966840,27,9.0,False
MA_RS12445,MA_2398,2970898,2970844,54,18.0,False
MA_RS12455,MA_2400,2972823,2972823,0,0.0,False
MA_RS12460,MA_2401,2973692,2973629,-63,-21.0,False
MA_RS12470,MA_2403,2974508,2974508,0,0.0,False
MA_RS12475,MA_2404,2975931,2975940,-9,-3.0,False
MA_RS12485,MA_2406,2979587,2979587,0,0.0,False
MA_RS12490,MA_2407,2980598,2980598,0,0.0,False
MA_RS12500,MA_2408,2982961,2982961,0,0.0,False
MA_RS12505,MA_2409,2983888,2983888,0,0.0,False
MA_RS12510,MA_2410,2984190,2984190,0,0.0,False
MA_RS12515,MA_2411,2985514,2985514,0,0.0,False
MA_RS12520,MA_2412,2986018,2986018,0,0.0,False
MA_RS12525,MA_2413,2987304,2987304,0,0.0,False
MA_RS12530,MA_2414,2990012,2989832,180,60.0,False
MA_RS12535,MA_2415,2991091,2991091,0,0.0,False
MA_RS12540,MA_2416,2992269,2992269,0,0.0,False
MA_RS12545,MA_2417,2993100,2993100,0,0.0,False
MA_RS12550,MA_2418,2995208,2995208,0,0.0,False
MA_RS12555,MA_2419,2999253,2999253,0,0.0,False
MA_RS12560,MA_2420,2999611,2999611,0,0.0,False
MA_RS12565,MA_2421,3000480,3000528,48,16.0,False
MA_RS12570,MA_2422,3000967,3000979,-12,-4.0,False
MA_RS12575,MA_2423,3001749,3001746,3,1.0,False
MA_RS12580,MA_2424,3003323,3003323,0,0.0,False
MA_RS12595,MA_2426,3005565,3005553,12,4.0,False
MA_RS12600,MA_2427,3008758,3008758,0,0.0,False
MA_RS12605,MA_2428,3011258,3011309,51,17.0,False
MA_RS12610,MA_2429,3011832,3011751,81,27.0,False
MA_RS12620,MA_2430,3016349,3016349,0,0.0,False
MA_RS12625,MA_2431,3019578,3019578,0,0.0,False
MA_RS12630,MA_2432,3021894,3021894,0,0.0,False
MA_RS12635,MA_2433,3023146,3023146,0,0.0,False
MA_RS12640,MA_2434,3024744,3024744,0,0.0,False
MA_RS12645,MA_2435,3025747,3025747,0,0.0,False
MA_RS12650,MA_2436,3026043,3026043,0,0.0,False
MA_RS12655,MA_2437,3026771,3026771,0,0.0,False
MA_RS12660,MA_2438,3027075,3027075,0,0.0,False
MA_RS12665,MA_2439,3027406,3027406,0,0.0,False
MA_RS12670,MA_2440,3027803,3027803,0,0.0,False
MA_RS12675,MA_2441,3029233,3029254,21,7.0,False
MA_RS12680,MA_2442,3029809,3029770,39,13.0,False
MA_RS12685,MA_2443,3030965,3030965,0,0.0,False
MA_RS12695,MA_2444,3031777,3031777,0,0.0,False
MA_RS12700,MA_2445,3032492,3032468,24,8.0,False
MA_RS12705,MA_2446,3034630,3034630,0,0.0,False
MA_RS12710,MA_2447,3035764,3035764,0,0.0,False
MA_RS12715,MA_2448,3036820,3036874,54,18.0,False
MA_RS12725,MA_2449,3039723,3039723,0,0.0,False
MA_RS12730,MA_2450,3040375,3040375,0,0.0,False
MA_RS12740,MA_2451,3041777,3041777,0,0.0,False
MA_RS12745,MA_2452,3043180,3043180,0,0.0,False
MA_RS12755,MA_2453,3043984,3043984,0,0.0,False
MA_RS12760,MA_2454,3044744,3044744,0,0.0,False
MA_RS12765,MA_2455,3046417,3046417,0,0.0,False
MA_RS12770,MA_2456,3048044,3048053,9,3.0,False
MA_RS12780,MA_2457,3050386,3050431,45,15.0,False
MA_RS12785,MA_2458,3053443,3053443,0,0.0,False
MA_RS12795,MA_2461,3056432,3056432,0,0.0,False
MA_RS12800,MA_2462,3057607,3057610,3,1.0,False
MA_RS12805,MA_2463,3058455,3058455,0,0.0,False
MA_RS12810,MA_2464,3059416,3059452,36,12.0,False
MA_RS12815,MA_2465,3060212,3060212,0,0.0,False
MA_RS12830,MA_2467,3062409,3062424,15,5.0,False
MA_RS12835,MA_2468,3063424,3063589,165,55.0,False
MA_RS12840,MA_2469,3064528,3064528,0,0.0,False
MA_RS12850,MA_2472,3065988,3065988,0,0.0,False
MA_RS12855,MA_2473,3067796,3067796,0,0.0,False
MA_RS12860,MA_2474,3070372,3070372,0,0.0,False
MA_RS12865,MA_2475,3070427,3070382,45,15.0,False
MA_RS12870,MA_2476,3072889,3072919,30,10.0,False
MA_RS12880,MA_2477,3074935,3074965,30,10.0,False
MA_RS12885,MA_2478,3075839,3075839,0,0.0,False
MA_RS12890,MA_2479,3076758,3076758,0,0.0,False
MA_RS12895,MA_2480,3077627,3077711,84,28.0,False
MA_RS12900,MA_2481,3078742,3078790,48,16.0,False
MA_RS12905,MA_2482,3080394,3080394,0,0.0,False
MA_RS12910,MA_2483,3080771,3080828,-57,-19.0,False
MA_RS12915,MA_2484,3082129,3082129,0,0.0,False
MA_RS12920,MA_2485,3082971,3083031,60,20.0,False
MA_RS12925,MA_2486,3084644,3084647,3,1.0,False
MA_RS12940,MA_2488,3086065,3086083,18,6.0,False
MA_RS12945,MA_2489,3087322,3087322,0,0.0,False
MA_RS12950,MA_2490,3088591,3088600,9,3.0,False
MA_RS12955,MA_2491,3089766,3089766,0,0.0,False
MA_RS12965,MA_2493,3091552,3091552,0,0.0,False
MA_RS12970,MA_2494,3093760,3093760,0,0.0,False
MA_RS12975,MA_2495,3094066,3094066,0,0.0,False
MA_RS12980,MA_2496,3094832,3094811,21,7.0,False
MA_RS12985,MA_2497,3095829,3095817,12,4.0,False
MA_RS12990,MA_2498,3096671,3096671,0,0.0,False
MA_RS12995,MA_2499,3098651,3098654,3,1.0,False
MA_RS13000,MA_2500,3099660,3099660,0,0.0,False
MA_RS13005,MA_2501,3102637,3102637,0,0.0,False
MA_RS13010,MA_2502,3103723,3103723,0,0.0,False
MA_RS13015,MA_2503,3105366,3105405,39,13.0,False
MA_RS13020,MA_2504,3105973,3105973,0,0.0,False
MA_RS13025,MA_2505,3106551,3106551,0,0.0,False
MA_RS13030,MA_2506,3107180,3107189,9,3.0,False
MA_RS13035,MA_2507,3112775,3112775,0,0.0,False
MA_RS13040,MA_2508,3113263,3113260,3,1.0,False
MA_RS13045,MA_2509,3113836,3113836,0,0.0,False
MA_RS13050,MA_2510,3114624,3114624,0,0.0,False
MA_RS13060,MA_2512,3119761,3119761,0,0.0,False
MA_RS13065,MA_2513,3120606,3120606,0,0.0,False
MA_RS13070,MA_2514,3121984,3121984,0,0.0,False
MA_RS13085,MA_2517,3126677,3126677,0,0.0,False
MA_RS13090,MA_2518,3128589,3128589,0,0.0,False
MA_RS13095,MA_2519,3128887,3128887,0,0.0,False
MA_RS13100,MA_2520,3131325,3131325,0,0.0,False
MA_RS13105,MA_2521,3131961,3131955,6,2.0,False
MA_RS13120,MA_2523,3133591,3133573,18,6.0,False
MA_RS13125,MA_2524,3135636,3135618,18,6.0,False
MA_RS13130,MA_2525,3136231,3136231,0,0.0,False
MA_RS13135,MA_2526,3140780,3140798,18,6.0,False
MA_RS13145,MA_2527,3142648,3142648,0,0.0,False
MA_RS13150,MA_2528,3144546,3144510,-36,-12.0,False
MA_RS13155,MA_2529,3145373,3145301,72,24.0,False
MA_RS13160,MA_2530,3146656,3146650,6,2.0,False
MA_RS13165,MA_2531,3147694,3147694,0,0.0,False
MA_RS13170,MA_2532,3149150,3149150,0,0.0,False
MA_RS13175,MA_2533,3149406,3149406,0,0.0,False
MA_RS13180,MA_2534,3150613,3150580,33,11.0,False
MA_RS13185,MA_2535,3152694,3152694,0,0.0,False
MA_RS13190,MA_2536,3154293,3154293,0,0.0,False
MA_RS13195,MA_2537,3154803,3154791,12,4.0,False
MA_RS13200,MA_2538,3155501,3155501,0,0.0,False
MA_RS13210,MA_2540,3158011,3158011,0,0.0,False
MA_RS13215,MA_2541,3160756,3160801,45,15.0,False
MA_RS13220,MA_2542,3161658,3161658,0,0.0,False
MA_RS13225,MA_2543,3163042,3163000,-42,-14.0,False
MA_RS13230,MA_2544,3164339,3164255,84,28.0,False
MA_RS13235,MA_2545,3164908,3164887,21,7.0,False
MA_RS13240,MA_2546,3166042,3166042,0,0.0,False
MA_RS13245,MA_2547,3167629,3167629,0,0.0,False
MA_RS13250,MA_2548,3169729,3169729,0,0.0,False
MA_RS13255,MA_2549,3170677,3170677,0,0.0,False
MA_RS13260,MA_2550,3172146,3172146,0,0.0,False
MA_RS13265,MA_2551,3173481,3173481,0,0.0,False
MA_RS13270,MA_2552,3174427,3174427,0,0.0,False
MA_RS13275,MA_2553,3177712,3177757,45,15.0,False
MA_RS13280,MA_2554,3178609,3178609,0,0.0,False
MA_RS13285,MA_2555,3181599,3181698,99,33.0,False
MA_RS13290,MA_2556,3182776,3182776,0,0.0,False
MA_RS13295,MA_2557,3183435,3183435,0,0.0,False
MA_RS13300,MA_2558,3183991,3183991,0,0.0,False
MA_RS13305,MA_2559,3184145,3184145,0,0.0,False
MA_RS13310,MA_2560,3185315,3185327,12,4.0,False
MA_RS13315,MA_2561,3186693,3186693,0,0.0,False
MA_RS13325,MA_2563,3188380,3188380,0,0.0,False
MA_RS13340,MA_2565,3189454,3189454,0,0.0,False
MA_RS13350,MA_2567,3191623,3191623,0,0.0,False
MA_RS13355,MA_2568,3193488,3193488,0,0.0,False
MA_RS13365,MA_2569,3195701,3195668,33,11.0,False
MA_RS13370,MA_2570,3196686,3196686,0,0.0,False
MA_RS13375,MA_2571,3199210,3199210,0,0.0,False
MA_RS13380,MA_2572,3200285,3200276,-9,-3.0,False
MA_RS13385,MA_2573,3200802,3200859,57,19.0,False
MA_RS13390,MA_2574,3202316,3202364,48,16.0,False
MA_RS13395,MA_2575,3202579,3202579,0,0.0,False
MA_RS13400,MA_2576,3203801,3203801,0,0.0,False
MA_RS13410,MA_2577,3206153,3206153,0,0.0,False
MA_RS13420,MA_2579,3207750,3207750,0,0.0,False
MA_RS13430,MA_2581,3210990,3210957,33,11.0,False
MA_RS13435,MA_2582,3211331,3211331,0,0.0,False
MA_RS13440,MA_2583,3213177,3213177,0,0.0,False
MA_RS13445,MA_2584,3216232,3216559,327,109.0,False
MA_RS13455,MA_2585,3217253,3217253,0,0.0,False
MA_RS13460,MA_2586,3219280,3219289,9,3.0,False
MA_RS13470,MA_2587,3219836,3219836,0,0.0,False
MA_RS13475,MA_2588,3220204,3220102,-102,-34.0,False
MA_RS13480,MA_2589,3222234,3222315,81,27.0,False
MA_RS13485,MA_2590,3222551,3222551,0,0.0,False
MA_RS13490,MA_2591,3223391,3223391,0,0.0,False
MA_RS13495,MA_2592,3223804,3223804,0,0.0,False
MA_RS13500,MA_2593,3224470,3224479,9,3.0,False
MA_RS13505,MA_2594,3224958,3225060,102,34.0,False
MA_RS13520,MA_2597,3226127,3226127,0,0.0,False
MA_RS13530,MA_2599,3227526,3227526,0,0.0,False
MA_RS13535,MA_2600,3228956,3228956,0,0.0,False
MA_RS13540,MA_2601,3229629,3229629,0,0.0,False
MA_RS13550,MA_2602,3234708,3234723,15,5.0,False
MA_RS13555,MA_2603,3235744,3235744,0,0.0,False
MA_RS13560,MA_2604,3237081,3237261,180,60.0,False
MA_RS13565,MA_2605,3238069,3238069,0,0.0,False
MA_RS13570,MA_2606,3238551,3238551,0,0.0,False
MA_RS13580,MA_2607,3239365,3239425,60,20.0,False
MA_RS13595,MA_2609,3240730,3240730,0,0.0,False
MA_RS13600,MA_2610,3241740,3241869,129,43.0,False
MA_RS13615,MA_2613,3244418,3244418,0,0.0,False
MA_RS13625,MA_2615,3245589,3245589,0,0.0,False
MA_RS13630,MA_2616,3246272,3246272,0,0.0,False
MA_RS13635,MA_2617,3246719,3246719,0,0.0,False
MA_RS13640,MA_2618,3247261,3247261,0,0.0,False
MA_RS13645,MA_2619,3248459,3248417,-42,-14.0,False
MA_RS13650,MA_2620,3248967,3248967,0,0.0,False
MA_RS13655,MA_2621,3249431,3249431,0,0.0,False
MA_RS13660,MA_2622,3250240,3250231,9,3.0,False
MA_RS13675,MA_2626,3253766,3253766,0,0.0,False
MA_RS13685,MA_2627,3255085,3255064,21,7.0,False
MA_RS13690,MA_2628,3257859,3257859,0,0.0,False
MA_RS13695,MA_2629,3259009,3259009,0,0.0,False
MA_RS13700,MA_2630,3259574,3259520,54,18.0,False
MA_RS13705,MA_2631,3261009,3261009,0,0.0,False
MA_RS13710,MA_2632,3261612,3261612,0,0.0,False
MA_RS13715,MA_2633,3262680,3262680,0,0.0,False
MA_RS13720,MA_2634,3265059,3265059,0,0.0,False
MA_RS13725,MA_2635,3265921,3265831,90,30.0,False
MA_RS13730,MA_2636,3267202,3267238,-36,-12.0,False
MA_RS13740,MA_2639,3269154,3269097,57,19.0,False
MA_RS13745,MA_2640,3270322,3270346,-24,-8.0,False
MA_RS13750,MA_2641,3271158,3271080,78,26.0,False
MA_RS13755,MA_2642,3271551,3271551,0,0.0,False
MA_RS13765,MA_2644,3273086,3273086,0,0.0,False
MA_RS13770,MA_2645,3273812,3273812,0,0.0,False
MA_RS13775,MA_2646,3276371,3276344,27,9.0,False
MA_RS13780,MA_2647,3277504,3277504,0,0.0,False
MA_RS13785,MA_2648,3278967,3278850,117,39.0,False
MA_RS13795,MA_2649,3280969,3281065,-96,-32.0,False
MA_RS13800,MA_2650,3282099,3282099,0,0.0,False
MA_RS13805,MA_2651,3284586,3284586,0,0.0,False
MA_RS13810,MA_2652,3285263,3285263,0,0.0,False
MA_RS13815,MA_2653,3287537,3287537,0,0.0,False
MA_RS13820,MA_2654,3288196,3288196,0,0.0,False
MA_RS13825,MA_2655,3288703,3288703,0,0.0,False
MA_RS13840,MA_2657,3291311,3291281,30,10.0,False
MA_RS13850,MA_2658,3292834,3292834,0,0.0,False
MA_RS13875,MA_2660,3295068,3295068,0,0.0,False
MA_RS13885,MA_2663,3296857,3296857,0,0.0,False
MA_RS13890,MA_2664,3298709,3298709,0,0.0,False
MA_RS13895,MA_2665,3299817,3299700,117,39.0,False
MA_RS13900,MA_2666,3302166,3302181,15,5.0,False
MA_RS13905,MA_2667,3302508,3302508,0,0.0,False
MA_RS13920,MA_2669,3307313,3307313,0,0.0,False
MA_RS13925,MA_2670,3310299,3310302,3,1.0,False
MA_RS13930,MA_2671,3311443,3311443,0,0.0,False
MA_RS13940,MA_2672,3314040,3314040,0,0.0,False
MA_RS13950,MA_2676,3319841,3319832,9,3.0,False
MA_RS13955,MA_2677,3321569,3321509,60,20.0,False
MA_RS13960,MA_2678,3324312,3324312,0,0.0,False
MA_RS13970,MA_2680,3327734,3327743,9,3.0,False
MA_RS13975,MA_2681,3328021,3328021,0,0.0,False
MA_RS13985,MA_2682,3330561,3330561,0,0.0,False
MA_RS14015,MA_2685,3336298,3336298,0,0.0,False
MA_RS14020,MA_2686,3337140,3337149,9,3.0,False
MA_RS14025,MA_2687,3338295,3338313,18,6.0,False
MA_RS14030,MA_4679,3338811,3338811,0,0.0,False
MA_RS14035,MA_2688,3339710,3339686,-24,-8.0,False
MA_RS14040,MA_4680,3340528,3340543,15,5.0,False
MA_RS14045,MA_4681,3341564,3341564,0,0.0,False
MA_RS14050,MA_2689,3342554,3342539,-15,-5.0,False
MA_RS14060,MA_2690,3343690,3343798,-108,-36.0,False
MA_RS14070,MA_2691,3346085,3346085,0,0.0,False
MA_RS14080,MA_4661,3347262,3347262,0,0.0,False
MA_RS14085,MA_4675,3350159,3350159,0,0.0,False
MA_RS14095,MA_2694,3352959,3352959,0,0.0,False
MA_RS14100,MA_2695,3354743,3354743,0,0.0,False
MA_RS14105,MA_2696,3358035,3358035,0,0.0,False
MA_RS14120,MA_2698,3360585,3360585,0,0.0,False
MA_RS14125,MA_2699,3360963,3360963,0,0.0,False
MA_RS14130,MA_2700,3362865,3362880,15,5.0,False
MA_RS14135,MA_2701,3364803,3364803,0,0.0,False
MA_RS14155,MA_2704,3366336,3366336,0,0.0,False
MA_RS14160,MA_2705,3367786,3367969,183,61.0,False
MA_RS14165,MA_2706,3368327,3368327,0,0.0,False
MA_RS14170,MA_2707,3371101,3371101,0,0.0,False
MA_RS14175,MA_2708,3372097,3372097,0,0.0,False
MA_RS14180,MA_2710,3373557,3373797,-240,-80.0,False
MA_RS14185,MA_2711,3374275,3374275,0,0.0,False
MA_RS14190,MA_2712,3377378,3377378,0,0.0,False
MA_RS14195,MA_2713,3379038,3379029,9,3.0,False
MA_RS14205,MA_2714,3384343,3384343,0,0.0,False
MA_RS14210,MA_2715,3385675,3385675,0,0.0,False
MA_RS14215,MA_2716,3386885,3386903,18,6.0,False
MA_RS14220,MA_2717,3387480,3387480,0,0.0,False
MA_RS14225,MA_2718,3388827,3388827,0,0.0,False
MA_RS14230,MA_2719,3389051,3389048,3,1.0,False
MA_RS14235,MA_2720,3390237,3390237,0,0.0,False
MA_RS14245,MA_2722,3393662,3393662,0,0.0,False
MA_RS14250,MA_2723,3394718,3394718,0,0.0,False
MA_RS14255,MA_2724,3396469,3396415,-54,-18.0,False
MA_RS14260,MA_2725,3398099,3398099,0,0.0,False
MA_RS14265,MA_2726,3399666,3399666,0,0.0,False
MA_RS14270,MA_2727,3400145,3400145,0,0.0,False
MA_RS14275,MA_2728,3401521,3401521,0,0.0,False
MA_RS14280,MA_2729,3405268,3405268,0,0.0,False
MA_RS14285,MA_2730,3406389,3406401,12,4.0,False
MA_RS14290,MA_2731,3407877,3407886,9,3.0,False
MA_RS14295,MA_2732,3409625,3409682,57,19.0,False
MA_RS14310,MA_2735,3412858,3412858,0,0.0,False
MA_RS14330,MA_2737,3415360,3415360,0,0.0,False
MA_RS14345,MA_2738,3417855,3417855,0,0.0,False
MA_RS14350,MA_2739,3419096,3419096,0,0.0,False
MA_RS14360,MA_2740,3421132,3421132,0,0.0,False
MA_RS14365,MA_2741,3423097,3423031,66,22.0,False
MA_RS14370,MA_2742,3424172,3424181,9,3.0,False
MA_RS14375,MA_2743,3424950,3424950,0,0.0,False
MA_RS14380,MA_2745,3426654,3426654,0,0.0,False
MA_RS14385,MA_2746,3427573,3427582,9,3.0,False
MA_RS14400,MA_2749,3430549,3430549,0,0.0,False
MA_RS14410,MA_2751,3432431,3432431,0,0.0,False
MA_RS14415,MA_2752,3434825,3434825,0,0.0,False
MA_RS14420,MA_2753,3435461,3435461,0,0.0,False
MA_RS14425,MA_2754,3436050,3436050,0,0.0,False
MA_RS14435,MA_2756,3438545,3438617,72,24.0,False
MA_RS14455,MA_2759,3442320,3442332,12,4.0,False
MA_RS14465,MA_2761,3444632,3444632,0,0.0,False
MA_RS14470,MA_2762,3445011,3445011,0,0.0,False
MA_RS14475,MA_2763,3447600,3447600,0,0.0,False
MA_RS14480,MA_2764,3448368,3448413,45,15.0,False
MA_RS14490,MA_2766,3450842,3450842,0,0.0,False
MA_RS14500,MA_2768,3451910,3451979,69,23.0,False
MA_RS14515,MA_2771,3456342,3456453,111,37.0,False
MA_RS14520,MA_2772,3457371,3457344,27,9.0,False
MA_RS14525,MA_2773,3458513,3458504,9,3.0,False
MA_RS14535,MA_2776,3460651,3460651,0,0.0,False
MA_RS14540,MA_2777,3462924,3462939,15,5.0,False
MA_RS14550,MA_2779,3464456,3464474,18,6.0,False
MA_RS14555,MA_2780,3465240,3465240,0,0.0,False
MA_RS14560,MA_2781,3466425,3466425,0,0.0,False
MA_RS14565,MA_2782,3467135,3467171,36,12.0,False
MA_RS14570,MA_2783,3468465,3468525,60,20.0,False
MA_RS14590,MA_2787,3474258,3474258,0,0.0,False
MA_RS14595,MA_2788,3474738,3474738,0,0.0,False
MA_RS14605,MA_2790,3476230,3476230,0,0.0,False
MA_RS14610,MA_2791,3476474,3476450,24,8.0,False
MA_RS14615,MA_2792,3478264,3478264,0,0.0,False
MA_RS14645,MA_2797,3491521,3491521,0,0.0,False
MA_RS14675,MA_2801,3496308,3496308,0,0.0,False
MA_RS14680,MA_2802,3496596,3496596,0,0.0,False
MA_RS14685,MA_2803,3497049,3497016,33,11.0,False
MA_RS14690,MA_2804,3497414,3497414,0,0.0,False
MA_RS14695,MA_2805,3498689,3498689,0,0.0,False
MA_RS14700,MA_2806,3500187,3500187,0,0.0,False
MA_RS14705,MA_2807,3501180,3501180,0,0.0,False
MA_RS14715,MA_2808,3503976,3503976,0,0.0,False
MA_RS14720,MA_2809,3505892,3505892,0,0.0,False
MA_RS14725,MA_2810,3506272,3506272,0,0.0,False
MA_RS14735,MA_2811,3508644,3508611,33,11.0,False
MA_RS14750,MA_2813,3511671,3511671,0,0.0,False
MA_RS14755,MA_2814,3512424,3512424,0,0.0,False
MA_RS14760,MA_2815,3513041,3513041,0,0.0,False
MA_RS14765,MA_2816,3514901,3514793,108,36.0,False
MA_RS14770,MA_2817,3515603,3515603,0,0.0,False
MA_RS14775,MA_2818,3517907,3517907,0,0.0,False
MA_RS14780,MA_2819,3518846,3518846,0,0.0,False
MA_RS14790,MA_2821,3521315,3521315,0,0.0,False
MA_RS14805,MA_2824,3523869,3523851,18,6.0,False
MA_RS14810,MA_2825,3525136,3525136,0,0.0,False
MA_RS14815,MA_2826,3528986,3528986,0,0.0,False
MA_RS14820,MA_2827,3529600,3529720,-120,-40.0,False
MA_RS14830,MA_2828,3531754,3531754,0,0.0,False
MA_RS14850,MA_2831,3534795,3534795,0,0.0,False
MA_RS14860,MA_2833,3536222,3536195,27,9.0,False
MA_RS14865,MA_2834,3538685,3538709,-24,-8.0,False
MA_RS14870,MA_2835,3540642,3540663,21,7.0,False
MA_RS14875,MA_2836,3540720,3540642,78,26.0,False
MA_RS14880,MA_2837,3541736,3541736,0,0.0,False
MA_RS14885,MA_2838,3543351,3543342,9,3.0,False
MA_RS14890,MA_2839,3544679,3544679,0,0.0,False
MA_RS14895,MA_2840,3545900,3545963,-63,-21.0,False
MA_RS14900,MA_2841,3547512,3547512,0,0.0,False
MA_RS14905,MA_2842,3548559,3548505,54,18.0,False
MA_RS14910,MA_2843,3549600,3549591,9,3.0,False
MA_RS14915,MA_2844,3550490,3550478,12,4.0,False
MA_RS14920,MA_2845,3552370,3552370,0,0.0,False
MA_RS14935,MA_2846,3558338,3558341,3,1.0,False
MA_RS14940,MA_2847,3558563,3558563,0,0.0,False
MA_RS14950,MA_2849,3561563,3561587,24,8.0,False
MA_RS14955,MA_2850,3563642,3563642,0,0.0,False
MA_RS14970,MA_2851,3564931,3564931,0,0.0,False
MA_RS14975,MA_2852,3565220,3565220,0,0.0,False
MA_RS14985,MA_2854,3567005,3567005,0,0.0,False
MA_RS14990,MA_2855,3567597,3567597,0,0.0,False
MA_RS15000,MA_2856,3569227,3569197,30,10.0,False
MA_RS15010,MA_2859,3574042,3574042,0,0.0,False
MA_RS15015,MA_2860,3575522,3575555,33,11.0,False
MA_RS15020,MA_2861,3576158,3576158,0,0.0,False
MA_RS15025,MA_2862,3578590,3578590,0,0.0,False
MA_RS15030,MA_2863,3579321,3579321,0,0.0,False
MA_RS15045,MA_2866,3581153,3581153,0,0.0,False
MA_RS15050,MA_2867,3583286,3583286,0,0.0,False
MA_RS15055,MA_2868,3585664,3585664,0,0.0,False
MA_RS15060,MA_2869,3586076,3586076,0,0.0,False
MA_RS15065,MA_2870,3586801,3586801,0,0.0,False
MA_RS15075,MA_2873,3587960,3587927,33,11.0,False
MA_RS15080,MA_2874,3588541,3588541,0,0.0,False
MA_RS15085,MA_2875,3589189,3589189,0,0.0,False
MA_RS15095,MA_2877,3590331,3590331,0,0.0,False
MA_RS15100,MA_2878,3590806,3590788,18,6.0,False
MA_RS15105,MA_2879,3592050,3592083,-33,-11.0,False
MA_RS15110,MA_2880,3592625,3592520,105,35.0,False
MA_RS15115,MA_2881,3593159,3593159,0,0.0,False
MA_RS15120,MA_2882,3594276,3594267,9,3.0,False
MA_RS15125,MA_2883,3595587,3595587,0,0.0,False
MA_RS15130,MA_2884,3596374,3596134,-240,-80.0,False
MA_RS15135,MA_2885,3598811,3598871,60,20.0,False
MA_RS15140,MA_2886,3601895,3601895,0,0.0,False
MA_RS15150,MA_2888,3604380,3604380,0,0.0,False
MA_RS15155,MA_2889,3606083,3606083,0,0.0,False
MA_RS15160,MA_2890,3609073,3609073,0,0.0,False
MA_RS15165,MA_2891,3609519,3609501,18,6.0,False
MA_RS15175,MA_2893,3613050,3613050,0,0.0,False
MA_RS15180,MA_2894,3613380,3613380,0,0.0,False
MA_RS15185,MA_2895,3616266,3616266,0,0.0,False
MA_RS15190,MA_2896,3617629,3617629,0,0.0,False
MA_RS15195,MA_2897,3619916,3619916,0,0.0,False
MA_RS15200,MA_2899,3622785,3622785,0,0.0,False
MA_RS15205,MA_2900,3623874,3623874,0,0.0,False
MA_RS15210,MA_2901,3625485,3625488,3,1.0,False
MA_RS15220,MA_2903,3626393,3626459,-66,-22.0,False
MA_RS15225,MA_2904,3627384,3627363,21,7.0,False
MA_RS15235,MA_2906,3630418,3630514,96,32.0,False
MA_RS15240,MA_2907,3631727,3631727,0,0.0,False
MA_RS15245,MA_2908,3633504,3633543,39,13.0,False
MA_RS15250,MA_2909,3637083,3637089,6,2.0,False
MA_RS15255,MA_2910,3638141,3638141,0,0.0,False
MA_RS15260,MA_2911,3638412,3638412,0,0.0,False
MA_RS15265,MA_2912,3640451,3640460,9,3.0,False
MA_RS15270,MA_2914,3641357,3641357,0,0.0,False
MA_RS15275,MA_2916,3642248,3642248,0,0.0,False
MA_RS15280,MA_2917,3644899,3644899,0,0.0,False
MA_RS15285,MA_2918,3645351,3645351,0,0.0,False
MA_RS15290,MA_2919,3646186,3646057,129,43.0,False
MA_RS15295,MA_2920,3646896,3646887,9,3.0,False
MA_RS15300,MA_2921,3647181,3647181,0,0.0,False
MA_RS15305,MA_2922,3648808,3648808,0,0.0,False
MA_RS15310,MA_2923,3649117,3649117,0,0.0,False
MA_RS15315,MA_2925,3650330,3650312,18,6.0,False
MA_RS15325,MA_2927,3655319,3655292,27,9.0,False
MA_RS15330,MA_2928,3657363,3657363,0,0.0,False
MA_RS15335,MA_2929,3658106,3658106,0,0.0,False
MA_RS15340,MA_2930,3658919,3658919,0,0.0,False
MA_RS15345,MA_2931,3658991,3658991,0,0.0,False
MA_RS15355,MA_2933,3661887,3661887,0,0.0,False
MA_RS15365,MA_2934,3663530,3663530,0,0.0,False
MA_RS15370,MA_2935,3664555,3664555,0,0.0,False
MA_RS15375,MA_2936,3665308,3665308,0,0.0,False
MA_RS15390,MA_2939,3668531,3668531,0,0.0,False
MA_RS15395,MA_2940,3671405,3671405,0,0.0,False
MA_RS15400,MA_2941,3671681,3671633,48,16.0,False
MA_RS15405,MA_2942,3673995,3674007,12,4.0,False
MA_RS15430,MA_2944,3678216,3678216,0,0.0,False
MA_RS15435,MA_2945,3678529,3678529,0,0.0,False
MA_RS15455,MA_2948,3681730,3681730,0,0.0,False
MA_RS15460,MA_2949,3682508,3682508,0,0.0,False
MA_RS15465,MA_2950,3683199,3683199,0,0.0,False
MA_RS15470,MA_2951,3684313,3684331,18,6.0,False
MA_RS15475,MA_2952,3684520,3684547,-27,-9.0,False
MA_RS15480,MA_2953,3685529,3685529,0,0.0,False
MA_RS15500,MA_2957,3690225,3690225,0,0.0,False
MA_RS15505,MA_2958,3691043,3691058,15,5.0,False
MA_RS15510,MA_2959,3691521,3691455,66,22.0,False
MA_RS15520,MA_2961,3694952,3695054,-102,-34.0,False
MA_RS15525,MA_2962,3698470,3698470,0,0.0,False
MA_RS15530,MA_2963,3698985,3698985,0,0.0,False
MA_RS15535,MA_2964,3699642,3699642,0,0.0,False
MA_RS15540,MA_2965,3701555,3701555,0,0.0,False
MA_RS15545,MA_2966,3703060,3703060,0,0.0,False
MA_RS15550,MA_2967,3703823,3704009,186,62.0,False
MA_RS15555,MA_2968,3704201,3704201,0,0.0,False
MA_RS15560,MA_2969,3705929,3705917,12,4.0,False
MA_RS15570,MA_2971,3707001,3707001,0,0.0,False
MA_RS15585,MA_2973,3709434,3709377,-57,-19.0,False
MA_RS15595,MA_2975,3710459,3710459,0,0.0,False
MA_RS15600,MA_2976,3711459,3711459,0,0.0,False
MA_RS15605,MA_2977,3712716,3712716,0,0.0,False
MA_RS15615,MA_2978,3713230,3713230,0,0.0,False
MA_RS15625,MA_2979,3715401,3715458,57,19.0,False
MA_RS15630,MA_2980,3716204,3716204,0,0.0,False
MA_RS15635,MA_2981,3716630,3716630,0,0.0,False
MA_RS15640,MA_2982,3717680,3717611,69,23.0,False
MA_RS15645,MA_2983,3718775,3718775,0,0.0,False
MA_RS15650,MA_2984,3720050,3720050,0,0.0,False
MA_RS15655,MA_2985,3721618,3721618,0,0.0,False
MA_RS15660,MA_2986,3723019,3723019,0,0.0,False
MA_RS15665,MA_2987,3724905,3724905,0,0.0,False
MA_RS15670,MA_2988,3725608,3725677,69,23.0,False
MA_RS15675,MA_2989,3726717,3726717,0,0.0,False
MA_RS15680,MA_2990,3727561,3727561,0,0.0,False
MA_RS15685,MA_2991,3728774,3728774,0,0.0,False
MA_RS15690,MA_2992,3729786,3729786,0,0.0,False
MA_RS15695,MA_2993,3730495,3730471,-24,-8.0,False
MA_RS15700,MA_2994,3731645,3731645,0,0.0,False
MA_RS15705,MA_2995,3732389,3732407,18,6.0,False
MA_RS15710,MA_2997,3733156,3733156,0,0.0,False
MA_RS15715,MA_2999,3733870,3733870,0,0.0,False
MA_RS15720,MA_3000,3734404,3734404,0,0.0,False
MA_RS15730,MA_3003,3737662,3737662,0,0.0,False
MA_RS15745,MA_3006,3739179,3739146,33,11.0,False
MA_RS15750,MA_3007,3740041,3740035,6,2.0,False
MA_RS15755,MA_3008,3741869,3741896,27,9.0,False
MA_RS15760,MA_3009,3742949,3742949,0,0.0,False
MA_RS15765,MA_3010,3743680,3743680,0,0.0,False
MA_RS15770,MA_3012,3744268,3744268,0,0.0,False
MA_RS15775,MA_3013,3745410,3745410,0,0.0,False
MA_RS15780,MA_3014,3746512,3746512,0,0.0,False
MA_RS15785,MA_3015,3747033,3747030,3,1.0,False
MA_RS15790,MA_3016,3748055,3748055,0,0.0,False
MA_RS15795,MA_3017,3748969,3748969,0,0.0,False
MA_RS15800,MA_3018,3749938,3749938,0,0.0,False
MA_RS15805,MA_3019,3751192,3751192,0,0.0,False
MA_RS15810,MA_3020,3753439,3753439,0,0.0,False
MA_RS15815,MA_3021,3753783,3753771,12,4.0,False
MA_RS15820,MA_3022,3754941,3754941,0,0.0,False
MA_RS15825,MA_3023,3756181,3756181,0,0.0,False
MA_RS15830,MA_3024,3758146,3758137,9,3.0,False
MA_RS15835,MA_3025,3759447,3759447,0,0.0,False
MA_RS15840,MA_3026,3761287,3761335,48,16.0,False
MA_RS15845,MA_3027,3761359,3761359,0,0.0,False
MA_RS15855,MA_3028,3762118,3762118,0,0.0,False
MA_RS15865,MA_3029,3763307,3763307,0,0.0,False
MA_RS15870,MA_3030,3765072,3765045,27,9.0,False
MA_RS15875,MA_3031,3766505,3766505,0,0.0,False
MA_RS15880,MA_3032,3768528,3768528,0,0.0,False
MA_RS15885,MA_3033,3768982,3768982,0,0.0,False
MA_RS15890,MA_3034,3769770,3769770,0,0.0,False
MA_RS15895,MA_3035,3772409,3772409,0,0.0,False
MA_RS15905,MA_3038,3774883,3774883,0,0.0,False
MA_RS15910,MA_3039,3776348,3776348,0,0.0,False
MA_RS15915,MA_3040,3778117,3778117,0,0.0,False
MA_RS15920,MA_3042,3778714,3778714,0,0.0,False
MA_RS15925,MA_3043,3779792,3779792,0,0.0,False
MA_RS15930,MA_3044,3781627,3781627,0,0.0,False
MA_RS15935,MA_3045,3782415,3782415,0,0.0,False
MA_RS15940,MA_3046,3782562,3782577,-15,-5.0,False
MA_RS15945,MA_3047,3783508,3783433,75,25.0,False
MA_RS15950,MA_3048,3784610,3784610,0,0.0,False
MA_RS15955,MA_3049,3786207,3786153,54,18.0,False
MA_RS15960,MA_3050,3787150,3787093,57,19.0,False
MA_RS15965,MA_3051,3788302,3788302,0,0.0,False
MA_RS15970,MA_3052,3789539,3789539,0,0.0,False
MA_RS15975,MA_3054,3794449,3794449,0,0.0,False
MA_RS15980,MA_3055,3796068,3796077,9,3.0,False
MA_RS15985,MA_3056,3797933,3797933,0,0.0,False
MA_RS15990,MA_3057,3798683,3798683,0,0.0,False
MA_RS15995,MA_3058,3799158,3799197,39,13.0,False
MA_RS16000,MA_3059,3799636,3799636,0,0.0,False
MA_RS16005,MA_3060,3800392,3800431,39,13.0,False
MA_RS16010,MA_3061,3801038,3801038,0,0.0,False
MA_RS16015,MA_3062,3801697,3801697,0,0.0,False
MA_RS16020,MA_3063,3803910,3803910,0,0.0,False
MA_RS16025,MA_3064,3804563,3804563,0,0.0,False
MA_RS16030,MA_3065,3805162,3805171,9,3.0,False
MA_RS16035,MA_3066,3807803,3807803,0,0.0,False
MA_RS16040,MA_3067,3808845,3808842,-3,-1.0,False
MA_RS16045,MA_3068,3809224,3809224,0,0.0,False
MA_RS16050,MA_3069,3810043,3810043,0,0.0,False
MA_RS16055,MA_3070,3810519,3810588,69,23.0,False
MA_RS16060,MA_3071,3812605,3812611,6,2.0,False
MA_RS16065,MA_3072,3813420,3813399,21,7.0,False
MA_RS16070,MA_3073,3814373,3814337,36,12.0,False
MA_RS16075,MA_3074,3816370,3816412,42,14.0,False
MA_RS16080,MA_3075,3816808,3816808,0,0.0,False
MA_RS16085,MA_3076,3818564,3818564,0,0.0,False
MA_RS16090,MA_3077,3819862,3819862,0,0.0,False
MA_RS16095,MA_3078,3820531,3820531,0,0.0,False
MA_RS16100,MA_3079,3821549,3821549,0,0.0,False
MA_RS16105,MA_3080,3822043,3822043,0,0.0,False
MA_RS16110,MA_3081,3822684,3822726,-42,-14.0,False
MA_RS16115,MA_3082,3823526,3823526,0,0.0,False
MA_RS16120,MA_3083,3825358,3825358,0,0.0,False
MA_RS16125,MA_3084,3827038,3826999,39,13.0,False
MA_RS16135,MA_3085,3829729,3829729,0,0.0,False
MA_RS16140,MA_3086,3830873,3831038,165,55.0,False
MA_RS16145,MA_3087,3833994,3834120,126,42.0,False
MA_RS16155,MA_3088,3835344,3835344,0,0.0,False
MA_RS16160,MA_3089,3836260,3836335,-75,-25.0,False
MA_RS16165,MA_3090,3836890,3836878,12,4.0,False
MA_RS16170,MA_3091,3837172,3837172,0,0.0,False
MA_RS16180,MA_3092,3839790,3839790,0,0.0,False
MA_RS16185,MA_3093,3841261,3841261,0,0.0,False
MA_RS16190,MA_3094,3842337,3842262,75,25.0,False
MA_RS16195,MA_3095,3843314,3843314,0,0.0,False
MA_RS16200,MA_3096,3844209,3844209,0,0.0,False
MA_RS16205,MA_3097,3846068,3846068,0,0.0,False
MA_RS16210,MA_3098,3847216,3847216,0,0.0,False
MA_RS16215,MA_3099,3849467,3849467,0,0.0,False
MA_RS16220,MA_3100,3849589,3849589,0,0.0,False
MA_RS16230,MA_3102,3855581,3855581,0,0.0,False
MA_RS16240,MA_3103,3858101,3858101,0,0.0,False
MA_RS16245,MA_3104,3859133,3859133,0,0.0,False
MA_RS16250,MA_3105,3861507,3861459,48,16.0,False
MA_RS16255,MA_3107,3862275,3862275,0,0.0,False
MA_RS16260,MA_3108,3864863,3864863,0,0.0,False
MA_RS16265,MA_3109,3866804,3866846,42,14.0,False
MA_RS16270,MA_3110,3867709,3867709,0,0.0,False
MA_RS16275,MA_3111,3868289,3868304,15,5.0,False
MA_RS16285,MA_3113,3868573,3868573,0,0.0,False
MA_RS16290,MA_3114,3869608,3869608,0,0.0,False
MA_RS16295,MA_3115,3869747,3869747,0,0.0,False
MA_RS16300,MA_3117,3871970,3871961,9,3.0,False
MA_RS16305,MA_3118,3872796,3872784,12,4.0,False
MA_RS16310,MA_3119,3874134,3874125,9,3.0,False
MA_RS16315,MA_3120,3874988,3874976,12,4.0,False
MA_RS16320,MA_3121,3877165,3877165,0,0.0,False
MA_RS16325,MA_3122,3878876,3878798,78,26.0,False
MA_RS16330,MA_3123,3881060,3881060,0,0.0,False
MA_RS16335,MA_3124,3882301,3882301,0,0.0,False
MA_RS16340,MA_3125,3882609,3882483,126,42.0,False
MA_RS16345,MA_3126,3884115,3884115,0,0.0,False
MA_RS16350,MA_3127,3884812,3884812,0,0.0,False
MA_RS16355,MA_3128,3887226,3887214,-12,-4.0,False
MA_RS16360,MA_3129,3887818,3887818,0,0.0,False
MA_RS16370,MA_3130,3888942,3888942,0,0.0,False
MA_RS16390,MA_3132,3890533,3890533,0,0.0,False
MA_RS16400,MA_3134,3894682,3894616,66,22.0,False
MA_RS16405,MA_3135,3895584,3895563,21,7.0,False
MA_RS16410,MA_3136,3896427,3896427,0,0.0,False
MA_RS16415,MA_3137,3896913,3896913,0,0.0,False
MA_RS16420,MA_3138,3897603,3897603,0,0.0,False
MA_RS16425,MA_3139,3898288,3898273,15,5.0,False
MA_RS16430,MA_3140,3898826,3898826,0,0.0,False
MA_RS16435,MA_3142,3900706,3900706,0,0.0,False
MA_RS16440,MA_3143,3901865,3901865,0,0.0,False
MA_RS16450,MA_3145,3905562,3905562,0,0.0,False
MA_RS16455,MA_3146,3907436,3907436,0,0.0,False
MA_RS16460,MA_3147,3908321,3908321,0,0.0,False
MA_RS16465,MA_3148,3909474,3909474,0,0.0,False
MA_RS16470,MA_3149,3910651,3910717,66,22.0,False
MA_RS16475,MA_3150,3911914,3911959,45,15.0,False
MA_RS16480,MA_3151,3912959,3912959,0,0.0,False
MA_RS16485,MA_3152,3913460,3913460,0,0.0,False
MA_RS16490,MA_3153,3913960,3913960,0,0.0,False
MA_RS16495,MA_3154,3915507,3915507,0,0.0,False
MA_RS16500,MA_3155,3916423,3916423,0,0.0,False
MA_RS16505,MA_3156,3918156,3918168,12,4.0,False
MA_RS16510,MA_3157,3918503,3918506,3,1.0,False
MA_RS16515,MA_3158,3919417,3919417,0,0.0,False
MA_RS16520,MA_3160,3920456,3920456,0,0.0,False
MA_RS16525,MA_3161,3921059,3921068,9,3.0,False
MA_RS16530,MA_3162,3921638,3921647,9,3.0,False
MA_RS16535,MA_3163,3922019,3922019,0,0.0,False
MA_RS16545,MA_3165,3923121,3923190,69,23.0,False
MA_RS16550,MA_3166,3923398,3923350,48,16.0,False
MA_RS16555,MA_3167,3924477,3924501,24,8.0,False
MA_RS16560,MA_3168,3924701,3924701,0,0.0,False
MA_RS16565,MA_3169,3927356,3927356,0,0.0,False
MA_RS16570,MA_3170,3927809,3927809,0,0.0,False
MA_RS16575,MA_3171,3929439,3929439,0,0.0,False
MA_RS16580,MA_3172,3930265,3930265,0,0.0,False
MA_RS16585,MA_3173,3931687,3931687,0,0.0,False
MA_RS16590,MA_3174,3934621,3934636,15,5.0,False
MA_RS16595,MA_3175,3935436,3935373,63,21.0,False
MA_RS16605,MA_3177,3938326,3938341,15,5.0,False
MA_RS16610,MA_3178,3939340,3939340,0,0.0,False
MA_RS16615,MA_3179,3941719,3941719,0,0.0,False
MA_RS16620,MA_3181,3942319,3942280,39,13.0,False
MA_RS16625,MA_3182,3945109,3945142,33,11.0,False
MA_RS16630,MA_3184,3945944,3945944,0,0.0,False
MA_RS16635,MA_3185,3947487,3947487,0,0.0,False
MA_RS16640,MA_3186,3947730,3947808,78,26.0,False
MA_RS16655,MA_3189,3949954,3949999,-45,-15.0,False
MA_RS16665,MA_3191,3950872,3950872,0,0.0,False
MA_RS16680,MA_3192,3953868,3953868,0,0.0,False
MA_RS16685,MA_3193,3955803,3955821,18,6.0,False
MA_RS16690,MA_3195,3956385,3956385,0,0.0,False
MA_RS16700,MA_3197,3956923,3956923,0,0.0,False
MA_RS16705,MA_3198,3958639,3958609,30,10.0,False
MA_RS16710,MA_3199,3960766,3960766,0,0.0,False
MA_RS16715,MA_3200,3961798,3961798,0,0.0,False
MA_RS16720,MA_3201,3963200,3963200,0,0.0,False
MA_RS16725,MA_3203,3965996,3965996,0,0.0,False
MA_RS16730,MA_3204,3968002,3968002,0,0.0,False
MA_RS16740,MA_3206,3970461,3970491,30,10.0,False
MA_RS16745,MA_3207,3971573,3971573,0,0.0,False
MA_RS16750,MA_3208,3972228,3972228,0,0.0,False
MA_RS16760,MA_3210,3975188,3975188,0,0.0,False
MA_RS16765,MA_3211,3976013,3976013,0,0.0,False
MA_RS16770,MA_3212,3976913,3976928,15,5.0,False
MA_RS16775,MA_3214,3978321,3978321,0,0.0,False
MA_RS16785,MA_3216,3980257,3980257,0,0.0,False
MA_RS16790,MA_3217,3981398,3981398,0,0.0,False
MA_RS16800,MA_3219,3984304,3984304,0,0.0,False
MA_RS16820,MA_3223,3986876,3986876,0,0.0,False
MA_RS16825,MA_3224,3987381,3987381,0,0.0,False
MA_RS16835,MA_3225,3987956,3987956,0,0.0,False
MA_RS16840,MA_3226,3988317,3988317,0,0.0,False
MA_RS16845,MA_3227,3988783,3988783,0,0.0,False
MA_RS16850,MA_3228,3989650,3989650,0,0.0,False
MA_RS16860,MA_3230,3992915,3992915,0,0.0,False
MA_RS16865,MA_3231,3993372,3993588,-216,-72.0,False
MA_RS16870,MA_3232,3994761,3994761,0,0.0,False
MA_RS16875,MA_3233,3996183,3996183,0,0.0,False
MA_RS16880,MA_3234,3996728,3996713,15,5.0,False
MA_RS16885,MA_3235,3997690,3997690,0,0.0,False
MA_RS16890,MA_3236,3998154,3998154,0,0.0,False
MA_RS16895,MA_3237,3999217,3999235,18,6.0,False
MA_RS16900,MA_3238,3999683,3999644,39,13.0,False
MA_RS16905,MA_3239,4000535,4000535,0,0.0,False
MA_RS16915,MA_3241,4001716,4001716,0,0.0,False
MA_RS16920,MA_3242,4003316,4003316,0,0.0,False
MA_RS16925,MA_3243,4004626,4004626,0,0.0,False
MA_RS16930,MA_3245,4005310,4005310,0,0.0,False
MA_RS16935,MA_3246,4006576,4006597,21,7.0,False
MA_RS16940,MA_3247,4008895,4008904,9,3.0,False
MA_RS16945,MA_3248,4010162,4010189,27,9.0,False
MA_RS16950,MA_3249,4010657,4010657,0,0.0,False
MA_RS16955,MA_3250,4011141,4011141,0,0.0,False
MA_RS16965,MA_3252,4015529,4015529,0,0.0,False
MA_RS16970,MA_3253,4015756,4015756,0,0.0,False
MA_RS16975,MA_3254,4017610,4017616,6,2.0,False
MA_RS16985,MA_3256,4018502,4018502,0,0.0,False
MA_RS16990,MA_3257,4019743,4019743,0,0.0,False
MA_RS17000,MA_3258,4020908,4020908,0,0.0,False
MA_RS17005,MA_3259,4021451,4021247,204,68.0,False
MA_RS17010,MA_3260,4023711,4023711,0,0.0,False
MA_RS17015,MA_3261,4024641,4024641,0,0.0,False
MA_RS17020,MA_3262,4026325,4026325,0,0.0,False
MA_RS17025,MA_3263,4026824,4026824,0,0.0,False
MA_RS17030,MA_3264,4027135,4026982,153,51.0,False
MA_RS17035,MA_3265,4028484,4028484,0,0.0,False
MA_RS17045,MA_3267,4032537,4032522,15,5.0,False
MA_RS17050,MA_3268,4033545,4033545,0,0.0,False
MA_RS17060,MA_3269,4034862,4034862,0,0.0,False
MA_RS17065,MA_3270,4035322,4035244,78,26.0,False
MA_RS17070,MA_3271,4036752,4036743,9,3.0,False
MA_RS17090,MA_3275,4041486,4041528,42,14.0,False
MA_RS17095,MA_3276,4042056,4042077,21,7.0,False
MA_RS17100,MA_3277,4042338,4042338,0,0.0,False
MA_RS17105,MA_3278,4043472,4043472,0,0.0,False
MA_RS17110,MA_3279,4046149,4046149,0,0.0,False
MA_RS17115,MA_3280,4047488,4047488,0,0.0,False
MA_RS17120,MA_3281,4047685,4047685,0,0.0,False
MA_RS17125,MA_3282,4048445,4048433,12,4.0,False
MA_RS17130,MA_3283,4050333,4050333,0,0.0,False
MA_RS17135,MA_3284,4051470,4051470,0,0.0,False
MA_RS17140,MA_3285,4052174,4052174,0,0.0,False
MA_RS17145,MA_3286,4054283,4054283,0,0.0,False
MA_RS17150,MA_3287,4056218,4056227,9,3.0,False
MA_RS17155,MA_3288,4057560,4057575,15,5.0,False
MA_RS17160,MA_3289,4059695,4059695,0,0.0,False
MA_RS17165,MA_3290,4060152,4060152,0,0.0,False
MA_RS17170,MA_3291,4061377,4061377,0,0.0,False
MA_RS17175,MA_3292,4061901,4061616,285,95.0,False
MA_RS17185,MA_3294,4065071,4065071,0,0.0,False
MA_RS17190,MA_3295,4067837,4067852,15,5.0,False
MA_RS17195,MA_3296,4068167,4068167,0,0.0,False
MA_RS17200,MA_3297,4068958,4068949,9,3.0,False
MA_RS17205,MA_3298,4070349,4070349,0,0.0,False
MA_RS17210,MA_3299,4073568,4073568,0,0.0,False
MA_RS17245,MA_3300,4075459,4075459,0,0.0,False
MA_RS17255,MA_3302,4076683,4076704,21,7.0,False
MA_RS17260,MA_3304,4078715,4078715,0,0.0,False
MA_RS17265,MA_3305,4079759,4079810,51,17.0,False
MA_RS17270,MA_3306,4080074,4080074,0,0.0,False
MA_RS17275,MA_3307,4080715,4080715,0,0.0,False
MA_RS17280,MA_3308,4082139,4082139,0,0.0,False
MA_RS17285,MA_3309,4082468,4082462,6,2.0,False
MA_RS17290,MA_3310,4083894,4083894,0,0.0,False
MA_RS17310,MA_3313,4085987,4085930,57,19.0,False
MA_RS17320,MA_3315,4089772,4089913,-141,-47.0,False
MA_RS17325,MA_3317,4090840,4090840,0,0.0,False
MA_RS17335,MA_3320,4092873,4092873,0,0.0,False
MA_RS17340,MA_3321,4093414,4093414,0,0.0,False
MA_RS17350,MA_3322,4094503,4094503,0,0.0,False
MA_RS17355,MA_3323,4097218,4097218,0,0.0,False
MA_RS17360,MA_3324,4098877,4098877,0,0.0,False
MA_RS17365,MA_3325,4102003,4102003,0,0.0,False
MA_RS17370,MA_3326,4103011,4103011,0,0.0,False
MA_RS17375,MA_3327,4104252,4104252,0,0.0,False
MA_RS17380,MA_3328,4105285,4105285,0,0.0,False
MA_RS17390,MA_3329,4108132,4108132,0,0.0,False
MA_RS17395,MA_3330,4110347,4110419,72,24.0,False
MA_RS17400,MA_3332,4112515,4112515,0,0.0,False
MA_RS17405,MA_3334,4115174,4115171,3,1.0,False
MA_RS17410,MA_3335,4117915,4117915,0,0.0,False
MA_RS17425,MA_3338,4121842,4121845,3,1.0,False
MA_RS17430,MA_3339,4123704,4123656,-48,-16.0,False
MA_RS17435,MA_3341,4124655,4124700,45,15.0,False
MA_RS17445,MA_3342,4126935,4126935,0,0.0,False
MA_RS17450,MA_3343,4128171,4128171,0,0.0,False
MA_RS17455,MA_3344,4128976,4128976,0,0.0,False
MA_RS17460,MA_3345,4130124,4130124,0,0.0,False
MA_RS17465,MA_3346,4132884,4132884,0,0.0,False
MA_RS17470,MA_3347,4134123,4134129,6,2.0,False
MA_RS17475,MA_3348,4135251,4135251,0,0.0,False
MA_RS17480,MA_3349,4136297,4136300,3,1.0,False
MA_RS17490,MA_3351,4138378,4138507,129,43.0,False
MA_RS17505,MA_3353,4140816,4140816,0,0.0,False
MA_RS17510,MA_3354,4142057,4142057,0,0.0,False
MA_RS17520,MA_3356,4144834,4144846,12,4.0,False
MA_RS17525,MA_3357,4145879,4145879,0,0.0,False
MA_RS17530,MA_3358,4147619,4147619,0,0.0,False
MA_RS17535,MA_3359,4148698,4148665,-33,-11.0,False
MA_RS17545,MA_3360,4151085,4151085,0,0.0,False
MA_RS17550,MA_3361,4152388,4152388,0,0.0,False
MA_RS17560,MA_3365,4153088,4153235,-147,-49.0,False
MA_RS17565,MA_3366,4155441,4155441,0,0.0,False
MA_RS17570,MA_3367,4156787,4156787,0,0.0,False
MA_RS17580,MA_3369,4162200,4162164,36,12.0,False
MA_RS17590,MA_3371,4168489,4168513,24,8.0,False
MA_RS17595,MA_3372,4169398,4169398,0,0.0,False
MA_RS17605,MA_3373,4169891,4169891,0,0.0,False
MA_RS17620,MA_3376,4172585,4172585,0,0.0,False
MA_RS17625,MA_3377,4173579,4173579,0,0.0,False
MA_RS17630,MA_3378,4175815,4175824,9,3.0,False
MA_RS17635,MA_3379,4177969,4177969,0,0.0,False
MA_RS17640,MA_3380,4178279,4178279,0,0.0,False
MA_RS17645,MA_3381,4180386,4180452,66,22.0,False
MA_RS17650,MA_3382,4180820,4180820,0,0.0,False
MA_RS17655,MA_3383,4183080,4183080,0,0.0,False
MA_RS17665,MA_3385,4183734,4183734,0,0.0,False
MA_RS17675,MA_3387,4186977,4186977,0,0.0,False
MA_RS17680,MA_3388,4187242,4187242,0,0.0,False
MA_RS17685,MA_3389,4189404,4189404,0,0.0,False
MA_RS17695,MA_3391,4192845,4192866,-21,-7.0,False
MA_RS17705,MA_3392,4194841,4194880,39,13.0,False
MA_RS17710,MA_3393,4195659,4195659,0,0.0,False
MA_RS17725,MA_3395,4199079,4199079,0,0.0,False
MA_RS17730,MA_3396,4199826,4199826,0,0.0,False
MA_RS17735,MA_3397,4200644,4200644,0,0.0,False
MA_RS17745,MA_3398,4203377,4203377,0,0.0,False
MA_RS17750,MA_3399,4204424,4204424,0,0.0,False
MA_RS17755,MA_3400,4204779,4204746,33,11.0,False
MA_RS17760,MA_3401,4205412,4205412,0,0.0,False
MA_RS17765,MA_3402,4206480,4206480,0,0.0,False
MA_RS17775,MA_3404,4208299,4208299,0,0.0,False
MA_RS17780,MA_3405,4210861,4210861,0,0.0,False
MA_RS17785,MA_3406,4212007,4212013,6,2.0,False
MA_RS17790,MA_3407,4212213,4212198,15,5.0,False
MA_RS17795,MA_3408,4213024,4213024,0,0.0,False
MA_RS17805,MA_3410,4216405,4216396,9,3.0,False
MA_RS17810,MA_3411,4218373,4218373,0,0.0,False
MA_RS17825,MA_3413,4219624,4219624,0,0.0,False
MA_RS17835,MA_3415,4221142,4220974,-168,-56.0,False
MA_RS17840,MA_3416,4222013,4221908,-105,-35.0,False
MA_RS17845,MA_3418,4225041,4225041,0,0.0,False
MA_RS17855,MA_3419,4226425,4226425,0,0.0,False
MA_RS17860,MA_3420,4226798,4226765,-33,-11.0,False
MA_RS17870,MA_3423,4228285,4228285,0,0.0,False
MA_RS17875,MA_3424,4228546,4228546,0,0.0,False
MA_RS17880,MA_3426,4230369,4230369,0,0.0,False
MA_RS17885,MA_3427,4230733,4230733,0,0.0,False
MA_RS17890,MA_3428,4231519,4231519,0,0.0,False
MA_RS17895,MA_3429,4231990,4231990,0,0.0,False
MA_RS17900,MA_3430,4232597,4232564,33,11.0,False
MA_RS17905,MA_3431,4235192,4235192,0,0.0,False
MA_RS17910,MA_3432,4236678,4236678,0,0.0,False
MA_RS17915,MA_3433,4238428,4238428,0,0.0,False
MA_RS17935,MA_3436,4242080,4242080,0,0.0,False
MA_RS17940,MA_3437,4242276,4242216,60,20.0,False
MA_RS17945,MA_3438,4243091,4243088,3,1.0,False
MA_RS17950,MA_3439,4243519,4243510,9,3.0,False
MA_RS17955,MA_3440,4245488,4245488,0,0.0,False
MA_RS17960,MA_3441,4246270,4246285,15,5.0,False
MA_RS17975,MA_3443,4248370,4248337,33,11.0,False
MA_RS17980,MA_3444,4249381,4249375,6,2.0,False
MA_RS17990,MA_3445,4250720,4250720,0,0.0,False
MA_RS17995,MA_3446,4252153,4252123,30,10.0,False
MA_RS18000,MA_3447,4254275,4254275,0,0.0,False
MA_RS18005,MA_3448,4254467,4254467,0,0.0,False
MA_RS18010,MA_3449,4255870,4255864,6,2.0,False
MA_RS18015,MA_3450,4256782,4256674,108,36.0,False
MA_RS18020,MA_3451,4257411,4257411,0,0.0,False
MA_RS18025,MA_3452,4258734,4258695,39,13.0,False
MA_RS18030,MA_3453,4259985,4259886,99,33.0,False
MA_RS18040,MA_3454,4262825,4262864,39,13.0,False
MA_RS18045,MA_3455,4264453,4264453,0,0.0,False
MA_RS18050,MA_3456,4265446,4265452,6,2.0,False
MA_RS18055,MA_3457,4266270,4266270,0,0.0,False
MA_RS18060,MA_3458,4267123,4267123,0,0.0,False
MA_RS18065,MA_4673,4268065,4268065,0,0.0,False
MA_RS18070,MA_3459,4269096,4269096,0,0.0,False
MA_RS18075,MA_3460,4270346,4270400,54,18.0,False
MA_RS18080,MA_3461,4270669,4270663,6,2.0,False
MA_RS18085,MA_3462,4272267,4272267,0,0.0,False
MA_RS18090,MA_3463,4273192,4273192,0,0.0,False
MA_RS18095,MA_3464,4274088,4274109,-21,-7.0,False
MA_RS18100,MA_3465,4275107,4275107,0,0.0,False
MA_RS18105,MA_3466,4276107,4276035,72,24.0,False
MA_RS18115,MA_3467,4277937,4277937,0,0.0,False
MA_RS18120,MA_3468,4279850,4279850,0,0.0,False
MA_RS18125,MA_3469,4280620,4280638,18,6.0,False
MA_RS18150,MA_3472,4296760,4296760,0,0.0,False
MA_RS18165,MA_3475,4302429,4302429,0,0.0,False
MA_RS18170,MA_3476,4302884,4302884,0,0.0,False
MA_RS18175,MA_3477,4304895,4304910,15,5.0,False
MA_RS18180,MA_3478,4305130,4305130,0,0.0,False
MA_RS18185,MA_3479,4305392,4305392,0,0.0,False
MA_RS18195,MA_3481,4308644,4308671,27,9.0,False
MA_RS18200,MA_3482,4308896,4308896,0,0.0,False
MA_RS18210,MA_3484,4310972,4310843,-129,-43.0,False
MA_RS18215,MA_3485,4311454,4311505,51,17.0,False
MA_RS18220,MA_3486,4312022,4312022,0,0.0,False
MA_RS18225,MA_4666,4312891,4312891,0,0.0,False
MA_RS18230,MA_4667,4313773,4313773,0,0.0,False
MA_RS18255,MA_3492,4324668,4324668,0,0.0,False
MA_RS18260,MA_3493,4326496,4326496,0,0.0,False
MA_RS18270,MA_3494,4328285,4328234,51,17.0,False
MA_RS18275,MA_3495,4329656,4329647,9,3.0,False
MA_RS18280,MA_3496,4332102,4332102,0,0.0,False
MA_RS18285,MA_3497,4334374,4334374,0,0.0,False
MA_RS18290,MA_3498,4336667,4336667,0,0.0,False
MA_RS18295,MA_3499,4337027,4336973,54,18.0,False
MA_RS18300,MA_3500,4337212,4337212,0,0.0,False
MA_RS18305,MA_3501,4337841,4337841,0,0.0,False
MA_RS18310,MA_3502,4340170,4340170,0,0.0,False
MA_RS18325,MA_3505,4342400,4342400,0,0.0,False
MA_RS18330,MA_3506,4343641,4343641,0,0.0,False
MA_RS18340,MA_3508,4345715,4345715,0,0.0,False
MA_RS18345,MA_3509,4346148,4346136,12,4.0,False
MA_RS18355,MA_3512,4348868,4348868,0,0.0,False
MA_RS18360,MA_3513,4349932,4349932,0,0.0,False
MA_RS18370,MA_3514,4351172,4351172,0,0.0,False
MA_RS18375,MA_3515,4351811,4351811,0,0.0,False
MA_RS18380,MA_3516,4353040,4353148,108,36.0,False
MA_RS18390,MA_3519,4355345,4355345,0,0.0,False
MA_RS18395,MA_3520,4356600,4356600,0,0.0,False
MA_RS18400,MA_3522,4357829,4357871,42,14.0,False
MA_RS18405,MA_3523,4358028,4357953,75,25.0,False
MA_RS18410,MA_3524,4359415,4359415,0,0.0,False
MA_RS18415,MA_3525,4359569,4359389,180,60.0,False
MA_RS18420,MA_3526,4361743,4361698,-45,-15.0,False
MA_RS18425,MA_3527,4362400,4362400,0,0.0,False
MA_RS18430,MA_3528,4364937,4364937,0,0.0,False
MA_RS18445,MA_3531,4367611,4367593,18,6.0,False
MA_RS18450,MA_3532,4368371,4368341,30,10.0,False
MA_RS18455,MA_3533,4369251,4369251,0,0.0,False
MA_RS18460,MA_3534,4369749,4369749,0,0.0,False
MA_RS18465,MA_3535,4370564,4370528,36,12.0,False
MA_RS18475,MA_3537,4373078,4373078,0,0.0,False
MA_RS18480,MA_3538,4374032,4374050,18,6.0,False
MA_RS18485,MA_3539,4374398,4374404,-6,-2.0,False
MA_RS18490,MA_3540,4375212,4375212,0,0.0,False
MA_RS18495,MA_3541,4375670,4375670,0,0.0,False
MA_RS18500,MA_3542,4380035,4380035,0,0.0,False
MA_RS18510,MA_3544,4383345,4383345,0,0.0,False
MA_RS18515,MA_3545,4384389,4384389,0,0.0,False
MA_RS18520,MA_3546,4384686,4384686,0,0.0,False
MA_RS18525,MA_3547,4385227,4385227,0,0.0,False
MA_RS18530,MA_3548,4385729,4385729,0,0.0,False
MA_RS18535,MA_3549,4387737,4387737,0,0.0,False
MA_RS18540,MA_3550,4388484,4388466,-18,-6.0,False
MA_RS18545,MA_3551,4390167,4390167,0,0.0,False
MA_RS18550,MA_3552,4390961,4390994,33,11.0,False
MA_RS18555,MA_3553,4391413,4391413,0,0.0,False
MA_RS18560,MA_3554,4392117,4392117,0,0.0,False
MA_RS18565,MA_3555,4393495,4393495,0,0.0,False
MA_RS18570,MA_3556,4396350,4396368,18,6.0,False
MA_RS18585,MA_3559,4398038,4398038,0,0.0,False
MA_RS18590,MA_3560,4399565,4399565,0,0.0,False
MA_RS18595,MA_3561,4403916,4403916,0,0.0,False
MA_RS18600,MA_3562,4405333,4405333,0,0.0,False
MA_RS18605,MA_3563,4407011,4407011,0,0.0,False
MA_RS18610,MA_3564,4408540,4408540,0,0.0,False
MA_RS18615,MA_3565,4409022,4409025,3,1.0,False
MA_RS18620,MA_3566,4410110,4410107,-3,-1.0,False
MA_RS18630,MA_3568,4411026,4411026,0,0.0,False
MA_RS18635,MA_3570,4412358,4412358,0,0.0,False
MA_RS18640,MA_3572,4413147,4413147,0,0.0,False
MA_RS18650,MA_3575,4416240,4416240,0,0.0,False
MA_RS18655,MA_3576,4416867,4416867,0,0.0,False
MA_RS18660,MA_3577,4419338,4419338,0,0.0,False
MA_RS18675,MA_3580,4421816,4421816,0,0.0,False
MA_RS18680,MA_3581,4421829,4421829,0,0.0,False
MA_RS18685,MA_3582,4422810,4422816,6,2.0,False
MA_RS18690,MA_3583,4424021,4424021,0,0.0,False
MA_RS18695,MA_3584,4425263,4425263,0,0.0,False
MA_RS18705,MA_3586,4426998,4426998,0,0.0,False
MA_RS18725,MA_3589,4430115,4430115,0,0.0,False
MA_RS18730,MA_4663,4432420,4432420,0,0.0,False
MA_RS18735,MA_3591,4433291,4433291,0,0.0,False
MA_RS18740,MA_3592,4434788,4434788,0,0.0,False
MA_RS18745,MA_3593,4435107,4435107,0,0.0,False
MA_RS18750,MA_3594,4436002,4436008,-6,-2.0,False
MA_RS18755,MA_3595,4436432,4436432,0,0.0,False
MA_RS18760,MA_3596,4436838,4436814,24,8.0,False
MA_RS18770,MA_3598,4439476,4439476,0,0.0,False
MA_RS18775,MA_3599,4441152,4441152,0,0.0,False
MA_RS18780,MA_3600,4442033,4442033,0,0.0,False
MA_RS18785,MA_3601,4442659,4442659,0,0.0,False
MA_RS18790,MA_3602,4443776,4443782,6,2.0,False
MA_RS18795,MA_3603,4444216,4444237,21,7.0,False
MA_RS18800,MA_3604,4445754,4445754,0,0.0,False
MA_RS18805,MA_3606,4447948,4447948,0,0.0,False
MA_RS18810,MA_3607,4449054,4449054,0,0.0,False
MA_RS18815,MA_3608,4449310,4449310,0,0.0,False
MA_RS18820,MA_3609,4450117,4450063,54,18.0,False
MA_RS18825,MA_3610,4452427,4452427,0,0.0,False
MA_RS18830,MA_3611,4453085,4453085,0,0.0,False
MA_RS18835,MA_3612,4454041,4454041,0,0.0,False
MA_RS18840,MA_3613,4457617,4457617,0,0.0,False
MA_RS18845,MA_3614,4459184,4459184,0,0.0,False
MA_RS18850,MA_3615,4461403,4461412,9,3.0,False
MA_RS18860,MA_3617,4462668,4462668,0,0.0,False
MA_RS18865,MA_3618,4463411,4463375,-36,-12.0,False
MA_RS18870,MA_3619,4463983,4463983,0,0.0,False
MA_RS18880,MA_3621,4465896,4465896,0,0.0,False
MA_RS18885,MA_3622,4467848,4467632,-216,-72.0,False
MA_RS18890,MA_3623,4468246,4468246,0,0.0,False
MA_RS18895,MA_3624,4469491,4469491,0,0.0,False
MA_RS18905,MA_3626,4471304,4471304,0,0.0,False
MA_RS18910,MA_3627,4472247,4472247,0,0.0,False
MA_RS18915,MA_3628,4473535,4473535,0,0.0,False
MA_RS18920,MA_3630,4475290,4475290,0,0.0,False
MA_RS18925,MA_3631,4475709,4475709,0,0.0,False
MA_RS18930,MA_3632,4476320,4476308,12,4.0,False
MA_RS18940,MA_3633,4480285,4480351,66,22.0,False
MA_RS18945,MA_3634,4480952,4480967,15,5.0,False
MA_RS18950,MA_3635,4482048,4482084,36,12.0,False
MA_RS18955,MA_3636,4482517,4482562,45,15.0,False
MA_RS18960,MA_3637,4483250,4483250,0,0.0,False
MA_RS18965,MA_3638,4484944,4484944,0,0.0,False
MA_RS18970,MA_3639,4485322,4485265,57,19.0,False
MA_RS18975,MA_3640,4487738,4487738,0,0.0,False
MA_RS18980,MA_3641,4488896,4488983,-87,-29.0,False
MA_RS18985,MA_3642,4489963,4489963,0,0.0,False
MA_RS18990,MA_3643,4491032,4491032,0,0.0,False
MA_RS19000,MA_3644,4492730,4492730,0,0.0,False
MA_RS19005,MA_3645,4493729,4493684,45,15.0,False
MA_RS19010,MA_3646,4496739,4496739,0,0.0,False
MA_RS19020,MA_3649,4500391,4500355,36,12.0,False
MA_RS19025,MA_3650,4502437,4502437,0,0.0,False
MA_RS19040,MA_3652,4504606,4504606,0,0.0,False
MA_RS19055,MA_3655,4506486,4506486,0,0.0,False
MA_RS19060,MA_3656,4507960,4507960,0,0.0,False
MA_RS19065,MA_3657,4508624,4508618,6,2.0,False
MA_RS19070,MA_3658,4510694,4510694,0,0.0,False
MA_RS19075,MA_3660,4511882,4511900,18,6.0,False
MA_RS19080,MA_3661,4513615,4513615,0,0.0,False
MA_RS19085,MA_3662,4514626,4514749,123,41.0,False
MA_RS19105,MA_3665,4520309,4520246,-63,-21.0,False
MA_RS19110,MA_3666,4520953,4520953,0,0.0,False
MA_RS19115,MA_3667,4521956,4521956,0,0.0,False
MA_RS19120,MA_3668,4523323,4523323,0,0.0,False
MA_RS19125,MA_3669,4526126,4526126,0,0.0,False
MA_RS19130,MA_3670,4527129,4527093,-36,-12.0,False
MA_RS19135,MA_3671,4527782,4527782,0,0.0,False
MA_RS19140,MA_3672,4528535,4528535,0,0.0,False
MA_RS19145,MA_3673,4529918,4529918,0,0.0,False
MA_RS19150,MA_3674,4530054,4530054,0,0.0,False
MA_RS19155,MA_3675,4531157,4531157,0,0.0,False
MA_RS19160,MA_3676,4531728,4531728,0,0.0,False
MA_RS19165,MA_3677,4532713,4532713,0,0.0,False
MA_RS19170,MA_3678,4534112,4534241,-129,-43.0,False
MA_RS19175,MA_3679,4535295,4535295,0,0.0,False
MA_RS19180,MA_3680,4537146,4537146,0,0.0,False
MA_RS19185,MA_3682,4538527,4538515,12,4.0,False
MA_RS19190,MA_3683,4540138,4540123,15,5.0,False
MA_RS19195,MA_3684,4542109,4542109,0,0.0,False
MA_RS19200,MA_3685,4542634,4542634,0,0.0,False
MA_RS19205,MA_3686,4543996,4543996,0,0.0,False
MA_RS19210,MA_3687,4544730,4544730,0,0.0,False
MA_RS19215,MA_3688,4545709,4545661,48,16.0,False
MA_RS19220,MA_3689,4546753,4546753,0,0.0,False
MA_RS19225,MA_3690,4548286,4548181,105,35.0,False
MA_RS19230,MA_3691,4549509,4549509,0,0.0,False
MA_RS19235,MA_3692,4549933,4549933,0,0.0,False
MA_RS19240,MA_3693,4550549,4550549,0,0.0,False
MA_RS19245,MA_3694,4550736,4550736,0,0.0,False
MA_RS19250,MA_3695,4551304,4551304,0,0.0,False
MA_RS19255,MA_3696,4551631,4551616,15,5.0,False
MA_RS19290,MA_3702,4578097,4578106,9,3.0,False
MA_RS19295,MA_3703,4579473,4579584,111,37.0,False
MA_RS19300,MA_3704,4580938,4580986,-48,-16.0,False
MA_RS19305,MA_3705,4584164,4584164,0,0.0,False
MA_RS19310,MA_3706,4585800,4585800,0,0.0,False
MA_RS19320,MA_3708,4587223,4587223,0,0.0,False
MA_RS19325,MA_3709,4588600,4588600,0,0.0,False
MA_RS19330,MA_3710,4588995,4589016,21,7.0,False
MA_RS19335,MA_3711,4589153,4589153,0,0.0,False
MA_RS19350,MA_3713,4592412,4592412,0,0.0,False
MA_RS19360,MA_3715,4595203,4595254,51,17.0,False
MA_RS19365,MA_3716,4596405,4596405,0,0.0,False
MA_RS19370,MA_3717,4597864,4597873,9,3.0,False
MA_RS19375,MA_3718,4598115,4598115,0,0.0,False
MA_RS19380,MA_3719,4598997,4599054,57,19.0,False
MA_RS19385,MA_3720,4600252,4600252,0,0.0,False
MA_RS19395,MA_3722,4601313,4601313,0,0.0,False
MA_RS19400,MA_3723,4602144,4602189,-45,-15.0,False
MA_RS19415,MA_3726,4603699,4603699,0,0.0,False
MA_RS19420,MA_3727,4605922,4605922,0,0.0,False
MA_RS19425,MA_3728,4606226,4606220,6,2.0,False
MA_RS19430,MA_3729,4607006,4606913,93,31.0,False
MA_RS19435,MA_3730,4607398,4607398,0,0.0,False
MA_RS19440,MA_3731,4608518,4608530,12,4.0,False
MA_RS19445,MA_3732,4609624,4609624,0,0.0,False
MA_RS19450,MA_3733,4610718,4610718,0,0.0,False
MA_RS19460,MA_4664,4611437,4611437,0,0.0,False
MA_RS19465,MA_3734,4611673,4611673,0,0.0,False
MA_RS19470,MA_3735,4611915,4611897,18,6.0,False
MA_RS19475,MA_3736,4612316,4612316,0,0.0,False
MA_RS19480,MA_3737,4612744,4612729,15,5.0,False
MA_RS19485,MA_3739,4613372,4613540,-168,-56.0,False
MA_RS19490,MA_3740,4614881,4614905,-24,-8.0,False
MA_RS19495,MA_3741,4615729,4615729,0,0.0,False
MA_RS19500,MA_3742,4616419,4616419,0,0.0,False
MA_RS19505,MA_3743,4616947,4616938,9,3.0,False
MA_RS19510,MA_3744,4619561,4619561,0,0.0,False
MA_RS19515,MA_3745,4619633,4619633,0,0.0,False
MA_RS19520,MA_3746,4621751,4621751,0,0.0,False
MA_RS19525,MA_3747,4622867,4622900,33,11.0,False
MA_RS19530,MA_3748,4624056,4624056,0,0.0,False
MA_RS19535,MA_3749,4624682,4624682,0,0.0,False
MA_RS19540,MA_3750,4625697,4625697,0,0.0,False
MA_RS19545,MA_3751,4626364,4626367,3,1.0,False
MA_RS19550,MA_3752,4629149,4629239,90,30.0,False
MA_RS19555,MA_3753,4632224,4632224,0,0.0,False
MA_RS19560,MA_3754,4635251,4635251,0,0.0,False
MA_RS19565,MA_3755,4636519,4636519,0,0.0,False
MA_RS19570,MA_3756,4636598,4636598,0,0.0,False
MA_RS19575,MA_3757,4637764,4637764,0,0.0,False
MA_RS19580,MA_3758,4639850,4639850,0,0.0,False
MA_RS19585,MA_3759,4640190,4640190,0,0.0,False
MA_RS19590,MA_3760,4641431,4641431,0,0.0,False
MA_RS19595,MA_3761,4643791,4643791,0,0.0,False
MA_RS19605,MA_3763,4646104,4646104,0,0.0,False
MA_RS19610,MA_3764,4646743,4646743,0,0.0,False
MA_RS19620,MA_3766,4651572,4651572,0,0.0,False
MA_RS19625,MA_3767,4652434,4652434,0,0.0,False
MA_RS19650,MA_3773,4658802,4658823,21,7.0,False
MA_RS19665,MA_3776,4660648,4660660,12,4.0,False
MA_RS19670,MA_3777,4661485,4661485,0,0.0,False
MA_RS19675,MA_3778,4662291,4662291,0,0.0,False
MA_RS19680,MA_3779,4663220,4663220,0,0.0,False
MA_RS19685,MA_3780,4663852,4663852,0,0.0,False
MA_RS19690,MA_3781,4665244,4665244,0,0.0,False
MA_RS19695,MA_3782,4666853,4666853,0,0.0,False
MA_RS19700,MA_3783,4668010,4668010,0,0.0,False
MA_RS19705,MA_3784,4668413,4668413,0,0.0,False
MA_RS19715,MA_3786,4669652,4669598,54,18.0,False
MA_RS19720,MA_3787,4670515,4670515,0,0.0,False
MA_RS19725,MA_3788,4673104,4673104,0,0.0,False
MA_RS19735,MA_3789,4674743,4674743,0,0.0,False
MA_RS19745,MA_3790,4676151,4676151,0,0.0,False
MA_RS19750,MA_3791,4676998,4676998,0,0.0,False
MA_RS19755,MA_3792,4678692,4678692,0,0.0,False
MA_RS19760,MA_3793,4680469,4680433,-36,-12.0,False
MA_RS19765,MA_3794,4680788,4680788,0,0.0,False
MA_RS19770,MA_3796,4682886,4682886,0,0.0,False
MA_RS19775,MA_3797,4684619,4684619,0,0.0,False
MA_RS19785,MA_3798,4685239,4685239,0,0.0,False
MA_RS19790,MA_3799,4686036,4686036,0,0.0,False
MA_RS19800,MA_3801,4688572,4688680,108,36.0,False
MA_RS19810,MA_3802,4689695,4689704,9,3.0,False
MA_RS19815,MA_3803,4690095,4690077,-18,-6.0,False
MA_RS19820,MA_3804,4690506,4690506,0,0.0,False
MA_RS19830,MA_3806,4693391,4693391,0,0.0,False
MA_RS19840,MA_3808,4694595,4694574,-21,-7.0,False
MA_RS19845,MA_3809,4694973,4694973,0,0.0,False
MA_RS19850,MA_3810,4695401,4695401,0,0.0,False
MA_RS19855,MA_3811,4695650,4695680,30,10.0,False
MA_RS19860,MA_3812,4696523,4696523,0,0.0,False
MA_RS19865,MA_3813,4697140,4697140,0,0.0,False
MA_RS19870,MA_3814,4697530,4697539,9,3.0,False
MA_RS19875,MA_3815,4697799,4697799,0,0.0,False
MA_RS19880,MA_3816,4698718,4698718,0,0.0,False
MA_RS19885,MA_3817,4699176,4699191,15,5.0,False
MA_RS19890,MA_3818,4699859,4699799,-60,-20.0,False
MA_RS19895,MA_3819,4700152,4700152,0,0.0,False
MA_RS19900,MA_3820,4700665,4700665,0,0.0,False
MA_RS19910,MA_3821,4702654,4702453,201,67.0,False
MA_RS19920,MA_3823,4705266,4705266,0,0.0,False
MA_RS19925,MA_3824,4706667,4706667,0,0.0,False
MA_RS19930,MA_3825,4707002,4707002,0,0.0,False
MA_RS19935,MA_3826,4708570,4708570,0,0.0,False
MA_RS19940,MA_3827,4708795,4708804,9,3.0,False
MA_RS19945,MA_3828,4709313,4709313,0,0.0,False
MA_RS19950,MA_3829,4711473,4711506,33,11.0,False
MA_RS19955,MA_3830,4711948,4711891,-57,-19.0,False
MA_RS19960,MA_3831,4712575,4712575,0,0.0,False
MA_RS19965,MA_3832,4712983,4712983,0,0.0,False
MA_RS19970,MA_3833,4713646,4713646,0,0.0,False
MA_RS19975,MA_3834,4714460,4714460,0,0.0,False
MA_RS19980,MA_3835,4715053,4715062,9,3.0,False
MA_RS20000,MA_3837,4716686,4716686,0,0.0,False
MA_RS20025,MA_3839,4718197,4718197,0,0.0,False
MA_RS20030,MA_3840,4719718,4719727,9,3.0,False
MA_RS20035,MA_3841,4720733,4720799,66,22.0,False
MA_RS20060,MA_3845,4726397,4726358,39,13.0,False
MA_RS20065,MA_3846,4728294,4728294,0,0.0,False
MA_RS20075,MA_3849,4730811,4730772,-39,-13.0,False
MA_RS20080,MA_3850,4731282,4731282,0,0.0,False
MA_RS20085,MA_3851,4731759,4731759,0,0.0,False
MA_RS20100,MA_3853,4734881,4734881,0,0.0,False
MA_RS20105,MA_3854,4736582,4736582,0,0.0,False
MA_RS20110,MA_3855,4737389,4737380,9,3.0,False
MA_RS20115,MA_3856,4737766,4737766,0,0.0,False
MA_RS20120,MA_3857,4739356,4739362,6,2.0,False
MA_RS20125,MA_3858,4740241,4740241,0,0.0,False
MA_RS20130,MA_3859,4740864,4740915,51,17.0,False
MA_RS20135,MA_3860,4742325,4742325,0,0.0,False
MA_RS20140,MA_3861,4744745,4744745,0,0.0,False
MA_RS20145,MA_3862,4745282,4745282,0,0.0,False
MA_RS20150,MA_3863,4746750,4746750,0,0.0,False
MA_RS20155,MA_3864,4747748,4747748,0,0.0,False
MA_RS20160,MA_3865,4749062,4749062,0,0.0,False
MA_RS20165,MA_3866,4751563,4751563,0,0.0,False
MA_RS20170,MA_3867,4752381,4752396,15,5.0,False
MA_RS20175,MA_3868,4752717,4752696,21,7.0,False
MA_RS20180,MA_3869,4753758,4753758,0,0.0,False
MA_RS20185,MA_3870,4754776,4754776,0,0.0,False
MA_RS20190,MA_3871,4756155,4756146,9,3.0,False
MA_RS20195,MA_4682,4756660,4756660,0,0.0,False
MA_RS20200,MA_3873,4757421,4757421,0,0.0,False
MA_RS20205,MA_3874,4758169,4758169,0,0.0,False
MA_RS20210,MA_3875,4760772,4760748,-24,-8.0,False
MA_RS20215,MA_3876,4761788,4761788,0,0.0,False
MA_RS20220,MA_3877,4763170,4763170,0,0.0,False
MA_RS20225,MA_3878,4764688,4764688,0,0.0,False
MA_RS20230,MA_3879,4767865,4767892,27,9.0,False
MA_RS20235,MA_3880,4768898,4768898,0,0.0,False
MA_RS20240,MA_3881,4772145,4772127,18,6.0,False
MA_RS20245,MA_3882,4773481,4773388,93,31.0,False
MA_RS20250,MA_3883,4774824,4774824,0,0.0,False
MA_RS20255,MA_3884,4775533,4775533,0,0.0,False
MA_RS20260,MA_3885,4775910,4775910,0,0.0,False
MA_RS20265,MA_3886,4776875,4776875,0,0.0,False
MA_RS20275,MA_3887,4779134,4779134,0,0.0,False
MA_RS20300,MA_3889,4782554,4782635,-81,-27.0,False
MA_RS20305,MA_3890,4783582,4783546,36,12.0,False
MA_RS20310,MA_3891,4785195,4785195,0,0.0,False
MA_RS20315,MA_3892,4786416,4786416,0,0.0,False
MA_RS20320,MA_3893,4787124,4787121,3,1.0,False
MA_RS20325,MA_3894,4788797,4788797,0,0.0,False
MA_RS20330,MA_3895,4789281,4789281,0,0.0,False
MA_RS20335,MA_3896,4790131,4790122,9,3.0,False
MA_RS20340,MA_3897,4790475,4790475,0,0.0,False
MA_RS20345,MA_3898,4790855,4790855,0,0.0,False
MA_RS20350,MA_3899,4792469,4792469,0,0.0,False
MA_RS20355,MA_3900,4793975,4793975,0,0.0,False
MA_RS20360,MA_3901,4795539,4795539,0,0.0,False
MA_RS20365,MA_3902,4797309,4797306,3,1.0,False
MA_RS20370,MA_3903,4797994,4797994,0,0.0,False
MA_RS20380,MA_3904,4800408,4800408,0,0.0,False
MA_RS20385,MA_3905,4801166,4801160,6,2.0,False
MA_RS20390,MA_3906,4802764,4802764,0,0.0,False
MA_RS20395,MA_3907,4803824,4803716,108,36.0,False
MA_RS20400,MA_3908,4804631,4804631,0,0.0,False
MA_RS20405,MA_3909,4805598,4805514,84,28.0,False
MA_RS20415,MA_3910,4806819,4806600,219,73.0,False
MA_RS20420,MA_3911,4808243,4808243,0,0.0,False
MA_RS20425,MA_3912,4808583,4808583,0,0.0,False
MA_RS20435,MA_3914,4813475,4813475,0,0.0,False
MA_RS20440,MA_3915,4815001,4815001,0,0.0,False
MA_RS20445,MA_3916,4815215,4815179,36,12.0,False
MA_RS20450,MA_3917,4815571,4815556,15,5.0,False
MA_RS20455,MA_3918,4817101,4817101,0,0.0,False
MA_RS20460,MA_3919,4819298,4819298,0,0.0,False
MA_RS20465,MA_3920,4820295,4820295,0,0.0,False
MA_RS20470,MA_3921,4821266,4821401,135,45.0,False
MA_RS20475,MA_3922,4822504,4822543,39,13.0,False
MA_RS20480,MA_3923,4822742,4822733,9,3.0,False
MA_RS20485,MA_3924,4823833,4823740,93,31.0,False
MA_RS20490,MA_3925,4824967,4824958,9,3.0,False
MA_RS20495,MA_3926,4825801,4825789,12,4.0,False
MA_RS20500,MA_3927,4826221,4826221,0,0.0,False
MA_RS20505,MA_3928,4826643,4826643,0,0.0,False
MA_RS20510,MA_3929,4827095,4827095,0,0.0,False
MA_RS20525,MA_3932,4830099,4830228,129,43.0,False
MA_RS20530,MA_3933,4830634,4830634,0,0.0,False
MA_RS20535,MA_3934,4831442,4831442,0,0.0,False
MA_RS20540,MA_3935,4831834,4831834,0,0.0,False
MA_RS20545,MA_3937,4832922,4832922,0,0.0,False
MA_RS20550,MA_3938,4834086,4834086,0,0.0,False
MA_RS20555,MA_3939,4834442,4834433,9,3.0,False
MA_RS20560,MA_3940,4835022,4835022,0,0.0,False
MA_RS20565,MA_3941,4835991,4835991,0,0.0,False
MA_RS20570,MA_3942,4837070,4837061,9,3.0,False
MA_RS20575,MA_3943,4837429,4837429,0,0.0,False
MA_RS20580,MA_3944,4838053,4837996,57,19.0,False
MA_RS20585,MA_3945,4838933,4838918,15,5.0,False
MA_RS20590,MA_3946,4840449,4840449,0,0.0,False
MA_RS20595,MA_3947,4840813,4840732,81,27.0,False
MA_RS20600,MA_3949,4842768,4842768,0,0.0,False
MA_RS20605,MA_3950,4844606,4844666,60,20.0,False
MA_RS20610,MA_3951,4845741,4845741,0,0.0,False
MA_RS20615,MA_3952,4846101,4846101,0,0.0,False
MA_RS20620,MA_3953,4846886,4846886,0,0.0,False
MA_RS20625,MA_3954,4847969,4847981,12,4.0,False
MA_RS20635,MA_3956,4849066,4849066,0,0.0,False
MA_RS20645,MA_3957,4854227,4854227,0,0.0,False
MA_RS20650,MA_3958,4854881,4854881,0,0.0,False
MA_RS20655,MA_3959,4856166,4856151,15,5.0,False
MA_RS20665,MA_3960,4858207,4857925,282,94.0,False
MA_RS20670,MA_3961,4859010,4859112,-102,-34.0,False
MA_RS20675,MA_3962,4861925,4861673,-252,-84.0,False
MA_RS20680,MA_3963,4862486,4862462,24,8.0,False
MA_RS20685,MA_3965,4864192,4864192,0,0.0,False
MA_RS20690,MA_3966,4864919,4864919,0,0.0,False
MA_RS20695,MA_3967,4867532,4867538,6,2.0,False
MA_RS20700,MA_3968,4868206,4868206,0,0.0,False
MA_RS20705,MA_3969,4869291,4869291,0,0.0,False
MA_RS20710,MA_3970,4869447,4869456,9,3.0,False
MA_RS20715,MA_3971,4870008,4869999,9,3.0,False
MA_RS20725,MA_3972,4874485,4874500,15,5.0,False
MA_RS20735,MA_3974,4875542,4875542,0,0.0,False
MA_RS20740,MA_3975,4877571,4876674,897,299.0,False
MA_RS20745,MA_3976,4879279,4879225,54,18.0,False
MA_RS20750,MA_3977,4881480,4881396,84,28.0,False
MA_RS20755,MA_3978,4883009,4883009,0,0.0,False
MA_RS20760,MA_3979,4884413,4884413,0,0.0,False
MA_RS20765,MA_3980,4884971,4884998,27,9.0,False
MA_RS20770,MA_3981,4885036,4885036,0,0.0,False
MA_RS20775,MA_3983,4887852,4887852,0,0.0,False
MA_RS20780,MA_3984,4888332,4888332,0,0.0,False
MA_RS20795,MA_3986,4891194,4891194,0,0.0,False
MA_RS20800,MA_3987,4891658,4891658,0,0.0,False
MA_RS20805,MA_3988,4893206,4893179,-27,-9.0,False
MA_RS20810,MA_3989,4895242,4895242,0,0.0,False
MA_RS20815,MA_3990,4895502,4895502,0,0.0,False
MA_RS20820,MA_4674,4896609,4896597,-12,-4.0,False
MA_RS20825,MA_3991,4897627,4897642,15,5.0,False
MA_RS20830,MA_3992,4898703,4898703,0,0.0,False
MA_RS20835,MA_3993,4899304,4899304,0,0.0,False
MA_RS20840,MA_3994,4900559,4900559,0,0.0,False
MA_RS20845,MA_3995,4901059,4901068,9,3.0,False
MA_RS20850,MA_3996,4901508,4901541,33,11.0,False
MA_RS20855,MA_3997,4903255,4903255,0,0.0,False
MA_RS20860,MA_3998,4904909,4904909,0,0.0,False
MA_RS20865,MA_3999,4905955,4905955,0,0.0,False
MA_RS20870,MA_4000,4906969,4906996,27,9.0,False
MA_RS20880,MA_4002,4909264,4909264,0,0.0,False
MA_RS20890,MA_4004,4911960,4911960,0,0.0,False
MA_RS20895,MA_4005,4913001,4913001,0,0.0,False
MA_RS20900,MA_4006,4915091,4915112,21,7.0,False
MA_RS20905,MA_4007,4917195,4917213,18,6.0,False
MA_RS20910,MA_4008,4917467,4917467,0,0.0,False
MA_RS20915,MA_4009,4918449,4918449,0,0.0,False
MA_RS20920,MA_4010,4920379,4920379,0,0.0,False
MA_RS20925,MA_4011,4922348,4922348,0,0.0,False
MA_RS20930,MA_4012,4924727,4924727,0,0.0,False
MA_RS20935,MA_4013,4925125,4925125,0,0.0,False
MA_RS20940,MA_4014,4926667,4926601,66,22.0,False
MA_RS20955,MA_4016,4929267,4929120,147,49.0,False
MA_RS20960,MA_4017,4930203,4930203,0,0.0,False
MA_RS20965,MA_4018,4931068,4931068,0,0.0,False
MA_RS20970,MA_4019,4932769,4932769,0,0.0,False
MA_RS20975,MA_4020,4933785,4933785,0,0.0,False
MA_RS20985,MA_4021,4934927,4934927,0,0.0,False
MA_RS20990,MA_4022,4935869,4935869,0,0.0,False
MA_RS20995,MA_4023,4936904,4936904,0,0.0,False
MA_RS21010,MA_4026,4938476,4938476,0,0.0,False
MA_RS21015,MA_4027,4941117,4941114,3,1.0,False
MA_RS21020,MA_4028,4942695,4942695,0,0.0,False
MA_RS21035,MA_4030,4945740,4945740,0,0.0,False
MA_RS21045,MA_4032,4947110,4947110,0,0.0,False
MA_RS21050,MA_4033,4948652,4948652,0,0.0,False
MA_RS21055,MA_4034,4951190,4951190,0,0.0,False
MA_RS21065,MA_4035,4953092,4952909,-183,-61.0,False
MA_RS21070,MA_4036,4954365,4954371,6,2.0,False
MA_RS21075,MA_4037,4954886,4955123,237,79.0,False
MA_RS21080,MA_4038,4955497,4955497,0,0.0,False
MA_RS21085,MA_4039,4956803,4956806,3,1.0,False
MA_RS21090,MA_4040,4956944,4956944,0,0.0,False
MA_RS21095,MA_4041,4957728,4957728,0,0.0,False
MA_RS21100,MA_4042,4958795,4958795,0,0.0,False
MA_RS21105,MA_4043,4959974,4959974,0,0.0,False
MA_RS21110,MA_4044,4960473,4960473,0,0.0,False
MA_RS21115,MA_4045,4962013,4962013,0,0.0,False
MA_RS21120,MA_4046,4964477,4964489,12,4.0,False
MA_RS21125,MA_4047,4964806,4964851,-45,-15.0,False
MA_RS21130,MA_4048,4966172,4966172,0,0.0,False
MA_RS21140,MA_4050,4969622,4969583,-39,-13.0,False
MA_RS21145,MA_4051,4970425,4970464,39,13.0,False
MA_RS21150,MA_4052,4971659,4971659,0,0.0,False
MA_RS21155,MA_4053,4972765,4972792,27,9.0,False
MA_RS21165,MA_4055,4975377,4975377,0,0.0,False
MA_RS21170,MA_4057,4975823,4975823,0,0.0,False
MA_RS21175,MA_4058,4977162,4977162,0,0.0,False
MA_RS21180,MA_4059,4977707,4977707,0,0.0,False
MA_RS21185,MA_4060,4978223,4978223,0,0.0,False
MA_RS21190,MA_4061,4978585,4978585,0,0.0,False
MA_RS21195,MA_4062,4980059,4980059,0,0.0,False
MA_RS21200,MA_4063,4981808,4981883,75,25.0,False
MA_RS21205,MA_4064,4982291,4982291,0,0.0,False
MA_RS21210,MA_4065,4983574,4983574,0,0.0,False
MA_RS21215,MA_4066,4984508,4984508,0,0.0,False
MA_RS21225,MA_4067,4986888,4986879,9,3.0,False
MA_RS21230,MA_4068,4987895,4987895,0,0.0,False
MA_RS21235,MA_4069,4989001,4989262,261,87.0,False
MA_RS21240,MA_4070,4989218,4989248,-30,-10.0,False
MA_RS21245,MA_4071,4989866,4989860,6,2.0,False
MA_RS21250,MA_4072,4990537,4990534,3,1.0,False
MA_RS21260,MA_4074,4991487,4991466,21,7.0,False
MA_RS21265,MA_4075,4993189,4993189,0,0.0,False
MA_RS21270,MA_4076,4994069,4994078,9,3.0,False
MA_RS21275,MA_4077,4996134,4995855,-279,-93.0,False
MA_RS21280,MA_4078,4998629,4998575,-54,-18.0,False
MA_RS21285,MA_4079,4999225,4999216,9,3.0,False
MA_RS21295,MA_4081,5003095,5003095,0,0.0,False
MA_RS21300,MA_4082,5003360,5003360,0,0.0,False
MA_RS21305,MA_4083,5007351,5007351,0,0.0,False
MA_RS21310,MA_4084,5008042,5008042,0,0.0,False
MA_RS21320,MA_4085,5010058,5010058,0,0.0,False
MA_RS21325,MA_4086,5010139,5010139,0,0.0,False
MA_RS21330,MA_4087,5010454,5010454,0,0.0,False
MA_RS21335,MA_4088,5011801,5011792,9,3.0,False
MA_RS21340,MA_4089,5012185,5012218,-33,-11.0,False
MA_RS21345,MA_4091,5013762,5013762,0,0.0,False
MA_RS21355,MA_4092,5015868,5015868,0,0.0,False
MA_RS21360,MA_4093,5016934,5016934,0,0.0,False
MA_RS21365,MA_4094,5017481,5017481,0,0.0,False
MA_RS21370,MA_4095,5018610,5018610,0,0.0,False
MA_RS21375,MA_4097,5019162,5019117,45,15.0,False
MA_RS21380,MA_4098,5019631,5019631,0,0.0,False
MA_RS21385,MA_4099,5020918,5020918,0,0.0,False
MA_RS21395,MA_4100,5021763,5021763,0,0.0,False
MA_RS21400,MA_4101,5023245,5023245,0,0.0,False
MA_RS21405,MA_4102,5024676,5024676,0,0.0,False
MA_RS21410,MA_4103,5027116,5027110,-6,-2.0,False
MA_RS21415,MA_4104,5027438,5027438,0,0.0,False
MA_RS21420,MA_4105,5028445,5028445,0,0.0,False
MA_RS21425,MA_4106,5029914,5029914,0,0.0,False
MA_RS21440,MA_4109,5032260,5032260,0,0.0,False
MA_RS21445,MA_4110,5032901,5032901,0,0.0,False
MA_RS21450,MA_4111,5033083,5033092,9,3.0,False
MA_RS21455,MA_4112,5033794,5033794,0,0.0,False
MA_RS21460,MA_4113,5034095,5034095,0,0.0,False
MA_RS21465,MA_4115,5035172,5035172,0,0.0,False
MA_RS21470,MA_4116,5035546,5035546,0,0.0,False
MA_RS21475,MA_4117,5036085,5036085,0,0.0,False
MA_RS21480,MA_4118,5037655,5037655,0,0.0,False
MA_RS21485,MA_4119,5038470,5038470,0,0.0,False
MA_RS21490,MA_4120,5038697,5038697,0,0.0,False
MA_RS21495,MA_4121,5039654,5039633,21,7.0,False
MA_RS21500,MA_4122,5041369,5041369,0,0.0,False
MA_RS21515,MA_4124,5043307,5043307,0,0.0,False
MA_RS21520,MA_4125,5043454,5043454,0,0.0,False
MA_RS21525,MA_4126,5043673,5043673,0,0.0,False
MA_RS21530,MA_4127,5044756,5045044,288,96.0,False
MA_RS21535,MA_4128,5045450,5045465,15,5.0,False
MA_RS21540,MA_4129,5046162,5046162,0,0.0,False
MA_RS21550,MA_4131,5047389,5047389,0,0.0,False
MA_RS21555,MA_4132,5049499,5049499,0,0.0,False
MA_RS21560,MA_4133,5050740,5050740,0,0.0,False
MA_RS21570,MA_4134,5051833,5051833,0,0.0,False
MA_RS21575,MA_4135,5053011,5053011,0,0.0,False
MA_RS21580,MA_4137,5056855,5056855,0,0.0,False
MA_RS21585,MA_4138,5057351,5057351,0,0.0,False
MA_RS21590,MA_4139,5058006,5058006,0,0.0,False
MA_RS21595,MA_4140,5058491,5058491,0,0.0,False
MA_RS21605,MA_4142,5059394,5059394,0,0.0,False
MA_RS21610,MA_4143,5059966,5059810,-156,-52.0,False
MA_RS21620,MA_4144,5060557,5060572,-15,-5.0,False
MA_RS21625,MA_4145,5061543,5061537,6,2.0,False
MA_RS21630,MA_4147,5062220,5062247,-27,-9.0,False
MA_RS21635,MA_4148,5063968,5063896,72,24.0,False
MA_RS21650,MA_4149,5066075,5066075,0,0.0,False
MA_RS21655,MA_4150,5066431,5066431,0,0.0,False
MA_RS21660,MA_4151,5067457,5067430,27,9.0,False
MA_RS21665,MA_4152,5069683,5069683,0,0.0,False
MA_RS21670,MA_4153,5070005,5069987,18,6.0,False
MA_RS21675,MA_4154,5071956,5071956,0,0.0,False
MA_RS21680,MA_4155,5072405,5072405,0,0.0,False
MA_RS21685,MA_4156,5072963,5072963,0,0.0,False
MA_RS21690,MA_4157,5074045,5074045,0,0.0,False
MA_RS21695,MA_4158,5074341,5074341,0,0.0,False
MA_RS21700,MA_4159,5076080,5076080,0,0.0,False
MA_RS21705,MA_4160,5077468,5077468,0,0.0,False
MA_RS21710,MA_4161,5078583,5078583,0,0.0,False
MA_RS21715,MA_4162,5081050,5081050,0,0.0,False
MA_RS21720,MA_4163,5083230,5083230,0,0.0,False
MA_RS21735,MA_4164,5084184,5084184,0,0.0,False
MA_RS21740,MA_4165,5085048,5085048,0,0.0,False
MA_RS21745,MA_4166,5086340,5086373,-33,-11.0,False
MA_RS21750,MA_4167,5088682,5088676,6,2.0,False
MA_RS21755,MA_4168,5090220,5090220,0,0.0,False
MA_RS21760,MA_4169,5091455,5091455,0,0.0,False
MA_RS21765,MA_4170,5093718,5093724,6,2.0,False
MA_RS21770,MA_4171,5094392,5094431,39,13.0,False
MA_RS21775,MA_4172,5095697,5095697,0,0.0,False
MA_RS21780,MA_4173,5096138,5096189,-51,-17.0,False
MA_RS21785,MA_4174,5097380,5097380,0,0.0,False
MA_RS21790,MA_4175,5098421,5098421,0,0.0,False
MA_RS21795,MA_4176,5100180,5100237,-57,-19.0,False
MA_RS21800,MA_4177,5101057,5101057,0,0.0,False
MA_RS21805,MA_4178,5101449,5101449,0,0.0,False
MA_RS21810,MA_4180,5103987,5103987,0,0.0,False
MA_RS21815,MA_4181,5104774,5104774,0,0.0,False
MA_RS21825,MA_4183,5107090,5107090,0,0.0,False
MA_RS21830,MA_4184,5108508,5108349,-159,-53.0,False
MA_RS21835,MA_4185,5109790,5109790,0,0.0,False
MA_RS21850,MA_4188,5113606,5113618,12,4.0,False
MA_RS21865,MA_4189,5114839,5114797,-42,-14.0,False
MA_RS21870,MA_4190,5115181,5115268,87,29.0,False
MA_RS21880,MA_4191,5115974,5115974,0,0.0,False
MA_RS21890,MA_4193,5118415,5118415,0,0.0,False
MA_RS21895,MA_4194,5118713,5118713,0,0.0,False
MA_RS21900,MA_4195,5119959,5119959,0,0.0,False
MA_RS21905,MA_4196,5120525,5120534,9,3.0,False
MA_RS21910,MA_4197,5121419,5121419,0,0.0,False
MA_RS21915,MA_4198,5121980,5121980,0,0.0,False
MA_RS21920,MA_4199,5122800,5122800,0,0.0,False
MA_RS21925,MA_4200,5123013,5123013,0,0.0,False
MA_RS21930,MA_4201,5123731,5123731,0,0.0,False
MA_RS21935,MA_4202,5124866,5124866,0,0.0,False
MA_RS21940,MA_4203,5126963,5126963,0,0.0,False
MA_RS21945,MA_4204,5127315,5127315,0,0.0,False
MA_RS21950,MA_4205,5129048,5129048,0,0.0,False
MA_RS21955,MA_4206,5130046,5130046,0,0.0,False
MA_RS21960,MA_4207,5130958,5130958,0,0.0,False
MA_RS21965,MA_4208,5132369,5132378,-9,-3.0,False
MA_RS21970,MA_4209,5132804,5132804,0,0.0,False
MA_RS21975,MA_4210,5134531,5134531,0,0.0,False
MA_RS22000,MA_4213,5137379,5137379,0,0.0,False
MA_RS22005,MA_4214,5138344,5138344,0,0.0,False
MA_RS22015,MA_4216,5138708,5138708,0,0.0,False
MA_RS22025,MA_4217,5140863,5140854,9,3.0,False
MA_RS22030,MA_4218,5141912,5141912,0,0.0,False
MA_RS22035,MA_4219,5143426,5143426,0,0.0,False
MA_RS22040,MA_4220,5144176,5144176,0,0.0,False
MA_RS22045,MA_4221,5145774,5145774,0,0.0,False
MA_RS22050,MA_4222,5146947,5146953,6,2.0,False
MA_RS22055,MA_4223,5147328,5147328,0,0.0,False
MA_RS22070,MA_4226,5149194,5149329,-135,-45.0,False
MA_RS22075,MA_4227,5151632,5151641,9,3.0,False
MA_RS22080,MA_4228,5152506,5152506,0,0.0,False
MA_RS22090,MA_4229,5153773,5153782,9,3.0,False
MA_RS22095,MA_4230,5154824,5154869,45,15.0,False
MA_RS22100,MA_4232,5156819,5156792,-27,-9.0,False
MA_RS22105,MA_4233,5157331,5157331,0,0.0,False
MA_RS22110,MA_4234,5159614,5159806,192,64.0,False
MA_RS22115,MA_4235,5160168,5160132,36,12.0,False
MA_RS22120,MA_4236,5161627,5161627,0,0.0,False
MA_RS22125,MA_4237,5162128,5162128,0,0.0,False
MA_RS22130,MA_4238,5163642,5163642,0,0.0,False
MA_RS22135,MA_4239,5164240,5164240,0,0.0,False
MA_RS22140,MA_4240,5165504,5165504,0,0.0,False
MA_RS22145,MA_4241,5166594,5166594,0,0.0,False
MA_RS22150,MA_4242,5167445,5167445,0,0.0,False
MA_RS22155,MA_4243,5167865,5167874,9,3.0,False
MA_RS22160,MA_4244,5168332,5168332,0,0.0,False
MA_RS22165,MA_4245,5168548,5168548,0,0.0,False
MA_RS22170,MA_4246,5168938,5168938,0,0.0,False
MA_RS22175,MA_4247,5170319,5170253,66,22.0,False
MA_RS22180,MA_4248,5172034,5172034,0,0.0,False
MA_RS22185,MA_4249,5173704,5173737,33,11.0,False
MA_RS22190,MA_4250,5174024,5174024,0,0.0,False
MA_RS22195,MA_4251,5174955,5174913,42,14.0,False
MA_RS22200,MA_4252,5175782,5175782,0,0.0,False
MA_RS22205,MA_4253,5176758,5176758,0,0.0,False
MA_RS22210,MA_4254,5177955,5177955,0,0.0,False
MA_RS22215,MA_4255,5178588,5178588,0,0.0,False
MA_RS22220,MA_4256,5179770,5179770,0,0.0,False
MA_RS22225,MA_4257,5180281,5180344,63,21.0,False
MA_RS22230,MA_4258,5181337,5181337,0,0.0,False
MA_RS22235,MA_4259,5182127,5182127,0,0.0,False
MA_RS22250,MA_4261,5183789,5183789,0,0.0,False
MA_RS22255,MA_4262,5184415,5184415,0,0.0,False
MA_RS22260,MA_4263,5185060,5185060,0,0.0,False
MA_RS22265,MA_4264,5185846,5185846,0,0.0,False
MA_RS22270,MA_4265,5188296,5188296,0,0.0,False
MA_RS22275,MA_4266,5188650,5188650,0,0.0,False
MA_RS22280,MA_4267,5190284,5190293,9,3.0,False
MA_RS22285,MA_4268,5190315,5190315,0,0.0,False
MA_RS22290,MA_4269,5191775,5191775,0,0.0,False
MA_RS22295,MA_4270,5192362,5192362,0,0.0,False
MA_RS22300,MA_4271,5192880,5192880,0,0.0,False
MA_RS22305,MA_4272,5194431,5194431,0,0.0,False
MA_RS22310,MA_4273,5194643,5194631,12,4.0,False
MA_RS22315,MA_4274,5195216,5195216,0,0.0,False
MA_RS22320,MA_4275,5195933,5195933,0,0.0,False
MA_RS22325,MA_4276,5196575,5196575,0,0.0,False
MA_RS22330,MA_4277,5197662,5197662,0,0.0,False
MA_RS22335,MA_4278,5199267,5199279,12,4.0,False
MA_RS22340,MA_4279,5200517,5200517,0,0.0,False
MA_RS22345,MA_4281,5202388,5202391,3,1.0,False
MA_RS22365,MA_4284,5208153,5208168,-15,-5.0,False
MA_RS22370,MA_4285,5213634,5213634,0,0.0,False
MA_RS22385,MA_4289,5227553,5227553,0,0.0,False
MA_RS22390,MA_4290,5233948,5233777,171,57.0,False
MA_RS22395,MA_4291,5235309,5235309,0,0.0,False
MA_RS22400,MA_4292,5242439,5242475,-36,-12.0,False
MA_RS22415,MA_4293,5250288,5250288,0,0.0,False
MA_RS22420,MA_4294,5251925,5251925,0,0.0,False
MA_RS22425,MA_4295,5258900,5258900,0,0.0,False
MA_RS22440,MA_4298,5268189,5268189,0,0.0,False
MA_RS22445,MA_4299,5269127,5269112,15,5.0,False
MA_RS22455,MA_4301,5273285,5273339,-54,-18.0,False
MA_RS22465,MA_4302,5279088,5279088,0,0.0,False
MA_RS22470,MA_4304,5279626,5279626,0,0.0,False
MA_RS22480,MA_4305,5282175,5282175,0,0.0,False
MA_RS22485,MA_4306,5289131,5289131,0,0.0,False
MA_RS22500,MA_4309,5293762,5293762,0,0.0,False
MA_RS22510,MA_4310,5298435,5298393,42,14.0,False
MA_RS22520,MA_4312,5300960,5300960,0,0.0,False
MA_RS22530,MA_4314,5308010,5308010,0,0.0,False
MA_RS22545,MA_4317,5318104,5318116,12,4.0,False
MA_RS22550,MA_4318,5319002,5319002,0,0.0,False
MA_RS22555,MA_4319,5319898,5319898,0,0.0,False
MA_RS22565,MA_4320,5321363,5321363,0,0.0,False
MA_RS22570,MA_4321,5322153,5322210,57,19.0,False
MA_RS22575,MA_4322,5322896,5322896,0,0.0,False
MA_RS22585,MA_4324,5324468,5324468,0,0.0,False
MA_RS22590,MA_4325,5325191,5325191,0,0.0,False
MA_RS22595,MA_4326,5326341,5326269,72,24.0,False
MA_RS22600,MA_4327,5327491,5327419,72,24.0,False
MA_RS22605,MA_4328,5328637,5328634,3,1.0,False
MA_RS22610,MA_4329,5331324,5331324,0,0.0,False
MA_RS22615,MA_4330,5332693,5332693,0,0.0,False
MA_RS22620,MA_4331,5333374,5333374,0,0.0,False
MA_RS22625,MA_4332,5334684,5334693,9,3.0,False
MA_RS22630,MA_4333,5335815,5335815,0,0.0,False
MA_RS22635,MA_4334,5339335,5339335,0,0.0,False
MA_RS22640,MA_4335,5340346,5340223,-123,-41.0,False
MA_RS22650,MA_4336,5341330,5341393,63,21.0,False
MA_RS22660,MA_4337,5344198,5344198,0,0.0,False
MA_RS22665,MA_4338,5344908,5344917,9,3.0,False
MA_RS22670,MA_4339,5345625,5345625,0,0.0,False
MA_RS22685,MA_4340,5346561,5346561,0,0.0,False
MA_RS22690,MA_4341,5347197,5347197,0,0.0,False
MA_RS22695,MA_4342,5347997,5347997,0,0.0,False
MA_RS22700,MA_4343,5349005,5349005,0,0.0,False
MA_RS22705,MA_4344,5350223,5350223,0,0.0,False
MA_RS22710,MA_4345,5350567,5350567,0,0.0,False
MA_RS22715,MA_4346,5352029,5352029,0,0.0,False
MA_RS22720,MA_4347,5353314,5353206,-108,-36.0,False
MA_RS22735,MA_4349,5355028,5355022,6,2.0,False
MA_RS22740,MA_4350,5356225,5356225,0,0.0,False
MA_RS22745,MA_4351,5359324,5359324,0,0.0,False
MA_RS22750,MA_4352,5362823,5362823,0,0.0,False
MA_RS22765,MA_4354,5366466,5366466,0,0.0,False
MA_RS22770,MA_4355,5368060,5368060,0,0.0,False
MA_RS22790,MA_4357,5371992,5372013,21,7.0,False
MA_RS22795,MA_4358,5372614,5372614,0,0.0,False
MA_RS22800,MA_4359,5373828,5373828,0,0.0,False
MA_RS22805,MA_4360,5374731,5374731,0,0.0,False
MA_RS22810,MA_4361,5375951,5375972,21,7.0,False
MA_RS22815,MA_4362,5376449,5376449,0,0.0,False
MA_RS22820,MA_4363,5378384,5378384,0,0.0,False
MA_RS22825,MA_4364,5380318,5380318,0,0.0,False
MA_RS22830,MA_4365,5382892,5382916,24,8.0,False
MA_RS22835,MA_4366,5383796,5383796,0,0.0,False
MA_RS22840,MA_4367,5383911,5383911,0,0.0,False
MA_RS22845,MA_4368,5385309,5385309,0,0.0,False
MA_RS22850,MA_4369,5387252,5387252,0,0.0,False
MA_RS22855,MA_4370,5388190,5388190,0,0.0,False
MA_RS22860,MA_4371,5388873,5388873,0,0.0,False
MA_RS22865,MA_4372,5390436,5390436,0,0.0,False
MA_RS22870,MA_4373,5392120,5392120,0,0.0,False
MA_RS22875,MA_4374,5392805,5392760,45,15.0,False
MA_RS22880,MA_4375,5394084,5394084,0,0.0,False
MA_RS22885,MA_4376,5395493,5395499,6,2.0,False
MA_RS22890,MA_4377,5398551,5398551,0,0.0,False
MA_RS22895,MA_4378,5401918,5401918,0,0.0,False
MA_RS22900,MA_4379,5402478,5402469,9,3.0,False
MA_RS22905,MA_4380,5403822,5403822,0,0.0,False
MA_RS22910,MA_4381,5406278,5406278,0,0.0,False
MA_RS22915,MA_4382,5408423,5408234,189,63.0,False
MA_RS22920,MA_4383,5410492,5410549,57,19.0,False
MA_RS22925,MA_4384,5411710,5411710,0,0.0,False
MA_RS22930,MA_4385,5413906,5413906,0,0.0,False
MA_RS22935,MA_4386,5414799,5414799,0,0.0,False
MA_RS22945,MA_4389,5417074,5417074,0,0.0,False
MA_RS22955,MA_4391,5419261,5419261,0,0.0,False
MA_RS22960,MA_4392,5420052,5420052,0,0.0,False
MA_RS22965,MA_4393,5421493,5421493,0,0.0,False
MA_RS22970,MA_4394,5422491,5422434,57,19.0,False
MA_RS22975,MA_4395,5424079,5424079,0,0.0,False
MA_RS22980,MA_4396,5426252,5426246,6,2.0,False
MA_RS22985,MA_4397,5428320,5428320,0,0.0,False
MA_RS22990,MA_4398,5429469,5429469,0,0.0,False
MA_RS22995,MA_4399,5433299,5433299,0,0.0,False
MA_RS23000,MA_4400,5434151,5434163,12,4.0,False
MA_RS23010,MA_4401,5434643,5434643,0,0.0,False
MA_RS23015,MA_4402,5435952,5435952,0,0.0,False
MA_RS23020,MA_4403,5436633,5436633,0,0.0,False
MA_RS23025,MA_4404,5437758,5437656,102,34.0,False
MA_RS23030,MA_4405,5438765,5438765,0,0.0,False
MA_RS23035,MA_4406,5439875,5439875,0,0.0,False
MA_RS23040,MA_4407,5440600,5440600,0,0.0,False
MA_RS23045,MA_4408,5442559,5442553,6,2.0,False
MA_RS23050,MA_4409,5442924,5442900,24,8.0,False
MA_RS23055,MA_4410,5443811,5443811,0,0.0,False
MA_RS23060,MA_4411,5448121,5448175,54,18.0,False
MA_RS23065,MA_4413,5449038,5449038,0,0.0,False
MA_RS23070,MA_4414,5451429,5451429,0,0.0,False
MA_RS23075,MA_4415,5452192,5452192,0,0.0,False
MA_RS23080,MA_4416,5452624,5452624,0,0.0,False
MA_RS23085,MA_4417,5453775,5453799,24,8.0,False
MA_RS23090,MA_4418,5454709,5454721,12,4.0,False
MA_RS23095,MA_4419,5454844,5454844,0,0.0,False
MA_RS23100,MA_4420,5456590,5456581,9,3.0,False
MA_RS23105,MA_4421,5457549,5457549,0,0.0,False
MA_RS23110,MA_4422,5458893,5458893,0,0.0,False
MA_RS23120,MA_4424,5469998,5469938,-60,-20.0,False
MA_RS23125,MA_4425,5470577,5470577,0,0.0,False
MA_RS23130,MA_4426,5471319,5471319,0,0.0,False
MA_RS23135,MA_4427,5471993,5471993,0,0.0,False
MA_RS23140,MA_4428,5473520,5473520,0,0.0,False
MA_RS23145,MA_4429,5474256,5474256,0,0.0,False
MA_RS23150,MA_4430,5474669,5474660,9,3.0,False
MA_RS23155,MA_4431,5476154,5476154,0,0.0,False
MA_RS23160,MA_4432,5476881,5476881,0,0.0,False
MA_RS23165,MA_4433,5477043,5477043,0,0.0,False
MA_RS23170,MA_4434,5478045,5478045,0,0.0,False
MA_RS23175,MA_4435,5478920,5478920,0,0.0,False
MA_RS23180,MA_4436,5479033,5479033,0,0.0,False
MA_RS23185,MA_4437,5479856,5479856,0,0.0,False
MA_RS23190,MA_4438,5482556,5482610,54,18.0,False
MA_RS23195,MA_4440,5484156,5484156,0,0.0,False
MA_RS23205,MA_4442,5486734,5486695,39,13.0,False
MA_RS23210,MA_4444,5489742,5489724,18,6.0,False
MA_RS23215,MA_4445,5492009,5492009,0,0.0,False
MA_RS23220,MA_4446,5494242,5494242,0,0.0,False
MA_RS23230,MA_4448,5495669,5495669,0,0.0,False
MA_RS23235,MA_4449,5496815,5496806,9,3.0,False
MA_RS23240,MA_4450,5498846,5498822,24,8.0,False
MA_RS23245,MA_4451,5500781,5500781,0,0.0,False
MA_RS23250,MA_4452,5502064,5502064,0,0.0,False
MA_RS23255,MA_4453,5503035,5503035,0,0.0,False
MA_RS23260,MA_4454,5504074,5504074,0,0.0,False
MA_RS23265,MA_4455,5505131,5505131,0,0.0,False
MA_RS23270,MA_4456,5506010,5506019,9,3.0,False
MA_RS23275,MA_4457,5506259,5506259,0,0.0,False
MA_RS23280,MA_4458,5507514,5507514,0,0.0,False
MA_RS23285,MA_4459,5508694,5508763,69,23.0,False
MA_RS23290,MA_4460,5508886,5508874,12,4.0,False
MA_RS23295,MA_4461,5511484,5511484,0,0.0,False
MA_RS23305,MA_4463,5514681,5514681,0,0.0,False
MA_RS23310,MA_4464,5515660,5515660,0,0.0,False
MA_RS23315,MA_4465,5516195,5516126,69,23.0,False
MA_RS23320,MA_4466,5517084,5517015,69,23.0,False
MA_RS23330,MA_4469,5519140,5519068,72,24.0,False
MA_RS23335,MA_4470,5520335,5520323,12,4.0,False
MA_RS23340,MA_4472,5521340,5521340,0,0.0,False
MA_RS23345,MA_4473,5521605,5521605,0,0.0,False
MA_RS23350,MA_4474,5522477,5522477,0,0.0,False
MA_RS23355,MA_4475,5524129,5524129,0,0.0,False
MA_RS23360,MA_4476,5524672,5524672,0,0.0,False
MA_RS23365,MA_4477,5525113,5525113,0,0.0,False
MA_RS23370,MA_4478,5526404,5526404,0,0.0,False
MA_RS23375,MA_4479,5527112,5527112,0,0.0,False
MA_RS23380,MA_4480,5528610,5528610,0,0.0,False
MA_RS23385,MA_4481,5530627,5530627,0,0.0,False
MA_RS23390,MA_4482,5531544,5531469,-75,-25.0,False
MA_RS23395,MA_4483,5531741,5531660,81,27.0,False
MA_RS23400,MA_4484,5533428,5533458,30,10.0,False
MA_RS23405,MA_4485,5533711,5533711,0,0.0,False
MA_RS23410,MA_4486,5534201,5534201,0,0.0,False
MA_RS23415,MA_4487,5534806,5534806,0,0.0,False
MA_RS23420,MA_4488,5535531,5535558,-27,-9.0,False
MA_RS23425,MA_4489,5536163,5536175,-12,-4.0,False
MA_RS23430,MA_4490,5536748,5536748,0,0.0,False
MA_RS23435,MA_4491,5537374,5537407,-33,-11.0,False
MA_RS23440,MA_4492,5538003,5538003,0,0.0,False
MA_RS23445,MA_4493,5538615,5538615,0,0.0,False
MA_RS23450,MA_4494,5539239,5539239,0,0.0,False
MA_RS23460,MA_4497,5540602,5540602,0,0.0,False
MA_RS23465,MA_4498,5541496,5541481,15,5.0,False
MA_RS23470,MA_4499,5542381,5542444,-63,-21.0,False
MA_RS23475,MA_4500,5543651,5543651,0,0.0,False
MA_RS23480,MA_4501,5544258,5544258,0,0.0,False
MA_RS23485,MA_4502,5545181,5545181,0,0.0,False
MA_RS23490,MA_4503,5545766,5545766,0,0.0,False
MA_RS23495,MA_4504,5546145,5546055,90,30.0,False
MA_RS23500,MA_4505,5547697,5547697,0,0.0,False
MA_RS23510,MA_4506,5551633,5551651,18,6.0,False
MA_RS23515,MA_4507,5554692,5554692,0,0.0,False
MA_RS23525,MA_4510,5556920,5556926,6,2.0,False
MA_RS23530,MA_4511,5557403,5557403,0,0.0,False
MA_RS23535,MA_4512,5558508,5558508,0,0.0,False
MA_RS23540,MA_4513,5559546,5559522,24,8.0,False
MA_RS23545,MA_4514,5561129,5561129,0,0.0,False
MA_RS23550,MA_4515,5562088,5562088,0,0.0,False
MA_RS23555,MA_4516,5562712,5562712,0,0.0,False
MA_RS23560,MA_4517,5563124,5563073,51,17.0,False
MA_RS23565,MA_4518,5564326,5564278,48,16.0,False
MA_RS23570,MA_4519,5566163,5566163,0,0.0,False
MA_RS23575,MA_4520,5566780,5566780,0,0.0,False
MA_RS23580,MA_4521,5568780,5568780,0,0.0,False
MA_RS23585,MA_4522,5569184,5569184,0,0.0,False
MA_RS23590,MA_4523,5569478,5569475,3,1.0,False
MA_RS23595,MA_4524,5570906,5570906,0,0.0,False
MA_RS23600,MA_4525,5573281,5573293,12,4.0,False
MA_RS23605,MA_4527,5573662,5573662,0,0.0,False
MA_RS23615,MA_4529,5576014,5576014,0,0.0,False
MA_RS23625,MA_4531,5579431,5579089,-342,-114.0,False
MA_RS23630,MA_4532,5580386,5580380,-6,-2.0,False
MA_RS23635,MA_4533,5581396,5581396,0,0.0,False
MA_RS23640,MA_4534,5583155,5583155,0,0.0,False
MA_RS23645,MA_4535,5583805,5583805,0,0.0,False
MA_RS23650,MA_4536,5584920,5584971,51,17.0,False
MA_RS23655,MA_4537,5586486,5586252,-234,-78.0,False
MA_RS23660,MA_4538,5587455,5587545,90,30.0,False
MA_RS23670,MA_4540,5588911,5588911,0,0.0,False
MA_RS23675,MA_4541,5589531,5589531,0,0.0,False
MA_RS23680,MA_4542,5591063,5591063,0,0.0,False
MA_RS23685,MA_4543,5592477,5592438,39,13.0,False
MA_RS23690,MA_4544,5593231,5593231,0,0.0,False
MA_RS23695,MA_4545,5595442,5595442,0,0.0,False
MA_RS23700,MA_4546,5598387,5598387,0,0.0,False
MA_RS23705,MA_4547,5599144,5599144,0,0.0,False
MA_RS23710,MA_4548,5599766,5599766,0,0.0,False
MA_RS23715,MA_4549,5600285,5600285,0,0.0,False
MA_RS23720,MA_4550,5601614,5601614,0,0.0,False
MA_RS23725,MA_4551,5602034,5602034,0,0.0,False
MA_RS23730,MA_4552,5607067,5607067,0,0.0,False
MA_RS23735,MA_4553,5607346,5607376,30,10.0,False
MA_RS23740,MA_4554,5608522,5608522,0,0.0,False
MA_RS23745,MA_4555,5609945,5609945,0,0.0,False
MA_RS23750,MA_4556,5611435,5611474,39,13.0,False
MA_RS23765,MA_4558,5614909,5614909,0,0.0,False
MA_RS23770,MA_4559,5616667,5616667,0,0.0,False
MA_RS23775,MA_4560,5617538,5617538,0,0.0,False
MA_RS23780,MA_4561,5620557,5620557,0,0.0,False
MA_RS23785,MA_4562,5622606,5622606,0,0.0,False
MA_RS23790,MA_4563,5624799,5624799,0,0.0,False
MA_RS23795,MA_4564,5625952,5626000,48,16.0,False
MA_RS23800,MA_4565,5626458,5626488,30,10.0,False
MA_RS23805,MA_4566,5627207,5627207,0,0.0,False
MA_RS23810,MA_4567,5627422,5627482,60,20.0,False
MA_RS23815,MA_4568,5627976,5627976,0,0.0,False
MA_RS23820,MA_4569,5629541,5629529,-12,-4.0,False
MA_RS23825,MA_4570,5629963,5629963,0,0.0,False
MA_RS23830,MA_4665,5630411,5630411,0,0.0,False
MA_RS23835,MA_4572,5632831,5632831,0,0.0,False
MA_RS23845,MA_4573,5634694,5634694,0,0.0,False
MA_RS23850,MA_4574,5635252,5635252,0,0.0,False
MA_RS23855,MA_4575,5637673,5637673,0,0.0,False
MA_RS23860,MA_4576,5638362,5638362,0,0.0,False
MA_RS23865,MA_4577,5638852,5638852,0,0.0,False
MA_RS23870,MA_4578,5641071,5641101,30,10.0,False
MA_RS23885,MA_4580,5642884,5642902,18,6.0,False
MA_RS23895,MA_4581,5644192,5644210,18,6.0,False
MA_RS23900,MA_4582,5644562,5644562,0,0.0,False
MA_RS23905,MA_4583,5645706,5645706,0,0.0,False
MA_RS23910,MA_4584,5646116,5646116,0,0.0,False
MA_RS23915,MA_4585,5646265,5646265,0,0.0,False
MA_RS23935,MA_4587,5648960,5648960,0,0.0,False
MA_RS23955,MA_4590,5666345,5666345,0,0.0,False
MA_RS23960,MA_4591,5666859,5666859,0,0.0,False
MA_RS23965,MA_4592,5667764,5667764,0,0.0,False
MA_RS23970,MA_4593,5669066,5669066,0,0.0,False
MA_RS23975,MA_4594,5669791,5669791,0,0.0,False
MA_RS23980,MA_4595,5670630,5670630,0,0.0,False
MA_RS23985,MA_4596,5672228,5672138,90,30.0,False
MA_RS23990,MA_4597,5674669,5674669,0,0.0,False
MA_RS23995,MA_4598,5675625,5675628,3,1.0,False
MA_RS24000,MA_4599,5676449,5676455,6,2.0,False
MA_RS24005,MA_4600,5677450,5677450,0,0.0,False
MA_RS24010,MA_4601,5679218,5679245,27,9.0,False
MA_RS24015,MA_4602,5679873,5679873,0,0.0,False
MA_RS24025,MA_4604,5680339,5680345,-6,-2.0,False
MA_RS24030,MA_4605,5681476,5681476,0,0.0,False
MA_RS24035,MA_4606,5682540,5682534,6,2.0,False
MA_RS24040,MA_4607,5684245,5684245,0,0.0,False
MA_RS24045,MA_4608,5685484,5685484,0,0.0,False
MA_RS24050,MA_4609,5686324,5686360,36,12.0,False
MA_RS24060,MA_4610,5687486,5687486,0,0.0,False
MA_RS24065,MA_4611,5688069,5688042,27,9.0,False
MA_RS24085,MA_4615,5695744,5695744,0,0.0,False
MA_RS24090,MA_4616,5697439,5697439,0,0.0,False
MA_RS24095,MA_4617,5698281,5698281,0,0.0,False
MA_RS24100,MA_4618,5699337,5698953,384,128.0,False
MA_RS24110,MA_4620,5702451,5702451,0,0.0,False
MA_RS24115,MA_4621,5703053,5703053,0,0.0,False
MA_RS24120,MA_4622,5704594,5704594,0,0.0,False
MA_RS24125,MA_4623,5705462,5705582,120,40.0,False
MA_RS24130,MA_4624,5705824,5705863,39,13.0,False
MA_RS24140,MA_4626,5708281,5708281,0,0.0,False
MA_RS24150,MA_4628,5711000,5711030,30,10.0,False
MA_RS24155,MA_4629,5712449,5712449,0,0.0,False
MA_RS24160,MA_4630,5714019,5714028,9,3.0,False
MA_RS24165,MA_4631,5715395,5715536,141,47.0,False
MA_RS24170,MA_4632,5715639,5715639,0,0.0,False
MA_RS24175,MA_4633,5717720,5717717,3,1.0,False
MA_RS24180,MA_4634,5718512,5718512,0,0.0,False
MA_RS24185,MA_4635,5720485,5720485,0,0.0,False
MA_RS24190,MA_4636,5722007,5722007,0,0.0,False
MA_RS24195,MA_4637,5723568,5723568,0,0.0,False
MA_RS24200,MA_4638,5725410,5725410,0,0.0,False
MA_RS24205,MA_4640,5726681,5726672,9,3.0,False
MA_RS24210,MA_4641,5727367,5727367,0,0.0,False
MA_RS24215,MA_4642,5728022,5728022,0,0.0,False
MA_RS24220,MA_4643,5728534,5728534,0,0.0,False
MA_RS24225,MA_4644,5734280,5734283,3,1.0,False
MA_RS24230,MA_4645,5735021,5735021,0,0.0,False
MA_RS24240,MA_4647,5737506,5737506,0,0.0,False
MA_RS24245,MA_4648,5738490,5738490,0,0.0,False
MA_RS24250,MA_4649,5739655,5739655,0,0.0,False
MA_RS24255,MA_4650,5741085,5741085,0,0.0,False
MA_RS24260,MA_4651,5742241,5742193,48,16.0,False
MA_RS24265,MA_4652,5744022,5744022,0,0.0,False
MA_RS24270,MA_4653,5744219,5744219,0,0.0,False
MA_RS24275,MA_4654,5745796,5745796,0,0.0,False
MA_RS24280,MA_4655,5746967,5746946,21,7.0,False
MA_RS24285,MA_4656,5747851,5747917,-66,-22.0,False
MA_RS24295,MA_4658,5749764,5749764,0,0.0,False
MA_RS24300,MA_4659,5750505,5750520,15,5.0,False
MA_RS24305,MA_4660,5751244,5751247,3,1.0,False
MA_RS24315,MA_0079,92000,91916,84,28.0,False
MA_RS24325,MA_0188,225017,225017,0,0.0,False
MA_RS24330,MA_0221,267910,267910,0,0.0,False
MA_RS24335,MA_0225,271766,271721,45,15.0,False
MA_RS24350,MA_0488,567850,567952,-102,-34.0,False
MA_RS24355,MA_0500,583586,583586,0,0.0,False
MA_RS24380,MA_0960,1146589,1146694,105,35.0,False
MA_RS24390,MA_0970,1157351,1157294,57,19.0,False
MA_RS24395,MA_1000,1191973,1191940,33,11.0,False
MA_RS24400,MA_1126,1331057,1330931,126,42.0,False
MA_RS24405,MA_1178,1398528,1398558,-30,-10.0,False
MA_RS24415,MA_1332,1599389,1599389,0,0.0,False
MA_RS24425,MA_1356,1625372,1625372,0,0.0,False
MA_RS24430,MA_1463,1731026,1731026,0,0.0,False
MA_RS24435,MA_1508,1778369,1778297,72,24.0,False
MA_RS24440,MA_1510,1781592,1781526,66,22.0,False
MA_RS24445,MA_1516,1794234,1794234,0,0.0,False
MA_RS24455,MA_1626,1939204,1939204,0,0.0,False
MA_RS24460,MA_1660,1992185,1992098,87,29.0,False
MA_RS24465,MA_1692,2031478,2031478,0,0.0,False
MA_RS24470,MA_1699,2037452,2037452,0,0.0,False
MA_RS24475,MA_1764,2155154,2155169,15,5.0,False
MA_RS24495,MA_1844,2276755,2276755,0,0.0,False
MA_RS24500,MA_1866,2303333,2303318,-15,-5.0,False
MA_RS24515,MA_1920,2373553,2373562,9,3.0,False
MA_RS24520,MA_1936,2389751,2389751,0,0.0,False
MA_RS24525,MA_1991,2468424,2468460,36,12.0,False
MA_RS24535,MA_2017,2506369,2506285,-84,-28.0,False
MA_RS24540,MA_2041,2531972,2531972,0,0.0,False
MA_RS24545,MA_2043,2533435,2533810,375,125.0,False
MA_RS24550,MA_2060,2555167,2555167,0,0.0,False
MA_RS24555,MA_2075,2568427,2568418,9,3.0,False
MA_RS24560,MA_2102,2604769,2604778,9,3.0,False
MA_RS24565,MA_2155,2665118,2665118,0,0.0,False
MA_RS24570,MA_2196,2702383,2702476,-93,-31.0,False
MA_RS24585,MA_2283,2805430,2805430,0,0.0,False
MA_RS24590,MA_2284,2806534,2806456,78,26.0,False
MA_RS24595,MA_2328,2866121,2866121,0,0.0,False
MA_RS24605,MA_2397,2967941,2967830,111,37.0,False
MA_RS24610,MA_2580,3207833,3207833,0,0.0,False
MA_RS24635,MA_2684,3334485,3334485,0,0.0,False
MA_RS24650,MA_2760,3443944,3443980,36,12.0,False
MA_RS24655,MA_2765,3450145,3450154,9,3.0,False
MA_RS24675,MA_2794,3485995,3485995,0,0.0,False
MA_RS24715,MA_2996,3732479,3732479,0,0.0,False
MA_RS24730,MA_3101,3851064,3851040,24,8.0,False
MA_RS24735,MA_3187,3948380,3948380,0,0.0,False
MA_RS24745,MA_3229,3989937,3989937,0,0.0,False
MA_RS24750,MA_3266,4031131,4031131,0,0.0,False
MA_RS24755,MA_3293,4062907,4062850,57,19.0,False
MA_RS24765,MA_3370,4164504,4164504,0,0.0,False
MA_RS24770,MA_3471,4295529,4295559,30,10.0,False
MA_RS24775,MA_3543,4382156,4382186,30,10.0,False
MA_RS24790,MA_3597,4437669,4437678,9,3.0,False
MA_RS24800,MA_3654,4505991,4505991,0,0.0,False
MA_RS24805,MA_3664,4517282,4517450,168,56.0,False
MA_RS24810,MA_3765,4650403,4650403,0,0.0,False
MA_RS24815,MA_3805,4692974,4692983,9,3.0,False
MA_RS24820,MA_3842,4722647,4722647,0,0.0,False
MA_RS24830,MA_4003,4909666,4909666,0,0.0,False
MA_RS24845,MA_4315,5309826,5309826,0,0.0,False
MA_RS24880,MA_4579,5642140,5642167,27,9.0,False
MA_RS24890,MA_4619,5702285,5702303,18,6.0,False
MA_RS24925,MA_0230,276950,276950,0,0.0,False
MA_RS24975,MA_0446,526435,526483,48,16.0,False
MA_RS24980,MA_0450,529351,529351,0,0.0,False
MA_RS25000,MA_0551,640700,640700,0,0.0,False
MA_RS25015,MA_0643,757043,757043,0,0.0,False
MA_RS25080,MA_0906,1085227,1085227,0,0.0,False
MA_RS25090,MA_0957,1142001,1142001,0,0.0,False
MA_RS25175,MA_1330,1597712,1597712,0,0.0,False
MA_RS25185,MA_1336,1602564,1602591,-27,-9.0,False
MA_RS25190,MA_1337,1602931,1602916,15,5.0,False
MA_RS25205,MA_1509,1780861,1780852,9,3.0,False
MA_RS25220,MA_1550,1833943,1833943,0,0.0,False
MA_RS25245,MA_1687,2025402,2025480,78,26.0,False
MA_RS25375,MA_4672,2180370,2180370,0,0.0,False
MA_RS25435,MA_1918,2370274,2370226,48,16.0,False
MA_RS25475,MA_2120,2626351,2626351,0,0.0,False
MA_RS25490,MA_2166,2674040,2674040,0,0.0,False
MA_RS25495,MA_2248,2765025,2765025,0,0.0,False
MA_RS25550,MA_2399,2971346,2971346,0,0.0,False
MA_RS25580,MA_2492,3089878,3089878,0,0.0,False
MA_RS25605,MA_2656,3290073,3290082,9,3.0,False
MA_RS25635,MA_2709,3372616,3372616,0,0.0,False
MA_RS25655,MA_2758,3442026,3442026,0,0.0,False
MA_RS25665,MA_2770,3453640,3453751,-111,-37.0,False
MA_RS25670,MA_4670,3455361,3455361,0,0.0,False
MA_RS25685,MA_2799,3492840,3492816,-24,-8.0,False
MA_RS25695,MA_2800,3493235,3493235,0,0.0,False
MA_RS25780,MA_3194,3956023,3956023,0,0.0,False
MA_RS25815,MA_3316,4090404,4090461,57,19.0,False
MA_RS25820,MA_3350,4137387,4137588,201,67.0,False
MA_RS25835,MA_3368,4157233,4157233,0,0.0,False
MA_RS25855,MA_3422,4227273,4227273,0,0.0,False
MA_RS25870,MA_3425,4229506,4229506,0,0.0,False
MA_RS25880,MA_3489,4315028,4315028,0,0.0,False
MA_RS25900,MA_3578,4419809,4419917,-108,-36.0,False
MA_RS25905,MA_3620,4464896,4464650,-246,-82.0,False
MA_RS26010,MA_3843,4725091,4725091,0,0.0,False
MA_RS26015,MA_3844,4725631,4725592,39,13.0,False
MA_RS26070,MA_4114,5034270,5034270,0,0.0,False
MA_RS26105,MA_4280,5202082,5202091,9,3.0,False
MA_RS26120,MA_4297,5262623,5262623,0,0.0,False
MA_RS26235,MA_1892,2331954,2331954,0,0.0,False
MA_RS26250,MA_2261,2783002,2783002,0,0.0,False
MA_RS26425,MA_0423,503887,503887,0,0.0,False
MA_RS26460,MA_0580,684341,684341,0,0.0,False
MA_RS26590,MA_1124,1329593,1329575,18,6.0,False
MA_RS26640,MA_1301,1561019,1561019,0,0.0,False
MA_RS26675,MA_1365,1634671,1634671,0,0.0,False
MA_RS26695,MA_1542,1823937,1823937,0,0.0,False
MA_RS26865,MA_2035,2528227,2528227,0,0.0,False
MA_RS26905,MA_2222,2732681,2732681,0,0.0,False
MA_RS26930,MA_2236,2749650,2749650,0,0.0,False
MA_RS26975,MA_2312,2847184,2847184,0,0.0,False
MA_RS26990,MA_2330,2868312,2868312,0,0.0,False
MA_RS26995,MA_2338,2878365,2878407,-42,-14.0,False
MA_RS27165,MA_2747,3428458,3428458,0,0.0,False
MA_RS27210,MA_2795,3488579,3488054,525,175.0,False
MA_RS27305,MA_3037,3774512,3774488,24,8.0,False
MA_RS27310,MA_3053,3793292,3793295,3,1.0,False
MA_RS27345,MA_3220,3984785,3984821,36,12.0,False
MA_RS27390,MA_3384,4183310,4183310,0,0.0,False
MA_RS27410,MA_3442,4246960,4247182,222,74.0,False
MA_RS27435,MA_3521,4356870,4356852,18,6.0,False
MA_RS27455,MA_3571,4412954,4412909,45,15.0,False
MA_RS27660,MA_4141,5058892,5058892,0,0.0,False
MA_RS27665,MA_4179,5103005,5102945,60,20.0,False
MA_RS27915,MA_2117,2621385,2621385,0,0.0,False
MA_RS28005,MA_4090,5012735,5012735,0,0.0,False
MA_RS28115,MA_1242,1476947,1476947,0,0.0,False
MA_RS28120,MA_2943,3675620,3675620,0,0.0,False
MA_RS28135,MA_0396,478454,478454,0,0.0,False
MA_RS28160,MA_1067,1278596,1278596,0,0.0,False
MA_RS28170,MA_1761,2136817,2136817,0,0.0,False
MA_RS28185,MA_1767,2166249,2166249,0,0.0,False
MA_RS28190,MA_1830,2249916,2249916,0,0.0,False
MA_RS28195,MA_2006,2488752,2488758,6,2.0,False
MA_RS28215,MA_2750,3431807,3431837,30,10.0,False
MA_RS28220,MA_2778,3463548,3463455,-93,-31.0,False
MA_RS28285,MA_0353,422128,422053,-75,-25.0,False
MA_RS28290,MA_0354,422331,422331,0,0.0,False
MA_RS28300,MA_0435,515988,515988,0,0.0,False
MA_RS28335,MA_0524,611840,611747,93,31.0,False
MA_RS28350,MA_0733,853879,853870,9,3.0,False
MA_RS28380,MA_0850,998273,998273,0,0.0,False
MA_RS28395,MA_0864,1027569,1027569,0,0.0,False
MA_RS28410,MA_0945,1125466,1125466,0,0.0,False
MA_RS28425,MA_0992,1184641,1184641,0,0.0,False
MA_RS28435,MA_0998,1189519,1189417,102,34.0,False
MA_RS28475,MA_1292,1547653,1547653,0,0.0,False
MA_RS28480,MA_1294,1552974,1552974,0,0.0,False
MA_RS28495,MA_1358,1627226,1627226,0,0.0,False
MA_RS28500,MA_1420,1688910,1688874,-36,-12.0,False
MA_RS28535,MA_1762,2149776,2149776,0,0.0,False
MA_RS28540,MA_1766,2161430,2161466,36,12.0,False
MA_RS28555,MA_1996,2472463,2472463,0,0.0,False
MA_RS28560,MA_2015,2500613,2500613,0,0.0,False
MA_RS28585,MA_2101,2601892,2601882,10,3.3333333333333335,True
MA_RS28610,MA_2302,2833234,2833234,0,0.0,False
MA_RS28645,MA_2385,2954363,2954363,0,0.0,False
MA_RS28665,MA_2466,3061074,3061173,99,33.0,False
MA_RS28705,MA_2638,3268419,3268419,0,0.0,False
MA_RS28715,MA_2661,3295464,3295464,0,0.0,False
MA_RS28720,MA_2662,3296239,3296239,0,0.0,False
MA_RS28740,MA_2675,3319035,3319077,42,14.0,False
MA_RS28745,MA_2697,3358778,3358796,18,6.0,False
MA_RS28765,MA_2755,3436678,3436714,36,12.0,False
MA_RS28790,MA_2784,3469328,3469328,0,0.0,False
MA_RS28795,MA_2789,3476145,3476162,17,5.666666666666667,True
MA_RS28800,MA_2793,3479655,3479652,3,1.0,False
MA_RS28805,MA_4678,3500702,3500702,0,0.0,False
MA_RS28825,MA_2864,3579780,3579780,0,0.0,False
MA_RS28840,MA_2926,3654103,3654109,6,2.0,False
MA_RS28850,MA_2956,3688450,3688450,0,0.0,False
MA_RS28875,MA_3133,3893955,3893964,9,3.0,False
MA_RS28880,MA_3159,3919782,3919782,0,0.0,False
MA_RS28885,MA_3176,3935952,3935952,0,0.0,False
MA_RS28900,MA_3218,3982554,3982554,0,0.0,False
MA_RS28905,MA_3272,4038674,4038740,66,22.0,False
MA_RS28915,MA_3274,4040179,4040038,-141,-47.0,False
MA_RS28930,MA_3386,4184814,4184814,0,0.0,False
MA_RS28960,MA_3567,4410795,4410795,0,0.0,False
MA_RS28985,MA_3698,4559276,4559276,0,0.0,False
MA_RS28990,MA_3699,4568131,4568248,117,39.0,False
MA_RS28995,MA_3700,4575284,4575284,0,0.0,False
MA_RS29005,MA_3774,4659692,4659692,0,0.0,False
MA_RS29025,MA_3930,4828629,4828578,-51,-17.0,False
MA_RS29040,MA_4136,5054731,5054731,0,0.0,False
MA_RS29100,MA_4356,5371207,5371207,0,0.0,False
MA_RS29115,MA_4467,5518244,5518244,0,0.0,False
MA_RS29120,MA_4468,5518498,5518639,-141,-47.0,False
MA_RS29130,MA_4586,5647611,5647611,0,0.0,False
MA_RS29135,MA_4588,5659469,5659469,0,0.0,False
MA_RS29140,MA_4589,5664559,5664562,3,1.0,False
MA_RS29170,MA_1527,1805722,1805731,9,3.0,False
MA_RS29290,MA_0851,1006981,1006981,0,0.0,False
MA_RS29315,MA_1297,1554636,1554636,0,0.0,False
MA_RS29330,MA_1501,1771355,1771355,0,0.0,False
MA_RS29335,MA_1502,1771635,1771626,9,3.0,False
MA_RS29425,MA_2359,2910491,2910491,0,0.0,False
MA_RS29435,MA_2612,3243384,3243384,0,0.0,False
MA_RS29450,MA_2721,3391407,3391407,0,0.0,False
MA_RS29480,MA_3001,3736514,3736499,15,5.0,False
MA_RS29485,MA_3002,3736971,3736971,0,0.0,False
MA_RS29510,MA_3209,3973421,3973421,0,0.0,False
MA_RS29585,MA_4283,5204062,5204098,36,12.0,False
MA_RS29590,MA_4287,5219872,5219872,0,0.0,False
MA_RS29630,MA_1549,1832680,1832680,0,0.0,False
MA_RS29665,MA_2757,3440454,3440454,0,0.0,False
MA_RS29680,MA_3936,4832562,4832562,0,0.0,False
MA_RS29695,MA_0485,564629,564587,42,14.0,False
MA_RS29705,MA_0816,951449,951449,0,0.0,False
MA_RS29710,MA_0817,951902,951902,0,0.0,False
MA_RS29720,MA_1017,1217171,1217171,0,0.0,False
MA_RS29730,MA_1044,1246528,1246528,0,0.0,False
MA_RS29795,MA_2174,2680159,2680159,0,0.0,False
MA_RS29815,MA_2598,3226417,3226414,3,1.0,False
