# Program:featureCounts v2.1.1; Command:"featureCounts" "-p" "-t" "gene" "-g" "locus_tag" "-a" "/home/nyako/projects/ProteinHunter/data/databases/target/methanosarcina_acetivorans/ncbi_dataset/data/GCF_000007345.1/genomic.gff" "-o" "counts/counts.txt" "-T" "8" "bam/SRR20281608.sorted.bam" "bam/SRR20281609.sorted.bam" "bam/SRR20281610.sorted.bam" "bam/SRR20281611.sorted.bam" "bam/SRR20280855.sorted.bam" "bam/SRR20280860.sorted.bam" 
Geneid	Chr	Start	End	Strand	Length	bam/SRR20281608.sorted.bam	bam/SRR20281609.sorted.bam	bam/SRR20281610.sorted.bam	bam/SRR20281611.sorted.bam	bam/SRR20280855.sorted.bam	bam/SRR20280860.sorted.bam
MA_RS00005	NC_003552.1	266	1510	-	1245	28206	21047	19478	13994	16345	17959
MA_RS00010	NC_003552.1	3805	5349	+	1545	2722	2578	2351	1973	1580	2072
MA_RS00015	NC_003552.1	7361	8134	-	774	309	367	159	227	208	243
MA_RS00020	NC_003552.1	8131	9375	-	1245	3257	3508	5051	3849	16421	17696
MA_RS00025	NC_003552.1	9571	10758	+	1188	5671	5059	4142	3207	3099	3586
MA_RS00030	NC_003552.1	11359	12453	+	1095	9302	7912	7200	4884	8634	11182
MA_RS00035	NC_003552.1	13031	14572	+	1542	18820	15660	14973	10298	16628	21414
MA_RS00040	NC_003552.1	14788	15084	-	297	1215	910	710	536	576	500
MA_RS00045	NC_003552.1	15444	16337	-	894	6520	5104	4909	3884	2689	3446
MA_RS00050	NC_003552.1	17080	17538	-	459	1812	1495	1276	1204	989	1236
MA_RS00055	NC_003552.1	17684	18310	-	627	2023	2006	1283	985	1295	1606
MA_RS00060	NC_003552.1	18403	19551	-	1149	1518	1314	852	751	893	1046
MA_RS00065	NC_003552.1	19622	21523	-	1902	1889	1725	1027	1043	1040	1045
MA_RS00070	NC_003552.1	21713	22783	-	1071	3072	2145	1875	1773	913	1383
MA_RS00075	NC_003552.1	23127	23492	-	366	3507	2892	2125	2388	2142	1887
MA_RS26355	NC_003552.1	24658	25065	+	408	1694	2090	940	665	2727	4260
MA_RS00090	NC_003552.1	25197	25577	+	381	5169	5763	4273	3630	6113	9772
MA_RS00095	NC_003552.1	25854	27983	+	2130	19368	15674	13633	10250	13321	16172
MA_RS00100	NC_003552.1	28098	28652	+	555	2255	2290	2360	1848	3399	4577
MA_RS00105	NC_003552.1	28677	30131	+	1455	2501	2142	2106	1457	1053	2027
MA_RS00110	NC_003552.1	30256	30723	+	468	1820	1538	1485	1061	975	1114
MA_RS00115	NC_003552.1	31065	32102	+	1038	4066	2876	2052	1456	1405	1540
MA_RS00120	NC_003552.1	32254	33018	+	765	4878	4375	3434	2624	3919	4321
MA_RS00125	NC_003552.1	33066	33890	+	825	2258	2227	2282	2055	1811	2738
MA_RS00130	NC_003552.1	34650	35105	+	456	1983	1610	1196	979	2118	1543
MA_RS00135	NC_003552.1	35473	36759	+	1287	217	198	205	159	219	247
MA_RS00145	NC_003552.1	37882	39249	-	1368	25407	16769	10898	8520	5184	9335
MA_RS00155	NC_003552.1	40272	41054	-	783	6348	5650	5434	3718	6804	5531
MA_RS00160	NC_003552.1	41309	42199	-	891	4971	4811	4654	3858	2103	2322
MA_RS00165	NC_003552.1	42196	43407	-	1212	10487	9351	8255	7120	4848	6233
MA_RS00170	NC_003552.1	43407	43667	-	261	803	601	333	317	270	296
MA_RS00175	NC_003552.1	43664	44212	-	549	5562	4321	3197	3227	2369	2595
MA_RS00180	NC_003552.1	44772	45743	-	972	3546	2884	2131	1837	1338	1568
MA_RS00185	NC_003552.1	46129	46686	-	558	7392	5838	5537	4701	4094	4827
MA_RS00190	NC_003552.1	47351	49258	+	1908	9385	8551	8016	7175	6361	8002
MA_RS00195	NC_003552.1	49629	50060	+	432	4090	3794	2918	2293	1893	2993
MA_RS00200	NC_003552.1	50071	50922	+	852	3825	3759	2867	2349	2813	3885
MA_RS00205	NC_003552.1	51146	52183	+	1038	8397	7294	6470	4793	3709	4285
MA_RS00210	NC_003552.1	52548	52826	-	279	20887	21143	19001	17606	18676	12124
MA_RS00215	NC_003552.1	53371	54618	+	1248	44155	35352	26847	28104	27037	33135
MA_RS00220	NC_003552.1	54803	56512	+	1710	36483	32528	28332	25043	17362	25162
MA_RS00230	NC_003552.1	56958	57329	+	372	6589	5240	5899	4532	6059	5385
MA_RS00235	NC_003552.1	57569	58264	+	696	3604	3160	2923	2386	2770	2912
MA_RS00240	NC_003552.1	58313	59023	+	711	1946	1467	1473	1280	1807	2081
MA_RS00245	NC_003552.1	59191	59415	+	225	567	421	360	304	418	293
MA_RS00250	NC_003552.1	59484	59735	+	252	1145	934	995	575	1186	907
MA_RS00255	NC_003552.1	59888	61279	+	1392	5003	4131	2700	2061	3438	3589
MA_RS00260	NC_003552.1	61555	63327	-	1773	7638	4920	3429	1949	9496	7575
MA_RS00270	NC_003552.1	64281	65324	+	1044	4642	4029	3034	3031	3495	4468
MA_RS00275	NC_003552.1	65547	66581	+	1035	2282	2123	1671	1671	2494	2539
MA_RS00280	NC_003552.1	67212	67382	-	171	2438	1592	1417	1009	1163	800
MA_RS00285	NC_003552.1	67779	67852	-	74	47	62	36	52	46	46
MA_RS00290	NC_003552.1	68403	68609	+	207	43084	42884	39152	31738	25354	30147
MA_RS00295	NC_003552.1	68676	68882	+	207	9244	11898	10849	6990	12653	16951
MA_RS00300	NC_003552.1	68950	69156	+	207	30423	28404	20844	17615	18685	24499
MA_RS00305	NC_003552.1	69214	69420	+	207	58429	49601	52494	42943	21071	32507
MA_RS26360	NC_003552.1	69507	69650	-	144	2222	2382	1295	687	1386	1188
MA_RS00310	NC_003552.1	69654	70403	-	750	335	240	211	169	195	200
MA_RS00315	NC_003552.1	70391	71146	-	756	502	411	346	308	279	288
MA_RS00320	NC_003552.1	71483	71908	+	426	3055	2704	2710	2260	1862	2141
MA_RS00325	NC_003552.1	72017	72781	-	765	3519	3315	2956	2219	2891	4072
MA_RS00330	NC_003552.1	72783	73571	-	789	4767	4693	5148	3900	2426	3508
MA_RS00335	NC_003552.1	73710	74723	-	1014	14050	13908	12520	9786	11956	14519
MA_RS00345	NC_003552.1	75144	75665	+	522	4200	3084	3176	2162	2261	1688
MA_RS00350	NC_003552.1	75866	79369	-	3504	89005	83961	67249	74424	53297	72050
MA_RS00355	NC_003552.1	79587	80597	-	1011	16937	13703	13263	13772	8506	12541
MA_RS00365	NC_003552.1	81193	81987	-	795	11592	10628	7693	6002	4583	8658
MA_RS00370	NC_003552.1	82020	84404	-	2385	158026	134467	115934	81578	78052	104229
MA_RS00375	NC_003552.1	84492	84743	-	252	9848	8291	4467	3762	5473	4824
MA_RS00380	NC_003552.1	85487	86197	+	711	4512	3222	2866	2586	2161	2435
MA_RS00385	NC_003552.1	86407	87507	-	1101	12880	10790	9111	7920	9589	8759
MA_RS00390	NC_003552.1	88183	89202	+	1020	6759	5245	3923	3782	3029	3700
MA_RS00395	NC_003552.1	89462	89629	+	168	9484	7273	8658	6032	3386	4033
MA_RS00400	NC_003552.1	89654	90631	+	978	22739	19231	20037	15599	12032	16601
MA_RS00405	NC_003552.1	90829	92013	+	1185	540	583	309	227	665	616
MA_RS24315	NC_003552.1	92000	94453	+	2454	1564	1894	1061	947	1713	1449
MA_RS00415	NC_003552.1	94605	96728	+	2124	6095	5466	4665	4157	4715	6778
MA_RS00420	NC_003552.1	97563	99749	+	2187	62672	55471	50990	36836	49362	57173
MA_RS00425	NC_003552.1	100217	101848	+	1632	5738	4890	4016	2932	6671	5983
MA_RS00430	NC_003552.1	101895	104516	-	2622	9317	7712	5507	4175	8780	7157
MA_RS00435	NC_003552.1	105273	106394	+	1122	21662	20024	20529	15199	15866	19360
MA_RS00440	NC_003552.1	106733	108391	-	1659	92445	65573	82817	80170	41150	44385
MA_RS00445	NC_003552.1	109126	110610	+	1485	1870	1493	1262	812	2476	1891
MA_RS00450	NC_003552.1	110763	111479	+	717	1370	1199	1006	743	1498	1778
MA_RS00455	NC_003552.1	111532	112200	-	669	2705	2729	2421	2153	2834	3800
MA_RS00460	NC_003552.1	112231	113850	-	1620	21879	17000	17028	12674	9859	13168
MA_RS00465	NC_003552.1	114214	114846	-	633	1233	873	630	503	900	809
MA_RS00470	NC_003552.1	115645	115917	-	273	12036	6654	9217	7810	1628	1844
MA_RS00475	NC_003552.1	116164	116844	+	681	2649	2356	2177	2630	3036	2711
MA_RS26365	NC_003552.1	117511	117672	-	162	86	60	49	51	38	28
MA_RS00485	NC_003552.1	117748	117930	+	183	790449	849866	760709	603437	425325	661112
MA_RS00490	NC_003552.1	118418	119704	-	1287	436	366	372	293	361	366
MA_RS00495	NC_003552.1	119810	122275	-	2466	11063	8793	7728	6472	7593	9109
MA_RS00500	NC_003552.1	122464	124302	-	1839	11855	8916	7486	6855	4545	5904
MA_RS00505	NC_003552.1	124580	125614	+	1035	3951	3583	2988	2303	3162	2492
MA_RS00510	NC_003552.1	125616	125894	+	279	153	234	140	118	668	533
MA_RS00515	NC_003552.1	125996	126307	+	312	104	177	77	64	144	106
MA_RS00525	NC_003552.1	126603	126923	+	321	1064	625	464	326	676	565
MA_RS00530	NC_003552.1	126920	127279	+	360	310	303	150	128	646	419
MA_RS00535	NC_003552.1	127336	127620	+	285	1146	926	976	583	1442	1271
MA_RS00540	NC_003552.1	128111	128293	+	183	58	29	24	35	40	63
MA_RS00545	NC_003552.1	128873	129463	-	591	303	214	258	225	470	362
MA_RS00550	NC_003552.1	129857	130660	+	804	4892	3986	4442	3834	2856	3134
MA_RS28020	NC_003552.1	130925	131086	-	162	276	258	255	238	281	355
MA_RS00555	NC_003552.1	131199	132203	-	1005	4895	3570	3247	2854	2951	3112
MA_RS00560	NC_003552.1	132513	133832	+	1320	20631	17421	20941	16592	14072	16008
MA_RS00565	NC_003552.1	134083	134850	-	768	11587	7757	6653	4880	6791	7023
MA_RS00570	NC_003552.1	135133	135597	+	465	3603	3060	2513	1788	2158	2291
MA_RS00575	NC_003552.1	135633	136748	-	1116	11522	9922	9760	8095	7142	9986
MA_RS00580	NC_003552.1	136756	137493	-	738	39141	31458	27240	20727	23115	28466
MA_RS00585	NC_003552.1	137806	138120	-	315	3860	3362	3212	2518	1312	1746
MA_RS00590	NC_003552.1	138098	138514	-	417	7541	6746	4577	5020	5287	5588
MA_RS00595	NC_003552.1	139482	140351	+	870	5538	5486	5609	4577	7041	8819
MA_RS00600	NC_003552.1	140357	140983	+	627	5325	3915	4115	2256	1763	2608
MA_RS00605	NC_003552.1	140985	141728	+	744	4535	4339	4994	3987	4716	5476
MA_RS00610	NC_003552.1	142032	142388	+	357	525	538	365	286	546	854
MA_RS00615	NC_003552.1	142443	143543	-	1101	7871	7436	6021	5059	3249	4954
MA_RS00620	NC_003552.1	143524	144711	-	1188	9966	7209	6916	6009	4359	6513
MA_RS00630	NC_003552.1	145267	146253	-	987	13818	10213	7176	6067	7799	7185
MA_RS00635	NC_003552.1	146736	147269	-	534	1921	1524	1378	1411	814	841
MA_RS00640	NC_003552.1	147571	148677	+	1107	5718	4739	4377	3569	5942	6846
MA_RS00645	NC_003552.1	148799	149881	+	1083	1216	1372	1095	1077	1420	1427
MA_RS00650	NC_003552.1	150169	151299	+	1131	644	584	592	358	855	673
MA_RS00655	NC_003552.1	151346	151912	+	567	1193	888	1055	951	754	802
MA_RS00665	NC_003552.1	152362	152664	-	303	4247	3307	2639	2032	2431	2452
MA_RS00670	NC_003552.1	153013	154401	-	1389	2745	2878	2517	1944	2086	2538
MA_RS00675	NC_003552.1	154898	155356	+	459	5932	4314	3574	2459	3893	3775
MA_RS00680	NC_003552.1	155353	155727	+	375	3965	2662	2505	1603	2551	2538
MA_RS00685	NC_003552.1	155973	156974	-	1002	10281	9352	7983	7022	6130	6272
MA_RS00690	NC_003552.1	156997	158415	-	1419	15529	14413	12309	11633	11230	13271
MA_RS00695	NC_003552.1	158892	160085	+	1194	14205	11285	7977	7446	8855	8467
MA_RS00700	NC_003552.1	160448	160909	+	462	21520	11615	6153	5192	14272	13495
MA_RS00705	NC_003552.1	161227	161625	-	399	28170	19764	15140	10872	14769	12212
MA_RS00710	NC_003552.1	162129	162893	+	765	2630	2258	1719	1566	991	996
MA_RS00715	NC_003552.1	163006	163458	-	453	2033	1493	1453	1225	957	1145
MA_RS00720	NC_003552.1	163825	164277	-	453	2916	2449	3244	2860	2283	2436
MA_RS00725	NC_003552.1	164671	165576	+	906	19910	15703	14654	11096	10286	17327
MA_RS00730	NC_003552.1	165573	167285	+	1713	61815	59344	57854	49024	36265	66334
MA_RS00735	NC_003552.1	167353	168378	+	1026	14481	15775	13401	9429	13477	21123
MA_RS00740	NC_003552.1	168981	169217	-	237	176	305	214	177	840	1465
MA_RS00745	NC_003552.1	169231	169500	-	270	92	71	46	32	297	598
MA_RS00750	NC_003552.1	169487	170893	-	1407	1194	1094	1059	795	3823	5890
MA_RS00765	NC_003552.1	172589	173245	-	657	5432	4131	3255	2915	18198	17617
MA_RS00775	NC_003552.1	174232	175251	-	1020	6915	4266	3833	3143	6155	5418
MA_RS00780	NC_003552.1	175643	176245	+	603	474	408	298	264	250	286
MA_RS00785	NC_003552.1	176345	177046	+	702	775	616	383	276	306	271
MA_RS00790	NC_003552.1	177173	178477	+	1305	458	476	289	366	356	309
MA_RS00795	NC_003552.1	178886	180508	+	1623	8326	6685	6327	4403	7908	8192
MA_RS24920	NC_003552.1	180608	180763	+	156	366	319	176	151	225	203
MA_RS26380	NC_003552.1	180778	180951	+	174	358	212	223	152	100	137
MA_RS24320	NC_003552.1	181135	181320	+	186	1114	1068	819	481	236	310
MA_RS00805	NC_003552.1	181379	182416	-	1038	9569	10010	7253	5886	1716	4283
MA_RS00810	NC_003552.1	183063	183842	-	780	1819	1574	1211	1039	1843	2462
MA_RS00815	NC_003552.1	183918	185009	-	1092	3976	3131	2117	1889	2447	3757
MA_RS00820	NC_003552.1	185011	186063	-	1053	4633	3557	2974	2189	3464	4937
MA_RS00825	NC_003552.1	186300	187631	-	1332	12347	9876	8515	6916	7808	10152
MA_RS00835	NC_003552.1	188205	188921	-	717	1209	1292	1342	1272	1585	1737
MA_RS00840	NC_003552.1	189056	189550	+	495	4354	3239	1942	1952	2189	2188
MA_RS00845	NC_003552.1	189736	190125	+	390	770	565	372	356	512	553
MA_RS00850	NC_003552.1	190535	190750	+	216	648	499	297	343	198	225
MA_RS00855	NC_003552.1	190783	191763	+	981	4156	3449	2827	2013	2717	3344
MA_RS00860	NC_003552.1	191991	192494	-	504	444	377	269	166	336	234
MA_RS00865	NC_003552.1	192549	193001	-	453	213	139	154	97	488	237
MA_RS00870	NC_003552.1	193154	194119	+	966	23627	12401	7185	4261	7942	7733
MA_RS00875	NC_003552.1	194116	194373	+	258	4496	3707	3092	2155	3165	4047
MA_RS00880	NC_003552.1	194495	195154	-	660	6746	6031	5170	3972	4789	6279
MA_RS00885	NC_003552.1	195151	196425	-	1275	11124	9773	7942	6516	6426	6225
MA_RS00890	NC_003552.1	196662	196874	+	213	2740	1735	1234	693	2472	1929
MA_RS00900	NC_003552.1	198400	200520	+	2121	7711	4767	4536	2805	9577	8270
MA_RS00905	NC_003552.1	200788	201402	+	615	426	296	226	164	159	222
MA_RS00910	NC_003552.1	201460	201678	-	219	344	368	340	345	420	352
MA_RS00915	NC_003552.1	201866	203218	-	1353	3255	2260	2236	1655	1414	1546
MA_RS00920	NC_003552.1	203500	204366	+	867	421	378	276	229	495	404
MA_RS00930	NC_003552.1	204617	206095	-	1479	21774	18803	22015	18898	7868	12842
MA_RS00935	NC_003552.1	206242	207555	-	1314	9002	7243	6069	5591	3184	5185
MA_RS00940	NC_003552.1	207902	208306	+	405	1102	916	649	454	1325	1168
MA_RS28275	NC_003552.1	208308	208454	+	147	10	6	3	2	2	15
MA_RS00945	NC_003552.1	208412	208726	+	315	1082	1008	830	744	1707	1607
MA_RS00950	NC_003552.1	208746	209960	-	1215	7280	6171	5002	4078	4256	4890
MA_RS00955	NC_003552.1	210731	211183	-	453	563	432	468	399	322	413
MA_RS00960	NC_003552.1	211294	211761	-	468	257	279	242	200	145	155
MA_RS00965	NC_003552.1	211831	212391	-	561	1821	1283	699	689	873	780
MA_RS00970	NC_003552.1	212804	213361	-	558	1954	1497	1555	1351	1387	1425
MA_RS00975	NC_003552.1	213728	214198	+	471	254	159	95	45	53	65
MA_RS00980	NC_003552.1	214216	215448	+	1233	2439	1861	1806	1545	1440	1171
MA_RS00985	NC_003552.1	215848	216456	-	609	27626	23394	23377	20893	18110	21447
MA_RS00990	NC_003552.1	216495	217016	-	522	30068	23853	25438	25910	13991	16008
MA_RS00995	NC_003552.1	217323	218444	-	1122	1955	1444	1233	1052	968	1300
MA_RS01000	NC_003552.1	218588	220432	-	1845	1972	1591	1676	1332	1296	1610
MA_RS01005	NC_003552.1	220724	221497	+	774	641	392	320	226	385	284
MA_RS01010	NC_003552.1	221645	222184	+	540	756	791	782	571	933	935
MA_RS24325	NC_003552.1	222273	225017	-	2745	11735	10602	8239	8274	7199	7379
MA_RS01020	NC_003552.1	225245	228481	+	3237	25775	21134	20161	14754	21991	25084
MA_RS01025	NC_003552.1	228483	229421	+	939	4634	4421	3526	3030	5723	5672
MA_RS01030	NC_003552.1	229690	230487	-	798	2282	2798	1671	1915	1176	1213
MA_RS01035	NC_003552.1	230904	231164	+	261	916	714	609	491	371	390
MA_RS01040	NC_003552.1	231399	231647	-	249	1139	972	617	455	391	316
MA_RS01045	NC_003552.1	231952	234729	+	2778	50096	39983	33601	25539	16805	26153
MA_RS01050	NC_003552.1	235213	236253	-	1041	4764	4283	4190	3437	4507	4101
MA_RS01055	NC_003552.1	236515	236817	-	303	526	341	275	193	511	397
MA_RS01060	NC_003552.1	237053	237397	-	345	743	684	456	381	380	465
MA_RS01065	NC_003552.1	237707	238117	-	411	1149	795	544	477	305	491
MA_RS01070	NC_003552.1	238499	239620	-	1122	5415	4557	2541	2258	1442	2570
MA_RS01075	NC_003552.1	240415	240720	-	306	1057	991	698	664	709	750
MA_RS01080	NC_003552.1	240902	242029	-	1128	15971	13807	11426	10409	7830	9044
MA_RS01085	NC_003552.1	242125	242613	-	489	8126	6748	6075	5665	3976	5560
MA_RS01090	NC_003552.1	243156	246950	+	3795	6724	5061	3137	2767	4272	3981
MA_RS01095	NC_003552.1	247160	248497	-	1338	1521	1366	1185	1169	1373	1370
MA_RS01100	NC_003552.1	249118	249978	+	861	275	316	158	100	300	213
MA_RS28280	NC_003552.1	249965	250126	+	162	194	234	124	129	267	230
MA_RS01105	NC_003552.1	250245	251315	-	1071	15818	13627	11080	9068	9766	9325
MA_RS01110	NC_003552.1	251515	252498	+	984	5611	4995	4190	4220	5909	6431
MA_RS01115	NC_003552.1	252510	253319	+	810	33350	28008	27410	21260	23638	25282
MA_RS01120	NC_003552.1	253737	254801	-	1065	4447	3608	3669	2784	2515	3026
MA_RS01125	NC_003552.1	255098	255385	-	288	1023	979	995	745	1049	837
MA_RS01130	NC_003552.1	255426	256229	-	804	1643	1375	903	865	1453	1129
MA_RS01135	NC_003552.1	256280	257170	-	891	6115	4719	4443	3860	5461	5450
MA_RS01140	NC_003552.1	257371	258555	-	1185	2772	1771	839	858	1446	1153
MA_RS01145	NC_003552.1	258675	259343	-	669	2550	2902	1321	1268	1063	867
MA_RS01150	NC_003552.1	259696	259768	-	73	1095	1362	1290	1682	905	636
MA_RS01155	NC_003552.1	259880	259992	-	113	7506	7939	18366	26728	3856	3705
MA_RS01160	NC_003552.1	260214	260552	+	339	56341	55557	51147	42474	69079	63743
MA_RS01165	NC_003552.1	261213	262409	-	1197	28005	22108	17340	16895	16352	18154
MA_RS01170	NC_003552.1	262974	263843	+	870	7405	6110	5014	4260	4133	4456
MA_RS01175	NC_003552.1	263960	264697	+	738	6276	4717	3261	2678	2318	2203
MA_RS01180	NC_003552.1	264755	265330	+	576	10800	8657	7370	7043	6192	6134
MA_RS01185	NC_003552.1	265520	266245	-	726	8412	7280	7275	6884	4843	6026
MA_RS24330	NC_003552.1	266357	267910	-	1554	2663	2356	1921	1561	1726	1720
MA_RS01195	NC_003552.1	268090	269016	-	927	544	574	399	281	350	270
MA_RS01200	NC_003552.1	269064	270074	-	1011	373	267	248	173	181	156
MA_RS01205	NC_003552.1	270372	270833	+	462	5037	3819	4251	2812	1239	2449
MA_RS24335	NC_003552.1	271766	272872	+	1107	822	753	526	377	434	427
MA_RS01215	NC_003552.1	272895	273158	-	264	59	124	17	15	69	45
MA_RS01220	NC_003552.1	273162	273911	-	750	230	183	157	124	97	136
MA_RS01225	NC_003552.1	273899	274729	-	831	492	444	360	313	268	251
MA_RS01230	NC_003552.1	275092	276009	-	918	2176	1738	1470	1089	1028	1162
MA_RS24925	NC_003552.1	276030	276950	-	921	977	864	826	590	751	643
MA_RS01240	NC_003552.1	277044	277403	-	360	96	164	32	25	68	58
MA_RS01245	NC_003552.1	277529	278014	-	486	406	315	253	178	224	236
MA_RS01250	NC_003552.1	278024	280012	-	1989	6263	5254	4126	2980	3291	4540
MA_RS01255	NC_003552.1	280023	281699	-	1677	9239	8191	7035	4973	6143	9219
MA_RS01260	NC_003552.1	282243	282728	-	486	546	503	440	243	903	732
MA_RS01265	NC_003552.1	282852	284033	-	1182	6266	4802	4537	3299	4859	4375
MA_RS01270	NC_003552.1	284077	284376	-	300	64614	48204	51985	45592	165454	58984
MA_RS01275	NC_003552.1	284699	285247	-	549	750	676	593	452	861	641
MA_RS01280	NC_003552.1	285315	285776	-	462	617	501	400	321	732	534
MA_RS01285	NC_003552.1	285856	286701	-	846	3346	2593	2125	1937	4012	2803
MA_RS01290	NC_003552.1	287013	288359	+	1347	10182	7361	6290	5129	7935	8876
MA_RS01295	NC_003552.1	289325	290446	-	1122	15332	16523	14490	7180	83946	65398
MA_RS01300	NC_003552.1	290520	291626	-	1107	8076	6904	6067	5153	7382	7747
MA_RS01305	NC_003552.1	291736	292170	-	435	1445	1130	496	418	894	978
MA_RS01310	NC_003552.1	292157	293362	-	1206	6311	5105	3290	2924	4391	5556
MA_RS01315	NC_003552.1	293589	294857	-	1269	5092	3798	2155	2137	2515	3186
MA_RS01320	NC_003552.1	295222	296991	+	1770	51170	32509	23433	18436	22801	32143
MA_RS01325	NC_003552.1	297112	297936	+	825	1399	1375	923	572	1279	1250
MA_RS01330	NC_003552.1	298201	299268	-	1068	13409	12523	10745	8385	8497	9501
MA_RS01335	NC_003552.1	299683	302484	-	2802	19733	14813	13262	9816	7797	10603
MA_RS01340	NC_003552.1	303050	304429	-	1380	8906	7168	5867	4584	3719	4713
MA_RS01345	NC_003552.1	304839	305564	+	726	2882	2307	1840	1558	3013	3124
MA_RS01350	NC_003552.1	305577	307301	-	1725	6203	5176	4045	3541	2905	4183
MA_RS01355	NC_003552.1	307346	308860	-	1515	11429	10237	8170	7442	5827	7094
MA_RS01360	NC_003552.1	309318	310061	+	744	3136	2256	1430	1088	2998	2601
MA_RS01365	NC_003552.1	310333	311271	+	939	3294	2685	3159	2017	4010	3884
MA_RS24930	NC_003552.1	311375	311551	+	177	360	257	254	256	158	145
MA_RS01370	NC_003552.1	311592	311987	-	396	109	98	75	55	77	42
MA_RS01375	NC_003552.1	312034	313146	+	1113	22973	22748	14850	10708	33102	20483
MA_RS29250	NC_003552.1	313483	313608	+	126	332	314	228	199	318	254
MA_RS01380	NC_003552.1	313800	314696	-	897	5436	4875	3780	3741	2253	2972
MA_RS01385	NC_003552.1	315578	316501	+	924	478	340	506	416	356	397
MA_RS01390	NC_003552.1	316983	318230	+	1248	1765	2245	2598	2838	1197	2043
MA_RS01395	NC_003552.1	318584	319666	-	1083	673	553	492	317	510	414
MA_RS01400	NC_003552.1	320209	320282	-	74	119	178	201	248	119	61
MA_RS01405	NC_003552.1	320466	321026	+	561	1223	737	432	594	707	790
MA_RS01410	NC_003552.1	321289	321900	+	612	3802	3565	4342	3972	3837	4322
MA_RS01415	NC_003552.1	322186	322626	+	441	1374	1454	1450	1383	2541	1759
MA_RS01420	NC_003552.1	322988	324490	+	1503	4976	4593	3935	4282	2511	3389
MA_RS01425	NC_003552.1	324585	325715	-	1131	14498	13513	10042	10146	6340	6454
MA_RS01430	NC_003552.1	327079	328029	-	951	208465	196424	195215	181536	91227	154591
MA_RS01435	NC_003552.1	328042	328263	-	222	11808	9893	6767	5596	7541	11715
MA_RS01440	NC_003552.1	328281	328505	-	225	6558	6041	4139	4550	5713	8702
MA_RS01445	NC_003552.1	328505	329227	-	723	59144	54375	44818	42805	29685	51240
MA_RS01450	NC_003552.1	329229	329555	-	327	16914	16826	13592	16005	17628	28944
MA_RS01455	NC_003552.1	329552	330355	-	804	69629	62233	50790	48080	31862	59057
MA_RS01460	NC_003552.1	330358	331107	-	750	46706	42155	27799	34593	17712	34092
MA_RS01465	NC_003552.1	331104	332018	-	915	81507	87910	75373	84168	39850	78004
MA_RS01475	NC_003552.1	332799	333605	+	807	2361	1855	1841	1381	1184	1448
MA_RS01480	NC_003552.1	333941	334498	+	558	713	504	476	337	226	253
MA_RS01485	NC_003552.1	334718	336637	-	1920	11249	8928	10389	7642	5589	7819
MA_RS01490	NC_003552.1	337091	338149	+	1059	17429	15444	15553	11148	16117	16619
MA_RS01495	NC_003552.1	338264	339082	+	819	1208	1204	781	711	1063	1599
MA_RS01500	NC_003552.1	339069	340115	+	1047	1784	1441	1052	882	592	975
MA_RS01505	NC_003552.1	340130	340717	+	588	3543	3026	2719	2844	2394	2906
MA_RS01510	NC_003552.1	340889	341950	-	1062	10320	7860	7247	14334	4935	6837
MA_RS01515	NC_003552.1	341943	343088	-	1146	5804	4400	3936	8498	2809	3943
MA_RS01520	NC_003552.1	343085	345346	-	2262	19173	15199	13166	26563	8906	14409
MA_RS01525	NC_003552.1	345679	346452	+	774	2184	1780	2577	2806	1862	1843
MA_RS01530	NC_003552.1	346711	347997	+	1287	193	245	235	205	246	261
MA_RS01535	NC_003552.1	348379	349038	+	660	16885	14252	19237	13650	12462	13270
MA_RS01540	NC_003552.1	349120	349443	+	324	1357	1416	1266	1407	1536	1763
MA_RS01545	NC_003552.1	349474	349764	-	291	4240	3627	3856	3851	1968	2587
MA_RS01550	NC_003552.1	349803	350108	-	306	1229	788	402	532	483	349
MA_RS01555	NC_003552.1	350298	350555	+	258	731	623	827	560	497	518
MA_RS01560	NC_003552.1	350802	351662	+	861	10004	8050	7113	4664	6342	5980
MA_RS01565	NC_003552.1	351805	352455	+	651	448	337	366	269	420	361
MA_RS01570	NC_003552.1	353792	354220	+	429	182	145	103	47	179	354
MA_RS01575	NC_003552.1	354499	355260	-	762	25808	20859	15549	12466	9021	12786
MA_RS01580	NC_003552.1	355257	355964	-	708	17091	19162	15303	12901	9174	15130
MA_RS01585	NC_003552.1	355940	356881	-	942	29364	29813	23193	18076	13763	22710
MA_RS01590	NC_003552.1	356878	357780	-	903	32314	31264	24328	19730	11307	19796
MA_RS01595	NC_003552.1	357785	358726	-	942	43267	42896	35627	30138	21519	32642
MA_RS01600	NC_003552.1	358852	360492	-	1641	83022	85732	49937	48009	48280	63696
MA_RS01605	NC_003552.1	360522	361289	-	768	18346	13881	6714	8633	14694	12980
MA_RS26400	NC_003552.1	361696	361842	-	147	108	81	113	130	69	61
MA_RS01620	NC_003552.1	362830	363399	+	570	3949	3602	2232	2125	1825	2204
MA_RS01625	NC_003552.1	363418	364458	+	1041	4257	3981	3564	2868	3054	3673
MA_RS01630	NC_003552.1	364459	366213	+	1755	9033	7902	5505	4413	4489	5887
MA_RS01635	NC_003552.1	366218	367084	+	867	2617	1621	835	858	897	1237
MA_RS01640	NC_003552.1	367095	367484	+	390	1481	913	547	567	295	402
MA_RS01645	NC_003552.1	367487	368788	+	1302	10329	8489	6049	6802	4893	6895
MA_RS01650	NC_003552.1	369250	370296	+	1047	2265	2269	1557	1546	722	863
MA_RS01655	NC_003552.1	370777	371526	+	750	9199	7659	6091	4685	7047	7210
MA_RS01660	NC_003552.1	372184	372411	-	228	177	130	235	237	173	270
MA_RS01665	NC_003552.1	372564	373571	-	1008	2221	1702	1161	933	1862	1906
MA_RS01670	NC_003552.1	373760	374464	-	705	1169	1070	704	431	817	867
MA_RS01675	NC_003552.1	375115	376125	+	1011	1593	1318	775	502	736	1019
MA_RS01680	NC_003552.1	376216	376830	+	615	1260	962	492	396	484	619
MA_RS01700	NC_003552.1	378649	379041	+	393	1644	1291	974	820	1085	1609
MA_RS01705	NC_003552.1	379094	380020	-	927	3920	3660	3382	2727	2219	2792
MA_RS01710	NC_003552.1	380046	380837	-	792	3844	3199	2619	2083	2703	3266
MA_RS01715	NC_003552.1	380961	382022	-	1062	4686	4093	2885	2188	1733	2404
MA_RS01720	NC_003552.1	382019	382879	-	861	3211	2922	2341	1715	1514	2214
MA_RS01725	NC_003552.1	382867	383682	-	816	3658	2895	2093	1390	1149	1612
MA_RS01730	NC_003552.1	383857	384498	-	642	4417	3494	2182	1592	2645	2981
MA_RS01735	NC_003552.1	384571	385146	-	576	1152	653	385	298	616	622
MA_RS01740	NC_003552.1	385182	385754	-	573	2225	1869	1342	1336	1840	1802
MA_RS01745	NC_003552.1	385916	386206	-	291	1859	1831	818	658	1326	1338
MA_RS01750	NC_003552.1	386302	386826	-	525	2285	2208	1907	1830	2776	2748
MA_RS01755	NC_003552.1	386898	387662	-	765	5025	4496	3288	2611	3271	3917
MA_RS01760	NC_003552.1	387918	388475	-	558	3193	2783	1945	1764	1384	1943
MA_RS01765	NC_003552.1	388736	389119	+	384	1226	992	715	663	870	990
MA_RS01770	NC_003552.1	389165	390565	-	1401	8307	6931	6541	5413	6431	7722
MA_RS01775	NC_003552.1	391064	393439	+	2376	25536	20457	15060	12136	10376	14419
MA_RS01780	NC_003552.1	393609	396260	-	2652	16982	13099	8430	8421	7659	9292
MA_RS01785	NC_003552.1	397092	397532	+	441	6156	3665	2017	1778	5442	5430
MA_RS01790	NC_003552.1	397635	398663	+	1029	8090	5133	4223	2586	8802	7428
MA_RS01795	NC_003552.1	398698	399663	+	966	20358	16332	16489	15559	14388	17638
MA_RS01800	NC_003552.1	399660	400670	+	1011	14426	10282	10309	7986	6695	8960
MA_RS01805	NC_003552.1	400671	401354	+	684	4709	3875	3364	3264	5181	5264
MA_RS01810	NC_003552.1	401436	401951	-	516	3851	2576	1498	1222	4678	3223
MA_RS01815	NC_003552.1	402530	403219	+	690	1293	1773	1487	2692	3036	3225
MA_RS01820	NC_003552.1	403216	403845	+	630	667	1294	660	1010	2709	2610
MA_RS01825	NC_003552.1	403871	404266	+	396	246	314	227	287	572	474
MA_RS01830	NC_003552.1	404536	409737	+	5202	3012	2557	2028	1859	2216	2293
MA_RS01840	NC_003552.1	410767	416304	+	5538	8648	7697	7255	5894	6976	6962
MA_RS29255	NC_003552.1	416955	417077	+	123	147	275	192	274	801	426
MA_RS01850	NC_003552.1	418633	419550	-	918	670	542	587	500	751	585
MA_RS01855	NC_003552.1	419579	421036	-	1458	1097	946	932	721	7403	4521
MA_RS28285	NC_003552.1	421754	422128	-	375	234	137	104	44	169	128
MA_RS28290	NC_003552.1	422044	422331	-	288	26	53	26	35	89	87
MA_RS01870	NC_003552.1	422982	423671	-	690	178	198	128	92	676	491
MA_RS01875	NC_003552.1	423880	424020	-	141	127	155	130	79	226	213
MA_RS29260	NC_003552.1	424113	424244	-	132	93	73	55	35	94	126
MA_RS01880	NC_003552.1	424241	424459	-	219	176	145	210	153	338	396
MA_RS01885	NC_003552.1	425043	425420	-	378	458	391	242	154	1061	524
MA_RS01895	NC_003552.1	426809	427939	-	1131	733	474	430	322	696	468
MA_RS29685	NC_003552.1	428033	428134	-	102	106	104	58	39	114	88
MA_RS01900	NC_003552.1	428185	428664	-	480	431	267	279	230	396	308
MA_RS01905	NC_003552.1	428833	430029	-	1197	1644	1395	1522	1236	2611	2354
MA_RS01910	NC_003552.1	430382	430861	-	480	838	614	439	318	547	413
MA_RS01915	NC_003552.1	430918	431496	-	579	779	718	611	568	714	640
MA_RS01920	NC_003552.1	431771	432943	-	1173	1750	1457	1073	858	1275	1378
MA_RS01925	NC_003552.1	432966	433868	-	903	5556	4276	5441	5611	2661	2977
MA_RS01930	NC_003552.1	433861	434928	-	1068	1060	815	968	652	853	924
MA_RS01935	NC_003552.1	435159	435737	-	579	9971	5844	3764	2989	4376	5269
MA_RS01940	NC_003552.1	435971	436552	-	582	6476	7172	5464	4882	4309	5760
MA_RS01945	NC_003552.1	436699	438486	-	1788	120058	101079	75985	64927	36905	60246
MA_RS01950	NC_003552.1	438790	439491	+	702	3588	3748	3525	3616	2453	2726
MA_RS01955	NC_003552.1	439678	440862	+	1185	5625	4086	3224	2241	2003	2427
MA_RS01960	NC_003552.1	440932	442047	+	1116	3083	2588	2544	1890	1714	2070
MA_RS01965	NC_003552.1	442147	442428	+	282	688	340	331	186	258	203
MA_RS01970	NC_003552.1	442416	442679	+	264	275	213	131	98	244	184
MA_RS01975	NC_003552.1	442881	443597	+	717	5186	3766	2998	2458	2591	2449
MA_RS01980	NC_003552.1	443685	444149	-	465	4572	3800	3974	3158	5258	6029
MA_RS01985	NC_003552.1	444213	445136	-	924	8328	7061	7002	5855	6101	6088
MA_RS01990	NC_003552.1	445215	446003	-	789	6401	6016	4634	2637	3591	4509
MA_RS02000	NC_003552.1	447488	447997	+	510	11437	9866	7387	7648	7718	8033
MA_RS02005	NC_003552.1	447990	448427	+	438	5562	4149	2901	2960	3573	3715
MA_RS02010	NC_003552.1	448684	453072	-	4389	2510	2058	1858	1596	2317	2263
MA_RS02015	NC_003552.1	453449	457996	-	4548	2743	2293	2113	1678	1749	2117
MA_RS02025	NC_003552.1	458726	464422	-	5697	3869	4453	3298	3231	3474	4444
MA_RS02030	NC_003552.1	465002	469318	-	4317	6559	7933	5298	7923	7624	7833
MA_RS02035	NC_003552.1	469736	470503	-	768	304	247	260	217	259	261
MA_RS02040	NC_003552.1	470816	472120	-	1305	405	463	269	336	274	274
MA_RS02045	NC_003552.1	472290	472499	+	210	349	311	253	251	113	64
MA_RS02050	NC_003552.1	472723	472959	-	237	166	184	127	105	131	112
MA_RS02055	NC_003552.1	474240	474614	+	375	351	394	367	309	506	472
MA_RS02060	NC_003552.1	474915	475265	+	351	47	44	30	22	80	41
MA_RS02065	NC_003552.1	475284	475463	+	180	156	101	81	88	174	115
MA_RS02070	NC_003552.1	475733	476515	+	783	313	274	300	204	424	356
MA_RS02075	NC_003552.1	476549	477874	+	1326	657	411	394	288	387	380
MA_RS24965	NC_003552.1	478141	478272	+	132	83	67	106	115	91	56
MA_RS26415	NC_003552.1	478251	478406	+	156	14	7	3	5	4	5
MA_RS28135	NC_003552.1	478454	478798	+	345	213	252	199	158	280	295
MA_RS02090	NC_003552.1	481091	481441	+	351	110	97	111	118	105	84
MA_RS02100	NC_003552.1	482086	483003	+	918	837	795	684	661	620	632
MA_RS02105	NC_003552.1	483000	483875	+	876	369	239	202	189	255	222
MA_RS02110	NC_003552.1	484225	484446	+	222	330	434	346	323	423	261
MA_RS02115	NC_003552.1	484776	485201	+	426	108	77	83	60	161	122
MA_RS02120	NC_003552.1	485208	486335	+	1128	512	486	398	348	561	474
MA_RS02125	NC_003552.1	486521	487600	+	1080	987	775	763	708	648	775
MA_RS02135	NC_003552.1	488865	489485	+	621	165	124	90	86	83	65
MA_RS02140	NC_003552.1	489540	490079	+	540	170	67	70	54	47	64
MA_RS28295	NC_003552.1	490985	491269	+	285	118	91	65	45	66	69
MA_RS02150	NC_003552.1	491290	492042	+	753	397	320	265	170	274	249
MA_RS02155	NC_003552.1	492073	492648	+	576	485	414	487	460	395	422
MA_RS02165	NC_003552.1	493911	494819	+	909	1203	1130	684	552	703	656
MA_RS02170	NC_003552.1	495076	495432	-	357	49	37	47	39	165	103
MA_RS02175	NC_003552.1	496128	496898	+	771	601	433	410	333	400	348
MA_RS02180	NC_003552.1	497069	497494	+	426	255	126	127	85	138	134
MA_RS02185	NC_003552.1	497558	498742	+	1185	842	637	626	535	588	704
MA_RS02190	NC_003552.1	499078	499617	+	540	228	162	143	153	254	179
MA_RS02195	NC_003552.1	499831	500814	+	984	334	316	235	211	277	235
MA_RS29265	NC_003552.1	500884	500970	+	87	11	5	9	7	21	12
MA_RS29270	NC_003552.1	501039	501227	+	189	55	89	83	77	128	89
MA_RS02205	NC_003552.1	501351	501950	+	600	2089	1606	1716	1331	2937	1782
MA_RS02210	NC_003552.1	502401	503603	+	1203	1063	895	737	663	756	698
MA_RS26425	NC_003552.1	503887	504126	+	240	139	190	111	90	258	135
MA_RS02220	NC_003552.1	504673	504903	+	231	67242	48557	58604	37587	55972	47128
MA_RS02225	NC_003552.1	505101	505262	+	162	9616	7667	4816	3269	8836	8426
MA_RS02230	NC_003552.1	505493	505885	-	393	8917	8796	7436	5556	10153	8513
MA_RS02235	NC_003552.1	506196	506408	+	213	648	605	474	313	497	396
MA_RS02240	NC_003552.1	506764	507966	+	1203	1153	967	1289	1014	1042	1024
MA_RS02245	NC_003552.1	508310	509143	+	834	3261	2536	2409	1936	1885	2391
MA_RS02250	NC_003552.1	509181	510371	+	1191	4299	5085	3396	2735	3781	4173
MA_RS02255	NC_003552.1	510626	511654	-	1029	23318	25448	23116	27070	17304	21871
MA_RS02260	NC_003552.1	511754	511936	-	183	134877	113780	175349	171090	49448	100716
MA_RS02265	NC_003552.1	512183	512491	-	309	686	611	668	671	975	1026
MA_RS02270	NC_003552.1	512628	513692	-	1065	3238	2900	2478	2200	5392	3860
MA_RS02275	NC_003552.1	513926	514231	-	306	958	783	553	427	2129	1026
MA_RS28300	NC_003552.1	515482	515988	-	507	12150	8416	5983	5323	7198	5555
MA_RS02285	NC_003552.1	516253	517248	+	996	9351	8610	8814	6812	8314	8958
MA_RS02290	NC_003552.1	517343	518158	+	816	2585	2049	1280	1214	1595	1827
MA_RS02300	NC_003552.1	519393	520196	-	804	7698	5820	5757	4981	5164	5620
MA_RS02305	NC_003552.1	520308	520823	-	516	4054	2639	2499	2197	1843	2199
MA_RS02310	NC_003552.1	521099	523168	+	2070	16403	17529	14458	12229	11416	14696
MA_RS02315	NC_003552.1	523405	523614	-	210	21	38	23	18	5	9
MA_RS02320	NC_003552.1	523963	524703	+	741	120	86	101	22	136	124
MA_RS02325	NC_003552.1	524887	525492	+	606	485	308	275	165	723	582
MA_RS02330	NC_003552.1	525616	526164	+	549	3782	2939	2523	1747	2287	2618
MA_RS24975	NC_003552.1	526304	526435	-	132	82	56	57	25	47	24
MA_RS26430	NC_003552.1	526480	526626	-	147	93	44	44	30	69	36
MA_RS02340	NC_003552.1	526764	527975	+	1212	2726	2714	1632	1749	1386	1462
MA_RS02345	NC_003552.1	528046	528495	-	450	303	233	171	141	220	235
MA_RS02350	NC_003552.1	528705	529127	+	423	262	207	227	134	388	321
MA_RS24980	NC_003552.1	529351	529560	+	210	245	218	157	145	294	287
MA_RS02360	NC_003552.1	529870	530526	+	657	5714	4132	3834	3381	2177	2219
MA_RS02365	NC_003552.1	530608	531747	-	1140	3343	2600	2162	1634	2559	2912
MA_RS02370	NC_003552.1	531805	532971	-	1167	8984	7700	6690	4936	7367	8103
MA_RS02375	NC_003552.1	533783	534781	+	999	13453	10513	10523	5134	20838	19999
MA_RS02380	NC_003552.1	534844	536229	-	1386	4762	4922	5720	4211	9375	10919
MA_RS02385	NC_003552.1	536240	537016	-	777	918	961	962	584	3243	4317
MA_RS02395	NC_003552.1	537303	537533	-	231	63	70	55	22	260	349
MA_RS02400	NC_003552.1	537926	538780	+	855	538	475	371	272	684	656
MA_RS02405	NC_003552.1	539017	539808	+	792	749	632	609	357	851	838
MA_RS02410	NC_003552.1	539898	541817	-	1920	4256	3386	2506	1847	3510	2883
MA_RS02415	NC_003552.1	541988	542464	+	477	1465	1451	1312	877	1439	1307
MA_RS02420	NC_003552.1	542620	542799	-	180	1090	697	516	389	579	405
MA_RS02425	NC_003552.1	542972	544933	-	1962	14696	10625	9076	7606	12617	9599
MA_RS02430	NC_003552.1	544992	546491	-	1500	1353	892	876	740	689	825
MA_RS28305	NC_003552.1	546673	546882	-	210	57	51	79	24	51	32
MA_RS28310	NC_003552.1	546993	547208	+	216	51	37	65	24	35	37
MA_RS28315	NC_003552.1	547604	547807	+	204	41	26	42	28	40	35
MA_RS02440	NC_003552.1	547815	548807	+	993	1125	991	709	722	1356	1391
MA_RS02445	NC_003552.1	548980	549450	-	471	608	351	224	166	395	261
MA_RS02450	NC_003552.1	549702	549896	-	195	121	147	111	117	248	270
MA_RS02455	NC_003552.1	550418	551323	+	906	1178	1050	933	711	613	782
MA_RS02465	NC_003552.1	552436	552756	+	321	267	318	258	275	434	418
MA_RS02470	NC_003552.1	552863	554347	-	1485	915	777	490	678	795	676
MA_RS02475	NC_003552.1	554458	554664	+	207	6	47	10	2	11	5
MA_RS02480	NC_003552.1	554618	555496	+	879	803	544	482	409	511	519
MA_RS02485	NC_003552.1	555563	556177	+	615	500	427	284	206	251	213
MA_RS02490	NC_003552.1	556226	556669	+	444	221	180	131	84	124	140
MA_RS28320	NC_003552.1	556816	557034	+	219	410	261	169	123	160	137
MA_RS02495	NC_003552.1	557862	558233	+	372	4182	2325	1099	782	2787	2606
MA_RS29275	NC_003552.1	558966	559094	+	129	14527	20905	24129	14714	85809	59614
MA_RS02500	NC_003552.1	559648	560424	-	777	3726	2896	2274	1779	3289	2303
MA_RS02505	NC_003552.1	560781	561176	-	396	1013	941	722	508	870	752
MA_RS02510	NC_003552.1	561181	561753	-	573	1315	1185	594	443	1037	977
MA_RS02520	NC_003552.1	562005	562271	-	267	449	372	378	346	191	228
MA_RS02525	NC_003552.1	563057	564046	-	990	1130	962	1035	808	1416	1218
MA_RS29690	NC_003552.1	564477	564671	-	195	84	87	94	62	70	56
MA_RS29695	NC_003552.1	564629	564964	+	336	166	146	162	102	395	315
MA_RS02535	NC_003552.1	565014	565790	-	777	1526	1273	1166	776	2224	2037
MA_RS02540	NC_003552.1	566070	567359	+	1290	20967	14711	11801	8533	20075	15966
MA_RS24350	NC_003552.1	567850	570723	+	2874	2794	2559	1877	1556	2019	1787
MA_RS02555	NC_003552.1	571167	573713	+	2547	662	525	482	374	522	539
MA_RS02560	NC_003552.1	573987	576203	-	2217	1668	1241	1333	1031	1166	1261
MA_RS02565	NC_003552.1	576556	577233	-	678	684	597	603	494	501	634
MA_RS02570	NC_003552.1	577531	578181	+	651	2436	2514	2629	2519	2256	1841
MA_RS02575	NC_003552.1	578794	579201	+	408	550	488	454	384	202	208
MA_RS02585	NC_003552.1	579515	579841	+	327	608	423	397	183	329	248
MA_RS02590	NC_003552.1	579937	582219	-	2283	8341	6509	5876	3860	6322	7592
MA_RS02595	NC_003552.1	582774	583250	+	477	2163	1677	1569	1014	1219	1255
MA_RS24355	NC_003552.1	583586	584113	+	528	1064	984	1119	786	456	479
MA_RS02610	NC_003552.1	584723	585280	+	558	2207	1730	1250	943	712	764
MA_RS02620	NC_003552.1	585765	586307	-	543	3323	3358	2142	1719	4031	2969
MA_RS02625	NC_003552.1	586505	587242	+	738	313	298	129	119	269	308
MA_RS02630	NC_003552.1	587255	588178	+	924	1234	1035	702	591	1044	1120
MA_RS02635	NC_003552.1	588926	589444	+	519	729	1002	783	805	2754	2245
MA_RS02640	NC_003552.1	590259	591188	+	930	3167	2838	2126	1544	1540	2387
MA_RS02645	NC_003552.1	591371	592807	+	1437	12735	10400	9510	7836	6000	6973
MA_RS02650	NC_003552.1	593230	594093	+	864	3373	3135	2313	1855	2028	2807
MA_RS02660	NC_003552.1	594609	595223	+	615	1359	1015	744	497	455	636
MA_RS02665	NC_003552.1	595359	596744	+	1386	6448	5517	5438	4965	6343	6212
MA_RS02670	NC_003552.1	597068	597652	-	585	3245	2523	2012	1593	1226	928
MA_RS02680	NC_003552.1	598296	598502	-	207	568	372	359	225	169	184
MA_RS02685	NC_003552.1	599612	600484	-	873	3639	3535	3515	3588	4318	6004
MA_RS02690	NC_003552.1	601283	601759	+	477	2821	2595	2807	1818	2148	2258
MA_RS02695	NC_003552.1	601897	602175	+	279	779	735	587	565	538	544
MA_RS02700	NC_003552.1	602172	602522	+	351	307	427	353	303	727	545
MA_RS02705	NC_003552.1	602880	602953	-	74	40	47	28	199	92	77
MA_RS02710	NC_003552.1	603202	603966	+	765	2290	1946	1769	1244	1182	1414
MA_RS02715	NC_003552.1	604061	604648	-	588	3766	2704	2202	1857	1916	1801
MA_RS02720	NC_003552.1	604781	605800	-	1020	2781	2027	1190	1601	1556	1607
MA_RS02725	NC_003552.1	606446	608416	-	1971	10602	7621	6453	4824	5066	5222
MA_RS02730	NC_003552.1	608616	611318	-	2703	16982	13069	10235	8173	7963	9413
MA_RS28335	NC_003552.1	611840	612079	+	240	170	175	70	37	81	84
MA_RS02740	NC_003552.1	612472	612549	-	78	235	270	299	331	292	294
MA_RS02745	NC_003552.1	612727	613311	-	585	3072	2991	3198	3246	2752	2771
MA_RS02750	NC_003552.1	613653	614801	+	1149	3064	2400	2768	2242	3451	3522
MA_RS02760	NC_003552.1	615729	616370	+	642	3147	2413	2123	1896	9357	6761
MA_RS02775	NC_003552.1	617913	618563	+	651	1734	1453	1219	1005	1852	1708
MA_RS02780	NC_003552.1	619035	620096	+	1062	619	644	583	427	913	909
MA_RS02785	NC_003552.1	620098	620394	+	297	123	133	82	70	105	102
MA_RS28040	NC_003552.1	620413	620562	+	150	97	78	67	62	86	88
MA_RS02800	NC_003552.1	622779	623399	+	621	4899	4017	3620	2626	2059	2490
MA_RS02805	NC_003552.1	624104	625717	+	1614	8706	7694	5962	5347	5137	6505
MA_RS02810	NC_003552.1	625757	626557	+	801	7664	8466	5779	4709	19874	15908
MA_RS02815	NC_003552.1	626734	626991	-	258	10449	9607	9621	7032	22897	21509
MA_RS02820	NC_003552.1	627143	627634	-	492	464	369	410	311	514	353
MA_RS02825	NC_003552.1	627701	630268	-	2568	5314	3984	3072	2450	2991	3111
MA_RS02830	NC_003552.1	630525	630926	-	402	51797	33428	19239	17606	14591	15107
MA_RS02835	NC_003552.1	631274	631561	-	288	4464	3972	3319	2389	3088	2819
MA_RS02840	NC_003552.1	631609	632430	-	822	10363	8494	9418	8082	7862	7539
MA_RS02845	NC_003552.1	633027	633491	-	465	7204	6224	5406	4589	3286	3765
MA_RS02850	NC_003552.1	633604	634320	-	717	6854	5550	5577	3729	3694	3821
MA_RS02855	NC_003552.1	634461	635216	-	756	2979	1916	1156	1194	1752	1543
MA_RS02860	NC_003552.1	635158	635793	-	636	2995	2113	1595	1557	1648	1923
MA_RS02870	NC_003552.1	636080	636565	-	486	848	791	798	339	955	1303
MA_RS02875	NC_003552.1	636723	637436	+	714	2869	2451	1435	1250	2591	2131
MA_RS02880	NC_003552.1	637433	638176	+	744	4340	3755	2544	2338	3053	2670
MA_RS02885	NC_003552.1	638399	639289	+	891	1346	1027	1110	866	583	788
MA_RS02890	NC_003552.1	639295	640392	+	1098	4367	3683	4445	3983	4520	4757
MA_RS25000	NC_003552.1	640700	644749	+	4050	4858	3670	2436	2115	2981	3253
MA_RS02905	NC_003552.1	645562	649428	+	3867	2588	2365	1863	1563	1835	2011
MA_RS26440	NC_003552.1	649767	649916	+	150	108	82	119	109	59	49
MA_RS02915	NC_003552.1	649933	650793	+	861	2581	2363	2327	1709	1917	2384
MA_RS26445	NC_003552.1	651143	651355	+	213	988	597	426	336	242	330
MA_RS29280	NC_003552.1	651359	651481	+	123	124	82	33	27	27	25
MA_RS02920	NC_003552.1	651520	652707	+	1188	4106	3142	2434	1818	1695	2611
MA_RS02925	NC_003552.1	652958	655138	+	2181	4311	3405	2503	1760	1559	3403
MA_RS02930	NC_003552.1	655226	657511	+	2286	2756	2695	1757	1306	1332	2774
MA_RS02935	NC_003552.1	657701	659947	+	2247	3328	2625	1802	1439	1348	2310
MA_RS02940	NC_003552.1	660130	660654	+	525	635	542	475	312	271	361
MA_RS02945	NC_003552.1	661627	663963	+	2337	5170	4561	2832	2398	3482	4662
MA_RS02950	NC_003552.1	664051	666390	+	2340	3802	3361	2315	1741	2423	3351
MA_RS02955	NC_003552.1	666579	667085	+	507	901	732	487	323	415	564
MA_RS02960	NC_003552.1	667157	668335	+	1179	1408	1226	958	694	1178	976
MA_RS02965	NC_003552.1	668702	669973	+	1272	2500	1912	1436	1184	1385	1499
MA_RS02970	NC_003552.1	670086	670751	+	666	1254	1200	899	716	1421	1197
MA_RS26450	NC_003552.1	671115	671363	+	249	66	64	38	36	105	68
MA_RS02975	NC_003552.1	671739	672695	+	957	7442	6051	4374	3450	3795	4279
MA_RS02980	NC_003552.1	672806	673219	+	414	1462	1240	925	453	1035	1305
MA_RS26455	NC_003552.1	673473	673733	+	261	1997	1772	1574	1042	1490	1496
MA_RS02990	NC_003552.1	674025	674435	+	411	297	364	263	151	165	174
MA_RS03000	NC_003552.1	675365	675823	+	459	383	398	261	185	219	211
MA_RS03005	NC_003552.1	676154	676576	+	423	864	792	787	570	705	767
MA_RS03010	NC_003552.1	677229	678278	+	1050	13504	10695	9923	9778	5527	8048
MA_RS03015	NC_003552.1	678275	678838	+	564	2544	2588	1934	1868	1687	2184
MA_RS03020	NC_003552.1	678843	679301	+	459	2672	3052	2770	2976	2609	3391
MA_RS03025	NC_003552.1	679496	680158	+	663	3067	3047	2583	4328	1799	2951
MA_RS03030	NC_003552.1	680300	681682	+	1383	11019	9453	7220	5876	4311	6158
MA_RS03035	NC_003552.1	681830	682804	+	975	15023	12402	11559	9745	7879	10662
MA_RS03040	NC_003552.1	683303	684220	+	918	2249	2183	1843	1642	1724	2171
MA_RS26460	NC_003552.1	684341	684592	+	252	727	887	649	541	681	699
MA_RS03050	NC_003552.1	685082	686356	+	1275	17538	16183	18658	16233	13704	19593
MA_RS03055	NC_003552.1	686420	687373	+	954	15931	11578	9923	8718	6778	9600
MA_RS03060	NC_003552.1	687412	688317	+	906	3066	2570	2020	2554	2927	3949
MA_RS03065	NC_003552.1	688317	689096	+	780	5353	3256	1983	2083	2231	2949
MA_RS03070	NC_003552.1	689174	689908	+	735	9624	7011	5338	4038	4618	4876
MA_RS03075	NC_003552.1	689908	690213	+	306	1425	1590	1592	1547	2693	2580
MA_RS03080	NC_003552.1	690641	692356	+	1716	10139	8756	9559	7711	4335	6362
MA_RS03085	NC_003552.1	692491	693603	-	1113	4250	3724	2664	3354	2719	2539
MA_RS03095	NC_003552.1	694191	695543	+	1353	17161	15193	12704	10623	11297	15237
MA_RS03100	NC_003552.1	695536	696402	+	867	6915	5344	3707	3050	3616	4159
MA_RS03105	NC_003552.1	696548	698119	+	1572	20401	17201	13051	12193	16223	19950
MA_RS03110	NC_003552.1	698285	698803	+	519	3658	3398	2675	2254	2647	3308
MA_RS03115	NC_003552.1	698883	700535	-	1653	2394	1870	1913	1555	1337	1864
MA_RS28340	NC_003552.1	700574	700741	+	168	111	101	119	71	141	141
MA_RS03125	NC_003552.1	701308	701688	+	381	28696	19489	11559	10026	11266	10858
MA_RS03130	NC_003552.1	701699	702121	+	423	15207	14615	10038	9898	12095	11413
MA_RS03135	NC_003552.1	702135	702539	+	405	17008	18380	16629	16333	15279	15699
MA_RS03140	NC_003552.1	702548	702736	+	189	741	1025	1191	1582	2209	2558
MA_RS03145	NC_003552.1	702737	702811	+	75	986	963	982	732	348	394
MA_RS03150	NC_003552.1	702924	703106	+	183	6790	5365	4577	3644	3079	4279
MA_RS03155	NC_003552.1	703179	703922	+	744	62068	51885	41226	32422	24846	35603
MA_RS03160	NC_003552.1	703991	704794	+	804	30966	24866	22535	18208	16682	23885
MA_RS03165	NC_003552.1	705010	705915	+	906	4104	3046	2412	1880	3626	4133
MA_RS03170	NC_003552.1	706015	706797	+	783	4203	3484	2247	2121	2475	3133
MA_RS03175	NC_003552.1	706801	707898	+	1098	19670	15201	14482	13002	12115	16929
MA_RS26465	NC_003552.1	709091	709231	-	141	3445	2914	1290	758	2910	4295
MA_RS03180	NC_003552.1	709310	710653	+	1344	33650	24378	25894	19961	17749	30213
MA_RS03185	NC_003552.1	710692	711657	+	966	17044	14902	15479	14056	13940	19432
MA_RS03190	NC_003552.1	711691	711909	-	219	88	88	48	73	194	155
MA_RS03195	NC_003552.1	712122	714773	-	2652	91802	79127	64978	54761	60431	69625
MA_RS03200	NC_003552.1	715092	715352	+	261	32794	30958	32800	27211	32847	36201
MA_RS03205	NC_003552.1	715547	716560	+	1014	19013	15598	9865	11483	15420	14159
MA_RS03210	NC_003552.1	716760	717413	+	654	4318	3367	2981	2345	2902	2893
MA_RS25010	NC_003552.1	717478	717903	-	426	2123	1383	1185	844	1556	1635
MA_RS03220	NC_003552.1	718050	719060	+	1011	2517	2289	1637	1190	1354	1329
MA_RS03225	NC_003552.1	719510	719581	+	72	209	137	261	306	130	94
MA_RS03230	NC_003552.1	720048	720950	-	903	891	483	516	221	825	746
MA_RS03235	NC_003552.1	721540	723159	-	1620	2406	1801	2335	1675	1544	1956
MA_RS03240	NC_003552.1	723868	724329	-	462	4388	2585	1722	1181	3026	2317
MA_RS03245	NC_003552.1	724667	725662	-	996	38449	26401	24086	12966	24888	25295
MA_RS26470	NC_003552.1	725854	726015	-	162	46	74	12	27	62	66
MA_RS03250	NC_003552.1	726052	726759	-	708	366	277	199	143	376	281
MA_RS03255	NC_003552.1	726775	727425	-	651	287	240	210	133	503	423
MA_RS26475	NC_003552.1	727510	727710	+	201	3	11	8	4	29	21
MA_RS03260	NC_003552.1	727859	729823	+	1965	1136	1015	955	538	1535	1399
MA_RS03265	NC_003552.1	730368	732335	+	1968	3756	2289	2297	1381	21905	12960
MA_RS03270	NC_003552.1	732897	734000	-	1104	7170	5622	4550	3627	5469	5083
MA_RS03275	NC_003552.1	734439	735272	+	834	3716	3044	2327	1573	1911	1891
MA_RS03280	NC_003552.1	735572	736234	+	663	4974	3652	3580	2852	2705	3153
MA_RS03285	NC_003552.1	736295	736513	-	219	2053	1679	1839	2343	1696	2234
MA_RS03295	NC_003552.1	737081	737878	+	798	2035	1320	1029	859	3475	2340
MA_RS03300	NC_003552.1	738028	739992	+	1965	923	641	510	273	806	746
MA_RS03305	NC_003552.1	740029	741168	-	1140	3994	3483	3487	2556	5544	4905
MA_RS03310	NC_003552.1	741262	741669	-	408	4791	4836	5515	4597	23225	13725
MA_RS03315	NC_003552.1	741925	742203	+	279	8413	5766	4983	3260	14760	10153
MA_RS03320	NC_003552.1	742329	743939	+	1611	35217	24544	21305	20966	37294	31657
MA_RS03325	NC_003552.1	744374	745201	+	828	13418	12025	12691	8269	8290	10494
MA_RS03330	NC_003552.1	745333	746016	+	684	3696	3596	2719	1846	1512	2621
MA_RS03335	NC_003552.1	746169	746804	+	636	6531	5634	4607	3223	5244	6473
MA_RS03340	NC_003552.1	747109	748293	+	1185	20330	17010	18678	13143	10633	15247
MA_RS03345	NC_003552.1	748504	749592	-	1089	5229	4052	3973	3931	3726	3072
MA_RS03355	NC_003552.1	749793	750596	-	804	2467	1897	1952	1713	1825	1275
MA_RS26480	NC_003552.1	750873	751064	-	192	12299	13160	38095	37322	20837	20229
MA_RS26485	NC_003552.1	751161	751307	-	147	616	579	440	351	816	803
MA_RS03360	NC_003552.1	751638	752129	-	492	9873	5253	3530	3155	2879	2288
MA_RS03365	NC_003552.1	752315	753082	-	768	730	668	404	293	338	236
MA_RS03375	NC_003552.1	754290	754369	-	80	678	882	1243	1105	592	469
MA_RS03380	NC_003552.1	754586	755989	-	1404	10832	9872	7375	7464	6427	6960
MA_RS03385	NC_003552.1	756108	756878	-	771	16154	13727	10210	9465	9639	10078
MA_RS25015	NC_003552.1	756888	757043	-	156	1151	1292	888	908	987	1003
MA_RS03390	NC_003552.1	757050	757856	-	807	32544	28205	30123	27190	32120	35670
MA_RS03395	NC_003552.1	757929	758117	-	189	5918	4123	3053	2697	3040	2719
MA_RS03400	NC_003552.1	758124	758402	-	279	18316	12816	11756	10975	7492	7025
MA_RS03405	NC_003552.1	758802	759527	-	726	13671	11320	9605	9390	9696	9611
MA_RS03410	NC_003552.1	759493	760737	-	1245	8981	7067	5397	4868	3445	4341
MA_RS03415	NC_003552.1	761249	762172	+	924	893	914	842	622	571	480
MA_RS03420	NC_003552.1	762428	763123	+	696	230	176	154	131	177	106
MA_RS03425	NC_003552.1	763478	765844	+	2367	4151	3081	2059	1824	1683	1752
MA_RS03430	NC_003552.1	765841	766893	+	1053	3338	2991	2242	1963	1995	2166
MA_RS03435	NC_003552.1	767242	769431	+	2190	151919	180787	147414	139995	131241	230351
MA_RS03440	NC_003552.1	769777	770496	-	720	7664	7492	6936	6711	5551	7718
MA_RS03445	NC_003552.1	770644	771519	-	876	8661	6048	5440	4593	8163	6190
MA_RS03450	NC_003552.1	771947	772492	+	546	4012	3253	2858	2379	3192	3533
MA_RS03455	NC_003552.1	772694	773713	-	1020	3779	2714	2681	2325	1695	1998
MA_RS03460	NC_003552.1	774913	776406	+	1494	42842	45268	34017	39543	18632	31567
MA_RS03465	NC_003552.1	776411	777727	+	1317	43629	37647	27608	31337	19052	31901
MA_RS03470	NC_003552.1	777724	778590	+	867	16638	20185	14759	15148	15064	30140
MA_RS03475	NC_003552.1	778583	779149	+	567	14506	15655	12159	12304	9279	18275
MA_RS03480	NC_003552.1	779151	779768	+	618	20474	19165	14069	14192	10944	20897
MA_RS03485	NC_003552.1	779770	780360	+	591	10573	12985	11871	15792	7610	15355
MA_RS03490	NC_003552.1	780362	781147	+	786	19051	22909	22299	27319	18251	33538
MA_RS03495	NC_003552.1	781197	781532	+	336	10855	14121	13696	14223	7187	14153
MA_RS03500	NC_003552.1	781743	782240	-	498	1208	1141	951	763	1032	1044
MA_RS03505	NC_003552.1	782413	783465	-	1053	1225	969	940	794	1268	1258
MA_RS03510	NC_003552.1	783936	784769	-	834	3624	2836	2531	2474	2311	2324
MA_RS03515	NC_003552.1	785002	786006	+	1005	14592	11121	6698	6518	9764	9847
MA_RS03520	NC_003552.1	786139	786651	+	513	8077	6911	6974	5963	3936	4344
MA_RS03525	NC_003552.1	786830	787093	+	264	9284	7302	7766	5720	5936	6479
MA_RS03530	NC_003552.1	787229	787450	-	222	8537	6262	5698	4534	6662	10236
MA_RS03535	NC_003552.1	787765	788736	+	972	3664	3962	4488	3970	3827	4324
MA_RS03540	NC_003552.1	789265	790983	+	1719	20904	19168	13867	12723	15898	19232
MA_RS03545	NC_003552.1	791006	792487	+	1482	16953	14150	9022	8464	15089	16213
MA_RS03550	NC_003552.1	792605	793582	+	978	27606	22456	19971	14459	89662	60737
MA_RS03555	NC_003552.1	793566	794189	+	624	8925	6935	7275	4529	7222	8765
MA_RS03560	NC_003552.1	794778	795740	-	963	8034	5751	3141	3933	3611	3744
MA_RS03565	NC_003552.1	795772	796395	-	624	4553	3519	1712	2447	3691	3492
MA_RS03570	NC_003552.1	796533	796823	-	291	4821	3676	3329	3699	5353	5595
MA_RS03575	NC_003552.1	796970	799075	-	2106	33677	28242	20882	19188	12650	15690
MA_RS03580	NC_003552.1	799193	799951	-	759	2120	1713	1643	1306	1585	1514
MA_RS03585	NC_003552.1	799988	800185	-	198	185	140	85	65	151	143
MA_RS03590	NC_003552.1	800592	800975	+	384	4605	2775	2080	1938	821	1624
MA_RS03595	NC_003552.1	801921	802595	+	675	42526	18901	15804	6839	32538	36456
MA_RS26490	NC_003552.1	802931	803107	-	177	39	53	53	34	211	210
MA_RS03600	NC_003552.1	803364	804146	+	783	33014	30388	28146	24376	15147	28020
MA_RS03605	NC_003552.1	804148	805377	+	1230	68525	63881	64486	51670	31258	54876
MA_RS03610	NC_003552.1	805491	806126	+	636	3094	2969	3025	2533	1948	2477
MA_RS03615	NC_003552.1	806119	806751	+	633	1323	1326	1200	1181	1601	1411
MA_RS03620	NC_003552.1	806927	808051	+	1125	504	376	267	227	303	295
MA_RS03625	NC_003552.1	808279	809448	+	1170	2790	2075	2249	1709	3871	3530
MA_RS24895	NC_003552.1	809468	809829	-	362	608733	581977	1404809	1406967	424725	525074
MA_RS03630	NC_003552.1	810326	811465	+	1140	19101	14890	11477	9858	16183	16999
MA_RS03635	NC_003552.1	811452	812492	+	1041	20305	16810	15459	13776	8659	12663
MA_RS03640	NC_003552.1	812489	813127	+	639	6015	4961	4303	3697	2999	4700
MA_RS03645	NC_003552.1	813275	813994	+	720	4850	4696	4569	4822	2887	4191
MA_RS03650	NC_003552.1	814086	814775	-	690	5017	4849	4176	3405	1974	3281
MA_RS03655	NC_003552.1	814766	815719	-	954	7846	7084	5610	4599	2017	3342
MA_RS03660	NC_003552.1	815716	816687	-	972	8084	7850	7102	6266	4123	6247
MA_RS03665	NC_003552.1	816684	817631	-	948	20239	17667	15704	13419	14002	15960
MA_RS03670	NC_003552.1	817825	819624	-	1800	37968	29225	21078	18754	22285	24530
MA_RS03675	NC_003552.1	819984	820226	+	243	63	53	39	27	93	91
MA_RS03680	NC_003552.1	820217	821221	-	1005	711	592	765	611	684	609
MA_RS03685	NC_003552.1	821430	821927	+	498	215	159	225	143	221	127
MA_RS03690	NC_003552.1	822155	823519	+	1365	230	235	218	183	316	270
MA_RS03695	NC_003552.1	823576	823938	+	363	67	76	46	37	73	51
MA_RS03700	NC_003552.1	824337	824927	-	591	1271	1111	967	896	746	715
MA_RS03705	NC_003552.1	825331	826671	+	1341	16434	11634	9246	8718	6711	8322
MA_RS03710	NC_003552.1	826637	828793	+	2157	25848	20576	17072	14210	14015	17893
MA_RS03715	NC_003552.1	829089	829517	-	429	16462	11445	7536	6863	5497	5632
MA_RS03720	NC_003552.1	829862	829936	-	75	215	166	189	189	140	188
MA_RS03725	NC_003552.1	830087	830638	-	552	6883	5598	5176	4020	4027	4379
MA_RS03730	NC_003552.1	830638	831018	-	381	2113	1481	1297	1345	1226	1635
MA_RS03735	NC_003552.1	831024	832241	-	1218	23528	17112	14930	12408	6992	9796
MA_RS03740	NC_003552.1	832366	833289	+	924	19488	16711	15818	12559	11429	15123
MA_RS03745	NC_003552.1	833678	835750	+	2073	497439	433323	344457	261006	304719	572894
MA_RS03755	NC_003552.1	836209	836778	+	570	8932	7332	5051	4084	2893	4268
MA_RS03760	NC_003552.1	836759	837766	+	1008	12459	10461	7981	7972	6019	6819
MA_RS03765	NC_003552.1	837898	838491	+	594	9024	7909	5534	4351	4718	5284
MA_RS03770	NC_003552.1	839119	840054	+	936	27677	22033	18113	15028	22312	29129
MA_RS03775	NC_003552.1	840172	840450	+	279	6534	6263	4853	5766	7188	9540
MA_RS03780	NC_003552.1	840784	841944	+	1161	11392	9892	9970	8305	10377	12141
MA_RS03785	NC_003552.1	842304	842642	-	339	2667	2386	1973	1990	2509	2063
MA_RS03790	NC_003552.1	842758	843354	-	597	8433	8052	6328	5615	26536	15808
MA_RS03795	NC_003552.1	843681	844235	+	555	1877	1831	2335	2888	3286	3745
MA_RS03800	NC_003552.1	844407	845669	-	1263	11043	9249	9418	9279	7637	8398
MA_RS03805	NC_003552.1	846127	847893	-	1767	1654	1107	753	510	1150	1030
MA_RS03810	NC_003552.1	847988	849730	-	1743	2396	1440	891	714	2103	1576
MA_RS03815	NC_003552.1	849942	850013	+	72	339	417	733	927	311	220
MA_RS03820	NC_003552.1	850158	850568	-	411	1160	1198	884	807	1006	921
MA_RS03825	NC_003552.1	851002	851268	-	267	111	129	86	67	83	113
MA_RS03830	NC_003552.1	851687	852457	+	771	337	276	133	129	215	141
MA_RS29620	NC_003552.1	853438	853626	+	189	2056	1647	1075	906	1368	1248
MA_RS28350	NC_003552.1	853879	854082	+	204	358	382	381	350	506	628
MA_RS03845	NC_003552.1	854297	854923	+	627	701	557	452	302	308	348
MA_RS03850	NC_003552.1	855054	855461	-	408	1576	1200	966	811	651	656
MA_RS03855	NC_003552.1	855803	856483	+	681	378	363	348	213	332	265
MA_RS28140	NC_003552.1	856798	857814	+	1017	650	539	369	345	544	456
MA_RS03870	NC_003552.1	858898	859521	-	624	866	569	490	415	643	659
MA_RS03875	NC_003552.1	859801	860394	-	594	390	307	385	289	506	406
MA_RS26500	NC_003552.1	860711	860878	-	168	898	752	985	880	1010	1047
MA_RS28355	NC_003552.1	862330	862620	-	291	228	222	225	205	271	233
MA_RS28360	NC_003552.1	862569	862829	-	261	404	323	302	249	173	185
MA_RS03885	NC_003552.1	863065	863532	-	468	1946	1538	2484	1916	1194	1448
MA_RS03890	NC_003552.1	863703	864677	-	975	499	362	366	178	241	247
MA_RS03895	NC_003552.1	864913	865548	+	636	234	176	209	143	279	313
MA_RS03900	NC_003552.1	865857	866267	+	411	1766	1422	1589	1222	1259	1623
MA_RS03905	NC_003552.1	866486	867484	-	999	5067	4056	3138	2565	3567	3215
MA_RS03910	NC_003552.1	867686	868279	+	594	484	384	325	276	265	278
MA_RS03915	NC_003552.1	868435	869856	+	1422	20753	15700	13369	9481	13395	13629
MA_RS03920	NC_003552.1	869889	870740	-	852	4654	4465	3516	3298	4425	4808
MA_RS03925	NC_003552.1	871621	872079	+	459	199	113	129	158	225	154
MA_RS03930	NC_003552.1	872268	873185	+	918	4778	4009	1924	2671	3533	4113
MA_RS03935	NC_003552.1	873486	873890	+	405	719	669	533	375	488	433
MA_RS26505	NC_003552.1	874465	874617	-	153	37	26	11	13	17	5
MA_RS03940	NC_003552.1	874642	874992	+	351	66	36	44	29	37	37
MA_RS03945	NC_003552.1	875043	875864	+	822	374	265	276	107	75	126
MA_RS28365	NC_003552.1	875876	876019	+	144	75	45	56	23	15	18
MA_RS27845	NC_003552.1	876190	876339	+	150	406	265	223	226	133	114
MA_RS03955	NC_003552.1	876714	877568	+	855	7711	7269	7511	5727	8282	7742
MA_RS03960	NC_003552.1	877867	881013	+	3147	14669	10999	9479	6409	17235	15491
MA_RS03965	NC_003552.1	881428	885273	+	3846	5693	4115	3497	2524	4237	3830
MA_RS03975	NC_003552.1	885884	887419	+	1536	2404	2000	1340	1189	826	944
MA_RS03980	NC_003552.1	887894	889543	+	1650	891	713	776	493	1316	975
MA_RS03985	NC_003552.1	890046	892913	+	2868	5170	4166	4086	2880	1952	2633
MA_RS03990	NC_003552.1	892949	896812	-	3864	7960	7618	5557	4745	5997	6721
MA_RS03995	NC_003552.1	897256	897468	+	213	439	321	168	184	330	244
MA_RS04000	NC_003552.1	897465	897698	+	234	719	472	315	181	474	348
MA_RS04005	NC_003552.1	897937	898233	+	297	472	429	410	504	925	835
MA_RS04010	NC_003552.1	898230	898580	+	351	2236	2205	1635	1358	1106	980
MA_RS04015	NC_003552.1	898820	899326	+	507	1887	1696	1322	1114	1104	1024
MA_RS04020	NC_003552.1	899378	900142	-	765	1288	1051	964	662	876	638
MA_RS28370	NC_003552.1	900424	900660	+	237	173	83	40	33	52	50
MA_RS04025	NC_003552.1	900679	901380	+	702	190	140	156	138	148	121
MA_RS04030	NC_003552.1	901519	902511	-	993	608	465	511	472	508	477
MA_RS29700	NC_003552.1	902852	903121	-	270	506	465	338	225	466	402
MA_RS26515	NC_003552.1	903169	903333	-	165	126	109	57	51	91	50
MA_RS04040	NC_003552.1	903734	904126	-	393	316	260	181	189	447	312
MA_RS04045	NC_003552.1	904627	905556	-	930	1362	1041	870	575	2247	1939
MA_RS04050	NC_003552.1	905868	906128	-	261	139	85	89	54	241	219
MA_RS04055	NC_003552.1	906555	907094	-	540	1569	1653	1556	978	1395	1645
MA_RS04060	NC_003552.1	907759	908814	+	1056	11848	8433	7557	3763	13114	14330
MA_RS27855	NC_003552.1	909054	909221	+	168	3501	3338	4477	5383	13585	15279
MA_RS04070	NC_003552.1	910007	911701	+	1695	25072	20348	19373	10633	10543	15654
MA_RS04075	NC_003552.1	911741	911995	-	255	1760	1270	1085	592	469	705
MA_RS26525	NC_003552.1	911965	912111	-	147	12	23	8	5	12	7
MA_RS04080	NC_003552.1	912278	913303	+	1026	493	342	404	302	320	408
MA_RS04085	NC_003552.1	913295	914269	-	975	961	873	769	712	747	905
MA_RS04090	NC_003552.1	914377	915108	+	732	3169	3031	2582	2247	2271	2568
MA_RS04095	NC_003552.1	915311	916171	-	861	4092	3189	2645	2149	2450	2618
MA_RS04100	NC_003552.1	916255	917382	-	1128	14798	11754	10890	9680	7485	9108
MA_RS04105	NC_003552.1	917648	918232	-	585	392	285	182	149	237	173
MA_RS28375	NC_003552.1	918656	919090	+	435	63440	44686	46326	59959	18191	21729
MA_RS04115	NC_003552.1	919641	920282	+	642	177	136	163	105	129	124
MA_RS04125	NC_003552.1	921378	922271	+	894	1324	1419	1533	1419	861	1060
MA_RS04130	NC_003552.1	922460	923425	+	966	2737	1676	1614	1031	2521	2161
MA_RS04135	NC_003552.1	923467	924438	-	972	4292	2535	1975	1247	3679	2684
MA_RS04140	NC_003552.1	924471	925478	-	1008	4524	2969	1709	1275	4431	2807
MA_RS04145	NC_003552.1	925595	926740	-	1146	17713	13683	12274	10663	24933	19210
MA_RS04150	NC_003552.1	926962	927891	+	930	2182	2113	1874	1607	4758	3478
MA_RS04155	NC_003552.1	928093	928416	-	324	204	183	106	115	229	168
MA_RS04160	NC_003552.1	928544	929260	-	717	248	199	234	194	278	276
MA_RS04165	NC_003552.1	929235	930365	-	1131	460	432	360	263	490	474
MA_RS04170	NC_003552.1	930341	931303	-	963	466	352	363	245	380	386
MA_RS04175	NC_003552.1	933015	933719	-	705	635	562	345	1333	473	642
MA_RS04180	NC_003552.1	934184	935077	+	894	3991	4871	3515	3387	7702	6321
MA_RS04185	NC_003552.1	935609	936478	+	870	2353	2368	1650	1538	3518	3590
MA_RS26530	NC_003552.1	936687	936863	-	177	149	79	46	30	117	103
MA_RS04190	NC_003552.1	937013	937708	-	696	529	406	222	185	655	412
MA_RS04195	NC_003552.1	938155	938292	-	138	262	273	268	368	810	626
MA_RS04200	NC_003552.1	939161	940330	+	1170	6146	4096	5164	3321	8673	7832
MA_RS04205	NC_003552.1	940430	941194	-	765	3898	1970	1889	671	7548	5296
MA_RS04210	NC_003552.1	941247	941909	-	663	3434	1174	1103	456	2769	2173
MA_RS04215	NC_003552.1	941966	943120	-	1155	4346	2331	2182	1080	7210	5412
MA_RS04220	NC_003552.1	943288	943707	-	420	1539	475	404	230	1965	1126
MA_RS04225	NC_003552.1	943727	943954	-	228	766	381	301	193	541	425
MA_RS04230	NC_003552.1	944141	944560	-	420	2212	1227	669	561	1370	1147
MA_RS04235	NC_003552.1	944933	945289	+	357	923	848	616	454	526	514
MA_RS04240	NC_003552.1	945361	947916	-	2556	15932	13333	8850	7491	9525	8449
MA_RS26535	NC_003552.1	948247	948390	-	144	1237	925	755	896	957	782
MA_RS04245	NC_003552.1	948831	950003	-	1173	48512	38005	29016	18672	41831	31253
MA_RS04250	NC_003552.1	950179	951132	-	954	14953	11738	8293	8920	6232	7504
MA_RS29705	NC_003552.1	951171	951449	-	279	2000	1829	1087	1173	999	1221
MA_RS29710	NC_003552.1	951477	951902	-	426	7313	7716	6570	6378	6043	6115
MA_RS04260	NC_003552.1	951923	952180	-	258	16199	11146	9788	7855	5424	6085
MA_RS04265	NC_003552.1	953060	953983	-	924	1549	1005	785	626	819	955
MA_RS04270	NC_003552.1	954420	955169	+	750	6518	5386	2901	2219	6118	6645
MA_RS04275	NC_003552.1	955395	956135	+	741	22192	17734	18212	12925	17337	16405
MA_RS04285	NC_003552.1	956440	957198	+	759	16043	14021	10782	9534	15086	16483
MA_RS04290	NC_003552.1	957309	958709	-	1401	9386	7705	6808	5418	5296	6679
MA_RS04295	NC_003552.1	958702	959244	-	543	2232	1979	1574	1327	1089	1246
MA_RS04300	NC_003552.1	959728	960123	-	396	7557	7158	4961	6878	1912	2726
MA_RS04305	NC_003552.1	961569	963212	-	1644	5950	4752	4055	3678	2552	3395
MA_RS04310	NC_003552.1	963729	964304	-	576	3897	2596	1721	1624	1621	1798
MA_RS04320	NC_003552.1	965341	967356	+	2016	2270914	1961946	1755625	1610730	1012381	1567424
MA_RS04325	NC_003552.1	967529	968110	+	582	23192	25089	21274	15573	14796	24853
MA_RS04330	NC_003552.1	968396	969211	+	816	2411	1920	1704	1084	953	1058
MA_RS04335	NC_003552.1	969749	970507	-	759	806	579	617	518	522	689
MA_RS04340	NC_003552.1	970508	972226	-	1719	1505	1253	957	920	971	1273
MA_RS04345	NC_003552.1	972228	973532	-	1305	987	695	801	549	515	794
MA_RS04350	NC_003552.1	973610	973993	-	384	271	278	218	180	115	162
MA_RS04355	NC_003552.1	974836	974945	+	110	305	402	367	588	493	413
MA_RS04365	NC_003552.1	975948	976697	-	750	360	268	220	233	159	195
MA_RS04370	NC_003552.1	976685	977515	-	831	461	423	355	289	303	265
MA_RS04380	NC_003552.1	979079	980770	+	1692	43935	35406	15834	19487	17875	26120
MA_RS04385	NC_003552.1	980748	981608	+	861	30667	31232	20165	18435	23498	31518
MA_RS04390	NC_003552.1	981636	982619	+	984	31021	31201	20465	19351	15999	24501
MA_RS04395	NC_003552.1	982633	983571	+	939	19055	16508	14457	12859	8089	13517
MA_RS04400	NC_003552.1	983574	985295	+	1722	29160	26970	19240	16218	16701	26766
MA_RS04405	NC_003552.1	985457	986449	+	993	7275	5653	2379	2269	2691	4460
MA_RS04410	NC_003552.1	986446	987210	+	765	2797	2715	1838	1669	1734	3119
MA_RS04415	NC_003552.1	987383	988459	+	1077	7211	6627	4753	3872	7561	7432
MA_RS04420	NC_003552.1	988690	989232	-	543	1685	1873	1270	748	5864	3591
MA_RS04425	NC_003552.1	989192	990883	-	1692	8381	6863	5858	2176	15802	7824
MA_RS28380	NC_003552.1	991446	998273	-	6828	40516	30722	29144	18304	22989	37014
MA_RS29290	NC_003552.1	999281	1006981	-	7701	42832	31684	26910	15823	18410	39461
MA_RS04440	NC_003552.1	1007702	1008478	-	777	727	637	586	448	487	455
MA_RS04445	NC_003552.1	1008475	1009398	-	924	584	397	305	222	426	314
MA_RS04450	NC_003552.1	1009640	1010161	+	522	785	686	431	304	495	622
MA_RS04460	NC_003552.1	1012528	1013631	-	1104	952	782	724	250	1158	723
MA_RS04465	NC_003552.1	1014321	1015928	-	1608	2468	2511	2018	555	4800	2208
MA_RS04470	NC_003552.1	1016347	1018281	-	1935	3210	3638	3414	654	9596	3794
MA_RS04475	NC_003552.1	1019006	1020910	-	1905	14086	18024	18077	3807	64002	22978
MA_RS04480	NC_003552.1	1021409	1021891	+	483	1597	1160	1096	827	1164	1450
MA_RS04485	NC_003552.1	1021908	1022825	+	918	2066	1862	1325	882	1482	1761
MA_RS04490	NC_003552.1	1023722	1024522	-	801	1955	1805	1427	977	1482	1570
MA_RS04495	NC_003552.1	1024642	1026891	-	2250	12217	9688	9464	6210	6165	7278
MA_RS28395	NC_003552.1	1026922	1027569	-	648	2705	2298	1736	1247	1358	1527
MA_RS04510	NC_003552.1	1028464	1029468	+	1005	14617	12806	10586	7721	19858	16630
MA_RS04515	NC_003552.1	1029796	1030539	-	744	3829	4368	3754	3317	2183	3126
MA_RS04520	NC_003552.1	1030539	1031306	-	768	5569	5377	3854	3352	2303	2992
MA_RS04525	NC_003552.1	1031303	1032196	-	894	6096	6111	4898	4342	3221	4588
MA_RS04530	NC_003552.1	1032222	1034123	-	1902	7639	8185	5817	7236	5831	7765
MA_RS04535	NC_003552.1	1034157	1035734	-	1578	14208	14894	8701	9471	8946	12507
MA_RS04540	NC_003552.1	1035751	1039659	-	3909	63995	65158	43336	43570	38192	54664
MA_RS04545	NC_003552.1	1039669	1041381	-	1713	17040	15469	9651	10688	9309	12431
MA_RS04550	NC_003552.1	1041386	1042909	-	1524	19552	19356	15477	15533	13217	17087
MA_RS04555	NC_003552.1	1042949	1043542	-	594	11993	10089	7809	7857	5872	7475
MA_RS04560	NC_003552.1	1043905	1045662	+	1758	10129	11330	6911	7652	9596	12861
MA_RS04565	NC_003552.1	1045683	1047797	+	2115	12338	11299	9028	10816	8918	10644
MA_RS04570	NC_003552.1	1047778	1048803	-	1026	1715	1314	1317	954	624	773
MA_RS04575	NC_003552.1	1048796	1049737	-	942	1158	906	497	514	396	768
MA_RS04580	NC_003552.1	1049734	1050588	-	855	2084	1781	1593	1049	734	1856
MA_RS04590	NC_003552.1	1051642	1051929	-	288	2016	1449	1287	587	1344	3075
MA_RS04595	NC_003552.1	1051926	1055828	-	3903	39342	31813	28384	16772	18315	35157
MA_RS04600	NC_003552.1	1055832	1057406	-	1575	13719	10999	9448	5332	6136	10688
MA_RS04605	NC_003552.1	1058343	1060475	+	2133	22213	14816	14864	5910	15807	27273
MA_RS04610	NC_003552.1	1060666	1063473	+	2808	66093	52430	40553	31268	47183	56206
MA_RS04615	NC_003552.1	1063818	1064105	+	288	808	1632	615	399	2181	1336
MA_RS04620	NC_003552.1	1064522	1065445	+	924	107391	100840	83205	76429	39954	79362
MA_RS04625	NC_003552.1	1065477	1066367	+	891	32970	36719	29230	32337	17796	41931
MA_RS04630	NC_003552.1	1066370	1067293	+	924	39480	41292	34813	33995	12798	29809
MA_RS04635	NC_003552.1	1067344	1068120	+	777	36190	35060	27719	20874	12090	26533
MA_RS04640	NC_003552.1	1068127	1068777	+	651	19588	19029	15489	13034	8920	17922
MA_RS04645	NC_003552.1	1069061	1070464	+	1404	5607	4353	4158	3350	3267	3347
MA_RS04650	NC_003552.1	1070496	1071044	-	549	12937	10269	8527	7363	10281	9966
MA_RS04655	NC_003552.1	1071041	1071829	-	789	11615	9804	5990	5214	9330	6868
MA_RS04660	NC_003552.1	1071831	1072160	-	330	5762	4017	2985	2898	3585	2905
MA_RS04665	NC_003552.1	1073041	1074518	+	1478	6474910	5990292	3109321	5049565	6454014	6637172
MA_RS04670	NC_003552.1	1074708	1077611	+	2904	1258779	1137296	403057	1614271	6977951	4746135
MA_RS04675	NC_003552.1	1077685	1077807	+	123	6348	7893	11063	16794	12285	15454
MA_RS04680	NC_003552.1	1078142	1079521	-	1380	1611	1276	1024	878	1703	1438
MA_RS04685	NC_003552.1	1080109	1080471	-	363	7801	7802	5019	5235	12800	12780
MA_RS04690	NC_003552.1	1080559	1080876	-	318	13383	9129	4447	4183	7362	6624
MA_RS04695	NC_003552.1	1081168	1082313	-	1146	6994	5850	4446	3923	4075	4088
MA_RS04700	NC_003552.1	1082474	1084453	+	1980	7452	6186	6525	4119	11692	10557
MA_RS25080	NC_003552.1	1084559	1085227	-	669	280	192	153	118	297	244
MA_RS27875	NC_003552.1	1085224	1085580	-	357	198	160	95	72	148	164
MA_RS29715	NC_003552.1	1085543	1085632	-	90	5	1	4	2	4	2
MA_RS04710	NC_003552.1	1085862	1086224	+	363	2134	2061	2377	1983	2251	1949
MA_RS04715	NC_003552.1	1086700	1088622	+	1923	4106	3123	2992	2490	2776	3271
MA_RS04720	NC_003552.1	1088846	1089712	+	867	1099	915	747	524	914	1010
MA_RS28400	NC_003552.1	1089821	1089967	+	147	157	196	187	235	304	148
MA_RS04725	NC_003552.1	1090082	1090528	-	447	129	105	77	83	97	103
MA_RS04730	NC_003552.1	1090553	1090906	-	354	160	92	64	47	42	36
MA_RS25085	NC_003552.1	1091291	1091437	+	147	8203	8195	9992	10258	17363	15753
MA_RS04735	NC_003552.1	1091615	1092223	+	609	5264	4677	4343	3718	3485	4020
MA_RS04740	NC_003552.1	1092417	1093751	+	1335	8658	5836	4275	3801	2506	3973
MA_RS04745	NC_003552.1	1093839	1095143	-	1305	21533	16849	14037	8738	12475	15929
MA_RS04750	NC_003552.1	1095195	1095992	-	798	15406	11919	9414	6214	7506	8685
MA_RS04755	NC_003552.1	1096558	1098690	+	2133	18320	14188	11251	9343	12081	13600
MA_RS29295	NC_003552.1	1098809	1098931	-	123	338	300	205	149	264	333
MA_RS04760	NC_003552.1	1098963	1099403	-	441	2563	2007	1875	1167	1343	1197
MA_RS04765	NC_003552.1	1099573	1100187	-	615	27434	21963	19914	16489	21275	17197
MA_RS04770	NC_003552.1	1100355	1100861	-	507	906	727	399	361	879	444
MA_RS04775	NC_003552.1	1101370	1102056	-	687	13703	8648	11053	5600	35589	14527
MA_RS04780	NC_003552.1	1102308	1102634	-	327	1843	1564	1546	1209	1671	1653
MA_RS04785	NC_003552.1	1103181	1103558	+	378	30029	23439	22023	16428	14747	18467
MA_RS04790	NC_003552.1	1103632	1104123	+	492	23789	22494	22559	17260	27922	35821
MA_RS04795	NC_003552.1	1104205	1105386	+	1182	30459	26691	24365	18848	19897	27955
MA_RS04800	NC_003552.1	1105934	1106335	-	402	3429	3373	3065	3150	3107	3260
MA_RS04805	NC_003552.1	1106736	1107419	+	684	2548	2722	2403	2332	5259	4288
MA_RS28045	NC_003552.1	1107509	1107658	-	150	620	639	722	744	667	695
MA_RS04810	NC_003552.1	1107674	1107970	-	297	69	46	41	12	45	37
MA_RS04820	NC_003552.1	1109141	1109794	-	654	297	178	207	88	190	161
MA_RS04845	NC_003552.1	1113305	1113955	-	651	121	39	44	21	134	100
MA_RS04850	NC_003552.1	1113958	1114155	-	198	23	40	1	7	40	30
MA_RS04855	NC_003552.1	1114425	1114790	-	366	1369	1117	773	689	938	953
MA_RS04860	NC_003552.1	1114909	1115871	-	963	4868	4082	3048	3067	2723	2814
MA_RS04865	NC_003552.1	1115875	1116582	-	708	3835	2856	1871	1778	1566	1683
MA_RS04870	NC_003552.1	1116628	1117239	-	612	2454	1982	1541	1115	1093	1559
MA_RS04875	NC_003552.1	1117224	1118060	-	837	2877	2121	1902	1500	1444	2099
MA_RS04880	NC_003552.1	1118078	1118620	-	543	2913	2449	2413	1927	2007	2476
MA_RS04890	NC_003552.1	1118909	1119868	-	960	3143	2409	1971	1718	2858	3265
MA_RS04895	NC_003552.1	1119865	1121355	-	1491	6139	4262	3557	2908	4487	4863
MA_RS04900	NC_003552.1	1121827	1123068	+	1242	4495	4110	3887	3738	3165	3369
MA_RS04905	NC_003552.1	1123186	1124670	-	1485	980	905	575	656	734	704
MA_RS28405	NC_003552.1	1125282	1125467	-	186	218	183	134	129	175	214
MA_RS28410	NC_003552.1	1125466	1125768	+	303	403	270	210	140	216	223
MA_RS04920	NC_003552.1	1125765	1126397	+	633	100	92	60	27	148	115
MA_RS04925	NC_003552.1	1126372	1127007	+	636	112	91	129	39	179	177
MA_RS04930	NC_003552.1	1127122	1128429	+	1308	438	313	302	194	612	482
MA_RS04935	NC_003552.1	1128668	1129126	+	459	35543	30374	31775	30046	19411	23479
MA_RS04940	NC_003552.1	1129290	1130084	-	795	43860	40602	35052	37114	28131	34370
MA_RS04945	NC_003552.1	1130081	1131151	-	1071	57910	62436	57727	52166	43929	55485
MA_RS04950	NC_003552.1	1131170	1132378	-	1209	102828	100590	77620	82084	79025	88805
MA_RS04955	NC_003552.1	1132843	1133958	-	1116	764	526	378	279	580	551
MA_RS04960	NC_003552.1	1134014	1135282	-	1269	1177	856	622	438	948	791
MA_RS26555	NC_003552.1	1136335	1136478	+	144	1264	1158	622	392	473	569
MA_RS04965	NC_003552.1	1136515	1137348	-	834	3711	2903	2296	1765	1984	2430
MA_RS04970	NC_003552.1	1137547	1137918	-	372	1557	1419	910	703	933	1217
MA_RS25090	NC_003552.1	1138411	1142001	-	3591	51221	36462	22571	15880	26240	29085
MA_RS04980	NC_003552.1	1142634	1143449	+	816	6943	6296	5987	5250	4605	5138
MA_RS04985	NC_003552.1	1143764	1144678	+	915	8245	7276	6650	5674	3519	4217
MA_RS24380	NC_003552.1	1145129	1146589	-	1461	4369	4727	3506	2831	3996	4592
MA_RS04995	NC_003552.1	1147403	1148272	+	870	4245	3503	2630	2454	3286	3438
MA_RS05000	NC_003552.1	1148407	1149639	-	1233	8594	5549	3178	2637	5548	5191
MA_RS05005	NC_003552.1	1149985	1150728	-	744	6138	3964	2811	2298	5624	4151
MA_RS05015	NC_003552.1	1151312	1151746	+	435	14743	13403	6078	5275	12610	13444
MA_RS05020	NC_003552.1	1152290	1152682	+	393	2269	1441	1424	943	1617	1831
MA_RS28415	NC_003552.1	1153621	1153779	-	159	189	128	135	45	199	158
MA_RS25095	NC_003552.1	1153854	1154141	-	288	822	694	521	457	1223	1203
MA_RS05040	NC_003552.1	1154663	1155616	+	954	6627	4858	4969	3825	3015	4076
MA_RS05045	NC_003552.1	1155621	1156286	+	666	5984	5324	6173	4832	3438	4429
MA_RS24390	NC_003552.1	1157351	1159786	+	2436	7962	6908	7567	6419	5147	6532
MA_RS05055	NC_003552.1	1160210	1160659	-	450	1768	1468	1511	1252	1149	745
MA_RS05060	NC_003552.1	1160915	1163110	+	2196	30763	25723	34965	28971	23678	30688
MA_RS05065	NC_003552.1	1163135	1163320	+	186	687	578	675	417	874	1050
MA_RS05070	NC_003552.1	1163445	1164731	+	1287	442	453	360	213	366	459
MA_RS05075	NC_003552.1	1165169	1165495	+	327	45	91	23	6	44	29
MA_RS05080	NC_003552.1	1165686	1167062	+	1377	738	570	765	498	284	386
MA_RS05085	NC_003552.1	1167069	1167548	+	480	183	134	144	62	48	51
MA_RS05090	NC_003552.1	1167535	1168341	+	807	685	593	673	649	309	347
MA_RS05095	NC_003552.1	1168352	1169227	+	876	863	768	1092	892	792	791
MA_RS05100	NC_003552.1	1169485	1170885	-	1401	3559	3589	2502	1874	3132	2687
MA_RS05105	NC_003552.1	1170887	1172284	-	1398	3211	3133	1808	1349	2757	1972
MA_RS05110	NC_003552.1	1172801	1172995	+	195	454	319	309	234	109	185
MA_RS05115	NC_003552.1	1172985	1173254	+	270	1227	1118	822	640	1252	1080
MA_RS05120	NC_003552.1	1173682	1173885	+	204	148	163	120	113	382	248
MA_RS05125	NC_003552.1	1173882	1174226	+	345	1228	1233	941	596	2700	1843
MA_RS05130	NC_003552.1	1174406	1174621	-	216	543	491	502	443	1220	1086
MA_RS05140	NC_003552.1	1175397	1176548	+	1152	362	283	173	147	283	186
MA_RS29625	NC_003552.1	1177303	1177491	-	189	4402	2540	1785	1123	1409	1791
MA_RS05145	NC_003552.1	1178389	1179108	+	720	1631	1519	1466	1292	1313	1608
MA_RS27880	NC_003552.1	1179199	1179429	-	231	134	158	124	131	251	238
MA_RS28420	NC_003552.1	1179481	1179624	-	144	93	109	60	48	48	56
MA_RS05155	NC_003552.1	1179874	1180614	+	741	514	488	363	217	642	660
MA_RS05160	NC_003552.1	1180735	1181283	-	549	427	430	302	233	308	273
MA_RS05165	NC_003552.1	1181616	1182470	+	855	943	867	754	545	940	993
MA_RS05170	NC_003552.1	1182614	1183333	-	720	430	468	333	260	368	318
MA_RS05175	NC_003552.1	1183746	1184234	-	489	123	161	54	43	83	77
MA_RS28425	NC_003552.1	1184348	1184641	-	294	898	616	885	869	478	659
MA_RS28430	NC_003552.1	1184610	1184843	-	234	69	54	70	49	54	48
MA_RS05185	NC_003552.1	1184875	1185696	-	822	457	435	488	382	361	360
MA_RS05190	NC_003552.1	1186239	1186691	-	453	635	596	924	978	427	488
MA_RS05195	NC_003552.1	1187129	1187881	+	753	1042	774	782	559	705	673
MA_RS05200	NC_003552.1	1188064	1188804	+	741	556	528	384	361	607	495
MA_RS28435	NC_003552.1	1189519	1190037	+	519	1260	936	613	454	547	539
MA_RS05210	NC_003552.1	1190771	1191658	+	888	1969	1380	994	773	674	921
MA_RS24395	NC_003552.1	1191973	1192548	+	576	925	724	696	544	558	647
MA_RS05225	NC_003552.1	1193195	1194679	-	1485	1717	1446	1608	1135	1093	1239
MA_RS05230	NC_003552.1	1194714	1195106	-	393	259	197	244	177	155	216
MA_RS05240	NC_003552.1	1195554	1196654	-	1101	2541	1987	2529	1817	897	1363
MA_RS05250	NC_003552.1	1197325	1198131	-	807	1030	897	724	491	643	637
MA_RS05255	NC_003552.1	1199625	1200038	+	414	372	312	769	242	289	238
MA_RS05260	NC_003552.1	1200259	1201575	+	1317	1104	1216	3585	1515	1364	1507
MA_RS05265	NC_003552.1	1201578	1202621	+	1044	927	665	2277	845	491	518
MA_RS05270	NC_003552.1	1202909	1204156	+	1248	1733	1447	1333	876	1138	1003
MA_RS05275	NC_003552.1	1204352	1205464	-	1113	1382	1672	1134	1095	1358	1390
MA_RS05285	NC_003552.1	1206107	1207513	-	1407	213002	257624	184957	268028	87128	147064
MA_RS05290	NC_003552.1	1207517	1208827	-	1311	139498	163612	101634	168773	63822	94311
MA_RS05295	NC_003552.1	1209064	1209825	-	762	81871	97272	39331	53789	44582	56979
MA_RS05300	NC_003552.1	1209881	1211290	-	1410	300125	322970	152176	235912	102042	136833
MA_RS05305	NC_003552.1	1211315	1211827	-	513	93191	115653	58648	76641	36180	47298
MA_RS05310	NC_003552.1	1211830	1214250	-	2421	667557	769693	536202	692693	273335	398236
MA_RS29720	NC_003552.1	1217171	1217683	+	513	8182	7641	6800	5348	6255	8705
MA_RS05325	NC_003552.1	1217952	1218959	-	1008	3842	3190	2670	2205	2641	3430
MA_RS05330	NC_003552.1	1219252	1220592	-	1341	973	690	496	393	569	601
MA_RS05335	NC_003552.1	1221136	1222293	-	1158	9744	7429	6513	4730	6038	5135
MA_RS05340	NC_003552.1	1222800	1223591	+	792	9180	6202	4948	4411	5067	5318
MA_RS05345	NC_003552.1	1223996	1225798	+	1803	9398	8736	7707	7150	3279	5181
MA_RS05350	NC_003552.1	1225795	1226397	+	603	4274	3873	3907	2958	2188	3284
MA_RS05360	NC_003552.1	1228492	1228737	+	246	3800	4173	2911	2452	3690	4616
MA_RS05365	NC_003552.1	1228753	1230231	+	1479	7786	8811	5936	5589	9982	9648
MA_RS05370	NC_003552.1	1230212	1231228	+	1017	4514	4575	2200	2527	3807	3658
MA_RS05375	NC_003552.1	1231307	1232299	+	993	6584	5938	3710	3614	4879	5331
MA_RS05380	NC_003552.1	1232572	1233705	+	1134	10265	10711	8108	7535	9818	11554
MA_RS05385	NC_003552.1	1233847	1234371	+	525	3589	3418	3257	2589	4710	5470
MA_RS05390	NC_003552.1	1234712	1235254	-	543	9033	6545	7796	5013	7501	8276
MA_RS05395	NC_003552.1	1235803	1236717	+	915	647	493	503	384	367	358
MA_RS05410	NC_003552.1	1238301	1239587	+	1287	203	235	183	183	236	235
MA_RS25120	NC_003552.1	1240110	1241205	+	1096	849	570	499	406	564	412
MA_RS05430	NC_003552.1	1241710	1243245	-	1536	4312	3222	2439	2142	3143	2424
MA_RS05435	NC_003552.1	1244822	1246078	+	1257	931	760	377	254	538	652
MA_RS29730	NC_003552.1	1246528	1246887	+	360	356	267	190	125	350	327
MA_RS05440	NC_003552.1	1246905	1248389	-	1485	640	558	387	416	482	484
MA_RS29735	NC_003552.1	1248532	1248780	+	249	100	142	96	110	124	133
MA_RS05470	NC_003552.1	1252113	1252886	-	774	344	308	201	177	202	173
MA_RS05485	NC_003552.1	1255168	1256727	+	1560	4936	4849	3700	3576	2192	2372
MA_RS05490	NC_003552.1	1256865	1259009	+	2145	1921	2012	1305	1209	1052	1505
MA_RS05495	NC_003552.1	1259356	1260984	-	1629	1754	1602	1567	1022	3193	2340
MA_RS05505	NC_003552.1	1261729	1262973	+	1245	968	1310	1923	965	11926	10962
MA_RS05520	NC_003552.1	1264681	1267617	-	2937	4439	3294	2434	1881	2585	1904
MA_RS05525	NC_003552.1	1268370	1269998	-	1629	2874	2284	2293	1861	1937	1940
MA_RS05530	NC_003552.1	1270407	1271657	-	1251	3405	3869	3489	3129	2679	3184
MA_RS05535	NC_003552.1	1271663	1272832	-	1170	4689	3562	1746	1662	1714	2451
MA_RS05540	NC_003552.1	1272835	1274172	-	1338	5720	5097	3903	3184	3083	4099
MA_RS05545	NC_003552.1	1274200	1275240	-	1041	5017	4613	2878	2500	2050	2864
MA_RS05550	NC_003552.1	1275297	1275986	-	690	4152	3344	1812	1441	1756	2303
MA_RS05555	NC_003552.1	1275983	1276759	-	777	7753	7012	4170	3829	3223	4277
MA_RS28160	NC_003552.1	1276872	1278596	-	1725	31463	28723	20640	16890	17999	24370
MA_RS05570	NC_003552.1	1278700	1280232	-	1533	28246	24776	15908	13815	16615	15564
MA_RS05575	NC_003552.1	1281584	1282216	+	633	3017	2761	2233	1450	1435	1337
MA_RS05580	NC_003552.1	1282774	1283295	-	522	529	454	460	326	528	398
MA_RS28060	NC_003552.1	1284550	1284705	+	156	74	66	38	26	30	28
MA_RS05585	NC_003552.1	1284710	1285003	+	294	318	274	221	216	346	282
MA_RS05595	NC_003552.1	1285985	1286998	+	1014	45584	41005	29482	30543	24155	35376
MA_RS05600	NC_003552.1	1287005	1287766	+	762	28542	22445	15317	17950	13178	17539
MA_RS05605	NC_003552.1	1287763	1288011	+	249	3876	2906	1346	1374	1590	2199
MA_RS05610	NC_003552.1	1288022	1288738	+	717	26476	23644	16131	16317	16474	20585
MA_RS05615	NC_003552.1	1288754	1289164	+	411	10358	9457	4985	4757	6505	8813
MA_RS05620	NC_003552.1	1289176	1289631	+	456	11536	10352	7385	7222	8177	11628
MA_RS05625	NC_003552.1	1289632	1290588	+	957	32927	30381	22440	21640	17401	21763
MA_RS05630	NC_003552.1	1290588	1290791	+	204	531	665	386	603	1179	1278
MA_RS05635	NC_003552.1	1290781	1291113	+	333	4774	5879	2976	1565	3164	3207
MA_RS05640	NC_003552.1	1291118	1291447	+	330	3842	3767	2931	2545	3366	4243
MA_RS05645	NC_003552.1	1291444	1291842	+	399	6498	5860	4368	4956	6250	7417
MA_RS05650	NC_003552.1	1291853	1292203	+	351	8897	6852	3958	3680	2952	3883
MA_RS05655	NC_003552.1	1292217	1292924	+	708	24550	23690	15479	15283	20555	25511
MA_RS05660	NC_003552.1	1292929	1293426	+	498	11904	11884	8218	7732	13854	16538
MA_RS05665	NC_003552.1	1293427	1293579	+	153	376	392	257	207	472	611
MA_RS05670	NC_003552.1	1293590	1293982	+	393	6874	6878	4495	4472	6849	8639
MA_RS05675	NC_003552.1	1293997	1294527	+	531	18395	16331	8919	7951	11071	12813
MA_RS05680	NC_003552.1	1294539	1295015	+	477	6468	6904	4728	5413	9241	11438
MA_RS05685	NC_003552.1	1295017	1295472	+	456	13111	10874	7614	6534	5384	7116
MA_RS05690	NC_003552.1	1295489	1296013	+	525	22416	19354	14441	12657	11835	16013
MA_RS05695	NC_003552.1	1296023	1296652	+	630	25192	20908	19438	18499	13010	18115
MA_RS05700	NC_003552.1	1296654	1297115	+	462	16160	14157	10487	10570	11800	14467
MA_RS05705	NC_003552.1	1297126	1297548	+	423	9592	8508	8105	8885	8014	9992
MA_RS05710	NC_003552.1	1297691	1299166	+	1476	65205	58634	41724	32744	48607	65849
MA_RS05715	NC_003552.1	1299259	1299906	+	648	27390	24116	22157	16310	20297	28768
MA_RS05720	NC_003552.1	1300099	1300377	+	279	7892	7376	12014	9614	8668	10417
MA_RS05725	NC_003552.1	1300425	1300970	-	546	1489	1105	890	769	1115	950
MA_RS05730	NC_003552.1	1302289	1303281	-	993	1148	756	364	455	348	359
MA_RS05735	NC_003552.1	1303855	1304091	-	237	364	364	292	263	121	129
MA_RS05740	NC_003552.1	1304760	1305659	+	900	2881	2675	1723	1492	2162	2546
MA_RS05745	NC_003552.1	1306088	1306708	+	621	15176	11660	10530	9046	5676	8929
MA_RS05750	NC_003552.1	1306708	1307250	+	543	9998	8334	6681	5096	3573	4695
MA_RS05755	NC_003552.1	1307563	1308579	+	1017	4511	4245	3943	3797	2367	3211
MA_RS05760	NC_003552.1	1308692	1308774	+	83	122	118	149	85	157	174
MA_RS05765	NC_003552.1	1309343	1310050	+	708	2102	1456	1110	914	1731	1610
MA_RS05770	NC_003552.1	1310037	1311611	+	1575	5465	4291	4500	3498	3680	3958
MA_RS05775	NC_003552.1	1312030	1312518	+	489	29886	24100	19697	20876	16280	16971
MA_RS05780	NC_003552.1	1312542	1313198	+	657	24573	20455	15081	12543	16494	17413
MA_RS05785	NC_003552.1	1313201	1313581	+	381	9908	8605	7452	7898	8697	9418
MA_RS05800	NC_003552.1	1316554	1318083	-	1530	771	679	579	446	1235	729
MA_RS26585	NC_003552.1	1318782	1318958	-	177	92	123	56	62	158	156
MA_RS05810	NC_003552.1	1318948	1319865	-	918	635	475	545	486	448	396
MA_RS05815	NC_003552.1	1320020	1320107	+	88	47	71	117	236	143	107
MA_RS05820	NC_003552.1	1320214	1320298	+	85	34	58	60	121	74	57
MA_RS05825	NC_003552.1	1320776	1321651	+	876	977	868	811	532	1678	1407
MA_RS05830	NC_003552.1	1321908	1323128	-	1221	1174	855	825	570	785	822
MA_RS05835	NC_003552.1	1323164	1324597	-	1434	1104	1076	749	691	619	645
MA_RS05840	NC_003552.1	1324607	1325545	-	939	510	413	335	347	322	303
MA_RS05845	NC_003552.1	1325718	1327145	-	1428	616	649	412	342	432	475
MA_RS05850	NC_003552.1	1327168	1327623	-	456	242	208	141	82	119	103
MA_RS05855	NC_003552.1	1328311	1329009	+	699	1495	1503	1287	906	982	1125
MA_RS26590	NC_003552.1	1329593	1330006	+	414	4479	3992	3929	1739	3792	5359
MA_RS05860	NC_003552.1	1330048	1330965	-	918	730	609	545	358	541	454
MA_RS24400	NC_003552.1	1331057	1333651	+	2595	5586	5495	4177	3049	3339	3677
MA_RS05870	NC_003552.1	1333817	1334644	-	828	11844	10790	8508	6356	5191	7486
MA_RS05875	NC_003552.1	1334669	1335895	-	1227	19142	17233	16152	13697	8700	12646
MA_RS05880	NC_003552.1	1336197	1337615	-	1419	6836	4874	5121	3549	4937	5867
MA_RS05885	NC_003552.1	1337783	1339096	+	1314	40475	31779	23577	16569	22288	33004
MA_RS05890	NC_003552.1	1339430	1340500	+	1071	15542	14374	13036	9570	11604	20748
MA_RS05895	NC_003552.1	1340505	1341311	+	807	8575	7731	7634	5940	6767	10801
MA_RS05900	NC_003552.1	1341560	1342183	-	624	1809	1351	932	823	832	883
MA_RS05905	NC_003552.1	1342271	1342816	-	546	1843	1169	889	795	775	818
MA_RS05910	NC_003552.1	1342974	1343171	-	198	5758	4364	4155	4543	2597	3615
MA_RS05915	NC_003552.1	1343665	1344711	-	1047	3759	3219	2746	2028	1375	1688
MA_RS05920	NC_003552.1	1344761	1345432	-	672	2809	2311	1946	1695	1338	1657
MA_RS05925	NC_003552.1	1345653	1346054	-	402	464	379	355	353	256	414
MA_RS05930	NC_003552.1	1346047	1347132	-	1086	2888	2531	2411	2148	1697	2179
MA_RS05935	NC_003552.1	1347167	1347445	-	279	1780	1358	1078	926	467	598
MA_RS05945	NC_003552.1	1348886	1350037	+	1152	8431	7556	7235	6509	6434	9670
MA_RS05950	NC_003552.1	1350045	1351832	+	1788	14286	11254	11568	9178	7494	10322
MA_RS05955	NC_003552.1	1351847	1352659	+	813	3181	3422	2639	2590	2548	4185
MA_RS05960	NC_003552.1	1352797	1353282	+	486	1224	1297	1057	1157	800	1352
MA_RS05965	NC_003552.1	1353733	1354695	-	963	4312	2585	2476	1734	3214	2752
MA_RS05970	NC_003552.1	1355292	1356455	+	1164	8348	6470	5251	3689	4653	6006
MA_RS05975	NC_003552.1	1356455	1358245	+	1791	15154	10742	11222	7437	10992	16235
MA_RS05980	NC_003552.1	1358257	1359021	+	765	3069	2232	2205	1601	2682	3525
MA_RS05985	NC_003552.1	1359685	1362234	-	2550	1700	1689	1166	950	914	992
MA_RS05990	NC_003552.1	1362462	1362992	+	531	728	727	576	711	789	698
MA_RS05995	NC_003552.1	1363025	1363771	-	747	2062	2122	2059	1688	3225	2868
MA_RS06000	NC_003552.1	1364136	1365224	+	1089	8926	6567	6251	6608	5551	6720
MA_RS06005	NC_003552.1	1365301	1366608	+	1308	5906	5088	4509	3990	2760	4826
MA_RS06015	NC_003552.1	1366947	1371092	+	4146	1438	1194	1251	759	877	1088
MA_RS06020	NC_003552.1	1371111	1371716	+	606	1314	990	727	488	943	1055
MA_RS06025	NC_003552.1	1371890	1372438	-	549	9037	6022	5410	4645	4962	4755
MA_RS06030	NC_003552.1	1372749	1373261	-	513	168	198	122	114	123	92
MA_RS06035	NC_003552.1	1373348	1373623	-	276	91	174	61	37	64	73
MA_RS29740	NC_003552.1	1373797	1373919	-	123	153	303	91	63	72	100
MA_RS06045	NC_003552.1	1374361	1375692	-	1332	1275	1127	885	666	847	846
MA_RS06050	NC_003552.1	1375689	1376558	-	870	1307	1349	1050	697	980	1050
MA_RS06055	NC_003552.1	1377048	1378892	+	1845	22703	18886	15049	11465	16579	17123
MA_RS06060	NC_003552.1	1378889	1382113	+	3225	20439	15481	11343	8887	13485	11781
MA_RS06065	NC_003552.1	1382153	1382947	-	795	8310	5996	5711	4490	3174	4165
MA_RS06070	NC_003552.1	1383532	1384272	-	741	12578	9263	7540	6249	7909	7274
MA_RS06075	NC_003552.1	1384334	1385185	-	852	7133	6320	6701	6351	5589	4689
MA_RS06080	NC_003552.1	1385282	1385749	-	468	3886	2392	1756	1278	1843	1620
MA_RS06085	NC_003552.1	1385993	1386178	-	186	537	368	205	163	572	437
MA_RS06090	NC_003552.1	1386481	1387983	-	1503	7159	6264	5353	4294	7300	7541
MA_RS06095	NC_003552.1	1388704	1390170	+	1467	22188	18187	17158	13308	10458	15599
MA_RS06100	NC_003552.1	1390404	1392905	-	2502	43083	34435	27823	23450	26138	31532
MA_RS06105	NC_003552.1	1393005	1394033	-	1029	19763	17262	12086	9794	10995	14242
MA_RS06110	NC_003552.1	1394060	1395082	-	1023	19529	16600	11437	9756	7766	9258
MA_RS06115	NC_003552.1	1395472	1396542	+	1071	5281	4434	2987	2340	2349	2540
MA_RS06120	NC_003552.1	1396529	1397311	+	783	1248	1310	777	649	589	787
MA_RS06125	NC_003552.1	1397311	1398540	+	1230	2799	2660	1987	1617	1893	2189
MA_RS24405	NC_003552.1	1398528	1399958	+	1431	2770	2459	1676	1384	1617	1884
MA_RS06135	NC_003552.1	1399970	1402393	+	2424	4181	3785	2096	1618	2056	2585
MA_RS06140	NC_003552.1	1402390	1403556	+	1167	3195	2501	1714	1275	1429	1641
MA_RS06145	NC_003552.1	1404112	1406301	-	2190	9271	8581	5089	3590	5047	7013
MA_RS06150	NC_003552.1	1407605	1408567	+	963	1331	1471	885	867	1192	1156
MA_RS06155	NC_003552.1	1408730	1409869	-	1140	1383	1287	649	517	632	644
MA_RS06160	NC_003552.1	1409866	1410810	-	945	2241	1978	1272	1002	979	1011
MA_RS06165	NC_003552.1	1410786	1411736	-	951	4202	3861	2231	1795	1947	1682
MA_RS06170	NC_003552.1	1412255	1413418	-	1164	1910	1490	1538	1250	1445	1624
MA_RS06175	NC_003552.1	1413428	1414573	-	1146	13784	10905	8732	7472	7849	8411
MA_RS06185	NC_003552.1	1414961	1415590	+	630	18226	12054	10849	7867	7774	11138
MA_RS06190	NC_003552.1	1416845	1418872	+	2028	10838	8730	8915	7285	6774	8220
MA_RS06195	NC_003552.1	1418911	1419348	-	438	1467	1428	1802	1604	2057	1935
MA_RS06200	NC_003552.1	1419326	1420585	-	1260	8191	6631	4977	4425	5540	6011
MA_RS06205	NC_003552.1	1421117	1422058	+	942	3301	2637	2238	1664	1171	1841
MA_RS06210	NC_003552.1	1422102	1423394	+	1293	4547	3823	4120	2993	2127	3358
MA_RS06215	NC_003552.1	1423653	1425149	-	1497	5787	4835	4344	2811	2793	3656
MA_RS06220	NC_003552.1	1425479	1426981	+	1503	8396	7871	6375	6631	7336	9376
MA_RS06225	NC_003552.1	1427236	1428312	-	1077	776	712	449	387	469	569
MA_RS06230	NC_003552.1	1428396	1429178	-	783	131	112	82	55	141	127
MA_RS06235	NC_003552.1	1429169	1430212	-	1044	569	466	493	359	500	655
MA_RS06245	NC_003552.1	1430387	1431478	-	1092	1093	1037	1126	446	1568	1998
MA_RS28465	NC_003552.1	1432029	1432214	+	186	6	7	17	1	15	8
MA_RS28470	NC_003552.1	1432204	1432437	+	234	67	79	96	82	137	121
MA_RS06255	NC_003552.1	1432872	1433246	-	375	254	240	174	101	374	339
MA_RS06260	NC_003552.1	1434095	1434484	-	390	201	312	113	82	128	151
MA_RS06265	NC_003552.1	1434837	1436630	-	1794	1147	1004	979	587	1128	926
MA_RS06270	NC_003552.1	1437519	1438346	+	828	182	177	136	59	165	155
MA_RS06275	NC_003552.1	1438658	1439191	+	534	322	341	240	199	291	307
MA_RS06280	NC_003552.1	1439308	1439997	-	690	384	398	258	207	342	373
MA_RS06285	NC_003552.1	1440403	1441791	-	1389	6469	5847	6320	5685	4681	5976
MA_RS06290	NC_003552.1	1441807	1442157	-	351	301	269	201	131	175	164
MA_RS06295	NC_003552.1	1442180	1443742	-	1563	1400	1169	978	606	976	1080
MA_RS06300	NC_003552.1	1443776	1444156	-	381	149	108	42	12	82	86
MA_RS06305	NC_003552.1	1444170	1444487	-	318	55	58	24	13	29	61
MA_RS06310	NC_003552.1	1446358	1447185	+	828	98	124	78	20	64	89
MA_RS06315	NC_003552.1	1447205	1447522	+	318	27	15	11	2	16	15
MA_RS06320	NC_003552.1	1447569	1447940	+	372	57	39	25	17	28	31
MA_RS06325	NC_003552.1	1447960	1449402	+	1443	1111	948	821	651	941	900
MA_RS06330	NC_003552.1	1449399	1449737	+	339	121	143	71	58	158	183
MA_RS06335	NC_003552.1	1449778	1451163	+	1386	608	538	444	296	661	705
MA_RS06340	NC_003552.1	1451365	1452894	+	1530	1114	628	350	241	413	487
MA_RS06345	NC_003552.1	1452879	1454219	+	1341	581	465	301	204	425	421
MA_RS06350	NC_003552.1	1454243	1454800	+	558	430	338	392	202	224	202
MA_RS06355	NC_003552.1	1455058	1456155	+	1098	533	399	286	207	264	296
MA_RS06360	NC_003552.1	1456238	1456732	+	495	706	587	488	321	383	449
MA_RS06365	NC_003552.1	1456810	1457748	-	939	1591	1165	1002	784	807	1091
MA_RS06370	NC_003552.1	1457848	1458717	-	870	950	748	556	502	787	701
MA_RS06375	NC_003552.1	1458710	1459840	-	1131	599	445	221	158	349	376
MA_RS06380	NC_003552.1	1459894	1460904	-	1011	650	458	261	177	446	457
MA_RS06385	NC_003552.1	1460907	1461599	-	693	425	278	213	146	194	242
MA_RS06390	NC_003552.1	1461638	1462519	-	882	635	468	270	214	532	656
MA_RS06395	NC_003552.1	1462770	1463861	-	1092	674	570	259	231	351	354
MA_RS06400	NC_003552.1	1463969	1465054	-	1086	297	242	189	186	173	158
MA_RS06405	NC_003552.1	1465159	1466250	-	1092	325	283	255	171	170	202
MA_RS06410	NC_003552.1	1466328	1467116	-	789	198	158	167	132	139	94
MA_RS06415	NC_003552.1	1467107	1468138	-	1032	184	193	156	64	141	182
MA_RS29305	NC_003552.1	1468788	1468916	+	129	68	49	36	28	50	52
MA_RS06420	NC_003552.1	1469352	1470485	-	1134	2048	1764	1645	1112	1628	1790
MA_RS06425	NC_003552.1	1470482	1471159	-	678	2275	1747	1480	1261	1173	1423
MA_RS06430	NC_003552.1	1471288	1472118	-	831	4650	3237	3196	2428	3163	3440
MA_RS06435	NC_003552.1	1472605	1472814	-	210	7851	5135	3602	2801	6530	6989
MA_RS06440	NC_003552.1	1473105	1473314	-	210	684	568	417	362	1021	1021
MA_RS29310	NC_003552.1	1473590	1473712	+	123	106	130	127	222	205	165
MA_RS06445	NC_003552.1	1473916	1475241	+	1326	936	996	797	808	757	976
MA_RS28115	NC_003552.1	1475412	1476947	-	1536	118	135	113	64	81	67
MA_RS06455	NC_003552.1	1477774	1482366	+	4593	4783	5170	3298	3243	4130	4740
MA_RS06460	NC_003552.1	1482584	1483501	-	918	1084	1000	785	650	434	667
MA_RS06465	NC_003552.1	1483494	1484432	-	939	464	416	178	219	248	284
MA_RS06470	NC_003552.1	1484434	1485273	-	840	397	483	375	380	282	481
MA_RS06475	NC_003552.1	1485257	1486207	-	951	681	824	638	618	704	981
MA_RS06480	NC_003552.1	1486239	1486931	-	693	1040	921	476	476	762	855
MA_RS06485	NC_003552.1	1486943	1488505	-	1563	3174	3326	1999	2003	2190	2325
MA_RS06490	NC_003552.1	1488722	1490296	-	1575	7470	7102	5576	5137	5820	5667
MA_RS06495	NC_003552.1	1491186	1492046	+	861	7561	7728	6176	5646	7621	8099
MA_RS06500	NC_003552.1	1492897	1493604	+	708	903	863	689	550	897	771
MA_RS06505	NC_003552.1	1494282	1494488	+	207	255	151	114	93	138	99
MA_RS26610	NC_003552.1	1494607	1494750	+	144	110	79	68	70	63	84
MA_RS26615	NC_003552.1	1494775	1494921	+	147	72	47	54	39	111	102
MA_RS06510	NC_003552.1	1495601	1495909	-	309	5697	7383	6936	9978	9738	14529
MA_RS06515	NC_003552.1	1495948	1497216	-	1269	116662	101502	89268	86737	47368	65738
MA_RS06520	NC_003552.1	1497544	1499736	-	2193	127249	102125	82679	77948	50594	69766
MA_RS06525	NC_003552.1	1499809	1500378	-	570	24363	20270	17124	19590	10444	13332
MA_RS06530	NC_003552.1	1500375	1500803	-	429	12129	9401	8418	8323	5521	8268
MA_RS06535	NC_003552.1	1500907	1501332	-	426	15277	12792	8053	7290	6989	8079
MA_RS06540	NC_003552.1	1501353	1501643	-	291	13302	11555	9992	8602	4649	6053
MA_RS06545	NC_003552.1	1501905	1503107	-	1203	19810	16195	12069	11305	9136	11744
MA_RS06550	NC_003552.1	1503104	1505746	-	2643	67660	56686	46331	38816	20865	30847
MA_RS06555	NC_003552.1	1505761	1507575	-	1815	46630	35128	30364	25940	15368	23326
MA_RS06560	NC_003552.1	1507589	1509184	-	1596	27699	21084	12551	12286	10626	12032
MA_RS06565	NC_003552.1	1509398	1509634	-	237	9122	6183	2995	2715	5293	4270
MA_RS06570	NC_003552.1	1509721	1509797	-	77	2377	2451	4241	7051	1404	1421
MA_RS06580	NC_003552.1	1510392	1512242	-	1851	5844	5776	3482	3031	2903	2634
MA_RS06585	NC_003552.1	1512274	1512720	-	447	937	640	287	251	242	302
MA_RS06590	NC_003552.1	1512779	1513219	-	441	902	854	511	415	657	792
MA_RS06595	NC_003552.1	1513317	1517687	-	4371	16914	13848	9795	8586	6667	9673
MA_RS06600	NC_003552.1	1519002	1520234	+	1233	3539	2924	2302	1597	3637	3392
MA_RS06605	NC_003552.1	1520231	1520926	+	696	816	699	458	362	726	826
MA_RS06610	NC_003552.1	1520928	1521941	+	1014	2080	1629	1164	952	1629	1886
MA_RS06615	NC_003552.1	1522072	1526139	-	4068	13217	10850	8318	6865	7149	8333
MA_RS06620	NC_003552.1	1526588	1527823	-	1236	10458	8104	5707	6494	5147	6509
MA_RS06625	NC_003552.1	1528211	1529509	-	1299	14975	12681	8398	8439	7774	7945
MA_RS06630	NC_003552.1	1530030	1530674	-	645	1618	1731	1239	1432	1102	1335
MA_RS06635	NC_003552.1	1530677	1531438	-	762	1554	1617	1441	1658	983	1621
MA_RS06640	NC_003552.1	1531674	1532600	-	927	3237	3072	2578	2615	1380	1853
MA_RS06645	NC_003552.1	1532750	1534015	-	1266	8513	8416	7691	8198	3732	5221
MA_RS06650	NC_003552.1	1534612	1535655	+	1044	3828	3941	3090	2797	2327	2464
MA_RS06655	NC_003552.1	1535855	1536571	-	717	407	357	422	343	252	216
MA_RS06660	NC_003552.1	1536969	1537439	+	471	707	570	487	359	562	522
MA_RS06665	NC_003552.1	1538199	1539218	+	1020	3054	3077	2213	1877	2451	2741
MA_RS06670	NC_003552.1	1539406	1539702	+	297	575	570	372	316	427	554
MA_RS06675	NC_003552.1	1540190	1541863	+	1674	1800	1866	1288	1107	782	1092
MA_RS06680	NC_003552.1	1541867	1542160	-	294	283	240	187	194	132	156
MA_RS06685	NC_003552.1	1542668	1543486	+	819	1514	1140	822	835	870	799
MA_RS06690	NC_003552.1	1543709	1544356	+	648	9006	7733	9637	8649	7508	7178
MA_RS06695	NC_003552.1	1544708	1546369	+	1662	1122	1200	886	851	1014	1073
MA_RS06700	NC_003552.1	1546595	1547242	+	648	2900	2626	3044	2392	2165	2329
MA_RS28475	NC_003552.1	1547653	1550526	+	2874	8881	6768	5649	4122	8864	9050
MA_RS06710	NC_003552.1	1550911	1552977	+	2067	1006	894	723	503	826	698
MA_RS28480	NC_003552.1	1552974	1553183	+	210	85	70	74	90	60	47
MA_RS06720	NC_003552.1	1553631	1553927	+	297	3095	2096	1838	1321	2326	1974
MA_RS06725	NC_003552.1	1553924	1554274	+	351	1458	1098	778	504	1288	1221
MA_RS29745	NC_003552.1	1554258	1554431	-	174	1	2	2	0	6	3
MA_RS29315	NC_003552.1	1554394	1554636	-	243	290	172	171	85	301	230
MA_RS06735	NC_003552.1	1554701	1556638	-	1938	902	793	818	421	788	723
MA_RS06740	NC_003552.1	1556659	1559493	-	2835	2137	1507	1294	1157	1517	1588
MA_RS26640	NC_003552.1	1560795	1561019	-	225	2035	2246	2086	2375	5103	5506
MA_RS06750	NC_003552.1	1561216	1562556	-	1341	32268	28428	20560	14518	34776	36280
MA_RS06755	NC_003552.1	1562845	1563189	-	345	11605	9472	4034	2364	17737	18149
MA_RS06760	NC_003552.1	1563240	1563626	+	387	106	154	117	65	112	124
MA_RS06765	NC_003552.1	1564027	1564323	+	297	285	144	79	71	220	121
MA_RS29750	NC_003552.1	1564461	1564898	-	438	237	217	166	141	177	152
MA_RS28490	NC_003552.1	1564844	1565479	-	636	1777	1335	1216	970	718	777
MA_RS06775	NC_003552.1	1565627	1566811	-	1185	9373	7896	5477	5570	8186	7291
MA_RS06780	NC_003552.1	1566985	1567677	+	693	1422	1319	1372	1255	1077	1334
MA_RS06785	NC_003552.1	1567838	1569739	-	1902	8260	5155	5550	3630	7408	6367
MA_RS06790	NC_003552.1	1570206	1571996	-	1791	4565	4068	3250	2622	2573	2865
MA_RS06795	NC_003552.1	1572857	1574119	+	1263	3000	1940	1436	1049	1587	1465
MA_RS06800	NC_003552.1	1574242	1575501	+	1260	9018	6689	5431	5064	5519	5738
MA_RS25165	NC_003552.1	1575589	1576271	-	683	557	487	388	286	371	388
MA_RS06815	NC_003552.1	1577215	1578873	-	1659	13993	12392	12365	11952	10845	26497
MA_RS28075	NC_003552.1	1578990	1579148	-	159	822	548	332	207	140	177
MA_RS06820	NC_003552.1	1579288	1579488	-	201	224	213	141	108	115	107
MA_RS06825	NC_003552.1	1579636	1580910	-	1275	17715	15475	14858	13466	12449	13653
MA_RS06830	NC_003552.1	1581178	1582653	-	1476	12129	9534	8976	7430	7171	8266
MA_RS06835	NC_003552.1	1583090	1583689	+	600	1091	942	619	419	1346	1287
MA_RS06840	NC_003552.1	1583735	1584163	+	429	764	696	706	452	906	862
MA_RS06845	NC_003552.1	1584523	1585299	-	777	2891	1973	1525	972	1446	1500
MA_RS06850	NC_003552.1	1585806	1590092	-	4287	8331	6608	5728	4922	6964	6470
MA_RS06865	NC_003552.1	1590819	1591013	+	195	108	87	80	63	106	113
MA_RS06870	NC_003552.1	1591408	1592343	-	936	1283	1205	932	872	1123	1191
MA_RS06875	NC_003552.1	1592549	1594204	+	1656	10854	10009	10400	11086	14744	16426
MA_RS06880	NC_003552.1	1594327	1594566	+	240	154	75	44	27	133	86
MA_RS06885	NC_003552.1	1594806	1595054	+	249	102	39	29	29	152	116
MA_RS06890	NC_003552.1	1595636	1596931	+	1296	1120	994	1089	917	994	1023
MA_RS06895	NC_003552.1	1597310	1597555	-	246	103	73	56	39	89	44
MA_RS25175	NC_003552.1	1597712	1597981	+	270	118	98	148	100	120	83
MA_RS06905	NC_003552.1	1598187	1598918	-	732	403	378	477	357	719	590
MA_RS24415	NC_003552.1	1599389	1600294	+	906	316	357	201	153	320	216
MA_RS06915	NC_003552.1	1600296	1600613	+	318	33	21	30	14	44	41
MA_RS29320	NC_003552.1	1600620	1600751	+	132	10	10	6	3	14	16
MA_RS25180	NC_003552.1	1600834	1600983	+	150	30	33	23	15	59	37
MA_RS26655	NC_003552.1	1600995	1601150	+	156	33	33	27	17	59	30
MA_RS06920	NC_003552.1	1601147	1602106	+	960	446	366	395	245	609	478
MA_RS06925	NC_003552.1	1602118	1602348	+	231	300	345	301	236	193	153
MA_RS25185	NC_003552.1	1602564	1602869	+	306	181	140	151	140	337	222
MA_RS25190	NC_003552.1	1602931	1603122	+	192	2197	1766	1017	1060	3321	3184
MA_RS06940	NC_003552.1	1603305	1603502	+	198	3843	2881	1813	1699	3130	3254
MA_RS06945	NC_003552.1	1603783	1604124	-	342	23304	18745	22935	16527	32399	30486
MA_RS06950	NC_003552.1	1604273	1605037	+	765	3967	2295	1225	779	7890	8787
MA_RS06955	NC_003552.1	1605346	1605999	+	654	6217	4332	2721	2016	10012	12894
MA_RS06960	NC_003552.1	1606602	1609550	+	2949	39088	29537	25316	17786	34845	46699
MA_RS06965	NC_003552.1	1609739	1609993	+	255	2785	2332	1874	1517	2874	3103
MA_RS06970	NC_003552.1	1610154	1610348	+	195	1026	815	500	382	495	603
MA_RS26660	NC_003552.1	1610427	1610582	+	156	280	335	77	54	161	160
MA_RS06975	NC_003552.1	1611199	1613214	-	2016	877	785	781	601	809	816
MA_RS06980	NC_003552.1	1613275	1614606	-	1332	961	845	926	516	798	795
MA_RS06985	NC_003552.1	1614693	1614875	-	183	62	54	49	41	24	15
MA_RS06990	NC_003552.1	1615914	1616597	+	684	504	423	428	331	963	572
MA_RS06995	NC_003552.1	1616708	1617034	-	327	430	358	292	257	499	480
MA_RS07000	NC_003552.1	1617611	1617835	+	225	15041	12510	10988	11891	16462	22391
MA_RS07005	NC_003552.1	1618145	1618366	+	222	34765	34786	35115	35255	24058	38968
MA_RS07010	NC_003552.1	1618984	1619301	+	318	14924	10313	6859	6212	4587	4982
MA_RS07015	NC_003552.1	1619352	1619540	-	189	694	671	451	392	575	448
MA_RS07020	NC_003552.1	1619802	1619990	+	189	128	124	83	51	201	141
MA_RS07025	NC_003552.1	1620268	1620468	+	201	161815	167275	161326	153077	107826	138333
MA_RS07030	NC_003552.1	1621343	1621675	+	333	1257	1443	1107	817	6935	5251
MA_RS07040	NC_003552.1	1621909	1623543	-	1635	9226	7877	6681	4711	16206	14352
MA_RS07045	NC_003552.1	1623759	1625123	-	1365	1677	1168	944	482	3759	2700
MA_RS24425	NC_003552.1	1625372	1625797	+	426	650	306	133	137	321	261
MA_RS07055	NC_003552.1	1626327	1626758	+	432	313	266	250	229	276	259
MA_RS28495	NC_003552.1	1627226	1627993	+	768	458	441	348	294	951	702
MA_RS26670	NC_003552.1	1628119	1628289	-	171	126	183	79	58	106	122
MA_RS07065	NC_003552.1	1628368	1629213	+	846	8705	6549	5579	4092	7549	7337
MA_RS07070	NC_003552.1	1629300	1630205	-	906	5276	4755	4327	3698	4064	4930
MA_RS07075	NC_003552.1	1630601	1631797	-	1197	7024	5415	4019	3415	3819	3175
MA_RS07080	NC_003552.1	1632032	1632886	+	855	4229	3603	3058	2287	3234	2910
MA_RS07085	NC_003552.1	1633169	1634047	-	879	60784	57589	36885	35257	122073	77531
MA_RS26675	NC_003552.1	1634405	1634671	-	267	650	474	298	157	212	246
MA_RS07090	NC_003552.1	1635036	1635548	-	513	9538	8742	6829	4239	14099	12034
MA_RS07100	NC_003552.1	1635794	1636075	+	282	35575	21081	18333	12291	14718	16163
MA_RS07105	NC_003552.1	1636421	1637338	-	918	4957	4120	3422	2804	4578	5190
MA_RS07110	NC_003552.1	1637385	1637633	-	249	1867	1552	1816	1806	1292	1265
MA_RS07115	NC_003552.1	1637798	1638598	+	801	3508	3150	2638	2565	2528	2701
MA_RS07120	NC_003552.1	1638685	1638966	+	282	934	1059	887	935	992	1040
MA_RS07125	NC_003552.1	1639566	1639955	+	390	5025	4059	3083	2730	2428	2916
MA_RS07130	NC_003552.1	1640202	1641101	+	900	5763	5061	3127	3368	2775	3476
MA_RS07135	NC_003552.1	1641232	1641903	+	672	3978	3782	2850	3701	3228	4008
MA_RS07140	NC_003552.1	1643428	1643823	-	396	4036	3663	4017	3062	4486	4793
MA_RS07145	NC_003552.1	1643845	1644132	-	288	5014	3371	2309	1514	2751	2532
MA_RS07150	NC_003552.1	1644125	1645009	-	885	15261	9847	9722	7630	8545	9408
MA_RS07155	NC_003552.1	1645113	1646030	-	918	1532	1355	1252	1112	928	932
MA_RS07160	NC_003552.1	1646304	1647284	+	981	18137	15346	11427	10590	16626	16885
MA_RS07165	NC_003552.1	1648366	1649007	+	642	25925	22455	18967	16999	12613	14792
MA_RS07170	NC_003552.1	1649013	1649372	+	360	7905	6554	4198	3834	3548	4097
MA_RS07175	NC_003552.1	1649388	1649903	+	516	10419	9316	6518	5831	7280	9027
MA_RS07180	NC_003552.1	1650249	1650863	+	615	3524	3075	1717	1324	1781	2548
MA_RS07185	NC_003552.1	1650983	1652095	+	1113	23162	23845	20456	17692	12538	19861
MA_RS07195	NC_003552.1	1653138	1653968	-	831	261	156	198	135	185	142
MA_RS07200	NC_003552.1	1654362	1655273	+	912	2337	2091	1812	1362	1491	1667
MA_RS07205	NC_003552.1	1655364	1656380	-	1017	12435	10526	8256	6347	5383	7256
MA_RS07210	NC_003552.1	1657067	1657942	+	876	23170	15439	12074	8413	16119	14740
MA_RS07215	NC_003552.1	1658289	1658603	-	315	1545	1461	1286	1126	1914	2005
MA_RS07220	NC_003552.1	1658678	1659940	-	1263	23871	20105	19987	16400	16263	17705
MA_RS07225	NC_003552.1	1660202	1661032	-	831	3748	3037	2802	978	11697	6830
MA_RS07230	NC_003552.1	1661702	1662124	+	423	16823	10416	10486	4381	14801	15568
MA_RS07235	NC_003552.1	1662354	1662857	+	504	18159	12407	13433	7671	15285	14752
MA_RS07240	NC_003552.1	1663504	1664679	+	1176	10468	10147	6857	6461	8494	9628
MA_RS07245	NC_003552.1	1664767	1665054	+	288	4779	3412	2378	1511	1597	2003
MA_RS07255	NC_003552.1	1665577	1667076	-	1500	12317	8156	7889	5749	15510	14761
MA_RS07260	NC_003552.1	1667771	1668133	+	363	885	627	542	442	372	438
MA_RS07270	NC_003552.1	1668413	1669174	+	762	158	137	144	100	189	166
MA_RS07275	NC_003552.1	1669311	1669769	+	459	165	186	156	107	183	176
MA_RS07280	NC_003552.1	1669947	1670669	-	723	1798	1743	1275	873	1781	1527
MA_RS07285	NC_003552.1	1671283	1671753	+	471	754	683	592	423	346	376
MA_RS07290	NC_003552.1	1671761	1672312	+	552	289	275	200	204	238	245
MA_RS07295	NC_003552.1	1672472	1672834	+	363	313	274	181	169	337	306
MA_RS26680	NC_003552.1	1673170	1673358	-	189	1189	1109	1021	737	630	644
MA_RS07300	NC_003552.1	1673495	1673872	-	378	2713	2109	1088	752	2082	1545
MA_RS07305	NC_003552.1	1674572	1675708	+	1137	24153	20874	22021	17223	23087	25324
MA_RS07310	NC_003552.1	1675776	1676552	+	777	11559	10080	9817	8253	10373	11836
MA_RS07315	NC_003552.1	1676799	1677038	-	240	108	109	166	123	145	184
MA_RS07320	NC_003552.1	1677383	1679863	+	2481	11309	10442	8999	7329	7880	11012
MA_RS07325	NC_003552.1	1680032	1680433	+	402	9032	7614	7533	5699	6379	7788
MA_RS07330	NC_003552.1	1681001	1681225	+	225	18131	12272	7434	5059	6633	5887
MA_RS07335	NC_003552.1	1681265	1681663	+	399	24521	18336	11691	8959	16351	17442
MA_RS07340	NC_003552.1	1681890	1681967	+	78	1826	1583	1280	1238	2337	2647
MA_RS07345	NC_003552.1	1682346	1682423	+	78	298	311	393	456	711	527
MA_RS07350	NC_003552.1	1682631	1683542	-	912	3100	2062	1397	964	2999	2689
MA_RS07355	NC_003552.1	1683955	1684479	+	525	12348	11675	10416	7038	6894	9658
MA_RS07360	NC_003552.1	1684483	1686069	+	1587	30107	27212	21852	14931	22411	27878
MA_RS07365	NC_003552.1	1686066	1686848	+	783	10466	11665	9360	7659	12208	18169
MA_RS28500	NC_003552.1	1687192	1688910	-	1719	7074	6381	4721	3335	7561	6232
MA_RS07375	NC_003552.1	1689233	1689517	-	285	4291	3945	6070	5120	8418	7537
MA_RS07380	NC_003552.1	1690838	1692490	-	1653	17969	15107	12913	9986	9770	13942
MA_RS07385	NC_003552.1	1692585	1693040	-	456	9635	9286	8446	6062	4902	7886
MA_RS07390	NC_003552.1	1693148	1693726	-	579	13869	11988	14391	10402	7332	9256
MA_RS07405	NC_003552.1	1695650	1696747	-	1098	2187	1686	1451	1338	1998	2106
MA_RS07410	NC_003552.1	1696896	1697741	-	846	311	280	184	175	244	232
MA_RS07415	NC_003552.1	1697958	1698671	-	714	4673	4225	4394	4318	2527	3729
MA_RS07420	NC_003552.1	1699059	1699739	-	681	2251	2145	1744	1527	1369	1696
MA_RS07425	NC_003552.1	1700003	1700716	-	714	5557	4793	4089	3442	6457	6462
MA_RS07430	NC_003552.1	1700845	1701411	-	567	13247	6520	5660	2848	12243	9038
MA_RS07435	NC_003552.1	1701592	1702182	-	591	9278	5085	4386	2872	8012	8572
MA_RS07440	NC_003552.1	1702549	1702755	-	207	119959	78174	58516	52298	107980	139018
MA_RS07445	NC_003552.1	1702946	1703824	-	879	1747	1165	1005	762	2417	1806
MA_RS07450	NC_003552.1	1703964	1704881	+	918	1286	1081	1015	966	727	686
MA_RS07455	NC_003552.1	1705213	1706412	-	1200	17309	15201	13044	11462	13950	13887
MA_RS07460	NC_003552.1	1706561	1707139	-	579	2911	2908	2506	2190	2325	2650
MA_RS07465	NC_003552.1	1707136	1707762	-	627	5698	3778	2581	2676	1989	2119
MA_RS07480	NC_003552.1	1709399	1710256	-	858	12702	9693	9994	7095	9043	8507
MA_RS07485	NC_003552.1	1710456	1711064	-	609	3170	2764	3206	2354	1668	3098
MA_RS07490	NC_003552.1	1711068	1711877	-	810	7636	6308	6632	4649	3293	5435
MA_RS07495	NC_003552.1	1712159	1712896	-	738	35186	24960	21117	16267	28555	31043
MA_RS07500	NC_003552.1	1713255	1713608	-	354	18304	16406	12112	9306	19528	23979
MA_RS07505	NC_003552.1	1714066	1714359	-	294	11263	10140	9008	9446	8514	9649
MA_RS07510	NC_003552.1	1714593	1715888	-	1296	29789	22796	21885	20689	15015	14878
MA_RS07515	NC_003552.1	1716241	1716876	-	636	4126	3535	3468	3249	2381	2996
MA_RS07520	NC_003552.1	1717100	1717756	+	657	5383	5324	5285	4490	4174	4286
MA_RS07525	NC_003552.1	1718222	1719463	+	1242	5888	5971	5394	4576	6720	7714
MA_RS07530	NC_003552.1	1719626	1719805	+	180	357	310	176	156	194	255
MA_RS29325	NC_003552.1	1720022	1720144	+	123	311	228	149	122	175	158
MA_RS07535	NC_003552.1	1720200	1720439	+	240	493	320	296	156	715	486
MA_RS07540	NC_003552.1	1721040	1721573	+	534	58075	45416	43261	28615	29121	38396
MA_RS07545	NC_003552.1	1721996	1722649	+	654	269	185	128	75	178	107
MA_RS07550	NC_003552.1	1722674	1723840	+	1167	7536	5741	8929	7184	5705	6083
MA_RS07555	NC_003552.1	1723965	1724627	+	663	8031	5656	3511	3193	3434	2894
MA_RS07560	NC_003552.1	1724667	1725362	+	696	5512	4503	4275	3698	4288	3170
MA_RS07565	NC_003552.1	1725544	1726284	-	741	7035	6000	6657	4593	3701	3343
MA_RS07575	NC_003552.1	1726936	1727676	+	741	12281	8466	7158	7554	7748	7623
MA_RS07580	NC_003552.1	1727679	1727957	+	279	3828	3675	2655	2500	4890	4840
MA_RS07585	NC_003552.1	1728281	1728721	-	441	7182	4747	4445	2797	5872	6269
MA_RS24430	NC_003552.1	1728993	1731026	-	2034	3634	3394	2358	2022	3853	3841
MA_RS07595	NC_003552.1	1731303	1731749	+	447	3215	2705	2007	1762	2048	1631
MA_RS26685	NC_003552.1	1732335	1732508	-	174	193760	213453	182547	182551	422175	275865
MA_RS07605	NC_003552.1	1732985	1734223	+	1239	5394	3993	3222	3315	3805	3842
MA_RS07610	NC_003552.1	1734676	1734894	-	219	1534	1383	1228	1165	1749	2379
MA_RS07615	NC_003552.1	1735223	1735618	-	396	1211	883	680	584	1213	892
MA_RS07620	NC_003552.1	1735960	1736373	-	414	17181	12833	10966	6320	12437	8761
MA_RS07625	NC_003552.1	1736370	1739570	-	3201	26767	22448	16324	14401	25781	25166
MA_RS07630	NC_003552.1	1740455	1740526	-	72	283	329	331	254	204	217
MA_RS07635	NC_003552.1	1740590	1740859	-	270	3650	3547	2554	2401	1490	1921
MA_RS07640	NC_003552.1	1740952	1741122	-	171	7639	4669	3540	3246	1487	1533
MA_RS07645	NC_003552.1	1741311	1742003	-	693	745	567	459	500	510	633
MA_RS07650	NC_003552.1	1742135	1743124	-	990	1018	705	372	348	354	472
MA_RS07655	NC_003552.1	1743243	1744220	-	978	1530	1220	1068	975	791	963
MA_RS07660	NC_003552.1	1744592	1744993	+	402	1379	1092	1086	821	1074	1283
MA_RS07665	NC_003552.1	1745118	1745747	+	630	19693	18214	12406	10607	45470	26588
MA_RS07670	NC_003552.1	1746019	1747872	+	1854	59668	47019	43131	38399	51148	46048
MA_RS07675	NC_003552.1	1747983	1749131	+	1149	44836	32351	34330	28261	21935	25780
MA_RS07680	NC_003552.1	1749660	1751006	+	1347	2887	2370	1961	1775	1800	1759
MA_RS07685	NC_003552.1	1751031	1752461	+	1431	3642	2919	3090	3162	4259	3893
MA_RS07695	NC_003552.1	1753036	1754382	+	1347	19050	15155	15365	13179	16121	20434
MA_RS07700	NC_003552.1	1754438	1755868	+	1431	6912	5512	5030	3412	2956	3468
MA_RS07705	NC_003552.1	1755990	1757213	-	1224	14625	10272	7788	6370	9576	10220
MA_RS07710	NC_003552.1	1757210	1757431	-	222	1252	684	206	195	218	226
MA_RS07715	NC_003552.1	1757992	1759494	-	1503	4370	4004	4002	4222	3911	5069
MA_RS07720	NC_003552.1	1759596	1760210	-	615	861	737	554	602	748	589
MA_RS07725	NC_003552.1	1760520	1761146	-	627	2463	2259	2511	2275	2205	2841
MA_RS07730	NC_003552.1	1761270	1762424	-	1155	5310	4151	3445	2682	3994	4713
MA_RS07735	NC_003552.1	1762472	1763599	-	1128	7726	6372	4867	4057	5075	5709
MA_RS07740	NC_003552.1	1763596	1764621	-	1026	4791	4138	2824	2807	4266	5298
MA_RS07745	NC_003552.1	1764670	1765947	-	1278	8472	6549	6075	4536	5241	5667
MA_RS07750	NC_003552.1	1765944	1766105	-	162	958	794	1242	1096	1189	1378
MA_RS07760	NC_003552.1	1767327	1767716	+	390	1063	854	583	537	672	978
MA_RS07765	NC_003552.1	1767704	1768258	+	555	2446	2282	1834	1539	1393	2021
MA_RS07770	NC_003552.1	1768289	1768765	+	477	2549	2104	1832	1382	1193	1773
MA_RS07775	NC_003552.1	1768776	1769900	+	1125	6333	5452	5776	4816	4608	7143
MA_RS07780	NC_003552.1	1769906	1770943	+	1038	5781	5335	6211	6135	5373	7499
MA_RS07785	NC_003552.1	1770948	1771358	+	411	1131	923	1023	835	853	1451
MA_RS29330	NC_003552.1	1771355	1771645	+	291	173	162	135	134	296	513
MA_RS29335	NC_003552.1	1771635	1771886	+	252	452	481	386	325	280	534
MA_RS07800	NC_003552.1	1771883	1772191	+	309	486	480	402	352	511	748
MA_RS07805	NC_003552.1	1772185	1774203	+	2019	9328	8393	8263	6736	5261	8688
MA_RS07810	NC_003552.1	1774203	1775690	+	1488	8011	6725	5861	5552	4256	8347
MA_RS07815	NC_003552.1	1775694	1777163	+	1470	9533	8575	8737	6899	4488	8248
MA_RS07820	NC_003552.1	1777177	1777539	+	363	2774	2650	2687	2357	1592	2916
MA_RS24435	NC_003552.1	1778369	1780630	+	2262	3424	3050	2086	1835	2236	2048
MA_RS25205	NC_003552.1	1780861	1781097	+	237	372	350	427	479	743	832
MA_RS24440	NC_003552.1	1781592	1787873	+	6282	20262	18254	12977	10871	10989	14378
MA_RS07845	NC_003552.1	1788092	1788514	+	423	1245	1200	882	743	790	1115
MA_RS25210	NC_003552.1	1788750	1788923	+	174	220	234	90	85	384	322
MA_RS07850	NC_003552.1	1788951	1789391	-	441	906	819	838	539	840	560
MA_RS07855	NC_003552.1	1789942	1791657	+	1716	895	737	733	639	776	728
MA_RS07860	NC_003552.1	1791919	1792152	+	234	445	375	297	243	237	207
MA_RS07865	NC_003552.1	1792158	1792550	+	393	298	305	257	202	416	424
MA_RS24445	NC_003552.1	1792822	1794234	-	1413	759	693	786	662	644	572
MA_RS07880	NC_003552.1	1794367	1796151	+	1785	5128	3771	3476	2439	6148	5638
MA_RS26690	NC_003552.1	1796656	1796763	-	108	47	38	49	40	26	33
MA_RS07885	NC_003552.1	1796765	1798231	-	1467	792	777	562	522	453	589
MA_RS07890	NC_003552.1	1798744	1800201	+	1458	868	746	596	532	495	595
MA_RS07895	NC_003552.1	1800293	1800952	-	660	1235	941	793	677	934	1086
MA_RS07900	NC_003552.1	1801311	1801673	+	363	26195	20683	14318	14139	4854	7203
MA_RS07905	NC_003552.1	1801698	1801919	+	222	4201	3755	3036	3064	1447	1921
MA_RS07910	NC_003552.1	1801941	1802129	+	189	2435	2477	1686	2143	1097	1504
MA_RS07915	NC_003552.1	1802166	1802615	+	450	19573	15782	13779	12807	6040	9064
MA_RS07920	NC_003552.1	1802751	1804526	+	1776	40002	36985	26774	25761	21005	29167
MA_RS07925	NC_003552.1	1804703	1805113	+	411	5894	4895	3602	4422	3120	3964
MA_RS29170	NC_003552.1	1805372	1805722	-	351	1169	960	613	410	523	775
MA_RS07935	NC_003552.1	1805940	1806410	-	471	1481	1127	595	360	647	864
MA_RS07940	NC_003552.1	1806803	1807570	-	768	1341	957	788	519	707	777
MA_RS07945	NC_003552.1	1807828	1809651	-	1824	4208	3541	2835	2071	3007	3736
MA_RS07955	NC_003552.1	1809929	1810669	-	741	1412	1278	882	700	1097	1059
MA_RS07960	NC_003552.1	1810653	1810919	-	267	1899	1539	2342	1829	1525	1516
MA_RS07965	NC_003552.1	1811030	1811803	-	774	392	377	213	186	272	237
MA_RS07970	NC_003552.1	1811800	1813044	-	1245	5765	5521	6766	5183	20560	21754
MA_RS07980	NC_003552.1	1815020	1815670	-	651	1488	1717	1040	865	986	726
MA_RS07985	NC_003552.1	1815791	1816861	-	1071	908	695	530	388	581	733
MA_RS07990	NC_003552.1	1816864	1818435	-	1572	1657	1464	1174	815	965	1513
MA_RS07995	NC_003552.1	1818428	1819348	-	921	1131	927	975	595	776	1383
MA_RS08000	NC_003552.1	1819360	1820256	-	897	749	632	529	376	659	844
MA_RS08005	NC_003552.1	1820253	1822070	-	1818	3385	2974	2224	1687	2183	2722
MA_RS28510	NC_003552.1	1822539	1822958	-	420	166	153	167	105	214	168
MA_RS28515	NC_003552.1	1822955	1823155	-	201	43	37	44	24	50	56
MA_RS26695	NC_003552.1	1823937	1824209	+	273	1495	1115	1082	748	560	613
MA_RS08015	NC_003552.1	1824301	1826019	+	1719	2363	2093	1705	1006	1497	1990
MA_RS08020	NC_003552.1	1826024	1826884	+	861	752	875	643	427	692	952
MA_RS08025	NC_003552.1	1826897	1827781	+	885	470	513	507	381	473	560
MA_RS08030	NC_003552.1	1828351	1829235	-	885	1395	1495	1070	807	1273	1340
MA_RS08035	NC_003552.1	1829241	1830146	-	906	2297	1775	1859	1316	1403	1462
MA_RS08040	NC_003552.1	1830161	1831765	-	1605	3585	2978	2633	1743	2543	2079
MA_RS29630	NC_003552.1	1832201	1832680	-	480	923	927	570	530	499	531
MA_RS25220	NC_003552.1	1833521	1833943	-	423	398	358	250	174	289	510
MA_RS08050	NC_003552.1	1834105	1834797	-	693	1922	1774	1012	836	1448	1911
MA_RS08055	NC_003552.1	1834844	1835329	-	486	6129	4991	5183	3674	4208	6209
MA_RS08060	NC_003552.1	1835728	1836408	-	681	4150	3351	3286	2146	2048	2562
MA_RS08065	NC_003552.1	1836986	1837393	-	408	11117	7464	6621	4069	9540	9119
MA_RS08070	NC_003552.1	1837486	1838787	+	1302	1524	1290	937	877	872	862
MA_RS26700	NC_003552.1	1839456	1839614	+	159	187	178	176	142	507	383
MA_RS08085	NC_003552.1	1839824	1842013	+	2190	1650	1483	1064	805	1272	1126
MA_RS29340	NC_003552.1	1842589	1842717	-	129	7	11	11	3	10	11
MA_RS08090	NC_003552.1	1842711	1843019	-	309	31	24	18	20	20	20
MA_RS08095	NC_003552.1	1843643	1844185	+	543	783	649	629	467	839	498
MA_RS08100	NC_003552.1	1844182	1845138	+	957	1559	1507	1329	1034	1441	1472
MA_RS08105	NC_003552.1	1846035	1846298	-	264	184	168	147	88	85	112
MA_RS08110	NC_003552.1	1846401	1846946	-	546	236	318	202	234	198	192
MA_RS08115	NC_003552.1	1846958	1847947	-	990	2240	2547	1322	1255	1634	1570
MA_RS24450	NC_003552.1	1848682	1848939	+	258	1128	1045	827	625	445	369
MA_RS08125	NC_003552.1	1849937	1850524	-	588	616	434	215	140	356	257
MA_RS08130	NC_003552.1	1851088	1851807	+	720	371	353	187	155	248	175
MA_RS08135	NC_003552.1	1852634	1854280	-	1647	1655	1775	954	774	1144	1160
MA_RS08140	NC_003552.1	1854807	1855406	-	600	3184	2174	2044	1834	1230	1292
MA_RS08145	NC_003552.1	1855673	1856569	-	897	11022	10174	12026	12270	12329	14107
MA_RS08150	NC_003552.1	1857296	1858885	+	1590	34808	23285	19916	15594	46400	41382
MA_RS08155	NC_003552.1	1859387	1860430	-	1044	2604	2649	2814	2287	2004	2716
MA_RS08160	NC_003552.1	1860781	1861230	+	450	1363	1379	1309	1515	1701	1350
MA_RS08165	NC_003552.1	1861660	1862529	+	870	1093	879	983	742	807	991
MA_RS08170	NC_003552.1	1862802	1863854	+	1053	492	356	504	408	562	435
MA_RS08175	NC_003552.1	1864340	1865533	+	1194	590	578	481	296	1168	796
MA_RS08180	NC_003552.1	1865710	1866321	-	612	15247	7845	7871	3199	14584	14218
MA_RS08185	NC_003552.1	1867153	1867587	+	435	137	75	92	44	121	109
MA_RS08190	NC_003552.1	1867914	1868969	+	1056	2871	2347	2171	1592	1419	1440
MA_RS08195	NC_003552.1	1869102	1870307	+	1206	1701	1470	1082	917	1049	942
MA_RS08200	NC_003552.1	1870363	1871136	-	774	329	305	243	181	255	240
MA_RS08205	NC_003552.1	1871133	1872377	-	1245	3814	4101	6078	3851	13964	12997
MA_RS08210	NC_003552.1	1872500	1874293	+	1794	404	368	256	213	235	212
MA_RS08215	NC_003552.1	1874524	1875813	+	1290	1203	880	568	389	866	877
MA_RS08220	NC_003552.1	1875955	1878270	-	2316	2656	2098	1060	904	1713	1454
MA_RS08230	NC_003552.1	1879202	1881991	-	2790	24906	21269	16040	12617	13446	17464
MA_RS08235	NC_003552.1	1882003	1883907	-	1905	24431	19128	16412	15026	10543	14350
MA_RS08240	NC_003552.1	1884623	1885744	-	1122	10581	8117	7854	6353	3394	5534
MA_RS08245	NC_003552.1	1885746	1887611	-	1866	17764	13907	11965	10013	5493	8541
MA_RS08250	NC_003552.1	1887803	1888033	-	231	2732	2587	4557	5251	2879	2626
MA_RS08255	NC_003552.1	1888721	1889323	-	603	2357	2075	1161	869	1398	1659
MA_RS08260	NC_003552.1	1889477	1890808	-	1332	7509	6521	4453	3907	6407	6758
MA_RS08265	NC_003552.1	1890854	1892185	-	1332	9723	8564	7203	6315	7130	9761
MA_RS08275	NC_003552.1	1893802	1894374	+	573	47886	55394	42666	43294	16297	33766
MA_RS08285	NC_003552.1	1895107	1895349	-	243	203	211	160	171	251	288
MA_RS08295	NC_003552.1	1896427	1897383	+	957	4483	4014	3234	2498	2880	2986
MA_RS08300	NC_003552.1	1897370	1898137	+	768	5384	4996	6047	5706	7143	7178
MA_RS08305	NC_003552.1	1898487	1898789	-	303	1282	965	1103	739	950	1152
MA_RS08310	NC_003552.1	1899090	1899632	+	543	651	495	454	399	335	429
MA_RS08315	NC_003552.1	1899892	1900113	+	222	2197	1955	2907	3109	2669	2285
MA_RS08325	NC_003552.1	1901419	1901709	-	291	1850	1402	1481	918	1234	1353
MA_RS08330	NC_003552.1	1901834	1902232	+	399	1188	901	824	526	495	452
MA_RS08340	NC_003552.1	1905469	1908315	+	2847	25033	19328	19361	13507	12671	17758
MA_RS08345	NC_003552.1	1908653	1908991	+	339	245	170	153	68	109	137
MA_RS08350	NC_003552.1	1909010	1909342	+	333	108	127	78	78	94	118
MA_RS08355	NC_003552.1	1910053	1910388	+	336	804	544	478	325	463	467
MA_RS08365	NC_003552.1	1911151	1912368	+	1218	11486	9590	7345	8011	5022	6235
MA_RS08370	NC_003552.1	1912651	1915536	+	2886	34345	31024	27897	26338	14535	21186
MA_RS08380	NC_003552.1	1916401	1922058	-	5658	78827	67047	54601	38558	43807	53838
MA_RS08385	NC_003552.1	1922771	1923295	-	525	399	325	306	275	725	647
MA_RS08390	NC_003552.1	1923640	1924659	+	1020	27211	20663	26130	13862	31936	37217
MA_RS08395	NC_003552.1	1925258	1926643	-	1386	417585	195270	170815	79296	416506	429206
MA_RS08400	NC_003552.1	1926657	1927439	-	783	410453	171707	134692	56075	421805	457352
MA_RS08405	NC_003552.1	1928574	1930051	+	1478	6507903	6012744	3115976	5071627	6483165	6663161
MA_RS08410	NC_003552.1	1930138	1930210	+	73	1916	1195	1665	2291	2604	2874
MA_RS08415	NC_003552.1	1930329	1933232	+	2904	1266133	1149557	400273	1627888	7052262	4805808
MA_RS08420	NC_003552.1	1933306	1933428	+	123	6102	7329	10838	16455	10571	14485
MA_RS08425	NC_003552.1	1933703	1934305	-	603	2977	2741	2132	1780	1886	2077
MA_RS08435	NC_003552.1	1935885	1937975	+	2091	1598	1478	1150	883	1734	1809
MA_RS08440	NC_003552.1	1938930	1939154	+	225	180	143	144	58	166	146
MA_RS24455	NC_003552.1	1939204	1940445	+	1242	273	203	185	100	254	219
MA_RS08450	NC_003552.1	1941145	1943985	+	2841	1782	1596	1263	1042	1531	1404
MA_RS08455	NC_003552.1	1944036	1946747	+	2712	1944	1802	1407	989	1211	1154
MA_RS08460	NC_003552.1	1946917	1948545	-	1629	1955	1932	1568	1237	1900	2083
MA_RS08465	NC_003552.1	1948725	1952270	+	3546	3102	2511	2569	2036	2510	2394
MA_RS08470	NC_003552.1	1952419	1953846	+	1428	7889	6207	6083	4750	3434	4476
MA_RS08475	NC_003552.1	1953827	1955185	+	1359	4059	3627	3867	3649	3310	4148
MA_RS08480	NC_003552.1	1955192	1956043	+	852	1284	1113	876	824	1469	1479
MA_RS08485	NC_003552.1	1956081	1956713	+	633	1729	1705	1425	1065	2173	2147
MA_RS08490	NC_003552.1	1956973	1957368	+	396	397	313	260	213	197	175
MA_RS08495	NC_003552.1	1957893	1959341	-	1449	17638	15806	14768	11691	7154	12029
MA_RS08510	NC_003552.1	1962357	1964540	-	2184	7111	6650	6239	6191	2952	4789
MA_RS08515	NC_003552.1	1965105	1967111	-	2007	5316	5019	2900	2708	2767	3285
MA_RS08525	NC_003552.1	1968483	1969181	-	699	1050	1299	873	606	1450	1517
MA_RS08530	NC_003552.1	1969824	1972484	+	2661	4984	3444	3187	2418	4971	4612
MA_RS08535	NC_003552.1	1973020	1976178	+	3159	1351	1123	885	733	1112	966
MA_RS08540	NC_003552.1	1976301	1976966	-	666	879	647	539	439	668	510
MA_RS08545	NC_003552.1	1976954	1977418	-	465	327	212	181	156	208	144
MA_RS25240	NC_003552.1	1977787	1978469	-	683	193	216	143	108	131	125
MA_RS08560	NC_003552.1	1978710	1979558	+	849	1651	1347	1325	1007	839	927
MA_RS08565	NC_003552.1	1979982	1981412	-	1431	6219	4275	3874	2402	3789	4049
MA_RS08570	NC_003552.1	1982012	1983373	+	1362	5864	5426	5378	4462	2705	3948
MA_RS08575	NC_003552.1	1984443	1984982	+	540	4631	3456	2684	1827	3798	3416
MA_RS08580	NC_003552.1	1985171	1986847	+	1677	12851	10895	10205	6976	12576	13987
MA_RS08585	NC_003552.1	1986936	1988057	-	1122	10199	7843	6392	4827	5320	6415
MA_RS08590	NC_003552.1	1988711	1990219	+	1509	6097	5308	4935	4038	4271	4749
MA_RS08595	NC_003552.1	1990442	1990747	+	306	2184	1128	703	451	602	694
MA_RS08600	NC_003552.1	1990762	1991310	+	549	3179	2303	2152	1192	2871	2825
MA_RS29345	NC_003552.1	1991624	1991755	+	132	125	61	47	33	70	63
MA_RS24460	NC_003552.1	1992185	1994965	+	2781	3996	3417	3101	2055	2900	2754
MA_RS08610	NC_003552.1	1995881	1996348	+	468	7258	4689	3525	2995	2502	2424
MA_RS08620	NC_003552.1	1996878	1997207	+	330	2557	2316	1901	1022	1677	1501
MA_RS08630	NC_003552.1	1997406	1997819	+	414	95	84	60	50	156	86
MA_RS08635	NC_003552.1	1998360	2000036	+	1677	1454	796	830	441	1216	1114
MA_RS08640	NC_003552.1	2000194	2001168	+	975	1807	1547	1381	777	1103	1181
MA_RS08645	NC_003552.1	2001638	2002555	+	918	676	515	645	591	501	553
MA_RS08650	NC_003552.1	2002736	2003419	+	684	13952	11464	9683	6831	10885	10824
MA_RS08655	NC_003552.1	2003430	2003867	+	438	4412	2950	1076	787	2427	1848
MA_RS08660	NC_003552.1	2004011	2004703	+	693	3110	2476	1183	851	2186	1929
MA_RS08665	NC_003552.1	2004875	2005264	-	390	1268	1113	1053	934	2215	1453
MA_RS08670	NC_003552.1	2005904	2007190	+	1287	61052	49750	37419	32911	37839	35754
MA_RS08680	NC_003552.1	2008039	2009208	+	1170	12208	10481	10104	7710	13088	13678
MA_RS08685	NC_003552.1	2009421	2010233	-	813	2147	1590	1158	929	886	934
MA_RS08690	NC_003552.1	2010696	2011340	+	645	2367	2163	1972	1386	1169	1166
MA_RS08695	NC_003552.1	2011725	2012717	+	993	2639	2603	2572	2349	1707	1885
MA_RS28525	NC_003552.1	2012721	2013059	+	339	279	302	259	230	269	281
MA_RS08700	NC_003552.1	2013419	2015923	+	2505	8642	6115	5670	3614	8516	8621
MA_RS08705	NC_003552.1	2016050	2016436	+	387	1532	1201	1215	899	1017	790
MA_RS08715	NC_003552.1	2017717	2019360	-	1644	28180	18154	16093	17628	14213	13128
MA_RS08725	NC_003552.1	2019744	2020448	-	705	3526	2365	1644	1499	1839	2463
MA_RS08730	NC_003552.1	2020538	2021872	-	1335	13891	10660	8008	6812	5878	7786
MA_RS08735	NC_003552.1	2022308	2022754	+	447	579	368	190	145	390	337
MA_RS08740	NC_003552.1	2022981	2023241	+	261	3652	2793	3906	2691	7360	7509
MA_RS08745	NC_003552.1	2023960	2024694	+	735	5527	5341	5589	3485	4878	4450
MA_RS25245	NC_003552.1	2024761	2025402	-	642	1910	1223	1008	517	1376	1267
MA_RS26705	NC_003552.1	2025329	2025661	-	333	2111	1221	921	525	961	856
MA_RS08760	NC_003552.1	2026482	2026673	+	192	933	962	528	593	415	252
MA_RS08765	NC_003552.1	2026980	2027876	+	897	4425	4190	3726	4551	5199	4537
MA_RS08770	NC_003552.1	2028215	2029327	-	1113	6928	6198	3223	3504	2478	3827
MA_RS08775	NC_003552.1	2030075	2031469	-	1395	3161	2326	2100	1994	1928	2413
MA_RS24465	NC_003552.1	2031478	2032599	+	1122	1658	1441	1333	1082	1325	1240
MA_RS08790	NC_003552.1	2033512	2033721	+	210	1911	1640	2068	1807	1894	1377
MA_RS08795	NC_003552.1	2033718	2033981	+	264	1812	1694	1340	726	3391	2434
MA_RS08805	NC_003552.1	2034218	2034436	-	219	2276	2097	1891	865	4821	4055
MA_RS08810	NC_003552.1	2034693	2035934	-	1242	1798	1620	1313	973	1353	1260
MA_RS08815	NC_003552.1	2036474	2037151	+	678	996	1039	655	899	807	825
MA_RS24470	NC_003552.1	2037452	2038330	+	879	324	404	217	268	304	225
MA_RS08825	NC_003552.1	2038440	2038610	-	171	157	137	159	140	150	155
MA_RS08830	NC_003552.1	2038743	2039132	-	390	234	189	100	102	103	126
MA_RS08835	NC_003552.1	2039855	2040466	+	612	321	243	77	110	151	171
MA_RS08840	NC_003552.1	2040583	2041011	+	429	344	255	209	110	208	208
MA_RS08845	NC_003552.1	2041455	2042084	+	630	665	593	374	351	302	383
MA_RS08850	NC_003552.1	2042975	2044264	-	1290	841	575	515	429	558	516
MA_RS08855	NC_003552.1	2044430	2044771	+	342	1794	1660	1221	1033	1654	1076
MA_RS08860	NC_003552.1	2045002	2045424	+	423	1835	1291	818	499	3575	2120
MA_RS08865	NC_003552.1	2046993	2047688	+	696	4254	3393	2763	2158	2336	2633
MA_RS08870	NC_003552.1	2048732	2049928	+	1197	1640	1217	994	833	813	902
MA_RS08875	NC_003552.1	2050465	2051430	+	966	10725	9467	10253	8770	8661	11938
MA_RS08880	NC_003552.1	2051782	2052249	+	468	21766	17564	19099	13521	16270	14385
MA_RS08885	NC_003552.1	2052369	2052728	-	360	681	628	657	463	738	689
MA_RS08890	NC_003552.1	2052893	2054050	+	1158	24731	20071	17633	16374	13083	16674
MA_RS08895	NC_003552.1	2054261	2054545	-	285	1650	1368	1773	1427	952	1235
MA_RS08900	NC_003552.1	2054615	2056438	-	1824	23580	16899	14560	13527	19113	20585
MA_RS08905	NC_003552.1	2056707	2057468	-	762	757	446	442	277	244	220
MA_RS08910	NC_003552.1	2057993	2058400	-	408	5413	4330	4221	3361	3065	3687
MA_RS08915	NC_003552.1	2058677	2059861	+	1185	2188	1759	1213	817	1393	1348
MA_RS08920	NC_003552.1	2060242	2061168	-	927	4864	4535	4161	2906	2741	3641
MA_RS08925	NC_003552.1	2061156	2061899	-	744	3190	2881	1933	1823	2383	3031
MA_RS08930	NC_003552.1	2062540	2063610	-	1071	4101	3335	3661	2510	4607	3771
MA_RS08935	NC_003552.1	2063894	2064814	+	921	820	615	509	488	1354	1155
MA_RS08940	NC_003552.1	2065405	2068038	+	2634	1498	1291	916	881	1206	895
MA_RS08950	NC_003552.1	2068408	2069535	+	1128	7389	6511	4703	3965	4754	6065
MA_RS08960	NC_003552.1	2069704	2071011	-	1308	21701	21023	19891	15408	4892	11866
MA_RS08965	NC_003552.1	2071018	2071629	-	612	6824	6847	5971	4439	1592	4015
MA_RS08970	NC_003552.1	2071626	2073485	-	1860	20979	20945	17941	15120	3597	9553
MA_RS08975	NC_003552.1	2074213	2075256	+	1044	160	146	133	105	88	87
MA_RS08980	NC_003552.1	2075733	2076269	+	537	465	451	506	364	301	451
MA_RS08985	NC_003552.1	2076358	2077593	-	1236	1766	1442	1585	1389	1119	1122
MA_RS08990	NC_003552.1	2077902	2078426	+	525	818	645	680	429	270	375
MA_RS08995	NC_003552.1	2078646	2078864	-	219	64	61	67	52	68	71
MA_RS09000	NC_003552.1	2079179	2079856	-	678	635	618	405	447	744	484
MA_RS09005	NC_003552.1	2080131	2080379	+	249	1513	1254	1082	1139	1565	1091
MA_RS09010	NC_003552.1	2080763	2081935	-	1173	9891	8623	7702	6373	13863	11821
MA_RS09015	NC_003552.1	2082495	2082890	+	396	2681	2388	3389	2483	2528	2911
MA_RS28080	NC_003552.1	2083217	2083390	+	174	8005	4962	9566	8763	9128	6512
MA_RS09025	NC_003552.1	2083769	2086681	-	2913	2165	1926	1586	1168	1778	1559
MA_RS09030	NC_003552.1	2087062	2089254	-	2193	14329	9851	8821	5004	9769	8472
MA_RS09035	NC_003552.1	2089620	2089865	-	246	1373	1338	1253	1177	2751	2340
MA_RS09040	NC_003552.1	2089997	2090470	-	474	17147	11671	10268	6691	9105	7122
MA_RS09045	NC_003552.1	2093083	2094267	-	1185	45288	32043	27281	19768	30022	36335
MA_RS09050	NC_003552.1	2094708	2095883	-	1176	7451	7069	5607	4531	7329	7767
MA_RS09055	NC_003552.1	2096298	2097500	+	1203	23997	18728	13568	9522	18113	23896
MA_RS09060	NC_003552.1	2097561	2098493	+	933	10531	10036	8054	6127	13978	18316
MA_RS09065	NC_003552.1	2098570	2099661	+	1092	13561	10832	9141	7083	8038	11098
MA_RS09070	NC_003552.1	2099658	2101502	-	1845	15330	14284	11893	9993	10856	13208
MA_RS09075	NC_003552.1	2101613	2102476	+	864	20371	15772	17320	13833	14562	20366
MA_RS09080	NC_003552.1	2102519	2103844	-	1326	33530	18834	13243	7309	19497	22694
MA_RS09085	NC_003552.1	2104499	2106286	+	1788	107904	71761	48857	27117	83870	99839
MA_RS09090	NC_003552.1	2106255	2107253	+	999	35636	23151	14457	7540	24075	26081
MA_RS09095	NC_003552.1	2107279	2107953	+	675	35644	26697	20438	11081	23520	29328
MA_RS09100	NC_003552.1	2109294	2112743	-	3450	31171	29793	30210	25820	20770	23586
MA_RS09105	NC_003552.1	2113616	2117077	-	3462	129700	64181	54986	16367	83540	193645
MA_RS25255	NC_003552.1	2119658	2120789	-	1132	1597	1399	1061	942	1286	1313
MA_RS09120	NC_003552.1	2121474	2125040	-	3567	191603	151830	120685	79727	103278	181905
MA_RS09130	NC_003552.1	2125596	2125958	+	363	270	171	152	58	782	625
MA_RS09135	NC_003552.1	2126319	2127875	-	1557	50846	26432	21918	10508	122520	97652
MA_RS09140	NC_003552.1	2129519	2131132	-	1614	57745	44474	41064	18266	124378	114937
MA_RS09145	NC_003552.1	2131129	2132844	-	1716	109202	60549	52689	25271	101872	105507
MA_RS26720	NC_003552.1	2133429	2133593	-	165	2079	1829	1305	469	2081	5378
MA_RS28170	NC_003552.1	2133590	2136817	-	3228	251626	170780	160409	79337	128786	292183
MA_RS28535	NC_003552.1	2137810	2149776	-	11967	105524	65551	55734	30614	40785	99240
MA_RS09160	NC_003552.1	2151010	2151432	-	423	5269	3777	3527	1994	6482	6336
MA_RS24475	NC_003552.1	2152449	2155154	-	2706	362270	348285	242529	198583	194421	279405
MA_RS09170	NC_003552.1	2155190	2156110	-	921	84549	79440	51606	35831	65902	88236
MA_RS28540	NC_003552.1	2156223	2161430	-	5208	1059356	883932	723679	531582	666942	927912
MA_RS28185	NC_003552.1	2162632	2166249	-	3618	2140357	1567996	1390457	948324	1367039	2145619
MA_RS09185	NC_003552.1	2167364	2170228	-	2865	90355	63630	52093	30343	77496	101051
MA_RS09195	NC_003552.1	2173783	2174655	-	873	161	208	178	169	580	458
MA_RS09200	NC_003552.1	2174698	2175498	-	801	428	365	209	144	530	330
MA_RS09205	NC_003552.1	2175621	2176199	-	579	1976	1634	1913	1575	3548	3473
MA_RS24485	NC_003552.1	2176302	2176574	-	273	635	486	432	424	1534	1223
MA_RS24490	NC_003552.1	2176621	2177097	-	477	600	477	340	203	953	469
MA_RS09215	NC_003552.1	2178213	2178911	+	699	1076	866	884	698	1195	1078
MA_RS09220	NC_003552.1	2179415	2180017	+	603	4772	3927	3065	2860	2520	2936
MA_RS25375	NC_003552.1	2180233	2180370	-	138	2626	2556	3152	3340	4328	6613
MA_RS09225	NC_003552.1	2180400	2180684	-	285	14962	11969	13246	12713	10070	14537
MA_RS09230	NC_003552.1	2180850	2181650	-	801	29915	26153	23650	21273	20786	23635
MA_RS09235	NC_003552.1	2181634	2183244	-	1611	32348	25831	22142	19533	18075	19660
MA_RS09240	NC_003552.1	2183323	2184105	-	783	21319	20146	18946	13268	23601	31911
MA_RS09245	NC_003552.1	2184117	2184809	-	693	13860	14540	10009	9958	15535	14374
MA_RS09250	NC_003552.1	2184888	2185637	-	750	34280	26643	22626	18562	21573	22949
MA_RS09255	NC_003552.1	2187588	2187986	-	399	3161	2808	2666	2463	1810	2689
MA_RS09260	NC_003552.1	2187983	2188702	-	720	9256	7705	6107	5775	2680	4294
MA_RS09265	NC_003552.1	2188695	2189120	-	426	4671	4012	2872	3186	2044	2513
MA_RS09270	NC_003552.1	2189135	2189725	-	591	50842	39828	51782	46351	24060	31403
MA_RS09275	NC_003552.1	2190122	2190661	+	540	517	559	487	420	908	635
MA_RS09285	NC_003552.1	2192255	2193790	+	1536	99	101	82	85	102	76
MA_RS25385	NC_003552.1	2194378	2195473	+	1096	417	362	335	273	454	342
MA_RS09300	NC_003552.1	2196347	2198878	-	2532	8026	6316	5873	4647	4673	5408
MA_RS09305	NC_003552.1	2199790	2201076	+	1287	7018	6230	6918	6479	2898	3522
MA_RS09310	NC_003552.1	2201645	2202583	-	939	4176	3335	3267	2901	2262	2653
MA_RS09315	NC_003552.1	2203149	2203646	+	498	1917	1759	1588	1342	1578	1902
MA_RS09320	NC_003552.1	2203746	2204153	-	408	811	618	465	402	603	579
MA_RS09330	NC_003552.1	2204499	2205944	+	1446	8889	5858	5887	3652	8931	9097
MA_RS09335	NC_003552.1	2205972	2206166	-	195	114	93	53	35	150	91
MA_RS09340	NC_003552.1	2206902	2207309	+	408	2695	2066	2065	1598	3459	2840
MA_RS09345	NC_003552.1	2207949	2208746	+	798	4466	4016	3074	2171	4323	3138
MA_RS09350	NC_003552.1	2208861	2209280	+	420	3178	1982	1745	913	3698	2818
MA_RS09355	NC_003552.1	2209612	2210061	-	450	3065	1945	1184	765	3522	2752
MA_RS09360	NC_003552.1	2210266	2212032	-	1767	610	597	474	459	672	638
MA_RS09365	NC_003552.1	2213147	2213947	-	801	843	710	640	484	664	703
MA_RS09370	NC_003552.1	2214810	2216471	+	1662	25460	17991	15229	14049	9825	12070
MA_RS09375	NC_003552.1	2217308	2217664	-	357	4172	2695	3213	2290	2687	2269
MA_RS09380	NC_003552.1	2218602	2219534	-	933	4153	3969	3710	3301	3609	4734
MA_RS09385	NC_003552.1	2219792	2220385	-	594	2475	2287	2332	1971	2964	3522
MA_RS09390	NC_003552.1	2220382	2221239	-	858	8895	6908	6588	5817	5210	6652
MA_RS09395	NC_003552.1	2221503	2221838	+	336	23	23	14	7	11	31
MA_RS26775	NC_003552.1	2221850	2222029	+	180	64	91	52	39	64	35
MA_RS09400	NC_003552.1	2222568	2222786	+	219	741	497	519	445	294	485
MA_RS26780	NC_003552.1	2223238	2223402	+	165	372	238	289	242	162	210
MA_RS09405	NC_003552.1	2223522	2223707	-	186	131	127	103	91	101	92
MA_RS09410	NC_003552.1	2223702	2223938	+	237	176	191	135	86	119	127
MA_RS09415	NC_003552.1	2224422	2226230	+	1809	22973	16304	13902	11303	12191	13077
MA_RS26785	NC_003552.1	2226869	2227042	+	174	1075	1240	921	513	379	371
MA_RS09425	NC_003552.1	2228030	2228103	+	74	127	107	115	193	59	48
MA_RS09430	NC_003552.1	2228279	2228599	+	321	9884	6762	3428	2944	11890	12202
MA_RS09435	NC_003552.1	2229030	2229680	+	651	1190	800	665	455	798	599
MA_RS09440	NC_003552.1	2229799	2232093	+	2295	9162	7052	5988	4378	5656	7100
MA_RS09445	NC_003552.1	2232445	2233731	-	1287	392	448	369	274	349	317
MA_RS09450	NC_003552.1	2234162	2234725	+	564	5212	5506	4807	3940	6568	7542
MA_RS09455	NC_003552.1	2235047	2236198	+	1152	15887	11995	7538	7383	8312	8644
MA_RS09460	NC_003552.1	2236289	2236753	+	465	4492	3645	1948	2162	2006	2391
MA_RS09465	NC_003552.1	2236794	2237198	+	405	6031	4828	2637	2729	2364	2736
MA_RS09470	NC_003552.1	2237254	2238396	+	1143	29563	23999	19970	15420	14654	18141
MA_RS09475	NC_003552.1	2238496	2238951	-	456	4317	3308	3146	2645	1744	2550
MA_RS09480	NC_003552.1	2239282	2240784	+	1503	5868	4496	2898	2818	3948	4112
MA_RS09485	NC_003552.1	2240787	2241173	+	387	975	849	825	606	806	1047
MA_RS09490	NC_003552.1	2242194	2243000	+	807	14816	13955	17181	6814	20883	14091
MA_RS09495	NC_003552.1	2243335	2244069	-	735	2239	2253	2228	924	3930	2062
MA_RS09500	NC_003552.1	2244278	2244640	+	363	8096	5137	4624	2775	3416	3364
MA_RS09505	NC_003552.1	2244869	2245699	-	831	7906	6424	3586	3113	4773	4394
MA_RS09510	NC_003552.1	2245929	2247095	+	1167	3318	2792	1434	1028	2372	1948
MA_RS26790	NC_003552.1	2247947	2248216	+	270	810	716	459	471	357	421
MA_RS09515	NC_003552.1	2248670	2249476	+	807	169	197	153	140	198	206
MA_RS28190	NC_003552.1	2249916	2250377	+	462	106	170	57	46	126	104
MA_RS09525	NC_003552.1	2251068	2251682	+	615	557	511	401	329	498	441
MA_RS09530	NC_003552.1	2252310	2252498	+	189	47275	33395	31857	22063	16714	18250
MA_RS09535	NC_003552.1	2252961	2253143	+	183	4165	3776	2691	2309	1388	1726
MA_RS25400	NC_003552.1	2253391	2253720	+	330	2599	4424	1210	1169	1094	1260
MA_RS09545	NC_003552.1	2254414	2255127	-	714	1907	1747	1016	748	1392	1327
MA_RS09550	NC_003552.1	2255404	2256237	+	834	1111	1119	929	804	1497	1143
MA_RS09555	NC_003552.1	2256750	2257472	+	723	2993	2210	2113	1462	1300	1463
MA_RS09565	NC_003552.1	2258170	2259006	+	837	1210	1470	1465	1747	779	905
MA_RS25405	NC_003552.1	2259082	2259198	-	117	191	183	124	90	166	124
MA_RS09570	NC_003552.1	2259322	2262081	-	2760	5743	5042	4291	3371	3472	3064
MA_RS09575	NC_003552.1	2262709	2262915	+	207	106	200	74	59	91	92
MA_RS09580	NC_003552.1	2263100	2267143	-	4044	3368	3510	1947	2129	2066	2010
MA_RS09585	NC_003552.1	2267343	2268239	-	897	1271	1151	1256	1019	1205	1087
MA_RS09590	NC_003552.1	2268361	2270247	-	1887	7266	5753	4964	3838	4968	5387
MA_RS09600	NC_003552.1	2270783	2272141	+	1359	2427	2138	1697	1419	1043	1656
MA_RS09605	NC_003552.1	2272199	2272588	-	390	465	387	242	159	210	215
MA_RS24495	NC_003552.1	2272991	2276755	-	3765	7752	6016	4596	4167	4729	4736
MA_RS09625	NC_003552.1	2277840	2278043	-	204	507	455	377	236	1060	936
MA_RS09630	NC_003552.1	2278330	2279406	-	1077	7905	8011	7260	4764	6546	10415
MA_RS09635	NC_003552.1	2279600	2279782	-	183	2431	2583	1730	1181	3116	4159
MA_RS09640	NC_003552.1	2279844	2280470	-	627	10478	8511	5631	3657	4509	5612
MA_RS09645	NC_003552.1	2280487	2281251	-	765	10617	10281	6161	4257	8663	9104
MA_RS09650	NC_003552.1	2281258	2282517	-	1260	25322	21031	15887	10345	15879	18228
MA_RS09655	NC_003552.1	2282523	2283137	-	615	7820	7545	5015	4273	6858	8049
MA_RS09665	NC_003552.1	2283947	2284369	-	423	1761	1547	949	665	1182	858
MA_RS09670	NC_003552.1	2284366	2284809	-	444	1800	1302	1035	708	1074	859
MA_RS28550	NC_003552.1	2285812	2285973	+	162	228	209	126	71	95	95
MA_RS09675	NC_003552.1	2286323	2287492	+	1170	1791	1454	1009	743	1588	1477
MA_RS09680	NC_003552.1	2287586	2288221	-	636	3229	2971	2805	2295	2302	2470
MA_RS09685	NC_003552.1	2288331	2289125	-	795	3799	3418	3325	3036	2152	2555
MA_RS09690	NC_003552.1	2289496	2290275	-	780	1176	1157	761	698	1078	1144
MA_RS09695	NC_003552.1	2290647	2291822	+	1176	1737	1860	1703	1616	884	1226
MA_RS26805	NC_003552.1	2291870	2292013	+	144	154	114	67	63	51	63
MA_RS09700	NC_003552.1	2292249	2293184	+	936	4195	4042	4593	3319	4100	5465
MA_RS09705	NC_003552.1	2293676	2294344	-	669	1103	1126	913	753	1104	1047
MA_RS09710	NC_003552.1	2294660	2296309	+	1650	13550	12008	10109	5823	13366	12741
MA_RS09715	NC_003552.1	2296460	2298853	-	2394	23525	23084	22919	15577	34735	22360
MA_RS09720	NC_003552.1	2298955	2299374	-	420	15525	11123	11499	7155	23631	14648
MA_RS09725	NC_003552.1	2299526	2300902	-	1377	1774	1575	894	889	921	753
MA_RS09730	NC_003552.1	2301031	2301480	-	450	567	497	352	295	209	237
MA_RS24500	NC_003552.1	2301477	2303333	-	1857	910	1036	440	456	485	580
MA_RS09740	NC_003552.1	2303665	2304183	+	519	792	561	450	306	491	417
MA_RS09745	NC_003552.1	2304421	2305713	-	1293	1207	972	766	646	652	635
MA_RS09750	NC_003552.1	2306126	2306332	-	207	769	635	509	504	371	364
MA_RS09755	NC_003552.1	2306715	2308553	+	1839	6375	5067	4275	2528	6623	5583
MA_RS09765	NC_003552.1	2309251	2309457	-	207	145	216	304	247	498	421
MA_RS09770	NC_003552.1	2309699	2310880	+	1182	3104	2718	2097	2046	3313	3418
MA_RS09775	NC_003552.1	2311167	2312816	-	1650	7512	6191	4606	3912	4208	4862
MA_RS09780	NC_003552.1	2313019	2313315	-	297	74	58	51	45	125	96
MA_RS09785	NC_003552.1	2313503	2313706	-	204	1748	1183	3390	2602	905	1039
MA_RS29350	NC_003552.1	2314078	2314203	+	126	498	496	418	417	963	694
MA_RS09790	NC_003552.1	2314223	2314519	-	297	3953	3462	3967	3322	2494	2745
MA_RS09795	NC_003552.1	2314594	2316282	-	1689	12963	12172	8481	6613	16603	16047
MA_RS25415	NC_003552.1	2317061	2317743	+	683	527	386	353	213	196	171
MA_RS09810	NC_003552.1	2317769	2318326	+	558	140	138	79	64	97	93
MA_RS09815	NC_003552.1	2318374	2319618	+	1245	1219	1511	2002	1108	12183	10987
MA_RS09820	NC_003552.1	2319615	2320388	+	774	271	270	168	152	257	243
MA_RS26810	NC_003552.1	2320469	2320609	-	141	44	29	20	21	56	33
MA_RS09825	NC_003552.1	2321007	2322065	-	1059	79	232	31	37	173	112
MA_RS09830	NC_003552.1	2322276	2322890	+	615	258	333	287	277	316	306
MA_RS09835	NC_003552.1	2323237	2323674	-	438	607	570	360	331	438	546
MA_RS09840	NC_003552.1	2323667	2324554	-	888	1405	1255	781	813	679	635
MA_RS09845	NC_003552.1	2325100	2325420	+	321	105	90	62	120	108	90
MA_RS09850	NC_003552.1	2325429	2326154	+	726	500	574	433	375	476	409
MA_RS09855	NC_003552.1	2326246	2327163	-	918	725	507	449	348	448	409
MA_RS09860	NC_003552.1	2327639	2329837	-	2199	981	1219	499	287	755	936
MA_RS26235	NC_003552.1	2330272	2331954	-	1683	3838	3238	1926	1525	2060	2093
MA_RS09870	NC_003552.1	2331951	2332805	-	855	1286	1443	964	1007	1406	1386
MA_RS09875	NC_003552.1	2332802	2333113	-	312	74	72	25	38	98	101
MA_RS09880	NC_003552.1	2334449	2336368	-	1920	2024	1793	1210	1185	1556	1451
MA_RS09885	NC_003552.1	2336620	2337906	-	1287	247	225	214	189	251	210
MA_RS09890	NC_003552.1	2337932	2338687	-	756	61	79	37	20	51	41
MA_RS09895	NC_003552.1	2338897	2339133	-	237	123	85	72	59	209	101
MA_RS09900	NC_003552.1	2339303	2339674	-	372	230	211	258	202	399	357
MA_RS09905	NC_003552.1	2340293	2341579	-	1287	286	309	264	214	291	249
MA_RS09910	NC_003552.1	2341803	2342864	+	1062	500	363	262	241	593	452
MA_RS09915	NC_003552.1	2343222	2343944	-	723	1661	1299	938	753	909	1139
MA_RS29355	NC_003552.1	2344224	2344430	-	207	83	115	76	98	191	117
MA_RS09920	NC_003552.1	2344950	2346284	+	1335	834	536	577	322	519	473
MA_RS24510	NC_003552.1	2346274	2346726	+	453	574	480	528	394	706	566
MA_RS09925	NC_003552.1	2347049	2352052	-	5004	29076	22581	23122	12692	43114	40834
MA_RS26815	NC_003552.1	2352440	2352577	-	138	20	24	18	2	182	141
MA_RS09940	NC_003552.1	2352706	2354145	-	1440	2904	2307	1966	1590	6281	5592
MA_RS09945	NC_003552.1	2354510	2354917	-	408	19629	20645	17380	14368	24471	29894
MA_RS09950	NC_003552.1	2355387	2356319	+	933	1743	1605	944	798	613	602
MA_RS26820	NC_003552.1	2357866	2358039	+	174	2984	1729	702	275	4570	3774
MA_RS09955	NC_003552.1	2358143	2358688	+	546	4480	3100	1872	757	9270	7688
MA_RS09960	NC_003552.1	2359054	2359665	-	612	6998	6352	5641	4022	5264	7030
MA_RS09965	NC_003552.1	2359655	2360632	-	978	10415	8120	4756	3160	3318	5078
MA_RS09970	NC_003552.1	2360742	2361599	-	858	16958	15691	13183	9039	5761	11177
MA_RS09975	NC_003552.1	2361596	2362588	-	993	21087	17127	12931	8084	8297	15903
MA_RS09980	NC_003552.1	2362820	2364442	-	1623	23465	18353	9822	9508	10808	15748
MA_RS09985	NC_003552.1	2364712	2366373	-	1662	67878	59817	46575	39229	37193	54686
MA_RS09990	NC_003552.1	2367005	2368582	-	1578	2980	2134	1658	827	2210	3093
MA_RS09995	NC_003552.1	2369966	2370253	+	288	577	566	328	280	640	711
MA_RS25435	NC_003552.1	2370274	2370672	+	399	515	525	283	296	624	810
MA_RS10005	NC_003552.1	2370763	2372037	-	1275	4640	4099	2817	2521	2918	3429
MA_RS24515	NC_003552.1	2372810	2373553	-	744	1171	981	524	455	615	666
MA_RS10015	NC_003552.1	2374146	2374718	+	573	1519	1199	864	671	1655	1135
MA_RS10020	NC_003552.1	2374818	2375708	+	891	2857	2409	1740	1180	2684	2089
MA_RS10025	NC_003552.1	2375753	2376100	-	348	2159	1769	1720	1129	1380	1325
MA_RS10030	NC_003552.1	2376203	2376616	+	414	936	717	624	444	402	410
MA_RS10035	NC_003552.1	2376742	2377314	+	573	6360	5914	5283	4424	4488	4422
MA_RS10040	NC_003552.1	2377891	2378403	+	513	224	167	148	127	120	100
MA_RS10045	NC_003552.1	2381380	2382051	+	672	899	1067	736	781	699	585
MA_RS10050	NC_003552.1	2382671	2383372	+	702	4072	3590	1889	1483	2814	3150
MA_RS10055	NC_003552.1	2383414	2384331	-	918	652	593	476	365	541	443
MA_RS10060	NC_003552.1	2384297	2386216	+	1920	321	333	240	182	298	263
MA_RS10065	NC_003552.1	2386213	2386713	+	501	35	33	30	39	54	50
MA_RS10070	NC_003552.1	2386714	2387490	+	777	381	413	307	195	302	244
MA_RS10075	NC_003552.1	2387483	2388556	+	1074	469	416	286	218	460	302
MA_RS10080	NC_003552.1	2388553	2389725	+	1173	401	328	261	178	295	313
MA_RS24520	NC_003552.1	2389751	2392987	+	3237	2703	2644	2021	1658	2412	2593
MA_RS10090	NC_003552.1	2393013	2394392	+	1380	2370	2494	1935	1569	2062	2170
MA_RS10095	NC_003552.1	2394924	2395166	+	243	24	23	35	20	44	25
MA_RS10105	NC_003552.1	2395375	2395623	+	249	515	351	136	120	148	128
MA_RS10110	NC_003552.1	2395669	2395893	+	225	565	335	219	163	280	233
MA_RS10115	NC_003552.1	2396108	2396590	+	483	5496	3355	2010	1784	4748	4254
MA_RS10120	NC_003552.1	2396988	2398469	+	1482	7738	5783	5870	4394	5160	5336
MA_RS10125	NC_003552.1	2398579	2398746	-	168	119	123	150	151	116	73
MA_RS10130	NC_003552.1	2399514	2400803	-	1290	3406	3013	2633	1761	1739	1683
MA_RS10135	NC_003552.1	2401255	2402592	+	1338	692	516	719	542	598	541
MA_RS10140	NC_003552.1	2402769	2403617	+	849	1042	1082	964	866	1020	982
MA_RS10145	NC_003552.1	2403835	2404797	+	963	6610	5604	5027	4233	3761	4851
MA_RS10150	NC_003552.1	2405354	2405989	-	636	4621	4455	3925	3438	3686	4378
MA_RS10165	NC_003552.1	2408838	2410244	+	1407	1250	1008	757	585	1890	1510
MA_RS10170	NC_003552.1	2410466	2412010	+	1545	1026	890	625	509	1027	987
MA_RS10175	NC_003552.1	2412244	2413065	-	822	5165	5261	5224	5545	4614	6867
MA_RS10180	NC_003552.1	2414299	2415093	+	795	3714	3374	2729	2042	2144	2505
MA_RS10185	NC_003552.1	2415114	2415902	-	789	1848	1519	1285	1111	1776	1857
MA_RS10190	NC_003552.1	2416068	2416694	+	627	764	647	479	416	543	391
MA_RS10195	NC_003552.1	2416780	2418417	-	1638	14740	13180	11771	10637	9359	10955
MA_RS10200	NC_003552.1	2418628	2420151	-	1524	357	366	288	198	233	276
MA_RS10205	NC_003552.1	2420683	2422434	-	1752	1085	945	917	667	528	495
MA_RS29360	NC_003552.1	2422438	2422566	-	129	6	6	4	4	2	3
MA_RS10210	NC_003552.1	2423163	2423834	+	672	4298	3786	3651	3604	2539	2708
MA_RS10220	NC_003552.1	2424090	2425154	-	1065	1126	1174	909	677	805	711
MA_RS29765	NC_003552.1	2425528	2425602	+	75	33	20	19	33	20	20
MA_RS10225	NC_003552.1	2425879	2426721	-	843	1550	1458	1324	1253	974	1118
MA_RS10230	NC_003552.1	2426905	2427603	-	699	8545	8760	8532	7347	5966	6974
MA_RS10235	NC_003552.1	2427694	2427945	-	252	4599	4134	4154	3836	1373	1641
MA_RS10240	NC_003552.1	2428350	2428580	+	231	983	738	707	777	1484	1003
MA_RS10245	NC_003552.1	2429336	2430829	+	1494	4700	3629	2942	2637	3018	3158
MA_RS10250	NC_003552.1	2431127	2431915	+	789	10546	7717	5745	5760	4817	4332
MA_RS10255	NC_003552.1	2432125	2432700	-	576	2338	2076	1587	1271	2797	2418
MA_RS10260	NC_003552.1	2432952	2434565	-	1614	2290	1804	1480	1301	1812	1672
MA_RS10265	NC_003552.1	2434760	2435926	-	1167	5009	3802	3752	3151	3380	4054
MA_RS10270	NC_003552.1	2436201	2436710	-	510	2248	1714	1355	1181	954	709
MA_RS10275	NC_003552.1	2437172	2437891	+	720	1760	1166	934	801	1130	963
MA_RS10280	NC_003552.1	2437983	2439371	-	1389	2121	1818	1597	1363	1511	1427
MA_RS10285	NC_003552.1	2441040	2441948	+	909	6065	5131	4894	4452	2871	3833
MA_RS10290	NC_003552.1	2442754	2443659	-	906	3683	3947	3948	3219	3228	3829
MA_RS26835	NC_003552.1	2443652	2443807	-	156	53	69	40	43	29	35
MA_RS10295	NC_003552.1	2443895	2444476	+	582	915	877	734	507	109	187
MA_RS26840	NC_003552.1	2444898	2445056	+	159	421	326	226	197	180	170
MA_RS10300	NC_003552.1	2445529	2446206	-	678	1338	1385	1379	1189	1229	1264
MA_RS10305	NC_003552.1	2446266	2447102	-	837	3306	2921	3037	1924	1621	1803
MA_RS10310	NC_003552.1	2447423	2448112	+	690	1191	1037	1216	1475	905	824
MA_RS10315	NC_003552.1	2448478	2449056	+	579	947	964	996	934	1000	951
MA_RS10320	NC_003552.1	2449255	2450310	+	1056	4491	4276	2762	2524	2241	2224
MA_RS10325	NC_003552.1	2450366	2452042	+	1677	10606	9572	8916	6907	6095	7185
MA_RS10330	NC_003552.1	2454303	2454617	+	315	73	65	70	89	191	147
MA_RS10335	NC_003552.1	2454831	2455184	+	354	208	176	125	112	125	116
MA_RS10340	NC_003552.1	2456010	2456933	-	924	472	331	372	248	438	319
MA_RS10345	NC_003552.1	2457837	2459321	-	1485	233	231	116	140	162	151
MA_RS10350	NC_003552.1	2460037	2460279	-	243	664	533	444	351	502	418
MA_RS10360	NC_003552.1	2461449	2464607	+	3159	30867	23562	22361	17316	21243	22799
MA_RS24525	NC_003552.1	2465626	2468424	-	2799	8587	7566	3970	3702	7654	6703
MA_RS10375	NC_003552.1	2468538	2468741	-	204	95	82	39	35	69	50
MA_RS10380	NC_003552.1	2468878	2469807	-	930	207	154	156	113	226	207
MA_RS10385	NC_003552.1	2470013	2470273	-	261	329	274	228	184	150	113
MA_RS26850	NC_003552.1	2470499	2470648	+	150	44	68	32	16	32	29
MA_RS10390	NC_003552.1	2470849	2472018	+	1170	1229	1100	696	605	992	735
MA_RS28555	NC_003552.1	2472463	2473254	+	792	1107	937	890	671	1378	883
MA_RS10400	NC_003552.1	2473620	2473934	+	315	98	90	38	18	110	97
MA_RS10405	NC_003552.1	2474379	2474741	-	363	3809	3517	3104	2106	7140	6270
MA_RS10410	NC_003552.1	2475187	2476875	+	1689	2242	1909	1901	1349	2111	2243
MA_RS10415	NC_003552.1	2476904	2479162	-	2259	5048	3913	3409	2650	4361	4253
MA_RS10420	NC_003552.1	2480570	2482654	-	2085	1486	1487	1384	1187	1332	1433
MA_RS10425	NC_003552.1	2483259	2484518	+	1260	676	578	534	344	622	658
MA_RS10430	NC_003552.1	2484718	2485674	-	957	13385	14960	10928	16118	9111	13118
MA_RS10435	NC_003552.1	2486124	2486804	+	681	1899	1754	1519	1280	1334	1529
MA_RS10440	NC_003552.1	2486764	2487552	+	789	1162	1075	1142	955	1502	1244
MA_RS28195	NC_003552.1	2487679	2488752	-	1074	552	603	495	426	506	421
MA_RS10450	NC_003552.1	2489499	2491127	+	1629	1506	1326	1274	849	3043	1878
MA_RS10455	NC_003552.1	2491412	2492464	+	1053	1368	1299	1113	985	1433	1420
MA_RS10460	NC_003552.1	2492486	2493169	-	684	1421	970	966	770	1716	1435
MA_RS10465	NC_003552.1	2493305	2493982	-	678	853	859	771	591	710	570
MA_RS10470	NC_003552.1	2494344	2494715	+	372	1684	1574	1684	1144	1926	1888
MA_RS10475	NC_003552.1	2494856	2495230	-	375	1873	1378	1161	779	2652	2130
MA_RS10480	NC_003552.1	2495280	2498282	-	3003	25055	17298	15349	9421	19495	20413
MA_RS10485	NC_003552.1	2498771	2499508	-	738	2348	1766	1364	1478	837	878
MA_RS28560	NC_003552.1	2500613	2501257	+	645	2713	1949	1517	1278	1026	1983
MA_RS27905	NC_003552.1	2501310	2501567	-	258	22	42	26	14	42	51
MA_RS10495	NC_003552.1	2501464	2502615	+	1152	223	144	114	79	150	119
MA_RS24535	NC_003552.1	2502689	2506369	-	3681	2980	2308	1635	1281	2491	2151
MA_RS10505	NC_003552.1	2506998	2508275	-	1278	20160	16146	11428	9824	9094	10489
MA_RS10510	NC_003552.1	2508974	2509891	+	918	1145	959	920	860	711	671
MA_RS10515	NC_003552.1	2510146	2511102	-	957	1193	1092	867	748	624	624
MA_RS10520	NC_003552.1	2512262	2512900	-	639	255	225	135	97	207	116
MA_RS10525	NC_003552.1	2513521	2514051	+	531	2463	2069	1200	1180	1252	1518
MA_RS10535	NC_003552.1	2515729	2516454	+	726	2951	2725	1672	1456	2107	3336
MA_RS10540	NC_003552.1	2516632	2517231	-	600	1938	1769	1452	1105	917	1458
MA_RS10550	NC_003552.1	2518586	2519359	+	774	445	363	252	246	375	340
MA_RS10560	NC_003552.1	2520505	2520696	+	192	279	399	334	267	497	554
MA_RS10565	NC_003552.1	2520749	2521273	+	525	282	271	163	147	207	184
MA_RS10570	NC_003552.1	2521860	2524127	+	2268	13033	10155	8862	7721	5725	8445
MA_RS10575	NC_003552.1	2524124	2525407	+	1284	4158	3245	3044	2518	2212	2798
MA_RS26860	NC_003552.1	2525418	2525582	+	165	94	81	105	67	147	173
MA_RS10580	NC_003552.1	2525800	2525979	+	180	27	20	11	5	30	29
MA_RS10585	NC_003552.1	2526960	2527799	+	840	3438	2723	3230	2350	2944	3120
MA_RS29770	NC_003552.1	2527839	2528003	-	165	26	35	25	20	29	61
MA_RS26865	NC_003552.1	2527970	2528227	-	258	282	216	235	217	225	187
MA_RS10595	NC_003552.1	2528432	2528797	-	366	1195	948	701	595	706	962
MA_RS10600	NC_003552.1	2528883	2529566	-	684	468	398	274	290	252	233
MA_RS10605	NC_003552.1	2530357	2530686	-	330	376	372	206	151	401	428
MA_RS10610	NC_003552.1	2530687	2530986	-	300	73	62	31	24	116	133
MA_RS10615	NC_003552.1	2531003	2531278	-	276	79	68	30	32	49	87
MA_RS24540	NC_003552.1	2531271	2531972	-	702	311	256	155	143	101	130
MA_RS10625	NC_003552.1	2532087	2532488	-	402	322	273	184	107	97	166
MA_RS24545	NC_003552.1	2532488	2533435	-	948	839	647	563	565	268	414
MA_RS10640	NC_003552.1	2533814	2534476	-	663	617	586	331	291	162	300
MA_RS10645	NC_003552.1	2534487	2541131	-	6645	5164	4505	3268	2991	2154	2343
MA_RS10650	NC_003552.1	2542069	2542962	+	894	2223	1977	1936	1623	997	1474
MA_RS10655	NC_003552.1	2543043	2543405	+	363	740	492	570	582	296	445
MA_RS10660	NC_003552.1	2543575	2543961	+	387	537	419	429	391	227	254
MA_RS28085	NC_003552.1	2544128	2544289	-	162	131	88	87	84	33	43
MA_RS10665	NC_003552.1	2544485	2545891	-	1407	1454	1238	1311	1041	1016	1336
MA_RS10670	NC_003552.1	2545913	2546374	-	462	583	394	357	321	285	317
MA_RS10675	NC_003552.1	2546592	2547743	+	1152	6254	5028	4214	3216	7281	6522
MA_RS29365	NC_003552.1	2547740	2547874	+	135	9	9	4	5	3	7
MA_RS10680	NC_003552.1	2547871	2548446	+	576	1567	1092	834	565	1238	930
MA_RS10690	NC_003552.1	2549202	2549690	+	489	9220	6328	4157	3919	6872	7491
MA_RS10695	NC_003552.1	2550188	2552530	+	2343	2120	1791	2003	1640	2329	2137
MA_RS10700	NC_003552.1	2552690	2553019	+	330	355	346	319	198	329	394
MA_RS10705	NC_003552.1	2553126	2554262	-	1137	3383	2642	2061	1493	2121	2151
MA_RS10710	NC_003552.1	2554530	2554889	+	360	16618	18270	22723	18365	24565	35735
MA_RS24550	NC_003552.1	2555167	2555373	+	207	104	73	71	43	93	57
MA_RS10720	NC_003552.1	2555964	2556458	+	495	1286	1337	1302	1340	604	973
MA_RS10725	NC_003552.1	2556847	2557527	+	681	1711	1568	1469	908	2573	2034
MA_RS10730	NC_003552.1	2557595	2558626	-	1032	2637	1977	1420	1170	1130	942
MA_RS10735	NC_003552.1	2559097	2559450	+	354	418	301	126	99	372	257
MA_RS10740	NC_003552.1	2559494	2560531	+	1038	967	830	604	385	758	747
MA_RS10745	NC_003552.1	2560580	2560894	+	315	502	420	416	336	558	560
MA_RS10750	NC_003552.1	2561022	2561273	+	252	111	137	87	56	114	95
MA_RS10755	NC_003552.1	2561769	2562611	+	843	55	125	44	33	71	94
MA_RS10760	NC_003552.1	2562950	2563345	+	396	454	422	462	314	253	422
MA_RS10770	NC_003552.1	2565097	2566593	+	1497	1026	971	693	556	617	801
MA_RS10775	NC_003552.1	2566780	2568333	+	1554	1737	1515	1113	1040	1062	1113
MA_RS24555	NC_003552.1	2568427	2570778	+	2352	6147	5206	4393	3466	3314	4070
MA_RS10785	NC_003552.1	2570899	2571915	-	1017	11489	8969	7372	6083	3897	5700
MA_RS10790	NC_003552.1	2572415	2573197	+	783	4856	4002	3331	2162	5448	4869
MA_RS10795	NC_003552.1	2573327	2573860	-	534	7206	4947	4645	3737	8558	7313
MA_RS10800	NC_003552.1	2574030	2574803	-	774	159	93	77	40	93	84
MA_RS10805	NC_003552.1	2574800	2576044	-	1245	984	1294	1755	894	11706	10472
MA_RS10815	NC_003552.1	2578686	2580782	-	2097	1767	1999	1362	1135	2340	2085
MA_RS10820	NC_003552.1	2581221	2582507	+	1287	292	249	246	172	273	282
MA_RS10825	NC_003552.1	2583128	2583649	+	522	999	694	417	315	596	490
MA_RS10830	NC_003552.1	2583770	2584984	+	1215	1633	1326	1023	757	1092	1102
MA_RS10835	NC_003552.1	2585279	2585695	+	417	151	169	120	85	138	162
MA_RS10840	NC_003552.1	2585854	2587158	-	1305	452	431	281	312	269	265
MA_RS10845	NC_003552.1	2587478	2589232	+	1755	1201	943	853	613	807	627
MA_RS29785	NC_003552.1	2589737	2589862	-	126	321	237	219	195	121	153
MA_RS10850	NC_003552.1	2589982	2590500	+	519	587	422	460	386	510	564
MA_RS10860	NC_003552.1	2590826	2591563	-	738	698	646	763	750	1312	1079
MA_RS10865	NC_003552.1	2591560	2591856	-	297	115	133	76	62	136	95
MA_RS10870	NC_003552.1	2591859	2592428	-	570	359	294	247	180	392	303
MA_RS10875	NC_003552.1	2593128	2593346	-	219	52	52	33	31	16	12
MA_RS10880	NC_003552.1	2593637	2593861	+	225	25	15	20	23	8	14
MA_RS10885	NC_003552.1	2593940	2595973	-	2034	1716	1354	914	706	978	841
MA_RS10890	NC_003552.1	2596200	2597393	+	1194	4044	3473	2055	1613	4231	3639
MA_RS29790	NC_003552.1	2597754	2597852	-	99	442	318	323	232	272	292
MA_RS10895	NC_003552.1	2597858	2598364	-	507	1984	1697	1774	1924	1828	1969
MA_RS10900	NC_003552.1	2598834	2601143	+	2310	1610	1347	913	638	888	782
MA_RS10905	NC_003552.1	2601180	2601404	+	225	569	450	452	311	522	433
MA_RS10910	NC_003552.1	2601523	2601714	-	192	428	387	280	230	852	797
MA_RS28585	NC_003552.1	2601892	2602059	+	168	47	67	45	64	91	52
MA_RS24560	NC_003552.1	2603087	2604769	-	1683	4478	4507	2437	2284	2310	2608
MA_RS10920	NC_003552.1	2605359	2606204	-	846	131	156	136	94	203	116
MA_RS10925	NC_003552.1	2606340	2607626	+	1287	240	240	225	151	226	203
MA_RS10930	NC_003552.1	2607834	2608148	-	315	248	237	155	137	158	169
MA_RS10935	NC_003552.1	2608160	2611021	-	2862	6639	6333	4876	4444	2812	3513
MA_RS10940	NC_003552.1	2611392	2612291	+	900	795	744	570	450	429	422
MA_RS10945	NC_003552.1	2612440	2613066	-	627	1308	1480	992	1018	586	746
MA_RS10950	NC_003552.1	2613251	2614003	-	753	1835	1605	1657	1459	627	1208
MA_RS10955	NC_003552.1	2614000	2614803	-	804	4910	3775	3372	2950	1101	1837
MA_RS10960	NC_003552.1	2615350	2616234	+	885	10860	8879	8385	7556	4259	6520
MA_RS10965	NC_003552.1	2616265	2616534	+	270	213	196	109	140	76	159
MA_RS10970	NC_003552.1	2616562	2617179	+	618	8203	7462	5669	5002	5673	6813
MA_RS10975	NC_003552.1	2617346	2617876	+	531	2624	2482	2557	1865	2720	3224
MA_RS10980	NC_003552.1	2618281	2619246	-	966	2039	1986	1593	1371	777	1014
MA_RS10985	NC_003552.1	2619505	2621001	-	1497	4348	3393	2837	2829	1649	2451
MA_RS27915	NC_003552.1	2621047	2621385	-	339	725	614	727	628	247	340
MA_RS10995	NC_003552.1	2621389	2622738	-	1350	2412	1977	1479	1252	1580	2209
MA_RS11000	NC_003552.1	2622753	2624855	-	2103	3581	2999	2252	1656	2030	2353
MA_RS25475	NC_003552.1	2624888	2626351	-	1464	1045	738	388	340	472	433
MA_RS11010	NC_003552.1	2626486	2627856	-	1371	1681	1646	1284	1004	2389	2377
MA_RS11015	NC_003552.1	2627964	2630717	-	2754	10979	8151	6696	5183	5144	4818
MA_RS26875	NC_003552.1	2631408	2631554	+	147	434	326	96	92	668	447
MA_RS11030	NC_003552.1	2631809	2632033	+	225	352	226	103	89	451	291
MA_RS11035	NC_003552.1	2632107	2633009	+	903	1802	1135	673	580	643	660
MA_RS11040	NC_003552.1	2633798	2634019	-	222	307	277	235	183	215	179
MA_RS26880	NC_003552.1	2634127	2634315	+	189	103	102	96	57	80	49
MA_RS11045	NC_003552.1	2634392	2634649	+	258	156	103	122	98	64	54
MA_RS29380	NC_003552.1	2635137	2635259	+	123	300	329	309	396	426	443
MA_RS11060	NC_003552.1	2635561	2635884	-	324	2049	1485	1063	763	1157	1192
MA_RS11065	NC_003552.1	2636168	2636461	-	294	1087	1021	842	719	1787	957
MA_RS11070	NC_003552.1	2636516	2636821	-	306	1375	1098	1004	904	2010	1143
MA_RS11075	NC_003552.1	2636991	2637173	+	183	151	130	162	111	340	172
MA_RS11080	NC_003552.1	2637380	2637700	+	321	2912	2304	2698	2177	2076	1960
MA_RS29385	NC_003552.1	2637697	2637825	+	129	138	166	143	117	341	339
MA_RS11085	NC_003552.1	2637892	2638824	-	933	5007	4460	3316	2987	4091	4030
MA_RS11090	NC_003552.1	2639274	2639504	+	231	1377	1137	1091	749	914	957
MA_RS11095	NC_003552.1	2639527	2639721	+	195	604	519	585	411	380	362
MA_RS11100	NC_003552.1	2639725	2639967	+	243	789	763	585	383	1299	1123
MA_RS11105	NC_003552.1	2640185	2640925	-	741	911	646	464	443	624	474
MA_RS11110	NC_003552.1	2641833	2643239	-	1407	3035	2993	1875	1770	2397	2646
MA_RS11115	NC_003552.1	2644134	2646170	+	2037	680	869	442	365	697	545
MA_RS11120	NC_003552.1	2646157	2647995	+	1839	931	1090	713	539	1054	896
MA_RS11125	NC_003552.1	2648251	2649435	-	1185	14373	12235	13429	11985	5910	10251
MA_RS11130	NC_003552.1	2649918	2653130	-	3213	49734	42116	37222	36548	23002	31826
MA_RS11135	NC_003552.1	2653130	2654236	-	1107	16116	11729	8034	8821	7454	9832
MA_RS11140	NC_003552.1	2654921	2656396	+	1476	20187	18167	15426	14716	5611	10232
MA_RS11145	NC_003552.1	2656390	2657220	+	831	10057	9155	8000	8021	2719	5521
MA_RS11150	NC_003552.1	2657425	2658372	+	948	16486	16136	15372	17679	4305	9963
MA_RS11155	NC_003552.1	2658984	2660045	+	1062	15121	11963	8791	7992	16669	18380
MA_RS11160	NC_003552.1	2660075	2661118	+	1044	10126	12167	10947	11163	13451	20312
MA_RS11165	NC_003552.1	2661115	2661912	+	798	7084	5816	3614	3362	4632	6607
MA_RS11170	NC_003552.1	2661915	2662694	+	780	3098	2279	1376	1269	1869	2136
MA_RS11175	NC_003552.1	2662711	2663463	+	753	2827	1898	1137	1535	1534	2285
MA_RS11180	NC_003552.1	2663662	2664798	+	1137	25089	19097	14884	10863	17099	25082
MA_RS11185	NC_003552.1	2664798	2665040	+	243	2288	1740	1555	1117	1754	2222
MA_RS24565	NC_003552.1	2665118	2665888	+	771	5066	3697	2928	2092	2597	3283
MA_RS11195	NC_003552.1	2666416	2667507	+	1092	20440	15835	13686	9727	13461	16663
MA_RS26885	NC_003552.1	2667683	2667907	-	225	1709	1644	1388	1318	2783	2813
MA_RS11205	NC_003552.1	2668473	2668643	+	171	117	90	112	68	52	69
MA_RS11210	NC_003552.1	2668880	2669128	+	249	1097	1145	945	858	2922	2248
MA_RS25480	NC_003552.1	2669326	2670008	-	683	1845	1746	1524	1028	1434	1493
MA_RS11230	NC_003552.1	2670258	2670452	-	195	41	25	41	18	21	25
MA_RS11235	NC_003552.1	2670598	2671632	+	1035	1676	1688	1824	1490	2893	3028
MA_RS11240	NC_003552.1	2672166	2672909	-	744	769	773	181	194	530	643
MA_RS26890	NC_003552.1	2673271	2673414	-	144	224	215	235	182	182	184
MA_RS26895	NC_003552.1	2673591	2673767	-	177	152	133	160	142	115	139
MA_RS25490	NC_003552.1	2674040	2674228	+	189	289	243	207	127	143	156
MA_RS11245	NC_003552.1	2674385	2674984	-	600	2568	1887	1440	1150	1261	1181
MA_RS11255	NC_003552.1	2675838	2676806	+	969	4544	3344	3533	3031	2097	2403
MA_RS11260	NC_003552.1	2676934	2677986	+	1053	319	350	178	142	94	166
MA_RS11265	NC_003552.1	2678066	2678506	+	441	119	146	82	56	93	81
MA_RS11270	NC_003552.1	2678446	2678970	+	525	51	37	17	32	41	39
MA_RS11275	NC_003552.1	2678967	2680130	+	1164	343	355	120	108	191	181
MA_RS29795	NC_003552.1	2680159	2680713	+	555	186	184	141	84	180	198
MA_RS11285	NC_003552.1	2680792	2682021	+	1230	590	511	338	257	510	497
MA_RS11290	NC_003552.1	2682018	2682689	+	672	169	135	218	172	153	167
MA_RS11295	NC_003552.1	2682900	2683556	+	657	240	292	106	72	144	219
MA_RS11300	NC_003552.1	2683653	2684837	+	1185	1283	1173	854	658	812	829
MA_RS11305	NC_003552.1	2685164	2686840	+	1677	8018	7165	4633	4106	3605	3161
MA_RS11310	NC_003552.1	2687120	2688571	+	1452	3170	2794	2181	1732	1055	1345
MA_RS11315	NC_003552.1	2688548	2689510	-	963	904	834	609	477	541	546
MA_RS11320	NC_003552.1	2689650	2690681	-	1032	184	235	76	92	270	233
MA_RS11325	NC_003552.1	2690961	2691686	-	726	2442	2114	1509	1400	1041	1496
MA_RS11330	NC_003552.1	2691754	2692488	-	735	3515	3430	2494	2003	1225	1740
MA_RS11335	NC_003552.1	2692661	2693722	-	1062	265	252	169	146	171	183
MA_RS11340	NC_003552.1	2693840	2694796	-	957	5809	5711	4460	3724	1486	2221
MA_RS28590	NC_003552.1	2694936	2695109	-	174	495	463	263	196	189	126
MA_RS11350	NC_003552.1	2695963	2697624	+	1662	1295	1277	972	930	1075	1233
MA_RS11360	NC_003552.1	2698556	2698825	+	270	1221	997	875	755	484	620
MA_RS11365	NC_003552.1	2698983	2699579	-	597	3217	2771	2300	1857	1610	1887
MA_RS11375	NC_003552.1	2700208	2701050	+	843	1821	1692	1518	1121	1710	1414
MA_RS11380	NC_003552.1	2701395	2702213	+	819	1129	976	1220	960	629	697
MA_RS24570	NC_003552.1	2702383	2702751	+	369	1120	953	1502	1138	578	816
MA_RS11390	NC_003552.1	2703324	2703782	-	459	555	635	566	416	388	332
MA_RS11395	NC_003552.1	2704355	2705059	+	705	363	290	265	240	199	232
MA_RS11400	NC_003552.1	2705601	2707067	-	1467	6162	6046	5740	5004	3296	5711
MA_RS11405	NC_003552.1	2707283	2708830	-	1548	14129	13045	12254	9853	6920	9002
MA_RS11410	NC_003552.1	2709172	2709945	-	774	125	82	71	50	105	76
MA_RS11415	NC_003552.1	2709942	2711186	-	1245	596	641	687	375	3393	2925
MA_RS11420	NC_003552.1	2711453	2712964	-	1512	1340	1308	864	868	892	846
MA_RS11425	NC_003552.1	2713074	2713772	-	699	1066	1009	717	635	641	711
MA_RS11430	NC_003552.1	2713774	2714475	-	702	1534	1457	1204	1112	1001	1034
MA_RS11435	NC_003552.1	2714940	2715425	+	486	475	356	257	212	258	230
MA_RS11440	NC_003552.1	2715542	2715901	+	360	255	225	190	147	164	157
MA_RS11445	NC_003552.1	2716221	2718569	+	2349	907	737	729	467	593	591
MA_RS11450	NC_003552.1	2718792	2720270	+	1479	2186	1755	1855	1299	737	1103
MA_RS11455	NC_003552.1	2720421	2721071	+	651	1989	1462	1087	985	1104	1170
MA_RS11460	NC_003552.1	2721755	2722243	+	489	5293	5101	4197	10688	6574	7519
MA_RS11465	NC_003552.1	2722379	2722738	+	360	1469	1527	1431	3850	3262	4016
MA_RS11475	NC_003552.1	2724165	2724350	+	186	1333	1392	736	516	689	983
MA_RS11480	NC_003552.1	2724350	2724577	+	228	1154	769	194	167	391	440
MA_RS28595	NC_003552.1	2724652	2724795	-	144	1663	1054	674	437	535	624
MA_RS11490	NC_003552.1	2725199	2726260	+	1062	5136	4284	4397	3503	5081	5595
MA_RS11500	NC_003552.1	2726534	2727298	+	765	13826	12093	10236	7011	10725	11298
MA_RS11505	NC_003552.1	2727407	2728852	+	1446	1466	1292	1032	744	656	1013
MA_RS11510	NC_003552.1	2729208	2729570	+	363	663	562	780	429	1961	1517
MA_RS11515	NC_003552.1	2729768	2730613	+	846	2072	1075	648	406	968	699
MA_RS11520	NC_003552.1	2731074	2731925	-	852	5370	3438	2727	2264	3538	3565
MA_RS11525	NC_003552.1	2732203	2732442	-	240	462	394	543	411	380	435
MA_RS26905	NC_003552.1	2732454	2732681	-	228	86	51	43	28	60	27
MA_RS11530	NC_003552.1	2733903	2734793	-	891	91	178	91	69	183	110
MA_RS11535	NC_003552.1	2734866	2736029	+	1164	1773	1735	1528	1524	1449	1601
MA_RS11540	NC_003552.1	2736512	2736826	+	315	1011	860	565	456	526	507
MA_RS26910	NC_003552.1	2736860	2737294	+	435	1547	1571	1910	2266	1519	1959
MA_RS11550	NC_003552.1	2737873	2738901	-	1029	184	318	139	129	179	154
MA_RS26915	NC_003552.1	2739421	2739606	-	186	178	201	415	255	363	384
MA_RS11565	NC_003552.1	2739683	2740627	-	945	2315	1532	1778	1291	756	1234
MA_RS11570	NC_003552.1	2741325	2742788	-	1464	1466	1600	686	824	515	606
MA_RS11575	NC_003552.1	2743489	2744352	+	864	2193	1711	1484	1466	974	817
MA_RS11580	NC_003552.1	2745365	2745676	+	312	1089	725	667	471	549	512
MA_RS26920	NC_003552.1	2746396	2746554	-	159	14	65	11	6	44	87
MA_RS11585	NC_003552.1	2746659	2748899	-	2241	1177	1123	762	660	627	670
MA_RS11590	NC_003552.1	2748903	2749082	-	180	3	2	1	1	3	3
MA_RS26925	NC_003552.1	2749079	2749240	-	162	4	5	11	6	25	11
MA_RS26930	NC_003552.1	2749240	2749650	-	411	98	94	72	46	80	98
MA_RS26935	NC_003552.1	2749704	2749844	-	141	16	9	4	3	23	25
MA_RS11600	NC_003552.1	2750192	2750491	-	300	196	230	193	191	156	167
MA_RS11605	NC_003552.1	2750757	2751605	-	849	7034	5467	6456	5377	3722	5147
MA_RS11610	NC_003552.1	2751866	2753893	-	2028	824	794	410	354	350	272
MA_RS11615	NC_003552.1	2754223	2754684	-	462	405	355	275	394	168	149
MA_RS11625	NC_003552.1	2755134	2756627	+	1494	394	435	353	339	411	404
MA_RS11630	NC_003552.1	2756929	2758215	-	1287	350	373	295	249	325	332
MA_RS11635	NC_003552.1	2758491	2759432	-	942	1011	685	551	470	394	739
MA_RS11640	NC_003552.1	2759874	2761175	-	1302	14773	11793	10280	10560	4657	6749
MA_RS11645	NC_003552.1	2762059	2762256	+	198	76	64	47	66	46	53
MA_RS11650	NC_003552.1	2762806	2764086	+	1281	1349	1066	666	569	648	925
MA_RS11655	NC_003552.1	2764295	2764756	-	462	766	651	582	373	415	473
MA_RS25495	NC_003552.1	2765025	2765429	+	405	361	367	203	152	362	447
MA_RS11660	NC_003552.1	2765727	2766356	+	630	401	279	335	248	378	313
MA_RS11665	NC_003552.1	2766465	2766947	+	483	642	442	483	341	555	549
MA_RS11670	NC_003552.1	2767026	2768093	-	1068	4336	3424	3540	2818	2807	3619
MA_RS11675	NC_003552.1	2768318	2768590	+	273	676	497	480	414	309	323
MA_RS11680	NC_003552.1	2768993	2770099	+	1107	863	578	507	230	1227	846
MA_RS29390	NC_003552.1	2770723	2771364	-	642	254	180	155	121	107	122
MA_RS29395	NC_003552.1	2771306	2771677	-	372	115	71	45	42	32	57
MA_RS29400	NC_003552.1	2771667	2771873	-	207	80	85	94	111	59	65
MA_RS29405	NC_003552.1	2771914	2772036	-	123	327	208	233	219	142	231
MA_RS11695	NC_003552.1	2772334	2773734	-	1401	8955	6798	5402	3554	4338	4505
MA_RS26950	NC_003552.1	2774651	2774788	+	138	874	487	290	335	2009	1561
MA_RS11705	NC_003552.1	2774795	2775178	+	384	3229	1731	1794	713	6366	5351
MA_RS11710	NC_003552.1	2775217	2777907	+	2691	14143	5943	7319	2309	24352	24766
MA_RS11715	NC_003552.1	2778188	2779354	-	1167	3396	2709	1976	1402	2173	2276
MA_RS11720	NC_003552.1	2779601	2780284	-	684	388	283	154	126	172	134
MA_RS11725	NC_003552.1	2780380	2781429	-	1050	3105	2618	1800	1800	3711	2699
MA_RS11730	NC_003552.1	2781569	2782036	-	468	1323	1084	816	927	1645	1382
MA_RS26245	NC_003552.1	2782480	2782635	-	156	60	44	77	90	72	33
MA_RS26250	NC_003552.1	2782661	2783002	-	342	107	266	40	13	42	28
MA_RS11740	NC_003552.1	2783162	2783512	+	351	336	299	297	217	126	115
MA_RS11745	NC_003552.1	2784163	2785533	-	1371	743	407	473	265	936	621
MA_RS11760	NC_003552.1	2786849	2787457	+	609	3280	3066	3492	2199	3599	3760
MA_RS11765	NC_003552.1	2787656	2789677	-	2022	2208	1882	1418	1012	1878	1740
MA_RS11770	NC_003552.1	2790147	2790359	+	213	58204	65044	52688	58049	101956	86687
MA_RS11775	NC_003552.1	2790601	2791350	-	750	19655	20459	16413	11714	18592	12610
MA_RS11780	NC_003552.1	2791923	2792423	-	501	1425	1234	1392	1175	1566	1284
MA_RS11785	NC_003552.1	2792830	2794011	+	1182	3549	2733	2223	1699	2078	3021
MA_RS11790	NC_003552.1	2794159	2795517	-	1359	7531	5847	3696	3376	4655	6728
MA_RS11795	NC_003552.1	2795544	2796899	-	1356	11496	10556	6773	5956	8094	12032
MA_RS11800	NC_003552.1	2797078	2797791	-	714	9026	7882	5646	4732	6148	7509
MA_RS11805	NC_003552.1	2798145	2798351	-	207	268	226	125	145	117	109
MA_RS11810	NC_003552.1	2798371	2798757	-	387	373	270	189	181	214	204
MA_RS11815	NC_003552.1	2799194	2800102	-	909	276	254	179	121	175	131
MA_RS26955	NC_003552.1	2800503	2800661	+	159	38	19	33	12	23	17
MA_RS11820	NC_003552.1	2800818	2801675	+	858	723	615	570	366	892	746
MA_RS11825	NC_003552.1	2801957	2802781	+	825	2621	2022	1654	1365	786	901
MA_RS11830	NC_003552.1	2802953	2803630	+	678	2253	1594	1466	1138	943	1093
MA_RS11835	NC_003552.1	2803627	2804778	+	1152	1970	1609	1452	1039	1260	1260
MA_RS24585	NC_003552.1	2804942	2805430	-	489	136	191	116	104	179	171
MA_RS29410	NC_003552.1	2805427	2805549	-	123	22	4	6	3	5	4
MA_RS24590	NC_003552.1	2806534	2809467	+	2934	11401	11658	8170	7104	8775	9645
MA_RS11850	NC_003552.1	2809614	2809868	-	255	882	973	668	613	991	930
MA_RS11855	NC_003552.1	2809963	2810268	-	306	87	119	42	57	57	49
MA_RS11860	NC_003552.1	2810596	2811888	+	1293	6339	5241	5388	3452	5235	5447
MA_RS11865	NC_003552.1	2812020	2813321	-	1302	3541	2733	2755	1832	3011	3426
MA_RS29645	NC_003552.1	2814001	2814234	+	234	108	101	85	84	91	63
MA_RS11870	NC_003552.1	2814348	2814527	-	180	152	75	145	58	127	97
MA_RS11875	NC_003552.1	2814809	2815051	-	243	171	95	102	72	57	45
MA_RS11880	NC_003552.1	2815581	2815880	+	300	3510	2787	2891	1798	1699	2812
MA_RS11885	NC_003552.1	2815962	2816246	-	285	596	423	433	276	451	544
MA_RS29415	NC_003552.1	2817182	2817310	+	129	642	375	361	293	286	120
MA_RS11895	NC_003552.1	2817905	2819107	+	1203	1235	897	628	680	751	786
MA_RS11905	NC_003552.1	2819852	2821048	+	1197	5799	4279	3988	3184	5058	5522
MA_RS11910	NC_003552.1	2821699	2821926	+	228	363	402	339	350	1659	962
MA_RS11915	NC_003552.1	2822353	2824119	+	1767	2723	2200	1737	1015	1637	2031
MA_RS11920	NC_003552.1	2824137	2824703	-	567	2033	2045	1369	1563	2699	2969
MA_RS11925	NC_003552.1	2824983	2825150	+	168	65	46	35	9	31	26
MA_RS11930	NC_003552.1	2825407	2825925	+	519	885	563	523	354	538	457
MA_RS11935	NC_003552.1	2826238	2826564	+	327	3293	1893	1580	780	2681	2685
MA_RS11940	NC_003552.1	2826586	2827098	+	513	7365	5378	5402	3539	15500	13107
MA_RS11945	NC_003552.1	2827266	2831120	-	3855	8538	6599	5854	4462	4596	4949
MA_RS11950	NC_003552.1	2831346	2833241	+	1896	1131	1256	777	697	597	604
MA_RS28610	NC_003552.1	2833234	2834049	+	816	948	810	655	664	472	427
MA_RS26960	NC_003552.1	2834320	2834481	+	162	215	240	236	289	104	151
MA_RS11960	NC_003552.1	2834590	2835612	+	1023	905	895	625	573	335	389
MA_RS11965	NC_003552.1	2835723	2836835	-	1113	5673	4541	3888	2992	2660	3915
MA_RS11975	NC_003552.1	2837320	2837565	+	246	60	55	54	29	52	42
MA_RS11985	NC_003552.1	2838074	2840650	+	2577	14589	10291	8772	6085	10634	12815
MA_RS26965	NC_003552.1	2840917	2841069	+	153	214	221	109	96	127	153
MA_RS11990	NC_003552.1	2841099	2841638	-	540	593	538	341	333	182	221
MA_RS11995	NC_003552.1	2841679	2843070	-	1392	1546	1736	787	1122	987	1179
MA_RS12000	NC_003552.1	2843256	2844917	+	1662	9188	7109	6989	6117	8131	8551
MA_RS12005	NC_003552.1	2845063	2845254	+	192	1067	944	920	708	1381	1544
MA_RS29800	NC_003552.1	2845377	2845460	+	84	903	815	677	574	1514	1624
MA_RS12010	NC_003552.1	2845550	2846131	-	582	1131	783	570	501	473	368
MA_RS12015	NC_003552.1	2846163	2846345	-	183	49	107	25	25	17	29
MA_RS26975	NC_003552.1	2846894	2847184	-	291	1157	928	705	757	736	1063
MA_RS12020	NC_003552.1	2848117	2849664	-	1548	1974	1914	2016	2137	1407	2039
MA_RS12025	NC_003552.1	2849680	2850138	-	459	475	467	317	263	135	245
MA_RS26980	NC_003552.1	2850260	2850397	+	138	503	402	396	272	95	210
MA_RS29420	NC_003552.1	2851356	2851478	-	123	35	18	46	30	37	39
MA_RS25505	NC_003552.1	2851515	2851691	-	177	114	103	102	100	142	148
MA_RS25510	NC_003552.1	2851970	2852116	-	147	200	158	169	96	159	222
MA_RS12035	NC_003552.1	2852717	2853898	-	1182	6276	5505	4376	3542	3803	5175
MA_RS12040	NC_003552.1	2854167	2855540	-	1374	10857	8282	5973	4111	7672	8362
MA_RS12045	NC_003552.1	2855788	2856351	+	564	2342	2102	1856	1720	1937	1237
MA_RS28615	NC_003552.1	2856519	2856695	+	177	6968	5203	7778	7415	2667	1897
MA_RS12050	NC_003552.1	2857149	2857577	-	429	1332	1115	772	631	488	406
MA_RS12055	NC_003552.1	2858398	2859336	+	939	2202	1621	1220	868	1377	1271
MA_RS12060	NC_003552.1	2860192	2860614	+	423	1860	1496	1006	1173	826	619
MA_RS12065	NC_003552.1	2860946	2863105	+	2160	6366	4950	6054	5134	2970	3921
MA_RS12070	NC_003552.1	2863737	2864087	+	351	631	489	501	427	324	288
MA_RS12075	NC_003552.1	2864665	2865918	+	1254	1267	947	1064	1122	521	515
MA_RS24595	NC_003552.1	2866121	2867065	+	945	562	435	266	218	281	301
MA_RS12085	NC_003552.1	2867342	2868058	+	717	457	364	335	232	253	217
MA_RS26990	NC_003552.1	2868046	2868312	-	267	94	80	112	77	81	83
MA_RS12090	NC_003552.1	2868824	2869219	+	396	600	463	358	286	303	295
MA_RS12095	NC_003552.1	2869512	2870009	-	498	4559	3727	3124	2810	2846	3296
MA_RS12100	NC_003552.1	2870235	2871047	-	813	6108	5133	3446	2913	3465	3497
MA_RS12110	NC_003552.1	2872703	2875003	+	2301	2480	2064	1891	1578	1237	1618
MA_RS12115	NC_003552.1	2875248	2877587	+	2340	1018	906	553	421	538	678
MA_RS26995	NC_003552.1	2878365	2878715	+	351	360	409	321	200	295	298
MA_RS12125	NC_003552.1	2878773	2879501	-	729	2618	2306	3023	1922	3776	3520
MA_RS12130	NC_003552.1	2879753	2880343	+	591	701	678	474	493	322	363
MA_RS12135	NC_003552.1	2880399	2880905	-	507	1428	1333	1038	1102	433	567
MA_RS12140	NC_003552.1	2881143	2881679	-	537	701	684	426	524	454	429
MA_RS12145	NC_003552.1	2882418	2882933	+	516	525	412	307	293	288	260
MA_RS27000	NC_003552.1	2884333	2884509	-	177	18613	15026	32090	36847	13428	21365
MA_RS12150	NC_003552.1	2884612	2885592	-	981	1438	983	717	589	914	781
MA_RS12155	NC_003552.1	2886316	2887479	+	1164	3245	2149	1669	1398	1860	1815
MA_RS12160	NC_003552.1	2887929	2888933	-	1005	11524	10708	9682	7854	5501	6207
MA_RS12165	NC_003552.1	2889363	2890310	+	948	2974	2046	1800	1017	2306	1939
MA_RS12170	NC_003552.1	2890873	2893050	-	2178	17305	15838	12284	8249	9340	12345
MA_RS12175	NC_003552.1	2893206	2894222	-	1017	12296	10809	7678	5550	6304	7719
MA_RS12180	NC_003552.1	2895198	2897783	+	2586	23843	19313	14053	9863	21651	18580
MA_RS12185	NC_003552.1	2897863	2899467	-	1605	18318	15097	13474	9781	4863	10626
MA_RS28620	NC_003552.1	2900123	2900545	-	423	1090	1079	881	655	1092	1028
MA_RS28625	NC_003552.1	2900555	2900668	-	114	593	455	360	184	272	337
MA_RS12195	NC_003552.1	2901238	2901909	+	672	1548	1545	1284	1611	907	1001
MA_RS12200	NC_003552.1	2902430	2903443	-	1014	1811	1755	1074	1124	2297	1583
MA_RS27010	NC_003552.1	2903635	2903817	-	183	62	67	73	70	78	48
MA_RS12205	NC_003552.1	2904898	2905242	-	345	1889	1736	837	469	976	887
MA_RS12210	NC_003552.1	2906551	2906877	-	327	5330	4344	2120	1622	2187	1631
MA_RS12225	NC_003552.1	2908647	2910485	+	1839	3563	3952	2110	1640	2247	2058
MA_RS29425	NC_003552.1	2910491	2911954	+	1464	1853	1290	930	781	837	968
MA_RS12235	NC_003552.1	2912153	2912896	+	744	374	374	249	197	207	278
MA_RS12240	NC_003552.1	2912899	2913531	+	633	331	343	221	160	233	353
MA_RS12245	NC_003552.1	2913777	2917652	-	3876	16047	12887	10247	7979	13260	12710
MA_RS12250	NC_003552.1	2917642	2918955	-	1314	10231	6173	4818	3291	4393	5192
MA_RS12255	NC_003552.1	2919153	2921201	-	2049	8669	7993	7502	5999	6859	8344
MA_RS12260	NC_003552.1	2921277	2923976	-	2700	6287	6015	4192	3712	5590	5281
MA_RS27015	NC_003552.1	2924265	2924411	-	147	45	29	7	10	18	17
MA_RS12265	NC_003552.1	2924500	2925885	-	1386	519	470	361	294	358	383
MA_RS12270	NC_003552.1	2926166	2926411	+	246	2896	2297	3465	2756	1530	1578
MA_RS25535	NC_003552.1	2926380	2926607	+	228	595	648	646	528	778	776
MA_RS28630	NC_003552.1	2926745	2926933	-	189	353	247	105	79	92	117
MA_RS12280	NC_003552.1	2927245	2928777	-	1533	5051	3575	2867	2511	1753	2459
MA_RS12285	NC_003552.1	2928809	2928934	-	126	511	402	268	274	143	210
MA_RS12290	NC_003552.1	2929235	2930611	-	1377	3182	2696	2099	1722	1952	2737
MA_RS12295	NC_003552.1	2930803	2931831	-	1029	1629	1250	770	778	856	950
MA_RS12300	NC_003552.1	2931898	2935383	-	3486	12100	10911	8209	6165	5535	7572
MA_RS12305	NC_003552.1	2935402	2938998	-	3597	9054	7750	5055	5007	5185	5340
MA_RS12310	NC_003552.1	2939132	2939704	-	573	1756	1673	1081	1244	2847	2836
MA_RS12315	NC_003552.1	2940373	2940457	-	85	50	58	26	26	19	21
MA_RS12320	NC_003552.1	2940555	2941310	+	756	11539	9831	10581	7247	6691	6767
MA_RS12325	NC_003552.1	2941685	2941993	+	309	2060	1423	1228	927	1599	1489
MA_RS12335	NC_003552.1	2942310	2943596	-	1287	262	246	186	196	286	225
MA_RS12340	NC_003552.1	2943739	2943939	+	201	13	16	9	17	18	7
MA_RS12345	NC_003552.1	2944122	2944466	+	345	757	531	652	490	334	331
MA_RS12350	NC_003552.1	2944659	2946044	-	1386	954	719	731	706	730	667
MA_RS12355	NC_003552.1	2946057	2947064	-	1008	823	717	712	648	600	763
MA_RS12360	NC_003552.1	2947076	2949460	-	2385	833	760	690	515	354	333
MA_RS12365	NC_003552.1	2950991	2953906	+	2916	4327	3288	2896	2487	983	1849
MA_RS28640	NC_003552.1	2954118	2954303	+	186	96	85	90	53	29	37
MA_RS28645	NC_003552.1	2954363	2954584	+	222	564	407	451	293	99	109
MA_RS12375	NC_003552.1	2955023	2955541	+	519	2757	2918	1790	1073	1346	2303
MA_RS12380	NC_003552.1	2955775	2956182	-	408	13334	11158	9659	6925	5848	9724
MA_RS12385	NC_003552.1	2956800	2956872	-	73	543	412	488	397	470	428
MA_RS12390	NC_003552.1	2957110	2957511	-	402	24277	25916	26925	25881	54376	44041
MA_RS12395	NC_003552.1	2957546	2957878	-	333	41839	36465	38409	31074	50848	52103
MA_RS27025	NC_003552.1	2958338	2958514	+	177	144	135	81	56	75	92
MA_RS12400	NC_003552.1	2958578	2959042	+	465	3310	2894	2892	2665	3466	3423
MA_RS12405	NC_003552.1	2961448	2962959	+	1512	18855	16387	14495	11135	13797	12786
MA_RS12410	NC_003552.1	2963638	2964924	-	1287	271	254	232	179	304	296
MA_RS25545	NC_003552.1	2965388	2965558	+	171	230	178	80	66	131	109
MA_RS12415	NC_003552.1	2965720	2965992	+	273	766	705	259	213	426	386
MA_RS12420	NC_003552.1	2966285	2966692	+	408	921	824	420	359	489	454
MA_RS12425	NC_003552.1	2966867	2967061	+	195	161	85	40	39	39	54
MA_RS12430	NC_003552.1	2967083	2967262	+	180	240	217	132	71	130	158
MA_RS24605	NC_003552.1	2967941	2969869	+	1929	2816	2378	1812	1498	3044	2931
MA_RS28650	NC_003552.1	2970820	2970963	-	144	6	6	1	4	7	5
MA_RS12445	NC_003552.1	2970898	2971140	+	243	180	113	82	71	288	206
MA_RS25550	NC_003552.1	2971346	2971969	+	624	3203	2190	1954	1448	3096	2667
MA_RS12455	NC_003552.1	2972077	2972823	-	747	6302	4693	3695	2682	3926	3336
MA_RS12460	NC_003552.1	2973045	2973692	-	648	2920	1995	1959	1420	1155	1302
MA_RS12470	NC_003552.1	2974508	2975953	+	1446	5555	4041	3471	2687	1954	2135
MA_RS12475	NC_003552.1	2975931	2977709	+	1779	3075	2536	1511	1127	1952	1523
MA_RS12485	NC_003552.1	2978376	2979587	-	1212	680	619	485	387	570	577
MA_RS12490	NC_003552.1	2979708	2980598	-	891	1629	1188	1131	717	974	820
MA_RS12495	NC_003552.1	2981201	2981392	-	192	7346	7254	3988	3072	12388	13028
MA_RS12500	NC_003552.1	2982293	2982961	-	669	546	506	410	307	1079	820
MA_RS12505	NC_003552.1	2983079	2983888	-	810	2121	1374	1274	625	1533	1326
MA_RS12510	NC_003552.1	2984190	2985278	+	1089	17307	13949	11192	7926	12550	10206
MA_RS12515	NC_003552.1	2985514	2985786	+	273	87	63	60	29	25	36
MA_RS12520	NC_003552.1	2986018	2987220	+	1203	3439	2768	2090	1922	3389	3303
MA_RS12525	NC_003552.1	2987304	2988848	+	1545	12056	8547	8066	6073	6804	7578
MA_RS28655	NC_003552.1	2989558	2990130	+	573	3819	3193	2889	2437	707	959
MA_RS12530	NC_003552.1	2990012	2991094	+	1083	1440	1537	1509	1503	413	592
MA_RS12535	NC_003552.1	2991091	2992266	+	1176	274	251	192	148	95	139
MA_RS12540	NC_003552.1	2992269	2993099	+	831	262	290	188	158	144	137
MA_RS12545	NC_003552.1	2993100	2995208	+	2109	1137	878	837	602	532	526
MA_RS12550	NC_003552.1	2995208	2998648	+	3441	2226	2030	1753	1513	1367	1607
MA_RS12555	NC_003552.1	2998810	2999253	-	444	479	394	303	221	136	180
MA_RS12560	NC_003552.1	2999387	2999611	-	225	390	336	326	268	216	265
MA_RS12565	NC_003552.1	2999614	3000480	-	867	535	680	372	352	474	391
MA_RS12570	NC_003552.1	3000967	3001503	+	537	1073	918	1128	1050	442	488
MA_RS12575	NC_003552.1	3001749	3002984	+	1236	2924	2493	2724	2468	2233	2258
MA_RS12580	NC_003552.1	3003323	3003964	+	642	1167	990	793	817	8326	8248
MA_RS12595	NC_003552.1	3005565	3007070	+	1506	1067	935	890	729	1283	1501
MA_RS12600	NC_003552.1	3007439	3008758	-	1320	24256	21131	22633	18082	15283	16835
MA_RS27030	NC_003552.1	3009987	3010130	+	144	910	797	1152	1004	562	636
MA_RS12605	NC_003552.1	3011058	3011258	-	201	85	64	36	25	41	63
MA_RS12610	NC_003552.1	3011832	3012434	+	603	11473	9153	6047	5837	5200	6052
MA_RS12620	NC_003552.1	3015681	3016349	-	669	2859	2622	2542	2049	2112	2781
MA_RS12625	NC_003552.1	3016402	3019578	-	3177	42506	37242	33120	29173	16410	25319
MA_RS27035	NC_003552.1	3020111	3020251	-	141	80	73	136	158	90	120
MA_RS12630	NC_003552.1	3020650	3021894	-	1245	2862	2676	2462	1890	6539	6540
MA_RS12635	NC_003552.1	3022250	3023146	-	897	1875	1376	1748	1170	875	1469
MA_RS12640	NC_003552.1	3023143	3024744	-	1602	4600	2780	3470	2245	1959	3176
MA_RS12645	NC_003552.1	3024758	3025747	-	990	3903	2215	2732	1572	1760	2734
MA_RS12650	NC_003552.1	3025768	3026043	-	276	306	199	265	213	351	656
MA_RS12655	NC_003552.1	3026082	3026771	-	690	1974	1140	1133	730	1018	1461
MA_RS12660	NC_003552.1	3026761	3027075	-	315	212	138	95	93	123	157
MA_RS12665	NC_003552.1	3027068	3027406	-	339	744	421	446	262	265	273
MA_RS12670	NC_003552.1	3027399	3027803	-	405	1083	538	358	177	322	411
MA_RS12675	NC_003552.1	3027800	3029233	-	1434	6736	3728	3483	2402	3508	4483
MA_RS12680	NC_003552.1	3029809	3030297	+	489	303	211	279	170	176	108
MA_RS12685	NC_003552.1	3030456	3030965	-	510	378	457	439	468	416	339
MA_RS12690	NC_003552.1	3031151	3031244	-	94	71	61	51	51	36	28
MA_RS12695	NC_003552.1	3031777	3032499	+	723	680	570	357	279	693	647
MA_RS12700	NC_003552.1	3032492	3033346	+	855	1671	1635	1162	919	1405	1306
MA_RS12705	NC_003552.1	3033905	3034630	-	726	242	226	248	153	149	167
MA_RS12710	NC_003552.1	3035087	3035764	-	678	1575	1103	580	565	1038	884
MA_RS12715	NC_003552.1	3035831	3036820	-	990	6172	5058	4072	3519	5825	5530
MA_RS28660	NC_003552.1	3037598	3037828	+	231	208	213	151	147	155	251
MA_RS12725	NC_003552.1	3037900	3039723	-	1824	14244	12156	12307	9833	6904	10603
MA_RS12730	NC_003552.1	3040375	3040680	+	306	460	403	454	387	561	362
MA_RS12735	NC_003552.1	3040853	3040935	+	83	23	28	22	30	32	50
MA_RS12740	NC_003552.1	3040962	3041777	-	816	2885	2289	2229	2303	1295	1307
MA_RS12745	NC_003552.1	3042074	3043180	-	1107	2349	1875	1499	1134	1924	1456
MA_RS12750	NC_003552.1	3043820	3044002	+	183	933	594	346	238	436	464
MA_RS12755	NC_003552.1	3043984	3044727	+	744	2447	1831	1128	940	2205	2372
MA_RS12760	NC_003552.1	3044744	3046399	+	1656	11717	10019	7980	6367	11566	13149
MA_RS12765	NC_003552.1	3046417	3047556	+	1140	15530	13227	11001	7907	13370	13502
MA_RS12770	NC_003552.1	3047784	3048044	-	261	15719	11144	7809	5906	9372	8671
MA_RS12780	NC_003552.1	3048935	3050386	-	1452	1061	911	852	707	966	956
MA_RS12785	NC_003552.1	3050678	3053443	-	2766	949	877	704	523	500	571
MA_RS12795	NC_003552.1	3055290	3056432	-	1143	2193	1984	2027	1870	1514	1865
MA_RS12800	NC_003552.1	3056375	3057607	-	1233	1175	1146	1047	1120	896	1143
MA_RS12805	NC_003552.1	3057607	3058455	-	849	1328	1081	1015	912	776	892
MA_RS12810	NC_003552.1	3058523	3059416	-	894	1012	800	662	586	599	532
MA_RS12815	NC_003552.1	3059748	3060212	-	465	217	181	137	105	261	199
MA_RS28665	NC_003552.1	3060820	3061074	-	255	142	170	138	116	214	208
MA_RS28670	NC_003552.1	3061136	3061321	-	186	92	191	73	76	131	120
MA_RS12825	NC_003552.1	3061394	3061648	-	255	312	346	398	384	369	413
MA_RS12830	NC_003552.1	3061711	3062409	-	699	341	351	197	218	192	148
MA_RS12835	NC_003552.1	3062537	3063424	-	888	322	281	367	283	170	209
MA_RS12840	NC_003552.1	3063602	3064528	-	927	601	400	542	311	146	183
MA_RS25575	NC_003552.1	3064763	3065460	+	698	956	871	803	622	1045	903
MA_RS12850	NC_003552.1	3065988	3067799	+	1812	11856	9111	9980	8602	9031	11522
MA_RS12855	NC_003552.1	3067796	3069598	+	1803	9281	7411	7247	7047	10168	11799
MA_RS12860	NC_003552.1	3069680	3070372	-	693	730	727	594	408	674	846
MA_RS12865	NC_003552.1	3070427	3071038	+	612	464	380	413	233	309	296
MA_RS12870	NC_003552.1	3071258	3072889	-	1632	5606	3989	3426	2003	5799	5529
MA_RS12880	NC_003552.1	3073304	3074935	-	1632	10166	7277	6532	4025	6228	9407
MA_RS12885	NC_003552.1	3075075	3075839	-	765	4335	2843	2000	1353	1836	2771
MA_RS12890	NC_003552.1	3075832	3076758	-	927	10046	7191	8042	5214	5019	7907
MA_RS12895	NC_003552.1	3076758	3077627	-	870	5424	5370	5128	3061	4418	7872
MA_RS12900	NC_003552.1	3077747	3078742	-	996	15647	13680	13749	8105	11747	17035
MA_RS12905	NC_003552.1	3078787	3080394	-	1608	89741	67602	66050	37355	89715	106106
MA_RS12910	NC_003552.1	3080771	3081094	+	324	3512	2457	2779	1802	2421	3291
MA_RS12915	NC_003552.1	3081125	3082129	-	1005	17914	12517	15884	8418	12347	19883
MA_RS12920	NC_003552.1	3082126	3082971	-	846	10585	7447	10908	7411	11176	16714
MA_RS12925	NC_003552.1	3083028	3084644	-	1617	53855	39097	44723	21774	44953	59214
MA_RS12935	NC_003552.1	3085209	3085388	+	180	167	150	231	223	196	191
MA_RS12940	NC_003552.1	3085382	3086065	-	684	466	383	269	238	407	373
MA_RS12945	NC_003552.1	3086153	3087322	-	1170	550	381	357	329	486	402
MA_RS12950	NC_003552.1	3087422	3088591	-	1170	242	142	197	134	151	200
MA_RS12955	NC_003552.1	3088597	3089766	-	1170	157	212	133	74	112	145
MA_RS25580	NC_003552.1	3089878	3091068	+	1191	203	214	216	165	225	238
MA_RS12965	NC_003552.1	3091552	3092202	+	651	405	309	264	267	389	322
MA_RS12970	NC_003552.1	3092456	3093760	-	1305	368	424	284	297	305	236
MA_RS12975	NC_003552.1	3094066	3094737	+	672	3872	2277	727	1045	1485	1361
MA_RS12980	NC_003552.1	3094832	3095623	+	792	5523	4500	4360	3901	4048	4577
MA_RS12985	NC_003552.1	3095829	3096671	+	843	3101	2621	2347	1531	993	1710
MA_RS12990	NC_003552.1	3096671	3097261	+	591	729	653	553	443	426	612
MA_RS12995	NC_003552.1	3097824	3098651	-	828	1677	1758	1784	1368	2851	2991
MA_RS13000	NC_003552.1	3099112	3099660	-	549	360	333	257	271	473	407
MA_RS13005	NC_003552.1	3099794	3102637	-	2844	2604	2046	2314	1659	971	1265
MA_RS13010	NC_003552.1	3102716	3103723	-	1008	653	509	513	347	258	373
MA_RS13015	NC_003552.1	3103804	3105366	-	1563	884	630	563	429	289	414
MA_RS13020	NC_003552.1	3105593	3105973	-	381	165	113	112	85	89	119
MA_RS13025	NC_003552.1	3106171	3106551	-	381	199	191	174	139	99	110
MA_RS13030	NC_003552.1	3106620	3107180	-	561	206	178	179	89	71	73
MA_RS13035	NC_003552.1	3108228	3112775	-	4548	3786	3327	2706	2359	2143	2618
MA_RS13040	NC_003552.1	3113263	3113784	+	522	1324	953	773	640	696	681
MA_RS13045	NC_003552.1	3113836	3114345	+	510	742	549	750	760	211	190
MA_RS13050	NC_003552.1	3114624	3116882	+	2259	30504	21013	18232	13634	17175	18153
MA_RS28675	NC_003552.1	3117886	3118386	-	501	495	363	468	341	287	315
MA_RS13060	NC_003552.1	3119761	3120225	+	465	1469	1117	812	559	693	667
MA_RS13065	NC_003552.1	3120606	3121856	+	1251	9938	8465	7559	5744	5855	6641
MA_RS13070	NC_003552.1	3121984	3122529	+	546	3163	2676	3085	2725	2794	3168
MA_RS13075	NC_003552.1	3122675	3123286	-	612	459	1192	310	225	233	238
MA_RS13085	NC_003552.1	3124686	3126677	-	1992	10946	9174	6238	6253	14994	15865
MA_RS13090	NC_003552.1	3127666	3128589	-	924	14564	10208	9112	6964	9449	8726
MA_RS13095	NC_003552.1	3128887	3130068	+	1182	10058	8845	7914	5982	7548	7394
MA_RS13100	NC_003552.1	3130714	3131325	-	612	3032	2574	2554	2188	2367	2986
MA_RS13105	NC_003552.1	3131961	3132392	+	432	849	938	659	552	681	586
MA_RS28690	NC_003552.1	3133349	3133528	+	180	69	44	36	51	39	35
MA_RS13120	NC_003552.1	3133591	3135147	+	1557	1257	1085	1175	889	1100	1123
MA_RS13125	NC_003552.1	3135636	3136244	+	609	169	123	112	90	153	133
MA_RS13130	NC_003552.1	3136231	3139932	+	3702	1139	961	845	779	965	811
MA_RS13135	NC_003552.1	3140436	3140780	-	345	546	391	318	231	258	209
MA_RS13145	NC_003552.1	3142648	3142872	+	225	3235	2201	2359	1595	4147	3118
MA_RS13150	NC_003552.1	3143359	3144546	-	1188	3149	2725	2630	2048	5252	4252
MA_RS13155	NC_003552.1	3145373	3146443	+	1071	1092	955	812	619	518	470
MA_RS13160	NC_003552.1	3146656	3146976	+	321	553	490	320	221	661	403
MA_RS13165	NC_003552.1	3147194	3147694	-	501	903	636	605	498	781	583
MA_RS13170	NC_003552.1	3147930	3149150	-	1221	2126	1231	1160	805	2512	1908
MA_RS13175	NC_003552.1	3149406	3150620	+	1215	4601	5172	3009	2428	3118	3103
MA_RS13180	NC_003552.1	3150613	3150819	+	207	186	210	90	58	107	137
MA_RS13185	NC_003552.1	3151012	3152694	-	1683	3356	2841	2473	1807	1837	2287
MA_RS13190	NC_003552.1	3153550	3154293	-	744	23870	24557	17413	19163	5582	8840
MA_RS13195	NC_003552.1	3154803	3155525	+	723	297	421	225	190	220	286
MA_RS13200	NC_003552.1	3155501	3156787	+	1287	249	265	223	201	251	231
MA_RS13210	NC_003552.1	3158011	3159384	+	1374	16652	12126	11387	6938	6214	9450
MA_RS13215	NC_003552.1	3159413	3160756	-	1344	8389	6107	6217	4874	5923	6719
MA_RS13220	NC_003552.1	3160993	3161658	-	666	1473	1377	1793	1016	1193	1626
MA_RS13225	NC_003552.1	3162053	3163042	-	990	3341	2588	1761	1104	1610	1897
MA_RS13230	NC_003552.1	3164339	3164746	+	408	1360	1570	1063	805	2385	1899
MA_RS13235	NC_003552.1	3164908	3165912	+	1005	13987	11327	9352	7651	12162	10281
MA_RS13240	NC_003552.1	3166042	3167262	+	1221	24972	21594	20036	15687	22723	22587
MA_RS13245	NC_003552.1	3167348	3167629	-	282	236	223	173	138	210	255
MA_RS13250	NC_003552.1	3169729	3170667	+	939	576	569	453	243	720	874
MA_RS13255	NC_003552.1	3170677	3172110	+	1434	1186	882	687	487	752	980
MA_RS13260	NC_003552.1	3172146	3173384	+	1239	975	832	669	437	715	798
MA_RS13265	NC_003552.1	3173481	3174317	+	837	516	532	266	153	546	635
MA_RS13270	NC_003552.1	3174427	3175542	+	1116	1550	1427	1360	1019	1161	1496
MA_RS13275	NC_003552.1	3175577	3177712	-	2136	16569	15352	13431	10261	7484	12472
MA_RS13280	NC_003552.1	3178609	3179340	+	732	18355	16748	13097	7660	13927	17353
MA_RS13285	NC_003552.1	3179476	3181599	-	2124	30032	27428	22932	15419	22676	23499
MA_RS13290	NC_003552.1	3181880	3182776	-	897	937	971	832	593	1208	1288
MA_RS13295	NC_003552.1	3183226	3183435	-	210	5184	3695	2177	1482	3073	2142
MA_RS13300	NC_003552.1	3183587	3183991	-	405	11993	9668	8109	6023	9027	8095
MA_RS13305	NC_003552.1	3184145	3184765	+	621	1286	1070	834	525	1463	1030
MA_RS13310	NC_003552.1	3184875	3185315	-	441	17143	11604	11606	7894	10264	10666
MA_RS13315	NC_003552.1	3185701	3186693	-	993	5199	5324	5173	4897	12641	10225
MA_RS27050	NC_003552.1	3186804	3187055	+	252	2	103	2	0	4	5
MA_RS13325	NC_003552.1	3187166	3188380	-	1215	990	910	732	669	918	1130
MA_RS13340	NC_003552.1	3189454	3190269	+	816	979	638	643	534	705	634
MA_RS13350	NC_003552.1	3191623	3192927	+	1305	439	422	267	300	256	224
MA_RS13355	NC_003552.1	3193488	3195092	+	1605	2552	2184	1772	1329	2150	2002
MA_RS13365	NC_003552.1	3195701	3196699	+	999	986	968	714	672	842	888
MA_RS13370	NC_003552.1	3196686	3197315	+	630	3776	3516	2741	2184	1931	2821
MA_RS13375	NC_003552.1	3197504	3199210	-	1707	17595	15770	12604	10641	7846	14005
MA_RS13380	NC_003552.1	3199278	3200285	-	1008	10697	9384	7471	6420	5274	9133
MA_RS13385	NC_003552.1	3200299	3200802	-	504	9841	8192	8439	6587	2583	4282
MA_RS13390	NC_003552.1	3201249	3202316	-	1068	13166	13202	12616	9916	10159	8451
MA_RS13395	NC_003552.1	3202579	3203688	+	1110	10765	8206	5223	4168	6960	5588
MA_RS13400	NC_003552.1	3203801	3204049	+	249	5280	5156	5746	5237	9313	9200
MA_RS13410	NC_003552.1	3204867	3206153	-	1287	172	198	127	130	237	187
MA_RS13420	NC_003552.1	3206506	3207750	-	1245	509	610	639	343	3485	2947
MA_RS24610	NC_003552.1	3207833	3210988	+	3156	1373	1192	1058	920	1245	1203
MA_RS13430	NC_003552.1	3210990	3211178	+	189	62	72	89	89	184	168
MA_RS13435	NC_003552.1	3211331	3212572	+	1242	2919	2022	1403	1181	2637	1710
MA_RS13440	NC_003552.1	3213177	3213698	+	522	576	437	467	387	471	365
MA_RS13445	NC_003552.1	3213869	3216232	-	2364	4949	5969	2981	4222	1206	1487
MA_RS13450	NC_003552.1	3216559	3216798	-	240	730	450	315	427	71	118
MA_RS13455	NC_003552.1	3216813	3217253	-	441	603	335	224	248	116	142
MA_RS13460	NC_003552.1	3217253	3219280	-	2028	5019	3378	2685	3074	1126	1320
MA_RS13465	NC_003552.1	3219295	3219534	-	240	181	122	91	100	31	36
MA_RS13470	NC_003552.1	3219531	3219836	-	306	855	535	421	428	136	174
MA_RS13475	NC_003552.1	3219833	3220204	-	372	681	507	449	663	222	312
MA_RS13480	NC_003552.1	3220201	3222234	-	2034	12355	8363	7557	8623	2689	3445
MA_RS13485	NC_003552.1	3222315	3222551	-	237	1517	1384	1418	1752	522	586
MA_RS13490	NC_003552.1	3222552	3223391	-	840	6222	3937	3252	3641	1140	1181
MA_RS13495	NC_003552.1	3223391	3223804	-	414	2590	1528	1049	1413	593	505
MA_RS13500	NC_003552.1	3223820	3224470	-	651	6544	4252	4014	5208	1002	889
MA_RS13505	NC_003552.1	3224476	3224958	-	483	14544	9500	8045	7636	3674	3299
MA_RS13515	NC_003552.1	3225273	3225656	-	384	101924	63558	96876	106112	19725	30407
MA_RS27060	NC_003552.1	3225981	3226130	+	150	70	14	9	27	40	23
MA_RS13520	NC_003552.1	3226127	3226417	+	291	126	55	48	18	112	52
MA_RS29815	NC_003552.1	3226417	3226809	+	393	199	239	148	112	290	172
MA_RS13530	NC_003552.1	3226951	3227526	-	576	1548	1339	1080	911	2785	1336
MA_RS13535	NC_003552.1	3227880	3228956	-	1077	1632	1518	1082	1172	768	580
MA_RS29430	NC_003552.1	3229190	3229321	-	132	56	72	74	31	70	53
MA_RS13540	NC_003552.1	3229629	3231125	+	1497	2122	2107	1170	1189	1670	1609
MA_RS13545	NC_003552.1	3231833	3232318	-	486	10100	8068	6461	5092	10195	10334
MA_RS13550	NC_003552.1	3232687	3234708	-	2022	4663	4581	1799	2001	4715	4543
MA_RS13555	NC_003552.1	3235205	3235744	-	540	1709	1936	1470	1597	1427	1584
MA_RS13560	NC_003552.1	3235948	3237081	-	1134	836	753	701	478	940	538
MA_RS13565	NC_003552.1	3237620	3238069	-	450	2715	2500	3123	2445	4807	3328
MA_RS13570	NC_003552.1	3238066	3238551	-	486	5973	4306	3712	3053	5416	3804
MA_RS13575	NC_003552.1	3238787	3238972	-	186	2313	1779	1608	1158	2978	1987
MA_RS13580	NC_003552.1	3238973	3239365	-	393	12971	9422	9003	5860	10086	7352
MA_RS27070	NC_003552.1	3239471	3239647	-	177	2540	1933	1648	1122	2985	2106
MA_RS13585	NC_003552.1	3239644	3239835	-	192	1902	1845	2059	1737	1762	1149
MA_RS27075	NC_003552.1	3239832	3239972	-	141	133	133	116	79	78	53
MA_RS27080	NC_003552.1	3239969	3240121	-	153	233	166	130	106	119	53
MA_RS27085	NC_003552.1	3240118	3240255	-	138	5065	3969	3465	2591	3247	1734
MA_RS13590	NC_003552.1	3240412	3240612	-	201	2741	1999	1801	1355	2593	1235
MA_RS13595	NC_003552.1	3240730	3241143	+	414	2614	2453	2368	2381	3090	2773
MA_RS13600	NC_003552.1	3241234	3241740	-	507	4483	3720	3045	2377	3666	3329
MA_RS13605	NC_003552.1	3241991	3242326	+	336	3762	2638	2026	1333	3270	1804
MA_RS27090	NC_003552.1	3242685	3242888	+	204	321	296	226	117	635	469
MA_RS29435	NC_003552.1	3243145	3243384	-	240	178	181	128	83	285	220
MA_RS13615	NC_003552.1	3243393	3244418	-	1026	185	225	162	124	343	263
MA_RS13625	NC_003552.1	3244759	3245589	-	831	6348	4595	2747	2535	3436	3810
MA_RS13630	NC_003552.1	3246012	3246272	-	261	441	374	393	328	392	410
MA_RS13635	NC_003552.1	3246294	3246719	-	426	169	179	137	105	235	207
MA_RS13640	NC_003552.1	3246716	3247261	-	546	461	404	380	295	366	297
MA_RS13645	NC_003552.1	3247791	3248459	-	669	866	906	617	495	445	581
MA_RS13650	NC_003552.1	3248967	3249215	+	249	90	80	75	48	75	84
MA_RS27095	NC_003552.1	3249281	3249424	-	144	24	43	23	28	16	19
MA_RS13655	NC_003552.1	3249431	3249946	+	516	512	375	403	294	376	310
MA_RS13660	NC_003552.1	3250240	3250566	+	327	1981	1659	2082	1556	2447	2446
MA_RS13665	NC_003552.1	3250613	3250870	-	258	1610	1485	955	565	1141	965
MA_RS28205	NC_003552.1	3250883	3251341	-	459	1323	901	860	733	520	421
MA_RS28210	NC_003552.1	3251459	3252049	-	591	1132	1090	911	678	779	759
MA_RS13675	NC_003552.1	3252462	3253766	-	1305	464	397	206	310	283	242
MA_RS13680	NC_003552.1	3254071	3254631	+	561	300	229	224	182	192	166
MA_RS13685	NC_003552.1	3255085	3255573	+	489	22653	11191	5339	3854	6404	6277
MA_RS13690	NC_003552.1	3255880	3257859	-	1980	1995	1481	1230	705	3037	2466
MA_RS13695	NC_003552.1	3258044	3259009	-	966	1157	953	875	750	760	921
MA_RS13700	NC_003552.1	3259574	3260722	+	1149	443	327	322	222	314	315
MA_RS29440	NC_003552.1	3260868	3261002	+	135	42	26	26	8	30	24
MA_RS13705	NC_003552.1	3261009	3261563	+	555	166	104	88	47	302	239
MA_RS13710	NC_003552.1	3261612	3262478	+	867	268	291	171	110	283	259
MA_RS13715	NC_003552.1	3262680	3263621	+	942	439	440	494	279	295	313
MA_RS13720	NC_003552.1	3263773	3265059	-	1287	195	207	203	147	225	190
MA_RS27100	NC_003552.1	3265155	3265334	+	180	94	98	154	181	190	114
MA_RS25595	NC_003552.1	3265694	3265843	+	150	99	45	45	26	51	27
MA_RS13725	NC_003552.1	3265921	3266904	+	984	765	689	553	450	996	750
MA_RS27105	NC_003552.1	3266950	3267093	-	144	8	11	4	4	25	17
MA_RS13730	NC_003552.1	3267202	3267735	+	534	393	167	206	138	196	222
MA_RS27110	NC_003552.1	3267814	3267969	+	156	148	99	95	66	85	116
MA_RS28700	NC_003552.1	3268130	3268288	+	159	166	137	176	61	74	107
MA_RS28705	NC_003552.1	3268419	3268811	+	393	162	126	197	117	94	80
MA_RS13740	NC_003552.1	3269154	3269714	+	561	284	253	314	223	311	220
MA_RS13745	NC_003552.1	3270322	3270882	+	561	252	150	150	96	183	125
MA_RS13750	NC_003552.1	3271158	3271400	+	243	126	92	115	104	98	103
MA_RS13755	NC_003552.1	3271551	3271973	+	423	67	41	42	36	35	34
MA_RS13765	NC_003552.1	3273086	3273601	+	516	338	336	318	236	258	300
MA_RS13770	NC_003552.1	3273812	3276166	+	2355	1543	1310	1248	888	475	729
MA_RS13775	NC_003552.1	3276371	3277351	+	981	671	650	671	450	262	432
MA_RS13780	NC_003552.1	3277504	3278844	+	1341	643	498	506	254	205	299
MA_RS13785	NC_003552.1	3278967	3280457	+	1491	1390	1225	1701	1367	855	1105
MA_RS29445	NC_003552.1	3280509	3280637	+	129	26	37	27	22	20	41
MA_RS13795	NC_003552.1	3280969	3281886	+	918	369	282	238	146	142	221
MA_RS13800	NC_003552.1	3282099	3284456	+	2358	1138	872	1015	543	413	557
MA_RS13805	NC_003552.1	3284586	3285140	+	555	502	398	276	214	192	333
MA_RS13810	NC_003552.1	3285263	3286009	+	747	1273	1119	728	682	871	946
MA_RS13815	NC_003552.1	3286017	3287537	-	1521	8127	6259	6336	4873	4878	6766
MA_RS13820	NC_003552.1	3287813	3288196	-	384	592	492	332	246	674	463
MA_RS13825	NC_003552.1	3288317	3288703	-	387	666	437	355	247	347	486
MA_RS25605	NC_003552.1	3289045	3290073	-	1029	5082	3757	3060	2180	2340	2878
MA_RS13840	NC_003552.1	3291311	3292435	+	1125	319	191	254	165	336	287
MA_RS13845	NC_003552.1	3292512	3292703	-	192	24	53	22	19	28	7
MA_RS13850	NC_003552.1	3292834	3293094	+	261	128	111	55	64	59	48
MA_RS13855	NC_003552.1	3293160	3293342	+	183	77	63	56	49	29	31
MA_RS13860	NC_003552.1	3293364	3293558	+	195	65	149	61	44	68	79
MA_RS13875	NC_003552.1	3294652	3295068	-	417	445	269	263	245	389	403
MA_RS28715	NC_003552.1	3295464	3296171	+	708	116	97	160	82	71	64
MA_RS28720	NC_003552.1	3296239	3296625	+	387	21	399	19	12	19	20
MA_RS13885	NC_003552.1	3296857	3298656	+	1800	21497	14568	16089	10203	17187	19911
MA_RS13890	NC_003552.1	3298709	3299257	+	549	4629	3796	3035	2275	3726	3001
MA_RS13895	NC_003552.1	3299817	3301175	+	1359	1728	1198	1600	1140	1765	1428
MA_RS13900	NC_003552.1	3301249	3302166	-	918	440	330	291	290	285	320
MA_RS13905	NC_003552.1	3302508	3304922	+	2415	1537	1057	570	424	1013	924
MA_RS28725	NC_003552.1	3305462	3305644	+	183	152	187	109	83	82	135
MA_RS27120	NC_003552.1	3306484	3306642	+	159	189	151	175	159	167	135
MA_RS13920	NC_003552.1	3307313	3308551	+	1239	1450	1257	946	826	1166	1145
MA_RS13925	NC_003552.1	3308692	3310299	-	1608	728	636	521	393	459	442
MA_RS13930	NC_003552.1	3311443	3312990	+	1548	3212	2548	1703	1563	2932	2404
MA_RS13935	NC_003552.1	3313308	3313694	-	387	524	453	421	421	337	320
MA_RS27125	NC_003552.1	3313873	3314043	+	171	233	182	77	91	63	96
MA_RS13940	NC_003552.1	3314040	3316778	+	2739	7082	6162	5494	4389	3918	5015
MA_RS28730	NC_003552.1	3316976	3317434	-	459	1250	1037	832	698	717	858
MA_RS28735	NC_003552.1	3317555	3318505	-	951	1409	1422	1380	1292	1760	1584
MA_RS28740	NC_003552.1	3318397	3319035	-	639	1347	1130	1259	865	502	306
MA_RS13950	NC_003552.1	3319841	3320338	+	498	450	352	242	154	327	318
MA_RS13955	NC_003552.1	3321569	3322966	+	1398	5594	3445	2955	2064	4648	3900
MA_RS13960	NC_003552.1	3324312	3324608	+	297	228	223	165	127	141	134
MA_RS13970	NC_003552.1	3326250	3327734	-	1485	638	468	368	388	449	441
MA_RS13975	NC_003552.1	3328021	3328821	+	801	490	511	501	376	906	590
MA_RS13985	NC_003552.1	3330127	3330561	-	435	62	139	26	31	284	237
MA_RS13995	NC_003552.1	3332027	3332800	-	774	2775	2675	2115	1866	1779	2432
MA_RS14000	NC_003552.1	3332724	3333245	-	522	3735	2730	1639	1991	1601	979
MA_RS24635	NC_003552.1	3334045	3334485	-	441	25	22	44	46	62	45
MA_RS14010	NC_003552.1	3334494	3334850	-	357	9	20	9	17	35	22
MA_RS14015	NC_003552.1	3335624	3336298	-	675	567	472	446	287	335	434
MA_RS14020	NC_003552.1	3336430	3337140	-	711	243	180	144	86	104	95
MA_RS14025	NC_003552.1	3337585	3338295	-	711	220	184	112	89	229	209
MA_RS14030	NC_003552.1	3338551	3338811	-	261	382	314	286	390	674	481
MA_RS27135	NC_003552.1	3338784	3338957	-	174	3	2	4	2	4	0
MA_RS14035	NC_003552.1	3338961	3339710	-	750	353	235	207	157	151	192
MA_RS14040	NC_003552.1	3339698	3340528	-	831	685	707	475	360	577	486
MA_RS14045	NC_003552.1	3340728	3341564	-	837	2662	2023	1652	1219	2490	2280
MA_RS14050	NC_003552.1	3341568	3342554	-	987	3706	2077	873	645	1526	1534
MA_RS27140	NC_003552.1	3343193	3343366	-	174	118	97	105	72	144	137
MA_RS14060	NC_003552.1	3343690	3345270	+	1581	778	674	722	440	414	471
MA_RS14070	NC_003552.1	3346085	3346900	+	816	1480	1252	1246	1015	1212	1132
MA_RS14080	NC_003552.1	3347262	3349847	+	2586	9539	8273	7679	6095	3808	5001
MA_RS14085	NC_003552.1	3350159	3351697	+	1539	2334	2679	3180	3648	5082	5799
MA_RS14095	NC_003552.1	3352959	3354479	+	1521	288	277	279	180	241	214
MA_RS14100	NC_003552.1	3354743	3357298	+	2556	9630	8519	8274	6153	4752	6822
MA_RS14105	NC_003552.1	3357319	3358035	-	717	685	730	579	517	527	578
MA_RS28745	NC_003552.1	3358317	3358778	-	462	311	366	196	173	274	217
MA_RS28750	NC_003552.1	3359122	3359604	-	483	138	106	74	47	182	153
MA_RS14120	NC_003552.1	3360001	3360585	-	585	1838	1343	1005	875	1977	1740
MA_RS14125	NC_003552.1	3360963	3361406	+	444	2225	1341	861	899	1239	1074
MA_RS14130	NC_003552.1	3362473	3362865	-	393	1660	1100	870	949	2204	1883
MA_RS14135	NC_003552.1	3363859	3364803	-	945	444	337	221	189	145	162
MA_RS14155	NC_003552.1	3366336	3366566	+	231	658	682	761	586	423	409
MA_RS14160	NC_003552.1	3366977	3367786	-	810	918	555	427	380	443	424
MA_RS14165	NC_003552.1	3368327	3371056	+	2730	5561	4619	3838	3073	4133	3855
MA_RS14170	NC_003552.1	3371101	3371373	+	273	1146	963	885	728	992	1124
MA_RS14175	NC_003552.1	3371564	3372097	-	534	3961	3592	3926	2931	2515	3286
MA_RS25635	NC_003552.1	3372335	3372616	-	282	1444	1275	1322	1109	1715	1835
MA_RS14180	NC_003552.1	3373557	3374291	+	735	4775	3516	2288	1925	1766	1924
MA_RS14185	NC_003552.1	3374275	3377394	+	3120	13641	12384	8077	6589	13561	13102
MA_RS14190	NC_003552.1	3377378	3379057	+	1680	6692	5785	3987	3407	4418	5014
MA_RS14195	NC_003552.1	3379038	3381494	+	2457	9227	8572	5355	4357	8893	10036
MA_RS14200	NC_003552.1	3381594	3381902	-	309	883	674	547	459	483	569
MA_RS14205	NC_003552.1	3382721	3384343	-	1623	1027	931	863	645	359	505
MA_RS14210	NC_003552.1	3384350	3385675	-	1326	1710	1695	1301	1285	418	709
MA_RS14215	NC_003552.1	3385971	3386885	-	915	677	566	475	370	259	332
MA_RS14220	NC_003552.1	3387094	3387480	-	387	321	333	170	158	160	178
MA_RS14225	NC_003552.1	3387649	3388827	-	1179	1505	1373	874	801	499	629
MA_RS14230	NC_003552.1	3389051	3389416	+	366	2909	2708	3667	3408	2850	1951
MA_RS14235	NC_003552.1	3390237	3391163	+	927	1395	1086	1256	991	772	786
MA_RS29450	NC_003552.1	3391407	3392369	+	963	713	520	553	402	282	362
MA_RS14245	NC_003552.1	3392976	3393662	-	687	1045	1024	772	582	434	711
MA_RS14250	NC_003552.1	3393933	3394718	-	786	1013	886	667	490	541	558
MA_RS14255	NC_003552.1	3395273	3396469	-	1197	804	732	703	574	476	410
MA_RS14260	NC_003552.1	3396795	3398099	-	1305	372	438	312	329	302	303
MA_RS14265	NC_003552.1	3398419	3399666	-	1248	705	737	798	572	281	361
MA_RS14270	NC_003552.1	3400145	3400912	+	768	378	306	255	254	275	313
MA_RS14275	NC_003552.1	3401521	3402693	+	1173	3365	3033	2631	1847	2263	2736
MA_RS14280	NC_003552.1	3404024	3405268	-	1245	351	375	245	221	717	507
MA_RS14285	NC_003552.1	3405592	3406389	-	798	2780	2370	2685	1988	2364	2292
MA_RS14290	NC_003552.1	3406927	3407877	-	951	6578	5727	4523	2585	8812	7895
MA_RS14295	NC_003552.1	3408138	3409625	-	1488	14163	11558	9115	6089	17015	12718
MA_RS25640	NC_003552.1	3409745	3410427	-	683	859	728	522	423	582	483
MA_RS14310	NC_003552.1	3411572	3412858	-	1287	227	253	217	191	234	214
MA_RS25645	NC_003552.1	3413821	3414952	-	1132	2113	1876	1394	1340	1449	1451
MA_RS14330	NC_003552.1	3415360	3415782	+	423	142	164	86	76	30	35
MA_RS25650	NC_003552.1	3415736	3416215	-	480	136	86	55	37	46	57
MA_RS14345	NC_003552.1	3417855	3419099	+	1245	987	1124	1889	880	11987	10401
MA_RS14350	NC_003552.1	3419096	3419869	+	774	131	96	79	65	107	107
MA_RS14355	NC_003552.1	3420363	3420599	+	237	1704	1424	982	1204	551	739
MA_RS14360	NC_003552.1	3421132	3422760	+	1629	1589	1300	1361	907	3011	2011
MA_RS14365	NC_003552.1	3423097	3423327	+	231	1650	1266	1235	888	722	849
MA_RS14370	NC_003552.1	3423354	3424172	-	819	10495	8307	10255	6831	4010	6031
MA_RS14375	NC_003552.1	3424483	3424950	-	468	347	247	202	164	320	245
MA_RS14380	NC_003552.1	3425737	3426654	-	918	1597	1168	1838	1587	874	1049
MA_RS14385	NC_003552.1	3426902	3427573	-	672	799	831	621	747	695	880
MA_RS27165	NC_003552.1	3428458	3428865	+	408	194	176	172	185	265	165
MA_RS14400	NC_003552.1	3430549	3431355	+	807	121	122	129	125	188	151
MA_RS28215	NC_003552.1	3431382	3431807	-	426	4007	2405	3776	2600	1989	2113
MA_RS14410	NC_003552.1	3432431	3433204	+	774	1738	1232	947	724	965	920
MA_RS14415	NC_003552.1	3434592	3434825	-	234	41	47	42	45	63	67
MA_RS14420	NC_003552.1	3435024	3435461	-	438	148	129	137	86	130	115
MA_RS14425	NC_003552.1	3435598	3436050	-	453	169	146	102	100	108	105
MA_RS28765	NC_003552.1	3436511	3436678	-	168	2829	2458	2688	2362	1484	1069
MA_RS14435	NC_003552.1	3437343	3438545	-	1203	1770	1464	1088	839	1297	1362
MA_RS29665	NC_003552.1	3438739	3440454	-	1716	1119	1032	797	587	826	809
MA_RS25655	NC_003552.1	3440836	3442026	-	1191	214	221	232	157	230	168
MA_RS14455	NC_003552.1	3442060	3442320	-	261	15	19	18	21	11	26
MA_RS24650	NC_003552.1	3442895	3443944	-	1050	1497	1370	1013	1085	1292	1188
MA_RS14465	NC_003552.1	3443910	3444632	-	723	1475	1396	912	930	1364	1331
MA_RS14470	NC_003552.1	3445011	3446255	+	1245	267	285	273	270	505	333
MA_RS27170	NC_003552.1	3446487	3446645	+	159	751	640	837	913	1028	1081
MA_RS14475	NC_003552.1	3446701	3447600	-	900	1119	895	440	553	897	944
MA_RS14480	NC_003552.1	3447700	3448368	-	669	570	478	251	295	944	654
MA_RS24655	NC_003552.1	3449108	3450145	-	1038	1835	1657	1358	1099	2054	1389
MA_RS14490	NC_003552.1	3450120	3450842	-	723	642	689	510	527	3108	1801
MA_RS14500	NC_003552.1	3451464	3451910	-	447	556	540	469	336	410	402
MA_RS28785	NC_003552.1	3452502	3452696	-	195	691	541	324	330	426	565
MA_RS25665	NC_003552.1	3453640	3455235	+	1596	584	476	351	432	405	471
MA_RS25670	NC_003552.1	3455361	3455570	+	210	403	356	248	203	458	616
MA_RS14515	NC_003552.1	3455995	3456342	-	348	3495	2632	2339	1979	1730	1860
MA_RS14520	NC_003552.1	3457371	3458480	+	1110	448	438	444	343	741	643
MA_RS14525	NC_003552.1	3458513	3459553	+	1041	335	332	320	283	486	546
MA_RS14535	NC_003552.1	3460651	3461418	+	768	212	155	133	111	227	290
MA_RS14540	NC_003552.1	3461698	3462924	-	1227	752	700	652	412	1598	1372
MA_RS28220	NC_003552.1	3462961	3463548	-	588	271	279	235	160	337	248
MA_RS14550	NC_003552.1	3463833	3464456	-	624	142	139	91	48	490	286
MA_RS14555	NC_003552.1	3464449	3465240	-	792	317	325	168	121	679	282
MA_RS14560	NC_003552.1	3465832	3466425	-	594	487	496	306	282	682	548
MA_RS14565	NC_003552.1	3466566	3467135	-	570	3160	2174	1674	1395	1890	1134
MA_RS14570	NC_003552.1	3467362	3468465	-	1104	22054	17167	14427	10509	16194	21831
MA_RS28790	NC_003552.1	3469328	3472513	+	3186	3425	3015	2332	2095	2613	2471
MA_RS25680	NC_003552.1	3473472	3474154	+	683	1009	749	588	465	581	417
MA_RS14590	NC_003552.1	3474258	3474545	+	288	302	272	231	225	188	174
MA_RS14595	NC_003552.1	3474738	3475175	+	438	1005	748	479	520	311	374
MA_RS28795	NC_003552.1	3475921	3476145	-	225	823	834	633	437	598	580
MA_RS14605	NC_003552.1	3476230	3476481	+	252	258	198	160	149	251	240
MA_RS14610	NC_003552.1	3476474	3476842	+	369	628	701	519	412	1532	1157
MA_RS29460	NC_003552.1	3477489	3477611	-	123	103	172	60	69	168	157
MA_RS14615	NC_003552.1	3477677	3478264	-	588	1672	1340	985	865	765	754
MA_RS27180	NC_003552.1	3479083	3479229	+	147	1336	869	1261	671	1499	2676
MA_RS28800	NC_003552.1	3479655	3485225	+	5571	33450	23832	18831	11221	18373	30826
MA_RS24675	NC_003552.1	3485995	3487887	+	1893	2161	2062	1524	1349	1499	1060
MA_RS27210	NC_003552.1	3488579	3489151	+	573	187	198	107	115	106	65
MA_RS14640	NC_003552.1	3489586	3490221	-	636	443	611	458	384	660	918
MA_RS14645	NC_003552.1	3490274	3491521	-	1248	2614	2756	1861	1388	2344	2662
MA_RS27215	NC_003552.1	3491557	3491742	-	186	290	226	150	139	165	150
MA_RS25685	NC_003552.1	3492295	3492840	-	546	96	81	49	70	50	50
MA_RS29220	NC_003552.1	3492898	3493002	+	105	32	20	28	46	15	18
MA_RS25695	NC_003552.1	3493235	3494830	+	1596	523	504	415	407	517	564
MA_RS14665	NC_003552.1	3494938	3495225	-	288	926	959	690	471	1279	982
MA_RS14670	NC_003552.1	3495786	3495995	+	210	223	276	311	256	486	286
MA_RS14675	NC_003552.1	3496308	3496586	+	279	248	258	198	128	375	314
MA_RS14680	NC_003552.1	3496596	3496931	+	336	247	280	242	173	188	207
MA_RS14685	NC_003552.1	3497049	3497246	+	198	260	233	244	170	186	273
MA_RS14690	NC_003552.1	3497414	3498685	+	1272	595	636	477	404	598	620
MA_RS14695	NC_003552.1	3498689	3499045	+	357	42	79	48	26	46	61
MA_RS14700	NC_003552.1	3499048	3500187	-	1140	68	281	43	31	556	425
MA_RS28805	NC_003552.1	3500702	3500980	+	279	81	105	80	81	135	104
MA_RS14705	NC_003552.1	3501180	3503174	+	1995	1196	1277	737	744	749	981
MA_RS14710	NC_003552.1	3503760	3503960	+	201	19	10	20	12	21	21
MA_RS14715	NC_003552.1	3503976	3505892	+	1917	855	720	595	414	370	396
MA_RS14720	NC_003552.1	3505892	3506275	+	384	25	42	16	9	10	14
MA_RS14725	NC_003552.1	3506272	3506892	+	621	82	77	51	59	54	16
MA_RS27225	NC_003552.1	3506889	3507056	+	168	26	39	28	41	6	5
MA_RS14730	NC_003552.1	3507526	3508290	+	765	391	278	245	166	175	104
MA_RS27235	NC_003552.1	3508290	3508463	+	174	84	108	140	159	126	73
MA_RS14735	NC_003552.1	3508644	3509579	+	936	895	826	716	596	667	492
MA_RS14745	NC_003552.1	3510664	3510748	-	85	307	286	513	787	233	194
MA_RS14750	NC_003552.1	3510904	3511671	-	768	14012	10383	7605	8224	3614	4454
MA_RS14755	NC_003552.1	3512424	3512846	+	423	17688	9202	6734	3771	16869	12178
MA_RS14760	NC_003552.1	3513041	3513610	+	570	7062	4879	2812	1364	9895	6776
MA_RS14765	NC_003552.1	3514901	3515428	+	528	3088	2660	1461	1131	1842	1546
MA_RS14770	NC_003552.1	3515603	3516859	+	1257	1116	1051	1370	1329	831	968
MA_RS14775	NC_003552.1	3517500	3517907	-	408	988	1024	938	757	630	766
MA_RS14780	NC_003552.1	3518628	3518846	-	219	5513	4777	4012	3163	2985	3898
MA_RS14790	NC_003552.1	3520542	3521315	-	774	472	356	292	227	377	362
MA_RS14805	NC_003552.1	3523869	3524360	+	492	1234	1400	1257	989	829	985
MA_RS14810	NC_003552.1	3524393	3525136	-	744	4979	5579	3224	4450	2555	2826
MA_RS14815	NC_003552.1	3525621	3528986	-	3366	102529	89342	76901	52730	100998	130215
MA_RS14820	NC_003552.1	3529600	3530415	+	816	3144	2955	2666	2022	2810	3041
MA_RS14830	NC_003552.1	3530858	3531754	-	897	4621	3843	3249	2692	2569	3032
MA_RS14845	NC_003552.1	3534134	3534466	+	333	672	396	258	176	1576	1042
MA_RS29670	NC_003552.1	3534473	3534565	+	93	377	203	171	84	394	246
MA_RS14850	NC_003552.1	3534795	3535754	+	960	2356	1211	1106	744	1950	1735
MA_RS14860	NC_003552.1	3536222	3538654	+	2433	1564	1058	1076	617	1573	1819
MA_RS14865	NC_003552.1	3538685	3539704	+	1020	1463	882	831	526	576	696
MA_RS14870	NC_003552.1	3539827	3540642	-	816	987	770	712	475	469	507
MA_RS14875	NC_003552.1	3540720	3541637	+	918	970	866	895	750	669	588
MA_RS29465	NC_003552.1	3541642	3541764	+	123	0	0	1	1	0	1
MA_RS14880	NC_003552.1	3541736	3543145	+	1410	894	827	752	633	762	786
MA_RS14885	NC_003552.1	3543351	3544625	+	1275	5128	4387	3800	2680	4260	4839
MA_RS14890	NC_003552.1	3544679	3545884	+	1206	3903	3000	2944	2167	1728	2332
MA_RS14895	NC_003552.1	3545900	3546634	+	735	1659	1575	1558	1221	978	1572
MA_RS14900	NC_003552.1	3547512	3548390	+	879	2400	1765	1688	924	2067	1835
MA_RS14905	NC_003552.1	3548559	3549560	+	1002	4532	3894	3719	2812	3367	3221
MA_RS14910	NC_003552.1	3549600	3550481	+	882	1755	1237	1164	835	1210	1365
MA_RS14915	NC_003552.1	3550490	3552373	+	1884	2596	2070	2103	1193	1778	1971
MA_RS14920	NC_003552.1	3552370	3554952	+	2583	3400	2874	2534	1745	2017	2385
MA_RS14930	NC_003552.1	3556034	3556216	-	183	66	57	87	66	77	73
MA_RS14935	NC_003552.1	3557124	3558338	-	1215	7936	6530	6530	4009	4774	6045
MA_RS14940	NC_003552.1	3558563	3559696	+	1134	4236	2943	1895	1818	2196	2330
MA_RS28810	NC_003552.1	3559810	3559986	+	177	237	269	145	127	300	299
MA_RS28820	NC_003552.1	3560634	3561230	+	597	503	316	338	280	361	330
MA_RS14950	NC_003552.1	3561324	3561563	-	240	132	63	52	54	231	146
MA_RS14955	NC_003552.1	3561912	3563642	-	1731	2818	2056	1862	1601	1495	1911
MA_RS14960	NC_003552.1	3563861	3563933	-	73	68	64	82	65	95	148
MA_RS14970	NC_003552.1	3564149	3564931	-	783	2694	2278	1948	1982	2182	2459
MA_RS14975	NC_003552.1	3565220	3565591	+	372	677	452	375	216	854	530
MA_RS14980	NC_003552.1	3565698	3566255	-	558	1647	1068	974	572	1345	1020
MA_RS14985	NC_003552.1	3567005	3567565	+	561	244	214	167	124	842	565
MA_RS14990	NC_003552.1	3567597	3567932	+	336	117	99	69	39	615	275
MA_RS14995	NC_003552.1	3568361	3568549	-	189	72	57	71	71	81	57
MA_RS15000	NC_003552.1	3569227	3569724	+	498	8815	7381	11914	7985	5360	6640
MA_RS27245	NC_003552.1	3569746	3569916	-	171	694	683	639	449	659	769
MA_RS15010	NC_003552.1	3572609	3574042	-	1434	1497	812	569	370	1185	1011
MA_RS15015	NC_003552.1	3574044	3575522	-	1479	2846	1403	830	545	2029	1385
MA_RS15020	NC_003552.1	3575778	3576158	-	381	18645	12654	10995	7072	26923	21429
MA_RS15025	NC_003552.1	3576689	3578590	-	1902	46084	39574	32496	23731	35458	33737
MA_RS15030	NC_003552.1	3579321	3579623	+	303	492	346	364	258	262	276
MA_RS27250	NC_003552.1	3579620	3579781	-	162	14	15	10	6	26	15
MA_RS28825	NC_003552.1	3579780	3580283	+	504	803	562	547	429	537	681
MA_RS15040	NC_003552.1	3580324	3580980	-	657	2112	1494	1449	960	1418	1335
MA_RS15045	NC_003552.1	3581153	3581611	+	459	2153	1836	1910	1516	3257	3096
MA_RS15050	NC_003552.1	3581817	3583286	-	1470	24724	24562	20876	18215	13038	16032
MA_RS15055	NC_003552.1	3583283	3585664	-	2382	30845	29477	22578	25113	19352	24545
MA_RS15060	NC_003552.1	3585843	3586076	-	234	1039	1168	723	1120	561	396
MA_RS15065	NC_003552.1	3586801	3587082	+	282	6963	5295	4198	2900	3559	4315
MA_RS15075	NC_003552.1	3587960	3588223	+	264	52	95	46	11	110	66
MA_RS15080	NC_003552.1	3588541	3589137	+	597	4089	3064	1783	1193	4087	2325
MA_RS15085	NC_003552.1	3589189	3589518	+	330	2750	2094	1563	964	1872	1219
MA_RS27260	NC_003552.1	3589562	3589861	-	300	4180	3442	2990	2034	4347	3569
MA_RS15095	NC_003552.1	3590331	3590795	+	465	7844	8072	7242	6860	5701	6975
MA_RS15100	NC_003552.1	3590806	3592050	+	1245	22904	22798	18080	14143	22198	23731
MA_RS15105	NC_003552.1	3592050	3592448	+	399	5530	5535	5476	4817	6886	7931
MA_RS15110	NC_003552.1	3592625	3592912	+	288	790	813	572	430	1263	1030
MA_RS15115	NC_003552.1	3593159	3593992	+	834	883	810	992	780	1066	1028
MA_RS15120	NC_003552.1	3594276	3594827	+	552	187	141	139	42	189	145
MA_RS15125	NC_003552.1	3595000	3595587	-	588	774	645	661	654	547	526
MA_RS15130	NC_003552.1	3595685	3596374	-	690	555	563	397	404	703	671
MA_RS15135	NC_003552.1	3596811	3598811	-	2001	3778	3037	2658	2577	2021	2163
MA_RS15140	NC_003552.1	3599184	3601895	-	2712	2704	2448	1598	1320	1069	1502
MA_RS15150	NC_003552.1	3602740	3604380	-	1641	12513	10729	9069	7780	7560	9550
MA_RS15155	NC_003552.1	3604377	3606083	-	1707	12016	8036	4456	4230	5205	5811
MA_RS15160	NC_003552.1	3606416	3609073	-	2658	18000	13161	9279	6823	13037	11905
MA_RS15165	NC_003552.1	3609519	3609704	+	186	774	690	555	348	278	384
MA_RS15175	NC_003552.1	3611767	3613050	-	1284	5287	4471	4812	3499	3274	3624
MA_RS15180	NC_003552.1	3613380	3615683	+	2304	8742	6145	5375	4524	4228	4154
MA_RS15185	NC_003552.1	3616266	3617384	+	1119	7959	6468	7378	4558	3804	6312
MA_RS15190	NC_003552.1	3617629	3619536	+	1908	26657	22611	20063	17689	10838	13888
MA_RS15195	NC_003552.1	3619916	3622117	+	2202	47322	35445	30187	19515	19285	33469
MA_RS15200	NC_003552.1	3622785	3623759	+	975	645	761	469	361	584	559
MA_RS15205	NC_003552.1	3623874	3624821	+	948	1830	1844	1880	1482	1670	1724
MA_RS15210	NC_003552.1	3624922	3625485	-	564	741	444	424	355	527	403
MA_RS28830	NC_003552.1	3625679	3625969	+	291	97	78	61	70	114	141
MA_RS28835	NC_003552.1	3626051	3626353	+	303	287	242	102	126	151	197
MA_RS15220	NC_003552.1	3626393	3627313	+	921	1371	1085	671	818	816	936
MA_RS15225	NC_003552.1	3627384	3628304	+	921	1267	817	575	650	539	644
MA_RS15235	NC_003552.1	3629729	3630418	-	690	1306	1161	970	753	947	707
MA_RS15240	NC_003552.1	3630483	3631727	-	1245	551	574	451	412	844	735
MA_RS15245	NC_003552.1	3632437	3633504	-	1068	4098	3185	2707	2037	2029	3172
MA_RS15250	NC_003552.1	3635641	3637083	-	1443	22638	19760	17949	14975	13150	17328
MA_RS15255	NC_003552.1	3637086	3638141	-	1056	9687	8194	4406	4639	6955	8250
MA_RS15260	NC_003552.1	3638164	3638412	-	249	2888	2162	1251	1103	1098	1447
MA_RS15265	NC_003552.1	3638778	3640451	-	1674	7726	7089	6521	5373	4288	6257
MA_RS15270	NC_003552.1	3640803	3641357	-	555	2049	1866	1437	1442	1522	1542
MA_RS15275	NC_003552.1	3642248	3644041	+	1794	29680	24682	20841	15912	28508	27650
MA_RS15280	NC_003552.1	3644084	3644899	-	816	2978	2208	2320	1754	2320	2043
MA_RS15285	NC_003552.1	3645351	3646034	+	684	1403	1358	1080	849	1593	1618
MA_RS15290	NC_003552.1	3646186	3646662	+	477	1100	950	1593	1433	2264	1814
MA_RS15295	NC_003552.1	3646896	3647111	+	216	948	676	561	634	657	596
MA_RS15300	NC_003552.1	3647181	3647474	+	294	981	856	881	929	1203	1145
MA_RS15305	NC_003552.1	3647858	3648808	-	951	4539	3841	3698	2556	2567	3587
MA_RS15310	NC_003552.1	3649117	3649974	+	858	32766	27431	26691	17469	56780	40322
MA_RS15315	NC_003552.1	3650330	3651535	+	1206	49062	26245	30143	13228	73749	77259
MA_RS27270	NC_003552.1	3651890	3652066	+	177	1485	822	896	324	1542	1714
MA_RS28840	NC_003552.1	3652118	3654103	-	1986	1628	1508	1700	1484	1721	1811
MA_RS27275	NC_003552.1	3654789	3654959	+	171	96	98	43	44	75	66
MA_RS15325	NC_003552.1	3655319	3655552	+	234	130	87	90	63	263	191
MA_RS15330	NC_003552.1	3656077	3657363	-	1287	318	286	273	243	321	282
MA_RS15335	NC_003552.1	3657750	3658106	-	357	3500	3175	3904	2727	7458	5882
MA_RS15340	NC_003552.1	3658443	3658919	-	477	199	155	129	145	120	117
MA_RS15345	NC_003552.1	3658991	3659908	+	918	720	591	541	505	518	453
MA_RS15350	NC_003552.1	3659934	3660134	-	201	160	134	66	86	172	156
MA_RS15355	NC_003552.1	3660397	3661887	-	1491	6640	4871	3868	3228	3865	3948
MA_RS15365	NC_003552.1	3662841	3663530	-	690	17981	16685	17528	13835	18065	17409
MA_RS15370	NC_003552.1	3663527	3664555	-	1029	20166	17409	16884	18581	11997	15001
MA_RS15375	NC_003552.1	3665308	3665649	+	342	646	575	427	376	741	729
MA_RS15390	NC_003552.1	3668531	3670360	+	1830	4830	4483	3786	2382	3296	3235
MA_RS15395	NC_003552.1	3670488	3671405	-	918	907	754	751	636	562	529
MA_RS15400	NC_003552.1	3671681	3672268	+	588	462	348	411	348	448	412
MA_RS15405	NC_003552.1	3672442	3673995	-	1554	1705	1508	1174	998	1405	1217
MA_RS28120	NC_003552.1	3674094	3675620	-	1527	144	158	122	98	154	94
MA_RS28845	NC_003552.1	3677144	3677317	-	174	145	124	104	85	86	120
MA_RS15430	NC_003552.1	3677749	3678216	-	468	292	289	118	132	139	138
MA_RS15435	NC_003552.1	3678529	3679722	+	1194	1551	1011	688	519	623	799
MA_RS25735	NC_003552.1	3679837	3680519	+	683	308	254	221	145	194	177
MA_RS29825	NC_003552.1	3680516	3681016	-	501	62	186	28	34	25	11
MA_RS15455	NC_003552.1	3681730	3682422	+	693	5623	5629	4425	3226	10070	9193
MA_RS15460	NC_003552.1	3682508	3682963	+	456	565	573	373	350	536	506
MA_RS15465	NC_003552.1	3683199	3683432	+	234	814	729	459	382	527	472
MA_RS15470	NC_003552.1	3683666	3684313	-	648	2052	1805	1736	1735	1997	2089
MA_RS15475	NC_003552.1	3684520	3685464	+	945	479	359	352	251	274	246
MA_RS15480	NC_003552.1	3685529	3687121	+	1593	2205	1814	2198	1659	1213	1401
MA_RS27285	NC_003552.1	3687964	3688122	+	159	31	92	31	21	60	51
MA_RS28850	NC_003552.1	3688450	3688869	+	420	95	84	87	72	69	72
MA_RS28855	NC_003552.1	3688785	3689081	+	297	19	24	29	27	27	26
MA_RS28860	NC_003552.1	3689156	3689347	+	192	248	246	210	121	228	219
MA_RS15500	NC_003552.1	3689476	3690225	-	750	408	268	260	232	215	217
MA_RS15505	NC_003552.1	3690213	3691043	-	831	667	572	423	394	358	322
MA_RS15510	NC_003552.1	3691521	3693686	+	2166	186658	155428	108915	89916	119067	147712
MA_RS15520	NC_003552.1	3694952	3696511	+	1560	8460	8616	8265	7914	7769	11689
MA_RS15525	NC_003552.1	3696698	3698470	-	1773	3993	2894	1923	1331	3658	3337
MA_RS15530	NC_003552.1	3698467	3698985	-	519	1524	1085	889	875	1636	1401
MA_RS15535	NC_003552.1	3699642	3699992	+	351	220312	235834	327025	243443	53679	126691
MA_RS15540	NC_003552.1	3700119	3701555	-	1437	650	549	527	613	562	502
MA_RS15545	NC_003552.1	3702356	3703060	-	705	794	729	634	406	687	728
MA_RS15550	NC_003552.1	3703170	3703823	-	654	1020	856	675	701	829	638
MA_RS15555	NC_003552.1	3704201	3705655	+	1455	11877	9295	7835	5668	5452	6980
MA_RS15560	NC_003552.1	3705929	3706279	+	351	2046	1359	996	808	1279	1219
MA_RS15570	NC_003552.1	3707001	3707654	+	654	1704	1237	957	338	1214	1598
MA_RS15585	NC_003552.1	3709189	3709434	-	246	321	250	180	76	259	304
MA_RS15590	NC_003552.1	3709883	3710107	+	225	1715	2041	2336	389	2186	2896
MA_RS15595	NC_003552.1	3710459	3711307	+	849	5158	2937	2001	1359	7165	4844
MA_RS15600	NC_003552.1	3711459	3712295	+	837	3309	1771	1396	595	6765	4832
MA_RS15605	NC_003552.1	3712309	3712716	-	408	1150	653	709	269	2393	1781
MA_RS28240	NC_003552.1	3712917	3713144	-	228	615	579	566	350	658	576
MA_RS15615	NC_003552.1	3713230	3713490	+	261	53	61	22	10	54	34
MA_RS15620	NC_003552.1	3713516	3713716	+	201	39	27	35	23	44	47
MA_RS15625	NC_003552.1	3713764	3715401	-	1638	1617	1755	1137	891	1089	1061
MA_RS15630	NC_003552.1	3715482	3716204	-	723	1428	1156	1081	813	1443	1271
MA_RS15635	NC_003552.1	3716220	3716630	-	411	788	498	396	328	239	289
MA_RS15640	NC_003552.1	3717680	3718567	+	888	8442	8008	6261	7288	7720	8235
MA_RS15645	NC_003552.1	3718775	3719692	+	918	1074	823	1047	785	686	626
MA_RS29470	NC_003552.1	3719805	3719939	-	135	25	76	14	11	90	68
MA_RS15650	NC_003552.1	3720050	3720649	+	600	12801	14676	9294	8602	14345	17023
MA_RS15655	NC_003552.1	3721618	3722352	+	735	25346	18219	11091	9849	18928	14301
MA_RS15660	NC_003552.1	3722417	3723019	-	603	5963	6473	5474	4937	15928	16801
MA_RS29475	NC_003552.1	3723016	3723138	-	123	180	271	53	30	86	83
MA_RS15665	NC_003552.1	3723223	3724905	-	1683	16708	17273	10958	8213	19402	22732
MA_RS15670	NC_003552.1	3724892	3725608	-	717	5139	5874	4399	3140	7744	9909
MA_RS15675	NC_003552.1	3725605	3726717	-	1113	9972	7857	5006	4464	10599	12281
MA_RS15680	NC_003552.1	3726743	3727561	-	819	6454	6017	3883	3843	7476	8118
MA_RS15685	NC_003552.1	3727563	3728774	-	1212	12523	10210	5043	6272	12191	12181
MA_RS15690	NC_003552.1	3728980	3729786	-	807	18937	19061	17184	20602	24390	20765
MA_RS15695	NC_003552.1	3730079	3730495	-	417	336	270	205	172	309	279
MA_RS15700	NC_003552.1	3730608	3731645	-	1038	1621	1457	1071	928	1002	892
MA_RS15705	NC_003552.1	3732198	3732389	-	192	206	175	168	200	223	171
MA_RS24715	NC_003552.1	3732479	3732769	+	291	199	183	187	209	301	401
MA_RS15710	NC_003552.1	3733156	3733401	+	246	20104	26737	28188	26980	128670	101679
MA_RS15715	NC_003552.1	3733870	3734163	+	294	2270	1835	3250	3242	2077	1533
MA_RS15720	NC_003552.1	3734404	3735195	+	792	563	488	324	311	589	450
MA_RS28865	NC_003552.1	3736215	3736358	+	144	262	218	283	260	189	237
MA_RS29480	NC_003552.1	3736514	3736984	+	471	904	723	853	739	294	422
MA_RS29485	NC_003552.1	3736971	3737381	+	411	373	375	294	206	245	271
MA_RS15730	NC_003552.1	3737662	3737952	+	291	12547	13336	15594	14471	21568	20674
MA_RS25760	NC_003552.1	3738108	3738790	-	683	3717	3162	1577	1194	2267	1716
MA_RS15745	NC_003552.1	3739179	3739661	+	483	11676	10531	10511	9223	2577	5357
MA_RS15750	NC_003552.1	3740041	3740982	+	942	7350	6742	5463	4892	2122	3626
MA_RS15755	NC_003552.1	3741243	3741869	-	627	2147	2005	1420	1101	1104	1275
MA_RS15760	NC_003552.1	3742020	3742949	-	930	10587	8764	6635	5269	9347	8766
MA_RS15765	NC_003552.1	3743030	3743680	-	651	19606	16263	14518	10609	15035	15130
MA_RS15770	NC_003552.1	3744268	3744765	+	498	5181	5004	3816	3117	3496	3730
MA_RS15775	NC_003552.1	3745410	3746447	+	1038	8976	7866	5728	4791	9016	8390
MA_RS15780	NC_003552.1	3746512	3747033	+	522	5701	5956	4936	4063	13878	12839
MA_RS15785	NC_003552.1	3747033	3747821	+	789	41474	36666	42704	30782	49255	59297
MA_RS15790	NC_003552.1	3748055	3748603	+	549	8150	6777	6188	4248	4535	5632
MA_RS15795	NC_003552.1	3748748	3748969	-	222	3889	3602	4110	3143	4651	5710
MA_RS15800	NC_003552.1	3749369	3749938	-	570	27206	25150	24846	15916	55654	44186
MA_RS15805	NC_003552.1	3749939	3751192	-	1254	58836	47706	45549	28255	124826	95568
MA_RS15810	NC_003552.1	3751601	3753439	-	1839	13038	11413	11453	10536	8792	12535
MA_RS15815	NC_003552.1	3753783	3754718	+	936	4235	3661	4044	3364	3871	4118
MA_RS15820	NC_003552.1	3754941	3756158	+	1218	18041	12185	8761	7584	6457	7343
MA_RS15825	NC_003552.1	3756181	3758037	+	1857	24647	19589	11835	9973	12799	13428
MA_RS15830	NC_003552.1	3758146	3759450	+	1305	15497	12516	9354	6797	8539	9765
MA_RS15835	NC_003552.1	3759447	3760640	+	1194	10935	8384	5426	3950	6753	7303
MA_RS15840	NC_003552.1	3760760	3761287	-	528	8928	9433	10563	8569	11934	16205
MA_RS15845	NC_003552.1	3761359	3761580	+	222	902	764	562	520	565	687
MA_RS15855	NC_003552.1	3762118	3762393	+	276	793	960	549	494	1577	1640
MA_RS15860	NC_003552.1	3762390	3762569	-	180	5594	3314	2896	1652	1385	1645
MA_RS15865	NC_003552.1	3763307	3764425	+	1119	35345	29324	29616	21825	37495	36822
MA_RS15870	NC_003552.1	3765072	3765332	+	261	10278	7947	7213	6203	5681	5105
MA_RS15875	NC_003552.1	3765588	3766505	-	918	3581	3159	2919	2394	3313	3103
MA_RS15880	NC_003552.1	3766645	3768528	-	1884	2220	1776	1972	1018	2061	2436
MA_RS15885	NC_003552.1	3768982	3769749	+	768	5355	3301	1981	2246	1426	1743
MA_RS15890	NC_003552.1	3769770	3770609	+	840	6200	4779	3355	2813	3532	3803
MA_RS29490	NC_003552.1	3771700	3771834	-	135	427	326	349	259	185	152
MA_RS15895	NC_003552.1	3772409	3773608	+	1200	14527	14223	13502	11369	6601	8348
MA_RS15900	NC_003552.1	3774240	3774467	+	228	382	307	286	200	316	342
MA_RS27305	NC_003552.1	3774512	3774688	+	177	6	8	5	4	1	2
MA_RS15905	NC_003552.1	3774883	3775941	+	1059	510	461	293	297	291	279
MA_RS15910	NC_003552.1	3776348	3777007	+	660	943	750	569	491	613	642
MA_RS15915	NC_003552.1	3777203	3778117	-	915	1748	1543	1263	746	1305	1299
MA_RS15920	NC_003552.1	3778714	3779667	+	954	17540	13204	8469	6216	13786	12562
MA_RS15925	NC_003552.1	3779792	3780556	+	765	18080	14352	10635	6720	19609	20143
MA_RS15930	NC_003552.1	3780740	3781627	-	888	29828	21595	18076	11569	41279	34279
MA_RS15935	NC_003552.1	3781609	3782415	-	807	36671	29297	27115	21861	43957	46474
MA_RS15940	NC_003552.1	3782562	3783515	+	954	21649	17964	16015	13064	6590	9026
MA_RS15945	NC_003552.1	3783508	3784419	+	912	12407	11662	11404	10025	5318	6970
MA_RS15950	NC_003552.1	3784610	3786160	+	1551	16948	14081	9507	8018	6413	9661
MA_RS15955	NC_003552.1	3786207	3787148	+	942	7163	6146	5122	4371	3427	5262
MA_RS15960	NC_003552.1	3787150	3788028	+	879	4252	3439	3252	2774	2018	3190
MA_RS15965	NC_003552.1	3788302	3788955	+	654	33256	28079	25286	14508	50407	37748
MA_RS15970	NC_003552.1	3789539	3792148	+	2610	30999	27730	25874	22056	14000	19847
MA_RS27310	NC_003552.1	3793122	3793292	-	171	142	106	115	85	144	220
MA_RS15975	NC_003552.1	3793454	3794449	-	996	380	376	265	218	430	539
MA_RS15980	NC_003552.1	3794446	3796068	-	1623	568	498	397	321	314	358
MA_RS15985	NC_003552.1	3796080	3797933	-	1854	462	398	348	241	392	401
MA_RS15990	NC_003552.1	3797967	3798683	-	717	148	129	130	61	85	75
MA_RS15995	NC_003552.1	3798685	3799158	-	474	159	143	151	66	186	111
MA_RS16000	NC_003552.1	3799163	3799636	-	474	118	129	110	61	142	110
MA_RS16005	NC_003552.1	3799721	3800392	-	672	153	118	78	43	160	143
MA_RS16010	NC_003552.1	3800466	3801038	-	573	156	150	113	81	112	95
MA_RS16015	NC_003552.1	3801050	3801697	-	648	31	31	34	19	14	10
MA_RS16020	NC_003552.1	3803098	3803910	-	813	844	933	890	918	841	943
MA_RS16025	NC_003552.1	3803901	3804563	-	663	223	240	169	75	143	161
MA_RS16030	NC_003552.1	3804560	3805162	-	603	182	273	114	89	159	204
MA_RS16035	NC_003552.1	3805155	3807803	-	2649	1672	1275	989	685	1302	1378
MA_RS16040	NC_003552.1	3807793	3808845	-	1053	317	351	267	238	324	376
MA_RS16045	NC_003552.1	3808862	3809224	-	363	110	60	49	28	31	43
MA_RS16050	NC_003552.1	3809243	3810043	-	801	193	181	115	93	239	244
MA_RS16055	NC_003552.1	3810040	3810519	-	480	215	167	204	118	176	158
MA_RS16060	NC_003552.1	3810608	3812605	-	1998	911	851	572	364	750	594
MA_RS16065	NC_003552.1	3813420	3813788	+	369	4067	2692	2345	2025	2219	1506
MA_RS16070	NC_003552.1	3814373	3815629	+	1257	15172	12423	10963	8434	8951	10822
MA_RS16075	NC_003552.1	3816152	3816370	-	219	676	602	442	347	370	330
MA_RS16080	NC_003552.1	3816808	3818577	+	1770	22643	13302	11198	6603	15705	16143
MA_RS16085	NC_003552.1	3818564	3819415	+	852	9569	6665	7201	4574	8277	8919
MA_RS16090	NC_003552.1	3819862	3820461	+	600	49	49	34	50	53	40
MA_RS16095	NC_003552.1	3820531	3821238	+	708	132	112	102	63	113	55
MA_RS16100	NC_003552.1	3821549	3822043	+	495	85	75	83	18	35	52
MA_RS16105	NC_003552.1	3822043	3822558	+	516	66	38	33	21	43	50
MA_RS16110	NC_003552.1	3822684	3823472	+	789	239	106	144	79	83	100
MA_RS16115	NC_003552.1	3823526	3825361	+	1836	724	582	456	390	570	518
MA_RS16120	NC_003552.1	3825358	3826920	+	1563	821	777	780	639	680	623
MA_RS16125	NC_003552.1	3827038	3827919	+	882	1620	1353	1146	981	1741	1541
MA_RS16135	NC_003552.1	3828455	3829729	-	1275	5495	4235	4350	3899	2410	3286
MA_RS16140	NC_003552.1	3829974	3830873	-	900	3746	3832	3089	2416	1900	1964
MA_RS16145	NC_003552.1	3831310	3833994	-	2685	10360	8687	5948	4968	5612	7535
MA_RS16155	NC_003552.1	3835344	3836306	+	963	5458	4409	2876	1679	3447	3354
MA_RS16160	NC_003552.1	3836260	3836697	+	438	893	808	872	501	553	702
MA_RS16165	NC_003552.1	3836890	3837099	+	210	885	694	786	569	598	1191
MA_RS16170	NC_003552.1	3837172	3839439	+	2268	13357	12617	11731	7435	10365	17460
MA_RS16180	NC_003552.1	3839790	3840665	+	876	12798	11031	11386	7437	19341	20439
MA_RS16185	NC_003552.1	3841261	3842259	+	999	8066	7179	6553	4960	2423	4313
MA_RS16190	NC_003552.1	3842337	3843317	+	981	2185	1831	1812	1187	919	1498
MA_RS16195	NC_003552.1	3843314	3844216	+	903	711	653	707	446	712	834
MA_RS16200	NC_003552.1	3844209	3846071	+	1863	1098	1007	791	504	548	787
MA_RS16205	NC_003552.1	3846068	3847219	+	1152	515	537	366	341	410	560
MA_RS16210	NC_003552.1	3847216	3848577	+	1362	1042	961	790	590	702	923
MA_RS16215	NC_003552.1	3848826	3849467	-	642	9987	9465	7627	5963	8911	7994
MA_RS16220	NC_003552.1	3849589	3850698	+	1110	6710	6713	8446	6886	4736	5482
MA_RS24730	NC_003552.1	3851064	3855476	+	4413	17300	16096	10333	6792	9799	13568
MA_RS16230	NC_003552.1	3855581	3856399	+	819	3460	3201	2802	936	15067	10366
MA_RS27315	NC_003552.1	3857172	3857339	+	168	1460	1311	1298	1047	1406	1405
MA_RS16240	NC_003552.1	3857637	3858101	-	465	6026	5127	4177	3403	4550	4276
MA_RS16245	NC_003552.1	3859133	3860137	+	1005	27260	23048	16265	13278	10414	12138
MA_RS16250	NC_003552.1	3861507	3861746	+	240	62663	26549	28537	7911	48693	53730
MA_RS16255	NC_003552.1	3862275	3862517	+	243	3772	2080	2138	1253	1647	1612
MA_RS16260	NC_003552.1	3862878	3864863	-	1986	4578	3821	3000	2486	2665	3776
MA_RS29495	NC_003552.1	3865059	3865190	-	132	101	60	98	31	72	40
MA_RS16265	NC_003552.1	3865215	3866804	-	1590	763	847	393	298	662	548
MA_RS16270	NC_003552.1	3867455	3867709	-	255	60	109	23	24	19	28
MA_RS16275	NC_003552.1	3867810	3868289	-	480	136	251	114	84	73	53
MA_RS16285	NC_003552.1	3868573	3868992	+	420	6742	3214	1692	1175	2636	2577
MA_RS16290	NC_003552.1	3869108	3869608	-	501	1268	1130	811	711	1283	1249
MA_RS16295	NC_003552.1	3869747	3871033	+	1287	344	291	262	204	257	275
MA_RS16300	NC_003552.1	3871970	3872506	+	537	361	312	164	76	264	274
MA_RS16305	NC_003552.1	3872796	3873818	+	1023	2761	2318	2857	2570	1361	1544
MA_RS16310	NC_003552.1	3874134	3874814	+	681	397	427	297	190	225	215
MA_RS16315	NC_003552.1	3874988	3876439	+	1452	3717	3214	3207	2493	1884	2128
MA_RS16320	NC_003552.1	3877165	3878382	+	1218	2179	1802	1265	866	1081	1334
MA_RS16325	NC_003552.1	3878876	3880135	+	1260	2575	2034	2224	1755	1238	1514
MA_RS16330	NC_003552.1	3880287	3881060	-	774	124	136	84	51	135	99
MA_RS16335	NC_003552.1	3881057	3882301	-	1245	899	935	1066	701	7208	6196
MA_RS16340	NC_003552.1	3882609	3883076	+	468	104	180	112	47	232	132
MA_RS16345	NC_003552.1	3883171	3884115	-	945	851	1129	1275	633	1629	1426
MA_RS16350	NC_003552.1	3884069	3884812	-	744	958	1380	1601	618	1650	1419
MA_RS16355	NC_003552.1	3884809	3887226	-	2418	2552	3424	2823	1611	5674	4564
MA_RS16360	NC_003552.1	3887818	3888219	+	402	5946	5032	3968	2643	8306	6105
MA_RS16370	NC_003552.1	3888942	3889352	+	411	671	580	723	492	1582	1540
MA_RS27325	NC_003552.1	3889627	3889797	+	171	104	53	88	39	178	69
MA_RS16375	NC_003552.1	3889908	3889984	-	77	64	93	66	143	168	121
MA_RS16380	NC_003552.1	3890046	3890122	-	77	945	972	1333	1599	547	744
MA_RS16385	NC_003552.1	3890350	3890421	+	72	385	411	287	264	284	377
MA_RS16390	NC_003552.1	3890533	3891027	+	495	2585	2462	1960	1416	2251	2564
MA_RS28875	NC_003552.1	3891085	3893955	-	2871	18765	14947	12015	8008	15685	16989
MA_RS16400	NC_003552.1	3894682	3895251	+	570	88	81	69	55	51	66
MA_RS16405	NC_003552.1	3895584	3896246	+	663	557	421	450	295	359	423
MA_RS16410	NC_003552.1	3896427	3896909	+	483	1313	618	105	153	239	177
MA_RS16415	NC_003552.1	3896913	3897458	+	546	3135	2434	1393	1461	1849	1783
MA_RS16420	NC_003552.1	3897603	3898091	+	489	4435	4045	2444	2121	2607	2837
MA_RS16425	NC_003552.1	3898288	3898686	+	399	2284	1846	1168	1008	1368	1583
MA_RS16430	NC_003552.1	3898826	3900004	+	1179	20628	16160	12626	10562	10603	11710
MA_RS16435	NC_003552.1	3900706	3901761	+	1056	14918	12546	15160	14239	10444	15184
MA_RS16440	NC_003552.1	3901865	3902461	+	597	979	887	911	745	1109	955
MA_RS16450	NC_003552.1	3903082	3905562	-	2481	17799	13945	11874	8995	7916	12961
MA_RS16455	NC_003552.1	3905559	3907436	-	1878	17623	13640	11641	9563	6596	12497
MA_RS16460	NC_003552.1	3907440	3908321	-	882	6988	5701	3998	2953	2785	4373
MA_RS16465	NC_003552.1	3908500	3909474	-	975	13618	10047	7455	5329	4071	5455
MA_RS16470	NC_003552.1	3909758	3910651	-	894	11948	9915	9410	6679	9263	11259
MA_RS16475	NC_003552.1	3910958	3911914	-	957	5645	3943	3525	2401	2507	3121
MA_RS16480	NC_003552.1	3912087	3912959	-	873	2367	2241	1974	1965	3620	2867
MA_RS16485	NC_003552.1	3913113	3913460	-	348	6835	5092	6841	4884	17265	15131
MA_RS16490	NC_003552.1	3913960	3915297	+	1338	2618	2050	1566	1120	3346	2280
MA_RS16495	NC_003552.1	3915507	3916370	+	864	2020	1938	1228	1008	1390	1232
MA_RS16500	NC_003552.1	3916423	3917181	+	759	1721	1343	1332	1116	1099	798
MA_RS16505	NC_003552.1	3917632	3918156	-	525	187	257	248	272	407	350
MA_RS16510	NC_003552.1	3918237	3918503	-	267	35	46	13	12	115	124
MA_RS16515	NC_003552.1	3918500	3919417	-	918	1157	865	871	797	642	644
MA_RS28880	NC_003552.1	3919642	3919782	-	141	798	664	643	382	299	323
MA_RS16520	NC_003552.1	3920088	3920456	-	369	4998	4671	6402	3242	1813	2469
MA_RS16525	NC_003552.1	3920604	3921059	-	456	4515	4551	4309	2296	2489	2953
MA_RS16530	NC_003552.1	3921294	3921638	-	345	4615	4200	3728	2699	1889	1852
MA_RS16535	NC_003552.1	3921681	3922019	-	339	6800	6648	6843	3345	2057	2221
MA_RS16545	NC_003552.1	3922462	3923121	-	660	24580	24742	27280	17246	14238	16544
MA_RS16550	NC_003552.1	3923398	3923754	+	357	4524	3751	3449	3262	4143	2806
MA_RS16555	NC_003552.1	3923806	3924477	-	672	7151	5692	4595	3979	4300	4118
MA_RS16560	NC_003552.1	3924701	3926107	+	1407	11188	8917	7831	5336	12755	11532
MA_RS16565	NC_003552.1	3926232	3927356	-	1125	5404	3490	2897	2023	6291	5063
MA_RS16570	NC_003552.1	3927809	3928537	+	729	345	318	234	242	460	296
MA_RS16575	NC_003552.1	3929439	3930263	+	825	5350	3964	3038	2425	1832	1934
MA_RS16580	NC_003552.1	3930265	3931647	+	1383	3895	3113	2288	1898	2160	2062
MA_RS16585	NC_003552.1	3931687	3932931	+	1245	5447	4355	5137	5005	2505	3670
MA_RS16590	NC_003552.1	3933308	3934621	-	1314	10445	10081	5454	5655	2527	5135
MA_RS16595	NC_003552.1	3935436	3935876	+	441	1368	831	810	492	1030	891
MA_RS28885	NC_003552.1	3935952	3937268	+	1317	2322	1442	1192	476	4328	3138
MA_RS16605	NC_003552.1	3937322	3938326	-	1005	23302	16240	21085	5864	120072	107453
MA_RS16610	NC_003552.1	3938849	3939340	-	492	174	114	159	113	142	127
MA_RS16615	NC_003552.1	3939908	3941719	-	1812	2226	1835	1772	1353	1410	1443
MA_RS16620	NC_003552.1	3942319	3943806	+	1488	756	682	640	608	393	380
MA_RS16625	NC_003552.1	3943904	3945109	-	1206	2752	2456	2049	1369	1052	1638
MA_RS16630	NC_003552.1	3945099	3945944	-	846	1929	1821	1298	820	614	984
MA_RS16635	NC_003552.1	3946024	3947487	-	1464	6517	5627	4367	2999	3639	4014
MA_RS16640	NC_003552.1	3947551	3947730	-	180	4332	2626	5230	4184	1056	2860
MA_RS24735	NC_003552.1	3948380	3949309	+	930	337	318	206	149	292	288
MA_RS16655	NC_003552.1	3949954	3950412	+	459	3029	2865	2315	1866	2064	1650
MA_RS28890	NC_003552.1	3950453	3950584	+	132	959	781	598	415	470	293
MA_RS16665	NC_003552.1	3950872	3952308	+	1437	4427	4199	3725	3226	3431	3632
MA_RS29500	NC_003552.1	3952445	3952579	+	135	822	853	568	92	1626	1874
MA_RS16670	NC_003552.1	3952721	3952906	+	186	330	299	230	44	109	154
MA_RS16680	NC_003552.1	3953868	3954266	+	399	2219	1530	1748	1370	1134	991
MA_RS16685	NC_003552.1	3954367	3955803	-	1437	60871	51698	54008	45423	30279	40773
MA_RS25780	NC_003552.1	3955853	3956023	-	171	12366	8741	6988	6195	3158	3513
MA_RS16690	NC_003552.1	3956167	3956385	-	219	6535	5680	3769	3945	3601	3361
MA_RS16700	NC_003552.1	3956923	3958266	+	1344	6578	6483	6570	7662	4913	8616
MA_RS16705	NC_003552.1	3958639	3959937	+	1299	24807	18904	16346	15000	12186	16305
MA_RS16710	NC_003552.1	3960359	3960766	-	408	236	171	166	126	283	180
MA_RS16715	NC_003552.1	3961385	3961798	-	414	3745	2126	2792	1498	2773	2696
MA_RS16720	NC_003552.1	3961899	3963200	-	1302	4439	3779	3379	2888	1697	2186
MA_RS16725	NC_003552.1	3963804	3965996	-	2193	11675	8861	8418	6841	6533	8377
MA_RS16730	NC_003552.1	3966236	3968002	-	1767	9467	7970	7305	7079	5210	7316
MA_RS16735	NC_003552.1	3968552	3968965	-	414	5587	5073	4985	4234	1817	2646
MA_RS16740	NC_003552.1	3969442	3970461	-	1020	15474	13267	12327	10745	5910	6861
MA_RS16745	NC_003552.1	3970674	3971573	-	900	3876	3155	2718	1732	3069	3852
MA_RS16750	NC_003552.1	3972228	3972893	+	666	1886	1624	1716	1620	1326	1509
MA_RS29505	NC_003552.1	3973240	3973428	+	189	138	150	172	154	333	267
MA_RS29510	NC_003552.1	3973421	3973750	+	330	69	63	37	34	115	90
MA_RS16760	NC_003552.1	3973902	3975188	-	1287	469	427	397	258	384	335
MA_RS16765	NC_003552.1	3975606	3976013	-	408	23217	24947	25678	22899	27676	40715
MA_RS16770	NC_003552.1	3976647	3976913	-	267	9159	8744	8111	8278	23699	19854
MA_RS16775	NC_003552.1	3978321	3979349	+	1029	3493	3280	3478	2898	2729	2554
MA_RS28895	NC_003552.1	3979606	3979935	+	330	303	258	471	378	136	177
MA_RS16785	NC_003552.1	3980257	3981219	+	963	1083	919	984	973	427	575
MA_RS16790	NC_003552.1	3981398	3982420	+	1023	615	583	697	433	618	675
MA_RS28900	NC_003552.1	3982554	3983084	+	531	599	575	521	371	496	594
MA_RS16800	NC_003552.1	3983312	3984304	-	993	1689	1385	1116	807	1303	1213
MA_RS27345	NC_003552.1	3984600	3984785	-	186	491	466	386	316	835	851
MA_RS25790	NC_003552.1	3985443	3986125	-	683	2807	2324	1371	1042	2071	1394
MA_RS16820	NC_003552.1	3986142	3986876	-	735	137	98	125	73	398	236
MA_RS16825	NC_003552.1	3986878	3987381	-	504	76	38	55	12	378	224
MA_RS16830	NC_003552.1	3987712	3987924	+	213	68	57	31	29	140	101
MA_RS16835	NC_003552.1	3987956	3988303	+	348	54	83	45	11	203	118
MA_RS16840	NC_003552.1	3988317	3988781	+	465	127	101	77	20	439	176
MA_RS16845	NC_003552.1	3988783	3989640	+	858	178	208	114	57	434	244
MA_RS16850	NC_003552.1	3989650	3989940	+	291	32	34	20	20	40	18
MA_RS24745	NC_003552.1	3989937	3992813	+	2877	1281	1054	803	706	1382	986
MA_RS16860	NC_003552.1	3992915	3993355	+	441	48	41	32	39	57	47
MA_RS16865	NC_003552.1	3993372	3994694	+	1323	424	411	290	187	257	237
MA_RS16870	NC_003552.1	3994761	3996173	+	1413	660	684	515	361	593	427
MA_RS16875	NC_003552.1	3996183	3996563	+	381	80	141	63	57	128	72
MA_RS16880	NC_003552.1	3996728	3996961	+	234	230	202	286	129	521	428
MA_RS16885	NC_003552.1	3997412	3997690	-	279	1075	842	959	783	872	1014
MA_RS16890	NC_003552.1	3998154	3998543	+	390	768	566	511	342	511	445
MA_RS16895	NC_003552.1	3998708	3999217	-	510	1956	1472	1107	709	1908	1732
MA_RS16900	NC_003552.1	3999683	4000027	+	345	108	68	96	29	51	26
MA_RS16905	NC_003552.1	4000122	4000535	-	414	5283	4371	5400	4437	2025	2178
MA_RS16915	NC_003552.1	4001183	4001716	-	534	1565	1010	504	532	485	478
MA_RS16920	NC_003552.1	4001796	4003316	-	1521	17619	13298	11213	8178	9194	10613
MA_RS16925	NC_003552.1	4003751	4004626	-	876	3034	2657	3019	2508	2246	2795
MA_RS16930	NC_003552.1	4005101	4005310	-	210	2335	1523	2394	1493	663	724
MA_RS16935	NC_003552.1	4006355	4006576	-	222	1904	2071	2469	2126	9593	9622
MA_RS16940	NC_003552.1	4007726	4008895	-	1170	7605	6909	6041	4119	6270	6570
MA_RS16945	NC_003552.1	4009011	4010162	-	1152	16115	13691	13923	9813	13393	14866
MA_RS16950	NC_003552.1	4010394	4010657	-	264	104	168	83	67	78	64
MA_RS16955	NC_003552.1	4011141	4012598	+	1458	6458	4279	3042	3009	2764	2783
MA_RS27350	NC_003552.1	4013843	4013998	-	156	19	17	26	18	17	17
MA_RS29830	NC_003552.1	4013986	4014198	-	213	26	11	19	10	67	42
MA_RS16965	NC_003552.1	4014549	4015529	-	981	27687	18831	16791	11002	20746	19834
MA_RS16970	NC_003552.1	4015756	4016457	+	702	10589	6826	9643	8177	6064	6663
MA_RS16975	NC_003552.1	4016558	4017610	-	1053	3779	3337	2758	2718	8993	8762
MA_RS16980	NC_003552.1	4017775	4017954	+	180	71	123	66	75	68	53
MA_RS16985	NC_003552.1	4018164	4018502	-	339	596	550	369	275	437	502
MA_RS16990	NC_003552.1	4018727	4019743	-	1017	2248	1814	1552	1291	1588	1635
MA_RS17000	NC_003552.1	4020519	4020908	-	390	898	804	851	655	1146	937
MA_RS17005	NC_003552.1	4021451	4022233	+	783	904	658	493	349	538	469
MA_RS17010	NC_003552.1	4022524	4023711	-	1188	3342	3321	2758	2291	4160	3656
MA_RS17015	NC_003552.1	4024641	4025045	+	405	8952	7399	8052	6182	4895	4464
MA_RS17020	NC_003552.1	4025609	4026325	-	717	1320	1074	870	684	636	630
MA_RS17025	NC_003552.1	4026327	4026824	-	498	387	321	229	180	254	258
MA_RS17030	NC_003552.1	4027135	4028328	+	1194	5232	2877	1805	1317	4190	2852
MA_RS29515	NC_003552.1	4028318	4028446	+	129	26	9	1	0	13	2
MA_RS17035	NC_003552.1	4028484	4028864	+	381	1541	1192	1329	946	2108	1776
MA_RS27355	NC_003552.1	4030490	4030648	-	159	154	111	77	60	52	45
MA_RS24750	NC_003552.1	4031131	4032540	+	1410	2582	2927	2602	2369	1810	2361
MA_RS17045	NC_003552.1	4032537	4033394	+	858	1265	1130	644	651	338	506
MA_RS17050	NC_003552.1	4033545	4034519	+	975	2315	1753	1445	1493	1365	1860
MA_RS17060	NC_003552.1	4034862	4035209	+	348	4777	4289	3038	2993	3484	2702
MA_RS17065	NC_003552.1	4035322	4036572	+	1251	7852	6595	4121	3934	3670	4482
MA_RS17070	NC_003552.1	4036752	4038068	+	1317	8006	7140	7448	5471	5468	5202
MA_RS28905	NC_003552.1	4038330	4038674	-	345	1423	1141	965	713	679	757
MA_RS28910	NC_003552.1	4038763	4039476	-	714	1197	1252	909	661	756	792
MA_RS28915	NC_003552.1	4039700	4040179	-	480	1406	1149	1307	1014	2100	1336
MA_RS17090	NC_003552.1	4040221	4041486	-	1266	386	426	318	247	343	260
MA_RS17095	NC_003552.1	4041577	4042056	-	480	36	55	27	34	11	28
MA_RS17100	NC_003552.1	4042338	4042802	+	465	83	68	60	55	45	45
MA_RS17105	NC_003552.1	4042885	4043472	-	588	178	244	143	137	133	130
MA_RS27360	NC_003552.1	4044056	4044232	-	177	1214	1197	1477	1446	1492	1712
MA_RS17110	NC_003552.1	4044545	4046149	-	1605	24799	20827	19522	14275	12291	15620
MA_RS17115	NC_003552.1	4046751	4047488	-	738	8273	6741	6674	5160	6601	6554
MA_RS17120	NC_003552.1	4047503	4047685	-	183	2479	2367	1596	1183	2433	2346
MA_RS17125	NC_003552.1	4048445	4050319	+	1875	4434	3505	2603	2695	1648	2168
MA_RS17130	NC_003552.1	4050333	4050848	+	516	1495	1432	1163	1205	599	776
MA_RS17135	NC_003552.1	4051470	4051928	+	459	6999	3567	2613	2309	5862	3403
MA_RS17140	NC_003552.1	4052174	4053112	+	939	3607	2976	3013	1861	4620	3834
MA_RS17145	NC_003552.1	4054283	4054735	+	453	622	450	260	176	440	428
MA_RS17150	NC_003552.1	4054908	4056218	-	1311	24106	21223	19192	15448	12471	20995
MA_RS17155	NC_003552.1	4056220	4057560	-	1341	21129	19674	18359	15926	15413	23539
MA_RS17160	NC_003552.1	4057563	4059695	-	2133	78784	65950	65697	60763	51892	71879
MA_RS17165	NC_003552.1	4060152	4060916	+	765	3527	2878	2332	2033	1731	1665
MA_RS17170	NC_003552.1	4060937	4061377	-	441	1392	892	800	697	890	811
MA_RS17175	NC_003552.1	4061901	4062671	+	771	1637	1403	1084	844	506	365
MA_RS24755	NC_003552.1	4062907	4065069	+	2163	5193	4202	2340	3277	2269	2118
MA_RS17185	NC_003552.1	4065071	4067065	+	1995	3364	3382	2094	2237	2665	2734
MA_RS17190	NC_003552.1	4067628	4067837	-	210	1294	1107	1434	998	507	518
MA_RS17195	NC_003552.1	4068167	4068631	+	465	2547	2425	2191	1672	3362	2666
MA_RS17200	NC_003552.1	4068958	4070208	+	1251	3705	4114	2969	2044	6837	4444
MA_RS17205	NC_003552.1	4070349	4071512	+	1164	1792	2256	1889	1216	3196	2246
MA_RS17210	NC_003552.1	4072252	4073568	-	1317	5717	4412	3632	3508	4467	4809
MA_RS17215	NC_003552.1	4074007	4074080	+	74	383	450	641	821	418	203
MA_RS17220	NC_003552.1	4074217	4074291	+	75	67	98	93	132	46	37
MA_RS17225	NC_003552.1	4074315	4074386	+	72	86	126	196	307	84	29
MA_RS17230	NC_003552.1	4074451	4074524	+	74	556	765	1045	1211	323	123
MA_RS17235	NC_003552.1	4074661	4074735	+	75	50	48	54	48	25	9
MA_RS17240	NC_003552.1	4074766	4074837	+	72	194	148	356	308	74	26
MA_RS29520	NC_003552.1	4075334	4075462	+	129	22665	15624	20307	16168	30057	14989
MA_RS17245	NC_003552.1	4075459	4075671	+	213	6658	7612	7065	8470	59510	33180
MA_RS17250	NC_003552.1	4076053	4076202	+	150	1452	1751	1130	785	2454	2720
MA_RS17255	NC_003552.1	4076285	4076683	-	399	73137	68398	57706	41477	70474	97379
MA_RS17260	NC_003552.1	4077654	4078715	-	1062	3371	2823	2809	2271	1678	2571
MA_RS17265	NC_003552.1	4078740	4079759	-	1020	4610	3674	3221	2822	1919	2824
MA_RS17270	NC_003552.1	4080074	4080601	+	528	2350	2245	2051	1820	1696	1822
MA_RS17275	NC_003552.1	4080715	4081278	+	564	2457	2017	2189	1801	842	884
MA_RS17280	NC_003552.1	4082139	4082465	+	327	321	298	166	141	104	87
MA_RS17285	NC_003552.1	4082468	4083787	+	1320	22501	14409	9729	8406	7660	9050
MA_RS17290	NC_003552.1	4083894	4084802	+	909	30995	24958	22756	19393	14442	18043
MA_RS17295	NC_003552.1	4085009	4085093	+	85	230	185	167	154	122	113
MA_RS25805	NC_003552.1	4085189	4085871	+	683	306	218	216	147	314	197
MA_RS17310	NC_003552.1	4085987	4087639	+	1653	1126	1089	869	850	940	1186
MA_RS28920	NC_003552.1	4087984	4088184	+	201	627	514	826	759	366	749
MA_RS17315	NC_003552.1	4088181	4089269	+	1089	964	729	713	629	591	684
MA_RS17320	NC_003552.1	4089772	4090179	+	408	320	272	326	248	253	267
MA_RS25815	NC_003552.1	4090228	4090404	-	177	129	80	62	42	39	45
MA_RS17325	NC_003552.1	4090840	4091982	+	1143	15737	15454	12887	12112	13292	12303
MA_RS28090	NC_003552.1	4092248	4092388	-	141	6483	5965	2622	3526	12210	11512
MA_RS17335	NC_003552.1	4092873	4093244	+	372	4944	3944	3275	2388	3395	3069
MA_RS17340	NC_003552.1	4093414	4093659	+	246	2743	2224	2021	1438	1819	1955
MA_RS17350	NC_003552.1	4094503	4095105	+	603	52535	46692	52027	28679	86306	94026
MA_RS17355	NC_003552.1	4095206	4097218	-	2013	12129	11064	11527	6690	12738	15445
MA_RS17360	NC_003552.1	4097327	4098877	-	1551	8583	8669	6639	4285	7316	8125
MA_RS17365	NC_003552.1	4099022	4102003	-	2982	21380	18207	16260	11332	19099	20954
MA_RS17370	NC_003552.1	4103011	4104255	+	1245	937	1215	1812	882	11671	10613
MA_RS17375	NC_003552.1	4104252	4105025	+	774	111	107	92	43	115	78
MA_RS17380	NC_003552.1	4105285	4106184	+	900	9509	9263	6996	6125	12361	10823
MA_RS17385	NC_003552.1	4106672	4106881	-	210	1179	835	958	961	1595	1875
MA_RS17390	NC_003552.1	4107698	4108132	-	435	84	85	80	74	83	56
MA_RS17395	NC_003552.1	4108455	4110347	-	1893	1244	1054	1420	881	1088	1286
MA_RS27370	NC_003552.1	4112130	4112294	+	165	783	640	906	633	947	1265
MA_RS17400	NC_003552.1	4112515	4114851	+	2337	5885	4534	4258	2843	3815	4841
MA_RS17405	NC_003552.1	4115174	4117471	+	2298	14268	10888	7631	5448	4729	7716
MA_RS27970	NC_003552.1	4117720	4117872	+	153	1925	1434	1584	1619	2018	2316
MA_RS17410	NC_003552.1	4117915	4118400	+	486	11919	11276	9432	8145	14893	13946
MA_RS17425	NC_003552.1	4120235	4121842	-	1608	664	606	565	430	416	483
MA_RS17430	NC_003552.1	4122739	4123704	-	966	4886	3234	1453	1260	1595	2435
MA_RS17435	NC_003552.1	4123846	4124655	-	810	3109	3121	1794	1469	1789	2597
MA_RS17440	NC_003552.1	4124927	4125106	-	180	7338	4765	3979	3453	2988	3620
MA_RS17445	NC_003552.1	4125718	4126935	-	1218	16499	11791	12203	10737	13689	13059
MA_RS17450	NC_003552.1	4127344	4128171	-	828	14141	10376	10293	8114	12368	16458
MA_RS17455	NC_003552.1	4128173	4128976	-	804	15898	12393	9584	8026	13432	14695
MA_RS17460	NC_003552.1	4129117	4130124	-	1008	68543	49969	42540	38269	46053	59593
MA_RS17465	NC_003552.1	4130863	4132884	-	2022	4353	3355	2498	1918	2548	2757
MA_RS17470	NC_003552.1	4133305	4134123	-	819	8268	5968	5911	4664	3623	4651
MA_RS17475	NC_003552.1	4134664	4135251	-	588	3741	3183	3350	2400	6185	6170
MA_RS17480	NC_003552.1	4135350	4136297	-	948	2911	2052	1749	1222	2535	3429
MA_RS25820	NC_003552.1	4136818	4137387	-	570	2579	1951	1896	1136	2006	2739
MA_RS17490	NC_003552.1	4137842	4138378	-	537	4077	2991	2553	1337	4157	5845
MA_RS17505	NC_003552.1	4140043	4140816	-	774	132	122	84	69	145	178
MA_RS17510	NC_003552.1	4140813	4142057	-	1245	757	810	1008	656	7054	6089
MA_RS29675	NC_003552.1	4143302	4143463	+	162	258	263	114	81	513	513
MA_RS27975	NC_003552.1	4143856	4144062	+	207	6796	3312	2070	1025	9644	9284
MA_RS17520	NC_003552.1	4144268	4144834	-	567	30981	13881	10350	4084	40177	43246
MA_RS17525	NC_003552.1	4145879	4146724	+	846	13255	10740	9488	8067	14212	14313
MA_RS17530	NC_003552.1	4146834	4147619	-	786	7439	6251	5467	4527	5710	7217
MA_RS17535	NC_003552.1	4147616	4148698	-	1083	12121	9007	7136	5753	5740	8196
MA_RS17540	NC_003552.1	4149667	4149855	-	189	1001	1148	837	632	2827	3749
MA_RS17545	NC_003552.1	4150204	4151085	-	882	6206	5339	4774	3744	5298	4726
MA_RS17550	NC_003552.1	4151276	4152388	-	1113	23120	22954	15333	10877	33552	21289
MA_RS17560	NC_003552.1	4153088	4154605	+	1518	2108	1818	2188	1375	1641	1642
MA_RS17565	NC_003552.1	4155441	4156466	+	1026	4605	4051	3787	2942	8421	7767
MA_RS17570	NC_003552.1	4156509	4156787	-	279	560	556	622	594	1199	833
MA_RS25835	NC_003552.1	4157233	4161576	+	4344	45004	24136	31175	14642	62171	48333
MA_RS17580	NC_003552.1	4162200	4163939	+	1740	14673	13186	9195	8606	9007	9163
MA_RS24765	NC_003552.1	4164504	4167884	+	3381	3853	3154	2839	2299	2937	2651
MA_RS17590	NC_003552.1	4167998	4168489	-	492	1384	985	715	586	1407	1035
MA_RS17595	NC_003552.1	4168769	4169398	-	630	2503	1925	2056	1743	2834	2440
MA_RS17605	NC_003552.1	4169891	4171552	+	1662	4555	3962	3037	2980	2841	3216
MA_RS25840	NC_003552.1	4171715	4172397	-	683	1132	1013	704	511	741	538
MA_RS17620	NC_003552.1	4172585	4172860	+	276	97	87	113	77	113	92
MA_RS17625	NC_003552.1	4173579	4175303	+	1725	1231	1106	1244	964	970	1103
MA_RS17630	NC_003552.1	4175534	4175815	-	282	9083	7976	8836	9080	4189	4646
MA_RS27385	NC_003552.1	4175976	4176140	-	165	253	147	158	153	79	93
MA_RS17635	NC_003552.1	4176650	4177969	-	1320	1449	1200	1063	632	1893	2409
MA_RS17640	NC_003552.1	4178279	4179148	+	870	1266	1240	1297	894	1182	1284
MA_RS17645	NC_003552.1	4179205	4180386	-	1182	1432	1280	1519	1212	1802	1810
MA_RS17650	NC_003552.1	4180820	4182340	+	1521	46992	55284	29884	37569	11845	16488
MA_RS17655	NC_003552.1	4182760	4183080	-	321	3497	2536	2535	1920	1642	1984
MA_RS27390	NC_003552.1	4183089	4183310	-	222	1887	1154	925	727	519	670
MA_RS17665	NC_003552.1	4183734	4184420	+	687	42	71	25	20	40	49
MA_RS28930	NC_003552.1	4184814	4185341	+	528	49	62	43	16	76	47
MA_RS17675	NC_003552.1	4185724	4186977	-	1254	3475	3123	2480	1821	4146	3589
MA_RS17680	NC_003552.1	4187242	4188516	+	1275	6489	5306	4038	3550	4220	4370
MA_RS17685	NC_003552.1	4188616	4189404	-	789	5039	4989	4615	3964	2742	2982
MA_RS17690	NC_003552.1	4189707	4192769	+	3063	4833	3753	3195	2566	4024	4079
MA_RS17695	NC_003552.1	4192845	4193162	+	318	553	393	246	174	241	269
MA_RS17700	NC_003552.1	4193555	4193740	+	186	386	277	154	136	315	373
MA_RS17705	NC_003552.1	4194107	4194841	-	735	523	430	296	275	205	255
MA_RS17710	NC_003552.1	4194877	4195659	-	783	839	843	851	813	1377	1129
MA_RS17720	NC_003552.1	4196570	4198987	+	2418	14553	12853	12094	8188	4468	10220
MA_RS17725	NC_003552.1	4199079	4199771	+	693	1515	1584	1262	922	424	1372
MA_RS17730	NC_003552.1	4199826	4200647	+	822	3490	2976	2107	1514	901	1932
MA_RS17735	NC_003552.1	4200644	4201759	+	1116	3542	3588	3725	3091	1326	3622
MA_RS17745	NC_003552.1	4202439	4203377	-	939	649	563	460	290	819	679
MA_RS17750	NC_003552.1	4203378	4204424	-	1047	1839	1450	1222	664	2043	1605
MA_RS17755	NC_003552.1	4204779	4205276	+	498	744	618	555	354	794	755
MA_RS17760	NC_003552.1	4205412	4205774	+	363	1097	1015	1002	707	1694	1332
MA_RS27395	NC_003552.1	4206119	4206274	-	156	1939	1091	917	584	615	572
MA_RS17765	NC_003552.1	4206480	4207034	+	555	689	611	364	478	430	335
MA_RS17770	NC_003552.1	4207219	4207398	-	180	1106	846	652	635	267	248
MA_RS17775	NC_003552.1	4207535	4208299	-	765	1851	1587	1704	1423	1494	1492
MA_RS17780	NC_003552.1	4208576	4210861	-	2286	2551	1965	1687	1234	1314	1389
MA_RS17785	NC_003552.1	4211729	4212007	-	279	11768	10571	10250	9224	8401	7734
MA_RS17790	NC_003552.1	4212213	4212686	+	474	1771	1616	1905	1711	1935	1715
MA_RS17795	NC_003552.1	4213024	4215432	+	2409	113061	56443	35171	21875	90930	76567
MA_RS17800	NC_003552.1	4215701	4215895	+	195	19061	13820	13242	10092	22616	24783
MA_RS17805	NC_003552.1	4216405	4217676	+	1272	19326	18208	18033	13886	18087	21476
MA_RS17810	NC_003552.1	4217735	4218373	-	639	3749	3468	3650	3140	6947	6526
MA_RS17815	NC_003552.1	4218710	4218910	+	201	1814	1428	1102	710	1599	1669
MA_RS27405	NC_003552.1	4218927	4219085	-	159	1126	994	860	568	2262	1973
MA_RS17825	NC_003552.1	4219624	4220040	+	417	130	128	117	69	147	95
MA_RS17830	NC_003552.1	4220142	4220411	+	270	261	211	196	183	134	97
MA_RS17835	NC_003552.1	4220480	4221142	-	663	2056	1578	1648	1421	2353	1768
MA_RS17840	NC_003552.1	4221402	4222013	-	612	33948	24665	19259	17712	6987	8865
MA_RS17845	NC_003552.1	4222732	4225041	-	2310	6051	5260	3869	2949	5775	5078
MA_RS17850	NC_003552.1	4225232	4225492	+	261	840	700	505	356	741	742
MA_RS17855	NC_003552.1	4225583	4226425	-	843	17954	14405	14247	10431	14261	15073
MA_RS17860	NC_003552.1	4226499	4226798	-	300	9592	4739	3457	2041	1988	2315
MA_RS25855	NC_003552.1	4227273	4227431	+	159	182	160	160	91	194	149
MA_RS25860	NC_003552.1	4227527	4227682	-	156	97	88	58	67	149	121
MA_RS25865	NC_003552.1	4227865	4228017	-	153	46	86	32	23	66	57
MA_RS17870	NC_003552.1	4227956	4228285	-	330	335	275	287	301	714	618
MA_RS17875	NC_003552.1	4228546	4229478	+	933	3387	2668	1782	1358	1479	2004
MA_RS25870	NC_003552.1	4229506	4229676	+	171	630	533	439	236	192	205
MA_RS17880	NC_003552.1	4229746	4230369	-	624	2950	2514	2107	1352	2044	2096
MA_RS17885	NC_003552.1	4230362	4230733	-	372	1376	983	573	443	966	1064
MA_RS17890	NC_003552.1	4231049	4231519	-	471	2293	1967	1889	1716	2496	2201
MA_RS17895	NC_003552.1	4231676	4231990	-	315	272	233	182	221	791	482
MA_RS17900	NC_003552.1	4232597	4234789	+	2193	4268	3654	3781	3027	2089	2776
MA_RS17905	NC_003552.1	4234953	4235192	-	240	870	753	506	514	800	924
MA_RS17910	NC_003552.1	4235341	4236678	-	1338	13260	10632	9722	7718	6708	7795
MA_RS17915	NC_003552.1	4237655	4238428	-	774	476	394	275	237	394	400
MA_RS29525	NC_003552.1	4240273	4240407	+	135	9	5	4	2	2	3
MA_RS17925	NC_003552.1	4240739	4240810	+	72	56	41	55	119	36	50
MA_RS17935	NC_003552.1	4241130	4242080	-	951	1088	868	708	577	1488	1321
MA_RS17940	NC_003552.1	4242276	4243091	+	816	9730	8778	9600	8830	11025	11166
MA_RS17945	NC_003552.1	4243091	4243429	+	339	637	681	814	1028	1843	1808
MA_RS17950	NC_003552.1	4243519	4244376	+	858	2425	1557	1014	722	911	944
MA_RS17955	NC_003552.1	4244421	4245488	-	1068	1593	1071	861	535	899	998
MA_RS17960	NC_003552.1	4245761	4246270	-	510	1924	1550	1631	1324	3347	2946
MA_RS27410	NC_003552.1	4246484	4246960	-	477	2094	1733	1520	1260	1311	1308
MA_RS17975	NC_003552.1	4248370	4249350	+	981	1059	1411	673	828	454	530
MA_RS17980	NC_003552.1	4249381	4250268	+	888	877	1078	672	755	639	785
MA_RS17985	NC_003552.1	4250357	4250536	-	180	50	49	44	47	35	63
MA_RS17990	NC_003552.1	4250720	4251829	+	1110	3606	2882	3093	2987	2132	2134
MA_RS17995	NC_003552.1	4252153	4253205	+	1053	5028	3686	3519	3723	2386	3021
MA_RS18000	NC_003552.1	4253913	4254275	-	363	136	116	63	52	98	84
MA_RS18005	NC_003552.1	4254467	4255495	+	1029	1202	1072	1082	866	793	916
MA_RS18010	NC_003552.1	4255870	4256634	+	765	7155	4659	1606	1818	2392	2549
MA_RS18015	NC_003552.1	4256782	4257411	+	630	7991	7413	3393	3273	5530	7761
MA_RS18020	NC_003552.1	4257411	4258685	+	1275	38741	33079	25163	20926	18969	29239
MA_RS18025	NC_003552.1	4258734	4259828	+	1095	13882	15569	13589	12540	16270	25985
MA_RS27415	NC_003552.1	4259848	4259991	+	144	58	55	11	7	14	19
MA_RS18030	NC_003552.1	4259985	4260764	+	780	6548	4838	3266	3489	3866	5707
MA_RS18035	NC_003552.1	4261079	4261264	+	186	1824	1638	1352	1134	9390	4496
MA_RS18040	NC_003552.1	4262067	4262825	-	759	5273	4045	3409	2665	2929	3498
MA_RS18045	NC_003552.1	4262837	4264453	-	1617	10942	8866	6142	6026	6213	8008
MA_RS18050	NC_003552.1	4264481	4265446	-	966	3064	2443	1585	1594	2011	2427
MA_RS18055	NC_003552.1	4265458	4266270	-	813	3161	2433	1589	1537	1756	1979
MA_RS18060	NC_003552.1	4266254	4267123	-	870	5123	4055	3069	3004	2229	2679
MA_RS18065	NC_003552.1	4267136	4268065	-	930	7079	5666	3548	2886	3901	4303
MA_RS18070	NC_003552.1	4268347	4269096	-	750	14966	11715	7696	6198	8748	8548
MA_RS18075	NC_003552.1	4269957	4270346	-	390	23	78	20	5	47	38
MA_RS18080	NC_003552.1	4270669	4272243	+	1575	31099	24972	14630	15715	13983	19054
MA_RS18085	NC_003552.1	4272267	4273208	+	942	13850	14692	12975	13262	13004	17738
MA_RS18090	NC_003552.1	4273192	4274091	+	900	9870	9526	8423	7610	4531	7323
MA_RS18095	NC_003552.1	4274088	4275119	+	1032	7179	6766	5370	4842	3686	5316
MA_RS18100	NC_003552.1	4275107	4275805	+	699	2777	3131	1989	1735	2723	3626
MA_RS18105	NC_003552.1	4276107	4277201	+	1095	4226	3933	2204	2106	2304	2885
MA_RS18110	NC_003552.1	4277493	4277657	-	165	2485	2404	1434	939	1413	1775
MA_RS18115	NC_003552.1	4277937	4279088	+	1152	21936	18431	16144	11477	11082	14016
MA_RS18120	NC_003552.1	4279368	4279850	-	483	14269	9240	8384	7002	11412	7992
MA_RS18125	NC_003552.1	4280294	4280620	-	327	36558	23629	28228	21307	67879	52911
MA_RS24770	NC_003552.1	4282879	4295529	-	12651	17924	13976	12458	10058	10777	12104
MA_RS18150	NC_003552.1	4295936	4296760	-	825	2797	1703	1282	821	5952	3081
MA_RS27420	NC_003552.1	4296888	4297052	-	165	3035	1075	243	195	606	306
MA_RS18155	NC_003552.1	4297696	4299429	-	1734	2957	2551	2341	2764	2467	2383
MA_RS18160	NC_003552.1	4299445	4301181	-	1737	1493	1384	1278	2061	2709	2696
MA_RS18165	NC_003552.1	4302118	4302429	-	312	712	666	458	1168	2109	1670
MA_RS18170	NC_003552.1	4302429	4302884	-	456	585	541	429	798	1055	1069
MA_RS18175	NC_003552.1	4302898	4304895	-	1998	4893	5026	5308	11058	23314	20554
MA_RS18180	NC_003552.1	4304888	4305130	-	243	662	412	384	532	686	604
MA_RS18185	NC_003552.1	4305144	4305392	-	249	4114	2734	2853	3716	2548	2139
MA_RS18190	NC_003552.1	4305708	4306040	+	333	273	208	203	173	205	168
MA_RS18195	NC_003552.1	4306548	4308644	-	2097	2454	1623	1581	1158	1940	1614
MA_RS18200	NC_003552.1	4308896	4309954	+	1059	14781	10664	9534	6171	19888	16603
MA_RS18210	NC_003552.1	4310451	4310972	-	522	3294	2918	2827	2066	2713	2214
MA_RS18215	NC_003552.1	4311140	4311454	-	315	2892	3063	2442	2503	4060	2697
MA_RS18220	NC_003552.1	4311675	4312022	-	348	1314	824	388	598	551	373
MA_RS18225	NC_003552.1	4312106	4312891	-	786	1873	1734	2133	1512	2166	1752
MA_RS18230	NC_003552.1	4313773	4314552	+	780	1894	1648	1614	1164	2092	2086
MA_RS27425	NC_003552.1	4314558	4314698	+	141	268	240	489	270	805	845
MA_RS25880	NC_003552.1	4315028	4315918	+	891	2332	1570	1827	1844	1239	1316
MA_RS29835	NC_003552.1	4321068	4321610	-	543	5940	6118	4879	3369	4699	6717
MA_RS18245	NC_003552.1	4322717	4323376	-	660	1087	1270	586	540	791	947
MA_RS18250	NC_003552.1	4323426	4323959	-	534	1561	1449	1050	1283	773	1012
MA_RS18255	NC_003552.1	4324668	4325804	+	1137	2232	2159	1683	1683	1734	1752
MA_RS18260	NC_003552.1	4326496	4327782	+	1287	234	249	211	208	263	205
MA_RS18265	NC_003552.1	4327963	4328154	+	192	81	75	46	63	93	98
MA_RS18270	NC_003552.1	4328285	4329073	+	789	1599	1256	1168	837	755	917
MA_RS18275	NC_003552.1	4329656	4330816	+	1161	2429	1907	1637	1507	2066	1760
MA_RS18280	NC_003552.1	4331551	4332102	-	552	30612	26114	25299	17693	11231	14337
MA_RS18285	NC_003552.1	4332323	4334374	-	2052	26032	22352	12299	11435	19872	17493
MA_RS18290	NC_003552.1	4334745	4336667	-	1923	3477	3218	2860	2249	3554	3679
MA_RS18295	NC_003552.1	4337027	4337215	+	189	46	67	44	26	257	164
MA_RS18300	NC_003552.1	4337212	4337493	+	282	163	199	204	108	392	265
MA_RS18305	NC_003552.1	4337841	4338578	+	738	1602	1281	810	652	1035	799
MA_RS18310	NC_003552.1	4338617	4340170	-	1554	4038	2979	2781	2257	1753	1543
MA_RS18325	NC_003552.1	4341627	4342400	-	774	407	373	251	217	299	270
MA_RS18330	NC_003552.1	4342397	4343641	-	1245	2557	2802	4398	3208	16006	16963
MA_RS18340	NC_003552.1	4345284	4345715	-	432	694	733	461	398	493	432
MA_RS18345	NC_003552.1	4346148	4346792	+	645	619	618	403	288	337	242
MA_RS18355	NC_003552.1	4348062	4348868	-	807	3247	3140	4104	4187	1656	1981
MA_RS18360	NC_003552.1	4349120	4349932	-	813	2257	1688	1343	973	1520	1643
MA_RS18370	NC_003552.1	4350294	4351172	-	879	20917	19982	21580	17346	18278	18743
MA_RS18375	NC_003552.1	4351197	4351811	-	615	4666	4473	5117	4484	4585	5268
MA_RS18380	NC_003552.1	4351814	4353040	-	1227	14507	13243	13342	9842	9053	11972
MA_RS18390	NC_003552.1	4354473	4355345	-	873	7482	6186	5431	5124	3697	5611
MA_RS18395	NC_003552.1	4355362	4356600	-	1239	14136	11221	9834	8285	5046	7286
MA_RS27435	NC_003552.1	4356870	4357202	+	333	1422	1383	978	718	1007	1011
MA_RS18400	NC_003552.1	4357221	4357829	-	609	5742	4551	3718	3026	2302	2278
MA_RS18405	NC_003552.1	4358028	4358213	+	186	618	620	418	286	824	642
MA_RS18410	NC_003552.1	4358429	4359415	-	987	34171	26267	25915	18977	40055	35305
MA_RS18415	NC_003552.1	4359569	4360855	+	1287	5717	4521	4435	3568	2809	3497
MA_RS18420	NC_003552.1	4360928	4361743	-	816	4495	3388	3302	2542	1874	2546
MA_RS18425	NC_003552.1	4362400	4364760	+	2361	51247	36836	25670	22710	25928	24848
MA_RS18430	NC_003552.1	4364937	4365191	+	255	18396	14604	11731	9993	6742	8250
MA_RS18445	NC_003552.1	4367611	4368078	+	468	760	477	191	160	162	160
MA_RS28945	NC_003552.1	4368097	4368294	+	198	239	189	113	90	93	85
MA_RS18450	NC_003552.1	4368371	4369192	+	822	1789	1262	697	661	880	867
MA_RS18455	NC_003552.1	4369251	4369592	+	342	511	358	203	168	216	240
MA_RS18460	NC_003552.1	4369749	4370474	+	726	717	568	450	315	457	552
MA_RS18465	NC_003552.1	4370564	4371088	+	525	376	354	250	242	297	402
MA_RS28095	NC_003552.1	4372039	4372194	+	156	314	219	112	116	191	208
MA_RS18475	NC_003552.1	4373078	4373428	+	351	554	369	234	193	204	224
MA_RS18480	NC_003552.1	4373508	4374032	-	525	868	714	571	502	911	785
MA_RS18485	NC_003552.1	4374398	4374895	+	498	387	330	247	245	293	306
MA_RS27440	NC_003552.1	4375078	4375215	+	138	26	20	8	8	19	7
MA_RS18490	NC_003552.1	4375212	4375481	+	270	40	82	8	12	54	45
MA_RS18495	NC_003552.1	4375670	4376635	+	966	2126	1897	1212	941	1265	1135
MA_RS18500	NC_003552.1	4376853	4380035	-	3183	9679	7641	7148	6404	7605	8460
MA_RS24775	NC_003552.1	4380273	4382156	-	1884	3294	2637	1826	1312	2925	2479
MA_RS18510	NC_003552.1	4382665	4383345	-	681	7237	6488	5279	2823	14664	11406
MA_RS18515	NC_003552.1	4383412	4384389	-	978	56535	47523	47701	32017	58400	51678
MA_RS18520	NC_003552.1	4384686	4385156	+	471	1533	1575	1550	1931	1108	1250
MA_RS18525	NC_003552.1	4385227	4385559	+	333	3226	2907	1769	1587	2353	2239
MA_RS18530	NC_003552.1	4385729	4386562	+	834	3148	2812	2879	2403	2768	3116
MA_RS18535	NC_003552.1	4386697	4387737	-	1041	1421	1256	771	740	1442	1512
MA_RS18540	NC_003552.1	4388167	4388484	-	318	824	552	319	210	1254	681
MA_RS27445	NC_003552.1	4388529	4388708	+	180	10	6	6	2	11	13
MA_RS18545	NC_003552.1	4388806	4390167	-	1362	3603	3143	3399	2424	3620	4134
MA_RS18550	NC_003552.1	4390179	4390961	-	783	1473	1307	1474	1195	1665	2022
MA_RS18555	NC_003552.1	4391075	4391413	-	339	311	211	153	102	247	243
MA_RS18560	NC_003552.1	4391410	4392117	-	708	1227	840	940	825	888	1090
MA_RS18565	NC_003552.1	4393034	4393495	-	462	1175	1005	811	742	1653	1791
MA_RS18570	NC_003552.1	4393762	4396350	-	2589	97643	71496	52344	38245	84779	93172
MA_RS18585	NC_003552.1	4398038	4399402	+	1365	3369	2812	2866	2109	1710	1757
MA_RS18590	NC_003552.1	4399565	4403035	+	3471	2718	2616	2043	1600	1845	2216
MA_RS18595	NC_003552.1	4403068	4403916	-	849	7997	6330	5652	3531	3111	4189
MA_RS18600	NC_003552.1	4403903	4405333	-	1431	17725	12874	11602	6480	10397	15858
MA_RS18605	NC_003552.1	4405536	4407011	-	1476	28979	21521	21954	15051	26756	34819
MA_RS18610	NC_003552.1	4407353	4408540	-	1188	15846	14420	10941	11060	16786	18865
MA_RS18615	NC_003552.1	4408558	4409022	-	465	5747	4059	2288	1654	3301	3321
MA_RS18620	NC_003552.1	4409097	4410110	-	1014	6175	6333	5619	4722	6462	8429
MA_RS28955	NC_003552.1	4410309	4410506	-	198	50	65	43	35	42	30
MA_RS28960	NC_003552.1	4410496	4410795	-	300	195	148	144	104	158	136
MA_RS18630	NC_003552.1	4411026	4411448	+	423	2983	2251	1627	1233	1848	1459
MA_RS27450	NC_003552.1	4411986	4412153	+	168	9095	12500	20301	20006	53776	48455
MA_RS18635	NC_003552.1	4412358	4412780	+	423	1350	1320	990	901	2645	1625
MA_RS27455	NC_003552.1	4412954	4413157	+	204	62	224	21	26	79	66
MA_RS18640	NC_003552.1	4413147	4414142	+	996	2830	2018	1159	875	1567	1297
MA_RS29530	NC_003552.1	4414493	4414735	+	243	295	214	227	123	113	71
MA_RS29535	NC_003552.1	4414870	4415346	+	477	207	238	156	87	134	83
MA_RS18650	NC_003552.1	4415422	4416240	-	819	415	352	361	263	377	332
MA_RS29845	NC_003552.1	4416493	4416588	+	96	67	41	40	30	28	18
MA_RS18655	NC_003552.1	4416867	4417964	+	1098	2101	1541	1188	1005	820	825
MA_RS18660	NC_003552.1	4418082	4419338	-	1257	1756	1855	1651	1354	1956	1804
MA_RS25900	NC_003552.1	4419809	4420324	+	516	532	465	500	488	271	183
MA_RS18670	NC_003552.1	4420969	4421208	-	240	74	67	32	18	41	25
MA_RS18675	NC_003552.1	4421460	4421816	-	357	135	101	109	70	142	166
MA_RS18680	NC_003552.1	4421829	4422080	+	252	94	74	79	64	120	75
MA_RS18685	NC_003552.1	4422124	4422810	-	687	786	574	362	286	396	441
MA_RS18690	NC_003552.1	4422813	4424021	-	1209	2185	1588	771	772	895	1005
MA_RS18695	NC_003552.1	4424034	4425263	-	1230	2145	2080	1054	1023	1537	1963
MA_RS18700	NC_003552.1	4425560	4425880	-	321	2023	1795	1368	1572	1191	1487
MA_RS18705	NC_003552.1	4426354	4426998	-	645	1450	1495	765	513	946	1050
MA_RS18715	NC_003552.1	4427972	4428268	-	297	229	125	91	105	116	137
MA_RS18720	NC_003552.1	4428554	4429021	-	468	142	244	138	147	167	136
MA_RS18725	NC_003552.1	4430115	4430573	+	459	5515	7982	6068	2686	5203	2341
MA_RS18730	NC_003552.1	4431200	4432420	-	1221	3856	3713	3605	4535	1440	2739
MA_RS18735	NC_003552.1	4432692	4433291	-	600	5867	4905	4934	4029	4340	5323
MA_RS18740	NC_003552.1	4433538	4434788	-	1251	9479	6805	4205	3407	4436	5445
MA_RS18745	NC_003552.1	4435107	4435718	+	612	887	648	520	456	468	594
MA_RS18750	NC_003552.1	4436002	4436298	+	297	225	154	47	37	279	119
MA_RS18755	NC_003552.1	4436432	4436626	+	195	201	84	56	25	166	126
MA_RS18760	NC_003552.1	4436838	4437032	+	195	492	308	338	173	322	355
MA_RS24790	NC_003552.1	4437145	4437669	-	525	1890	1655	1544	1439	1891	2105
MA_RS18770	NC_003552.1	4438049	4439476	-	1428	4777	4029	3258	2514	3779	4786
MA_RS18775	NC_003552.1	4439689	4441152	-	1464	3669	2460	1312	916	1933	2057
MA_RS18780	NC_003552.1	4441158	4442033	-	876	1762	1618	930	827	1858	1859
MA_RS18785	NC_003552.1	4442030	4442659	-	630	1611	1241	682	654	951	1132
MA_RS18790	NC_003552.1	4443030	4443776	-	747	2756	2436	2271	1861	3927	4170
MA_RS18795	NC_003552.1	4443938	4444216	-	279	138	130	58	60	172	155
MA_RS18800	NC_003552.1	4444381	4445754	-	1374	2230	1767	1924	1600	1918	1788
MA_RS27460	NC_003552.1	4446575	4446730	+	156	8	23	0	2	36	33
MA_RS18805	NC_003552.1	4446722	4447948	-	1227	323031	309442	282499	288184	207529	266557
MA_RS18810	NC_003552.1	4448053	4449054	-	1002	176911	150935	98775	108441	85081	105128
MA_RS18815	NC_003552.1	4449310	4449879	+	570	691	454	360	362	460	494
MA_RS18820	NC_003552.1	4450117	4451886	+	1770	18684	15075	15648	14829	9236	13066
MA_RS18825	NC_003552.1	4452427	4452921	+	495	3266	2164	1303	851	3033	2241
MA_RS29540	NC_003552.1	4452978	4453106	+	129	136	83	33	20	29	27
MA_RS18830	NC_003552.1	4453085	4453876	+	792	2336	1798	1443	1155	2219	1877
MA_RS18835	NC_003552.1	4454041	4457514	+	3474	9630	6483	4425	3371	7466	8066
MA_RS18840	NC_003552.1	4457617	4458657	+	1041	2846	2458	1909	1397	1393	1576
MA_RS18845	NC_003552.1	4459184	4460323	+	1140	643	664	619	544	907	1057
MA_RS18850	NC_003552.1	4460696	4461403	-	708	426	383	348	285	397	339
MA_RS18860	NC_003552.1	4462303	4462668	-	366	4828	3878	4245	3745	1979	2113
MA_RS18865	NC_003552.1	4462758	4463411	-	654	433	307	300	151	608	609
MA_RS18870	NC_003552.1	4463699	4463983	-	285	29312	35873	62772	56616	22502	44743
MA_RS25905	NC_003552.1	4464357	4464896	-	540	1066	1248	1439	1534	1609	1745
MA_RS18880	NC_003552.1	4465222	4465896	-	675	2316	1888	2042	1617	2977	2521
MA_RS18885	NC_003552.1	4466571	4467848	-	1278	3700	3402	3353	2507	2022	2947
MA_RS18890	NC_003552.1	4467851	4468246	-	396	1760	1327	738	578	502	772
MA_RS18895	NC_003552.1	4468439	4469491	-	1053	7565	6546	6561	4818	4158	6672
MA_RS18905	NC_003552.1	4469811	4471304	-	1494	27591	23928	23012	19364	11355	18821
MA_RS18910	NC_003552.1	4471450	4472247	-	798	8143	7257	5395	4665	3367	4784
MA_RS18915	NC_003552.1	4472423	4473535	-	1113	17661	14908	13279	10027	5614	8114
MA_RS18920	NC_003552.1	4473872	4475290	-	1419	60275	52684	37053	34294	26915	32883
MA_RS18925	NC_003552.1	4475317	4475709	-	393	32198	30964	33014	28850	23802	28024
MA_RS18930	NC_003552.1	4476320	4478251	+	1932	20392	20472	13961	13034	15363	14565
MA_RS18935	NC_003552.1	4478589	4479065	-	477	780	799	568	446	627	658
MA_RS18940	NC_003552.1	4479515	4480285	-	771	2126	1515	792	755	2142	1749
MA_RS18945	NC_003552.1	4480698	4480952	-	255	338	286	249	178	366	375
MA_RS18950	NC_003552.1	4481236	4482048	-	813	5715	3950	4133	3607	2789	3192
MA_RS18955	NC_003552.1	4482164	4482517	-	354	3186	2128	1407	999	1746	1892
MA_RS18960	NC_003552.1	4482900	4483250	-	351	8239	6622	5616	4617	4491	5676
MA_RS18965	NC_003552.1	4483667	4484944	-	1278	3596	3291	3427	3580	3767	4291
MA_RS18970	NC_003552.1	4485322	4487499	+	2178	1261	1128	1045	814	849	849
MA_RS18975	NC_003552.1	4487738	4488871	+	1134	507	435	321	310	295	300
MA_RS18980	NC_003552.1	4488896	4489966	+	1071	930	825	823	672	648	748
MA_RS18985	NC_003552.1	4489963	4490718	+	756	507	367	178	174	248	239
MA_RS18990	NC_003552.1	4491032	4491430	+	399	41013	26807	35158	30648	10023	11637
MA_RS19000	NC_003552.1	4492443	4492730	-	288	2543	2326	1531	1296	1717	2191
MA_RS28975	NC_003552.1	4493022	4493210	-	189	147	133	170	118	89	87
MA_RS19005	NC_003552.1	4493729	4495222	+	1494	2120	1633	1605	1302	1485	1452
MA_RS19010	NC_003552.1	4495495	4496739	-	1245	290	314	241	186	508	418
MA_RS27475	NC_003552.1	4499499	4499645	+	147	34	55	30	17	204	97
MA_RS29855	NC_003552.1	4499748	4499927	+	180	161	170	116	113	227	141
MA_RS19020	NC_003552.1	4500391	4500684	+	294	8416	5585	2994	2199	1676	2495
MA_RS19025	NC_003552.1	4501637	4502437	-	801	1232	1193	754	668	890	614
MA_RS19035	NC_003552.1	4503157	4503333	-	177	94	77	75	60	56	104
MA_RS19040	NC_003552.1	4503602	4504606	-	1005	854	570	625	463	421	492
MA_RS24800	NC_003552.1	4505521	4505991	-	471	439	496	310	304	559	627
MA_RS19055	NC_003552.1	4506486	4507166	+	681	268	181	160	118	272	191
MA_RS19060	NC_003552.1	4507960	4508202	+	243	522	526	519	302	302	505
MA_RS19065	NC_003552.1	4508624	4509754	+	1131	2916	2028	1632	1269	2786	2467
MA_RS19070	NC_003552.1	4510122	4510694	-	573	931	699	592	469	507	509
MA_RS19075	NC_003552.1	4511154	4511882	-	729	1358	1197	1254	920	941	965
MA_RS19080	NC_003552.1	4512479	4513615	-	1137	927	651	567	487	498	571
MA_RS19085	NC_003552.1	4513829	4514626	-	798	640	425	272	114	245	313
MA_RS28980	NC_003552.1	4515422	4515568	+	147	241	191	210	174	286	254
MA_RS24805	NC_003552.1	4515648	4517282	-	1635	4285	3077	2124	1799	3810	3301
MA_RS29545	NC_003552.1	4517507	4517629	-	123	16	12	5	6	4	10
MA_RS19100	NC_003552.1	4517626	4517811	-	186	55	40	48	54	7	9
MA_RS19105	NC_003552.1	4518093	4520309	-	2217	4741	5650	3830	4097	3127	5655
MA_RS19110	NC_003552.1	4520330	4520953	-	624	3385	4007	2934	2705	2538	4061
MA_RS19115	NC_003552.1	4520955	4521956	-	1002	7308	7411	4393	5048	4277	6035
MA_RS19120	NC_003552.1	4521959	4523323	-	1365	5046	5996	2832	2830	2617	2763
MA_RS29550	NC_003552.1	4525702	4525833	+	132	21	18	18	13	15	23
MA_RS19125	NC_003552.1	4525863	4526126	-	264	96	108	122	87	310	239
MA_RS19130	NC_003552.1	4526128	4527129	-	1002	1188	1081	771	502	1045	945
MA_RS19135	NC_003552.1	4527195	4527782	-	588	553	703	335	269	577	558
MA_RS19140	NC_003552.1	4527795	4528535	-	741	1386	1557	995	785	1741	1556
MA_RS19145	NC_003552.1	4529199	4529918	-	720	5632	5077	4598	3734	3669	3953
MA_RS19150	NC_003552.1	4530054	4530548	+	495	300	215	83	119	147	125
MA_RS19155	NC_003552.1	4530801	4531157	-	357	98	168	133	120	124	62
MA_RS19160	NC_003552.1	4531728	4532552	+	825	3681	3219	3030	3074	2015	2487
MA_RS19165	NC_003552.1	4532713	4533507	+	795	1393	1482	1666	1533	1892	1715
MA_RS19170	NC_003552.1	4534112	4534918	+	807	1074	892	847	626	659	651
MA_RS19175	NC_003552.1	4535295	4537088	+	1794	28039	18705	12613	8926	29883	25355
MA_RS19180	NC_003552.1	4537146	4538174	+	1029	11670	8639	6268	3972	15944	12445
MA_RS19185	NC_003552.1	4538527	4539690	+	1164	49068	33920	25375	22127	28510	28199
MA_RS19190	NC_003552.1	4540138	4541253	+	1116	4304	3733	3337	2909	3629	3690
MA_RS19195	NC_003552.1	4541474	4542109	-	636	18857	21988	19762	21497	35452	39039
MA_RS19200	NC_003552.1	4542185	4542634	-	450	17931	12579	9821	7972	5568	7245
MA_RS19205	NC_003552.1	4542926	4543996	-	1071	4352	3660	3982	3807	2942	3906
MA_RS19210	NC_003552.1	4544730	4545599	+	870	7783	6144	5553	3729	3327	4392
MA_RS19215	NC_003552.1	4545709	4546452	+	744	5990	4863	4239	2948	5419	6630
MA_RS19220	NC_003552.1	4546753	4547916	+	1164	13981	10983	9597	7878	6976	8543
MA_RS19225	NC_003552.1	4548286	4549512	+	1227	30735	26324	19860	17768	14822	20153
MA_RS19230	NC_003552.1	4549509	4549874	+	366	4302	3596	2564	2735	3832	5103
MA_RS19235	NC_003552.1	4549933	4550517	+	585	13859	9616	5347	4781	3534	5173
MA_RS19240	NC_003552.1	4550549	4550734	+	186	1787	1392	854	794	793	848
MA_RS19245	NC_003552.1	4550736	4551323	+	588	7035	7484	5378	6394	8540	9715
MA_RS19250	NC_003552.1	4551304	4551609	+	306	13384	10052	8515	7056	4670	4894
MA_RS19255	NC_003552.1	4551631	4551780	+	150	1330	1634	1804	1514	2349	2947
MA_RS19260	NC_003552.1	4552297	4552479	+	183	10804	6613	6166	4470	5555	5917
MA_RS28985	NC_003552.1	4553226	4559276	-	6051	40160	32229	30023	19891	14132	37611
MA_RS28990	NC_003552.1	4560677	4568131	-	7455	89436	66193	55098	34421	30942	87393
MA_RS28995	NC_003552.1	4569639	4575284	-	5646	106799	92444	73037	53475	53313	100665
MA_RS19285	NC_003552.1	4577047	4577331	-	285	1206	457	273	94	1405	1504
MA_RS19290	NC_003552.1	4577576	4578097	-	522	6887	3462	2614	937	12693	11949
MA_RS19295	NC_003552.1	4578346	4579473	-	1128	57399	29329	26312	6810	914204	1046937
MA_RS19300	NC_003552.1	4580938	4584000	+	3063	5809	4026	3228	2456	5225	4524
MA_RS19305	NC_003552.1	4584164	4585807	+	1644	7436	5898	5097	4767	3405	4267
MA_RS19310	NC_003552.1	4585800	4586354	+	555	6416	6173	6725	5961	5991	6827
MA_RS19315	NC_003552.1	4586552	4586905	-	354	1197	978	701	623	905	923
MA_RS19320	NC_003552.1	4587223	4587831	+	609	534	473	655	626	589	751
MA_RS19325	NC_003552.1	4587863	4588600	-	738	4607	4341	3960	2766	7267	6031
MA_RS19330	NC_003552.1	4588810	4588995	-	186	1296	1001	821	575	1130	838
MA_RS19335	NC_003552.1	4589153	4590214	+	1062	8518	6101	6707	5460	3270	3951
MA_RS29000	NC_003552.1	4590622	4590798	+	177	125	80	76	63	78	86
MA_RS19350	NC_003552.1	4591864	4592412	-	549	3471	2121	2370	1864	2451	2353
MA_RS19360	NC_003552.1	4594139	4595203	-	1065	10920	8118	6147	3807	6714	9185
MA_RS19365	NC_003552.1	4595383	4596405	-	1023	7682	6248	4289	2568	7646	9808
MA_RS19370	NC_003552.1	4596386	4597864	-	1479	13051	10239	8060	6563	13675	15525
MA_RS19375	NC_003552.1	4597870	4598115	-	246	3834	3115	1615	1146	2448	3090
MA_RS19380	NC_003552.1	4598317	4598997	-	681	902	878	877	591	1551	1115
MA_RS19385	NC_003552.1	4599140	4600252	-	1113	1783	2110	1667	1413	4523	3112
MA_RS19395	NC_003552.1	4601313	4601582	+	270	1308	1392	1040	1158	1429	1083
MA_RS19400	NC_003552.1	4602144	4603085	+	942	14967	11331	8824	7857	8465	9388
MA_RS19415	NC_003552.1	4603699	4605792	+	2094	11548	5418	3907	2078	9809	8335
MA_RS19420	NC_003552.1	4605922	4606155	+	234	1060	439	303	119	414	325
MA_RS19425	NC_003552.1	4606226	4606747	+	522	1472	936	773	470	1835	1840
MA_RS19430	NC_003552.1	4607006	4607407	+	402	358	151	275	122	292	336
MA_RS19435	NC_003552.1	4607398	4607958	+	561	2320	1720	1666	1287	1383	1361
MA_RS19440	NC_003552.1	4607997	4608518	-	522	7255	7301	8395	6595	5132	7722
MA_RS19445	NC_003552.1	4608584	4609624	-	1041	15138	10997	10140	8327	8173	14183
MA_RS19450	NC_003552.1	4609732	4610718	-	987	21267	14230	15848	11086	10789	18011
MA_RS19455	NC_003552.1	4611134	4611325	+	192	457	300	104	59	132	121
MA_RS19460	NC_003552.1	4611437	4611562	+	126	4714	2140	602	483	2559	2324
MA_RS19465	NC_003552.1	4611673	4611903	+	231	5797	3646	1253	1056	3963	3692
MA_RS19470	NC_003552.1	4611915	4612139	+	225	6508	4246	1980	1754	5069	4382
MA_RS19475	NC_003552.1	4612316	4612669	+	354	8222	5489	1978	2075	7072	6369
MA_RS19480	NC_003552.1	4612744	4613109	+	366	11573	7286	3864	3067	4779	5185
MA_RS19485	NC_003552.1	4613372	4614754	+	1383	43778	24982	21412	14921	14210	18137
MA_RS19490	NC_003552.1	4614881	4615570	+	690	3983	2239	1232	953	2686	2774
MA_RS19495	NC_003552.1	4615729	4616352	+	624	6154	4034	2589	2177	4437	4321
MA_RS19500	NC_003552.1	4616419	4616925	+	507	6814	4510	2302	1772	3691	3586
MA_RS19505	NC_003552.1	4616947	4618155	+	1209	16596	9812	6991	5015	9130	9872
MA_RS27535	NC_003552.1	4618386	4618550	+	165	6776	5748	7528	6123	8154	6505
MA_RS19510	NC_003552.1	4619166	4619561	-	396	6992	6329	5332	3343	11619	7618
MA_RS19515	NC_003552.1	4619633	4621261	+	1629	1669	1484	1421	925	3660	2401
MA_RS19520	NC_003552.1	4621281	4621751	-	471	1633	1603	1313	926	2497	1852
MA_RS27540	NC_003552.1	4621897	4622043	+	147	287	249	105	59	465	463
MA_RS19525	NC_003552.1	4622223	4622867	-	645	1042	1036	890	703	1908	1594
MA_RS19530	NC_003552.1	4623061	4624056	-	996	3210	2505	2566	2034	2666	3034
MA_RS19535	NC_003552.1	4624122	4624682	-	561	1402	1266	983	984	1179	1153
MA_RS19540	NC_003552.1	4624840	4625697	-	858	2604	2370	1934	1760	2775	2693
MA_RS19545	NC_003552.1	4625867	4626364	-	498	789	522	259	274	443	441
MA_RS19550	NC_003552.1	4626627	4629149	-	2523	40132	33493	24898	19373	29152	44299
MA_RS19555	NC_003552.1	4629672	4632224	-	2553	34153	27485	28214	17739	26343	38745
MA_RS19560	NC_003552.1	4632720	4635251	-	2532	23683	19276	19366	12158	13600	21639
MA_RS19565	NC_003552.1	4635365	4636519	-	1155	3295	3059	2977	2628	2981	2473
MA_RS19570	NC_003552.1	4636598	4637701	+	1104	4610	3349	3632	2893	2345	2447
MA_RS19575	NC_003552.1	4637764	4638819	+	1056	3341	3350	2355	2091	2850	2766
MA_RS19580	NC_003552.1	4638822	4639850	-	1029	2750	2554	1961	1539	2599	2633
MA_RS19585	NC_003552.1	4640190	4641434	+	1245	6556	5975	6935	5434	20263	20933
MA_RS19590	NC_003552.1	4641431	4642204	+	774	403	331	200	177	271	242
MA_RS19595	NC_003552.1	4642505	4643791	-	1287	226	236	198	166	254	234
MA_RS19605	NC_003552.1	4644917	4646104	-	1188	478	537	194	146	788	702
MA_RS19610	NC_003552.1	4646743	4648221	+	1479	2585	2755	1820	1226	2595	3188
MA_RS24810	NC_003552.1	4648379	4650403	-	2025	3210	3248	1358	1039	3562	4638
MA_RS19620	NC_003552.1	4650400	4651572	-	1173	4791	3364	2075	1494	2518	3218
MA_RS19625	NC_003552.1	4651574	4652434	-	861	3073	2584	1801	1366	2281	2994
MA_RS19630	NC_003552.1	4652525	4654285	-	1761	4693	3976	2877	1705	3060	3953
MA_RS19635	NC_003552.1	4654392	4655426	-	1035	2359	1960	1648	1068	2274	1876
MA_RS19640	NC_003552.1	4655398	4656066	-	669	2247	1752	1588	665	3204	2713
MA_RS19650	NC_003552.1	4658383	4658802	-	420	176	110	60	70	77	61
MA_RS29005	NC_003552.1	4658973	4659692	-	720	403	296	241	200	269	339
MA_RS19665	NC_003552.1	4660355	4660648	-	294	2331	1926	1498	1080	1395	2155
MA_RS19670	NC_003552.1	4660769	4661485	-	717	3645	3164	2024	1308	2177	2435
MA_RS19675	NC_003552.1	4661482	4662291	-	810	5956	5424	4257	3328	5829	7730
MA_RS19680	NC_003552.1	4662264	4663220	-	957	12050	10642	8269	5639	8197	11473
MA_RS19685	NC_003552.1	4663301	4663852	-	552	4422	3767	2686	1929	3669	4335
MA_RS19690	NC_003552.1	4663862	4665244	-	1383	24929	20954	15135	12694	11232	14662
MA_RS19695	NC_003552.1	4665789	4666853	-	1065	3391	2851	2653	1921	3452	3062
MA_RS19700	NC_003552.1	4667261	4668010	-	750	2773	2018	1314	984	2220	1552
MA_RS19705	NC_003552.1	4668027	4668413	-	387	2665	2102	1295	908	2034	1515
MA_RS29555	NC_003552.1	4668423	4668557	+	135	51	98	17	15	152	86
MA_RS19710	NC_003552.1	4668577	4668795	-	219	12802	6012	2340	1463	8762	6736
MA_RS19715	NC_003552.1	4669652	4670497	+	846	7109	5336	3929	3442	3078	3091
MA_RS19720	NC_003552.1	4670515	4671924	+	1410	10554	9355	6595	7965	6102	6902
MA_RS19725	NC_003552.1	4672148	4673104	-	957	2212	2206	1185	998	1818	1806
MA_RS19730	NC_003552.1	4673785	4673856	-	72	172	105	155	111	110	158
MA_RS19735	NC_003552.1	4674201	4674743	-	543	3817	2833	3369	2802	2783	2568
MA_RS27550	NC_003552.1	4674981	4675169	+	189	77	103	87	27	105	97
MA_RS19745	NC_003552.1	4675144	4676151	-	1008	30416	26122	28100	22948	16700	22516
MA_RS19750	NC_003552.1	4676513	4676998	-	486	8215	6052	4638	3294	5125	5521
MA_RS19755	NC_003552.1	4676998	4678692	-	1695	32232	26844	24745	20356	22271	24783
MA_RS19760	NC_003552.1	4678982	4680469	-	1488	22333	21987	18778	16587	21578	25271
MA_RS19765	NC_003552.1	4680788	4681960	+	1173	3798	3115	2904	1980	4145	3349
MA_RS19770	NC_003552.1	4682311	4682886	-	576	2081	1576	1689	986	1718	1521
MA_RS19775	NC_003552.1	4682886	4684619	-	1734	1054	937	1075	432	1614	1295
MA_RS19785	NC_003552.1	4685239	4686039	+	801	518	421	262	308	313	341
MA_RS19790	NC_003552.1	4686036	4686767	+	732	590	450	374	422	408	419
MA_RS19800	NC_003552.1	4688183	4688572	-	390	172	242	232	195	419	267
MA_RS19805	NC_003552.1	4688692	4689072	-	381	292	285	310	241	520	402
MA_RS19810	NC_003552.1	4689069	4689695	-	627	330	264	228	213	219	230
MA_RS19815	NC_003552.1	4689706	4690095	-	390	65	59	77	67	72	91
MA_RS19820	NC_003552.1	4690165	4690506	-	342	9	11	24	4	20	11
MA_RS24815	NC_003552.1	4690506	4692974	-	2469	658	640	677	422	291	362
MA_RS27555	NC_003552.1	4692985	4693125	-	141	16	6	19	1	4	4
MA_RS19830	NC_003552.1	4693155	4693391	-	237	17	33	5	1	12	9
MA_RS19835	NC_003552.1	4693394	4693612	-	219	10	4	5	1	4	6
MA_RS29560	NC_003552.1	4693658	4693792	-	135	3	4	2	2	3	0
MA_RS19840	NC_003552.1	4693789	4694595	-	807	57	60	48	53	36	49
MA_RS19845	NC_003552.1	4694599	4694973	-	375	24	23	12	8	8	27
MA_RS19850	NC_003552.1	4694970	4695401	-	432	40	20	53	10	15	15
MA_RS19855	NC_003552.1	4695402	4695650	-	249	24	15	18	17	13	18
MA_RS27560	NC_003552.1	4695652	4695804	-	153	0	0	0	0	0	0
MA_RS19860	NC_003552.1	4695795	4696523	-	729	41	54	26	13	15	33
MA_RS19865	NC_003552.1	4696520	4697140	-	621	173	123	113	85	95	106
MA_RS19870	NC_003552.1	4697147	4697530	-	384	87	49	57	24	28	39
MA_RS19875	NC_003552.1	4697536	4697799	-	264	23	56	16	2	10	16
MA_RS19880	NC_003552.1	4697810	4698718	-	909	84	103	74	25	56	51
MA_RS19885	NC_003552.1	4698730	4699176	-	447	51	34	56	8	11	18
MA_RS19890	NC_003552.1	4699176	4699859	-	684	45	17	35	9	51	41
MA_RS19895	NC_003552.1	4699820	4700152	-	333	33	11	35	36	30	16
MA_RS19900	NC_003552.1	4700665	4702293	+	1629	1502	1428	1312	910	3122	2045
MA_RS19910	NC_003552.1	4702654	4703355	+	702	121	158	103	40	128	90
MA_RS19915	NC_003552.1	4703651	4703863	-	213	3106	2023	2305	1665	991	940
MA_RS19920	NC_003552.1	4703860	4705266	-	1407	413	370	334	335	350	429
MA_RS27565	NC_003552.1	4705266	4705433	-	168	2	1	1	0	3	3
MA_RS19925	NC_003552.1	4705435	4706667	-	1233	227	197	171	131	166	171
MA_RS19930	NC_003552.1	4706673	4707002	-	330	157	109	147	85	89	71
MA_RS19935	NC_003552.1	4707089	4708570	-	1482	2818	2368	2110	2145	1726	1866
MA_RS19940	NC_003552.1	4708583	4708795	-	213	21	14	2	4	9	10
MA_RS19945	NC_003552.1	4708831	4709313	-	483	183	153	135	93	137	122
MA_RS19950	NC_003552.1	4709398	4711473	-	2076	4936	4068	2848	2828	2201	2867
MA_RS19955	NC_003552.1	4711499	4711948	-	450	147	143	132	76	364	268
MA_RS19960	NC_003552.1	4712231	4712575	-	345	73	124	49	38	128	158
MA_RS19965	NC_003552.1	4712576	4712983	-	408	278	227	191	139	150	164
MA_RS19970	NC_003552.1	4713083	4713646	-	564	837	642	648	469	378	386
MA_RS19975	NC_003552.1	4713762	4714460	-	699	827	723	806	633	477	424
MA_RS19980	NC_003552.1	4714457	4715053	-	597	500	355	245	159	221	173
MA_RS27570	NC_003552.1	4715050	4715187	-	138	3	2	1	0	3	0
MA_RS19985	NC_003552.1	4715201	4715524	-	324	85	63	56	34	72	51
MA_RS19990	NC_003552.1	4715496	4715840	-	345	234	134	174	93	62	59
MA_RS19995	NC_003552.1	4715877	4715951	-	75	57	51	170	158	13	31
MA_RS27575	NC_003552.1	4716191	4716358	-	168	353	299	269	85	44	48
MA_RS20000	NC_003552.1	4716474	4716686	-	213	429	347	327	228	156	140
MA_RS20005	NC_003552.1	4716690	4716896	-	207	176	99	33	34	21	16
MA_RS20010	NC_003552.1	4716893	4717183	-	291	203	161	100	64	49	33
MA_RS27580	NC_003552.1	4717180	4717353	-	174	113	102	77	59	35	34
MA_RS20015	NC_003552.1	4717353	4717541	-	189	46	43	22	11	14	14
MA_RS27995	NC_003552.1	4717547	4717720	-	174	648	460	397	405	298	246
MA_RS27585	NC_003552.1	4717948	4718103	-	156	272	181	138	115	194	143
MA_RS20025	NC_003552.1	4718197	4718607	+	411	4385	3498	3103	3140	1989	1520
MA_RS20030	NC_003552.1	4718639	4719718	-	1080	9757	8766	6854	5791	7352	9405
MA_RS20035	NC_003552.1	4719816	4720733	-	918	1052	891	833	760	725	726
MA_RS24820	NC_003552.1	4722647	4724227	+	1581	15946	14812	10030	8151	6018	10488
MA_RS26010	NC_003552.1	4725091	4725426	+	336	1760	1513	2222	2146	9696	5970
MA_RS26015	NC_003552.1	4725631	4726236	+	606	1234	1023	481	564	849	543
MA_RS20060	NC_003552.1	4726397	4726738	+	342	722	675	608	431	906	852
MA_RS20065	NC_003552.1	4727146	4728294	-	1149	11333	10038	6348	5294	7668	7722
MA_RS26020	NC_003552.1	4728727	4729408	-	682	835	820	751	544	855	856
MA_RS20075	NC_003552.1	4729726	4730811	-	1086	13277	11109	11411	10156	8210	10431
MA_RS20080	NC_003552.1	4731282	4731635	+	354	15291	13000	10073	8741	5312	6035
MA_RS20085	NC_003552.1	4731759	4732763	+	1005	28213	22193	22362	18636	10536	16127
MA_RS20100	NC_003552.1	4734881	4736185	+	1305	24881	20408	17298	14979	11615	12319
MA_RS20105	NC_003552.1	4736582	4737019	+	438	12943	10188	6189	5270	8070	8457
MA_RS20110	NC_003552.1	4737389	4737742	+	354	1096	828	411	454	403	375
MA_RS20115	NC_003552.1	4737766	4738743	+	978	8432	7603	6653	5423	7406	8186
MA_RS20120	NC_003552.1	4738775	4739356	-	582	18194	15306	13465	9608	16494	16540
MA_RS20125	NC_003552.1	4739810	4740241	-	432	460	426	121	153	312	364
MA_RS20130	NC_003552.1	4740235	4740864	-	630	6546	4736	3757	2176	3619	4533
MA_RS20135	NC_003552.1	4742325	4744742	+	2418	240396	260213	215221	182619	182584	220552
MA_RS20140	NC_003552.1	4744745	4745257	+	513	9425	8531	5588	5450	4903	5800
MA_RS20145	NC_003552.1	4745282	4746694	+	1413	33304	30726	20065	24011	16850	22944
MA_RS20150	NC_003552.1	4746750	4747511	+	762	48782	52064	24126	30358	28406	36112
MA_RS20155	NC_003552.1	4747748	4749058	+	1311	98443	111958	71953	108817	45534	67275
MA_RS20160	NC_003552.1	4749062	4750468	+	1407	164350	183301	136291	199759	60526	99353
MA_RS20165	NC_003552.1	4750814	4751563	-	750	331	207	215	151	169	222
MA_RS20170	NC_003552.1	4751551	4752381	-	831	541	427	333	278	244	284
MA_RS20175	NC_003552.1	4752717	4753442	+	726	1666	1537	1139	1126	890	831
MA_RS20180	NC_003552.1	4753758	4754822	+	1065	16123	13545	9738	8327	7157	8401
MA_RS20185	NC_003552.1	4754776	4756035	+	1260	10005	9669	8908	8143	7489	10205
MA_RS20190	NC_003552.1	4756155	4756649	+	495	12901	11724	11068	8222	31013	24520
MA_RS20195	NC_003552.1	4756660	4757172	+	513	12707	8404	6738	4628	6874	6565
MA_RS20200	NC_003552.1	4757421	4758053	+	633	66712	56185	60230	58280	76134	70761
MA_RS20205	NC_003552.1	4758169	4760082	+	1914	147877	126015	114225	90268	78720	118436
MA_RS20210	NC_003552.1	4760131	4760772	-	642	4088	3356	3642	2530	2556	3486
MA_RS20215	NC_003552.1	4761788	4762966	+	1179	39421	29900	25505	23622	27266	30641
MA_RS20220	NC_003552.1	4763170	4764651	+	1482	10541	9230	8425	7212	6440	7829
MA_RS20225	NC_003552.1	4764688	4765146	+	459	3868	3663	2985	2326	2985	3242
MA_RS20230	NC_003552.1	4765835	4767865	-	2031	94970	103342	76133	72014	52631	73677
MA_RS20235	NC_003552.1	4768898	4770913	+	2016	5527	4284	3707	3830	3773	5123
MA_RS20240	NC_003552.1	4772145	4773272	+	1128	2815	2286	2180	1727	1713	1908
MA_RS20245	NC_003552.1	4773481	4774644	+	1164	3864	3310	2948	2485	1671	2218
MA_RS20250	NC_003552.1	4774824	4775309	+	486	2215	2039	1611	1419	3438	3634
MA_RS20255	NC_003552.1	4775533	4775913	+	381	12533	7766	3587	4243	2832	2826
MA_RS20260	NC_003552.1	4775910	4776554	+	645	17831	14197	6757	7351	8800	9042
MA_RS20265	NC_003552.1	4776875	4778317	+	1443	24035	21007	17691	16141	9920	15027
MA_RS20275	NC_003552.1	4779134	4780183	+	1050	16862	10971	12607	9397	18944	11073
MA_RS20285	NC_003552.1	4781698	4781770	+	73	760	655	678	928	336	267
MA_RS20290	NC_003552.1	4781878	4781952	+	75	1616	1741	2921	3829	431	242
MA_RS20295	NC_003552.1	4782051	4782123	+	73	774	1027	1237	1442	374	178
MA_RS20300	NC_003552.1	4782554	4783477	+	924	28614	21300	20133	16521	19678	24872
MA_RS20305	NC_003552.1	4783582	4785015	+	1434	44626	39139	38614	28574	40654	47392
MA_RS20310	NC_003552.1	4785195	4786118	+	924	59614	50214	38104	29896	23553	29370
MA_RS20315	NC_003552.1	4786416	4786739	+	324	2566	2034	1778	1506	2173	1909
MA_RS20320	NC_003552.1	4787124	4787522	+	399	2643	1385	840	618	1361	1028
MA_RS20325	NC_003552.1	4787607	4788797	-	1191	5570	3975	3970	3027	2542	2930
MA_RS20330	NC_003552.1	4789281	4790102	+	822	3151	2023	1244	216	1488	1720
MA_RS20335	NC_003552.1	4790131	4790448	+	318	1019	644	463	81	263	413
MA_RS20340	NC_003552.1	4790475	4790852	+	378	1134	764	515	79	370	567
MA_RS20345	NC_003552.1	4790855	4792441	+	1587	5250	4186	3225	676	2210	3874
MA_RS20350	NC_003552.1	4792469	4793839	+	1371	10363	8895	10307	7272	5121	8583
MA_RS20355	NC_003552.1	4793975	4795525	+	1551	4621	3456	3382	746	2071	3613
MA_RS20360	NC_003552.1	4795539	4797116	+	1578	3959	3087	3160	896	1673	3011
MA_RS20365	NC_003552.1	4797309	4797974	+	666	1790	1354	1132	391	783	1549
MA_RS20370	NC_003552.1	4797994	4799124	+	1131	1511	1340	1244	344	850	1597
MA_RS20375	NC_003552.1	4800096	4800287	+	192	8763	7556	5099	3780	3223	4249
MA_RS20380	NC_003552.1	4800408	4801163	+	756	18467	14886	9802	6090	6960	9234
MA_RS20385	NC_003552.1	4801166	4802752	+	1587	21413	17468	12462	8591	10995	15970
MA_RS20390	NC_003552.1	4802764	4803723	+	960	18422	18315	14544	8372	9055	15350
MA_RS20395	NC_003552.1	4803824	4804615	+	792	12828	11421	9807	6424	6750	11438
MA_RS20400	NC_003552.1	4804631	4805611	+	981	14288	11529	9249	5214	5469	9132
MA_RS20405	NC_003552.1	4805598	4806521	+	924	5271	4894	3326	2478	3476	4946
MA_RS20410	NC_003552.1	4806605	4806820	-	216	398	389	296	125	194	342
MA_RS20415	NC_003552.1	4806819	4807592	+	774	1747	1532	1651	1181	775	1159
MA_RS20420	NC_003552.1	4807674	4808243	-	570	811	700	375	308	359	475
MA_RS20425	NC_003552.1	4808583	4809896	+	1314	1689	1392	1187	970	1044	840
MA_RS29010	NC_003552.1	4810212	4810505	-	294	118	112	72	70	172	175
MA_RS20435	NC_003552.1	4810647	4813475	-	2829	2178	1771	1785	1566	1923	2052
MA_RS20440	NC_003552.1	4814120	4815001	-	882	8573	7291	7159	6045	5342	6741
MA_RS20445	NC_003552.1	4815215	4815559	+	345	2750	1994	1352	1088	394	610
MA_RS20450	NC_003552.1	4815571	4816764	+	1194	3254	3912	3126	3670	2231	3202
MA_RS20455	NC_003552.1	4817101	4818315	+	1215	4277	4099	2126	3705	2133	2939
MA_RS20460	NC_003552.1	4818534	4819298	-	765	1361	1502	1125	973	1435	1885
MA_RS20465	NC_003552.1	4819318	4820295	-	978	3199	2575	1763	1399	1265	1739
MA_RS20470	NC_003552.1	4820292	4821266	-	975	3894	3365	2975	2949	2870	3772
MA_RS20475	NC_003552.1	4821407	4822504	-	1098	8374	7702	5744	5180	6932	9162
MA_RS20480	NC_003552.1	4822742	4823218	+	477	5785	4437	3565	2928	2816	3412
MA_RS20485	NC_003552.1	4823833	4824630	+	798	1755	1223	1017	965	812	866
MA_RS20490	NC_003552.1	4824967	4825764	+	798	882	679	527	503	872	837
MA_RS20495	NC_003552.1	4825801	4826181	+	381	478	427	429	247	350	371
MA_RS20500	NC_003552.1	4826221	4826565	+	345	351	273	256	188	347	331
MA_RS20505	NC_003552.1	4826643	4826942	+	300	289	238	207	180	266	275
MA_RS20510	NC_003552.1	4827095	4827379	+	285	369	240	159	128	152	151
MA_RS29015	NC_003552.1	4827462	4827608	+	147	307	291	166	144	184	188
MA_RS29020	NC_003552.1	4827732	4827824	+	93	675	741	481	454	949	976
MA_RS29025	NC_003552.1	4828015	4828629	-	615	11695	9158	6831	6676	3665	5324
MA_RS29030	NC_003552.1	4829010	4829156	+	147	5280	5378	4225	3932	2488	3796
MA_RS20525	NC_003552.1	4829257	4830099	-	843	12728	13038	10511	11541	9221	11799
MA_RS20530	NC_003552.1	4830182	4830634	-	453	11996	11538	10893	11438	9881	10911
MA_RS20535	NC_003552.1	4831442	4831837	+	396	366	279	356	354	289	206
MA_RS20540	NC_003552.1	4831834	4832163	+	330	243	136	79	82	92	86
MA_RS29680	NC_003552.1	4832095	4832562	-	468	1338	1090	902	625	665	511
MA_RS20545	NC_003552.1	4832922	4833974	+	1053	1462	1656	1667	1374	2019	2105
MA_RS20550	NC_003552.1	4834086	4834319	+	234	418	320	262	323	361	331
MA_RS20555	NC_003552.1	4834442	4834825	+	384	916	781	765	630	526	569
MA_RS20560	NC_003552.1	4835022	4835282	+	261	8000	4716	5730	4037	5273	3260
MA_RS28100	NC_003552.1	4835548	4835712	-	165	1173	761	903	630	1003	782
MA_RS20565	NC_003552.1	4835991	4836962	+	972	59521	28838	42978	21785	108862	59848
MA_RS20570	NC_003552.1	4837070	4837300	+	231	384	304	266	153	8842	1921
MA_RS20575	NC_003552.1	4837429	4837749	+	321	2134	1388	1589	1034	12682	2810
MA_RS20580	NC_003552.1	4838053	4838940	+	888	727	495	328	214	1329	558
MA_RS20585	NC_003552.1	4838933	4839982	+	1050	323	303	268	183	603	489
MA_RS20590	NC_003552.1	4840075	4840449	-	375	342	163	134	83	214	183
MA_RS20595	NC_003552.1	4840813	4841193	+	381	2119	1584	1654	1010	2526	2246
MA_RS20600	NC_003552.1	4842768	4843088	+	321	419	346	360	301	396	435
MA_RS20605	NC_003552.1	4843185	4844606	-	1422	4257	3935	3441	3027	3625	4226
MA_RS20610	NC_003552.1	4845037	4845741	-	705	3600	3265	2800	2221	4187	3320
MA_RS20615	NC_003552.1	4846101	4846478	+	378	864	718	633	586	1516	1229
MA_RS20620	NC_003552.1	4846545	4846886	-	342	637	543	393	415	324	357
MA_RS27595	NC_003552.1	4847077	4847250	-	174	1025	872	1218	1003	1691	1560
MA_RS20625	NC_003552.1	4847430	4847969	-	540	2445	2095	1729	1274	2757	2438
MA_RS20630	NC_003552.1	4848137	4848562	+	426	3566	3532	3751	3785	3517	3189
MA_RS20635	NC_003552.1	4849066	4850733	+	1668	23051	19875	15161	15705	8926	12035
MA_RS20645	NC_003552.1	4854227	4854868	+	642	1704	1200	752	558	1138	1007
MA_RS20650	NC_003552.1	4854881	4856122	+	1242	1693	1566	1279	1021	1875	1768
MA_RS20655	NC_003552.1	4856166	4857380	+	1215	1349	1062	815	600	1323	1279
MA_RS20665	NC_003552.1	4858207	4858833	+	627	1638	1351	905	741	1180	1029
MA_RS20670	NC_003552.1	4859010	4860266	+	1257	7321	6141	5644	4445	4832	5510
MA_RS20675	NC_003552.1	4860546	4861925	-	1380	17965	13453	7833	6550	9993	10648
MA_RS27600	NC_003552.1	4862280	4862438	+	159	87	112	67	15	41	42
MA_RS20680	NC_003552.1	4862486	4863700	+	1215	1342	1048	879	822	927	981
MA_RS20685	NC_003552.1	4864192	4864800	+	609	5142	5241	3965	3540	9988	8147
MA_RS20690	NC_003552.1	4864919	4865647	+	729	464	414	281	246	769	647
MA_RS20695	NC_003552.1	4865796	4867532	-	1737	18959	14032	11570	9109	8631	9836
MA_RS20700	NC_003552.1	4867967	4868206	-	240	704	636	676	568	742	800
MA_RS20705	NC_003552.1	4868548	4869291	-	744	14496	13220	10090	11094	9996	12205
MA_RS20710	NC_003552.1	4869298	4869447	-	150	5878	4660	4946	4359	1727	2328
MA_RS20715	NC_003552.1	4870008	4871354	+	1347	13025	11090	11261	8523	13219	12516
MA_RS20725	NC_003552.1	4872860	4874485	-	1626	37039	25650	25093	16186	31725	30200
MA_RS26045	NC_003552.1	4874795	4875109	+	315	824587	936541	2362555	1359934	3208668	3835860
MA_RS20730	NC_003552.1	4875260	4875344	+	85	264	233	320	500	442	282
MA_RS20735	NC_003552.1	4875542	4876240	+	699	756	568	447	327	517	519
MA_RS27605	NC_003552.1	4876306	4876458	-	153	0	41	0	0	4	4
MA_RS20740	NC_003552.1	4877571	4879268	+	1698	6654	4999	4052	2487	3295	5176
MA_RS20745	NC_003552.1	4879279	4881228	+	1950	6941	5791	5494	3531	3666	5694
MA_RS29565	NC_003552.1	4881286	4881420	-	135	178	200	144	69	102	151
MA_RS20750	NC_003552.1	4881480	4882094	+	615	4254	3475	2525	1788	1760	2458
MA_RS20755	NC_003552.1	4882134	4883009	-	876	19760	16290	11354	9229	4651	7915
MA_RS20760	NC_003552.1	4883154	4884413	-	1260	30096	29459	27975	26647	11113	18238
MA_RS20765	NC_003552.1	4884750	4884971	-	222	13	8	8	4	34	28
MA_RS20770	NC_003552.1	4885036	4887024	+	1989	7185	5841	4739	4026	6543	6836
MA_RS20775	NC_003552.1	4887852	4888235	+	384	448	376	212	188	278	215
MA_RS20780	NC_003552.1	4888332	4888535	+	204	183	175	89	80	304	283
MA_RS20785	NC_003552.1	4889159	4889338	+	180	72528	39960	17385	11142	10515	12966
MA_RS20790	NC_003552.1	4889586	4889792	+	207	21487	20928	9935	7124	14799	12797
MA_RS20795	NC_003552.1	4890319	4891194	-	876	13190	10872	9723	7656	5395	6891
MA_RS20800	NC_003552.1	4891272	4891658	-	387	16298	12182	10520	7879	5996	8342
MA_RS20805	NC_003552.1	4891995	4893206	-	1212	724	628	552	477	609	630
MA_RS20810	NC_003552.1	4893518	4895242	-	1725	10270	8454	6161	5580	7691	8215
MA_RS20815	NC_003552.1	4895502	4895939	+	438	3683	2971	2338	1420	2873	3267
MA_RS20820	NC_003552.1	4895962	4896609	-	648	3033	2707	2634	2194	1819	2702
MA_RS20825	NC_003552.1	4897151	4897627	-	477	13683	12562	12312	9841	15292	14555
MA_RS20830	NC_003552.1	4897768	4898703	-	936	23269	20641	15021	12271	21904	25800
MA_RS20835	NC_003552.1	4898705	4899304	-	600	7790	7208	5744	5057	9434	10916
MA_RS20840	NC_003552.1	4899312	4900559	-	1248	33645	30126	26850	20778	24178	31120
MA_RS20845	NC_003552.1	4900556	4901059	-	504	10419	8877	6498	4874	4926	6655
MA_RS20850	NC_003552.1	4901065	4901508	-	444	5038	4390	1887	2511	3655	4569
MA_RS20855	NC_003552.1	4901678	4903255	-	1578	47744	42440	30676	26132	38766	38982
MA_RS20860	NC_003552.1	4903296	4904909	-	1614	45480	37175	26963	24035	24014	30493
MA_RS20865	NC_003552.1	4905152	4905955	-	804	3192	2929	2868	2302	2217	2244
MA_RS20870	NC_003552.1	4906076	4906969	-	894	6666	5297	4527	4251	4768	6225
MA_RS20875	NC_003552.1	4907489	4907824	+	336	15337	11513	9230	7182	4560	4248
MA_RS20880	NC_003552.1	4909264	4909566	+	303	11702	10354	9604	8008	14837	13095
MA_RS24830	NC_003552.1	4909666	4911591	+	1926	4543	3680	3007	2090	4006	3437
MA_RS20890	NC_003552.1	4911960	4912976	+	1017	5293	3723	2900	2216	2731	3028
MA_RS20895	NC_003552.1	4913001	4914008	+	1008	2923	2485	2174	2127	2396	2435
MA_RS20900	NC_003552.1	4914135	4915091	-	957	2857	2022	1629	1442	1472	1356
MA_RS20905	NC_003552.1	4915648	4917195	-	1548	11257	7931	7634	6784	7306	9076
MA_RS20910	NC_003552.1	4917467	4918072	+	606	9860	7139	7066	5248	17951	13881
MA_RS20915	NC_003552.1	4918449	4918814	+	366	1257	954	791	630	654	665
MA_RS20920	NC_003552.1	4920379	4921302	+	924	578	580	484	366	486	398
MA_RS20925	NC_003552.1	4921563	4922348	-	786	1012	1035	1424	964	2575	2054
MA_RS20930	NC_003552.1	4923111	4924727	-	1617	40503	37133	32398	28688	24487	31920
MA_RS20935	NC_003552.1	4925125	4926477	+	1353	946	639	487	477	830	736
MA_RS20940	NC_003552.1	4926667	4927371	+	705	2127	1584	1292	861	1668	1769
MA_RS20945	NC_003552.1	4927598	4927903	-	306	10047	8383	8213	5135	10194	14821
MA_RS20950	NC_003552.1	4927900	4928565	-	666	33506	28012	25599	16351	39302	52585
MA_RS20955	NC_003552.1	4929267	4929872	+	606	10166	7658	9140	3687	18480	13082
MA_RS20960	NC_003552.1	4930203	4931075	+	873	584	399	356	264	428	496
MA_RS20965	NC_003552.1	4931068	4931889	+	822	616	685	457	403	1064	1335
MA_RS20970	NC_003552.1	4931963	4932769	-	807	2039	1987	1587	1046	2580	3015
MA_RS20975	NC_003552.1	4932805	4933785	-	981	6213	5005	4732	3206	7160	8612
MA_RS20985	NC_003552.1	4934097	4934927	-	831	4272	3262	3275	2303	4863	5448
MA_RS20990	NC_003552.1	4934934	4935869	-	936	3323	1923	1716	573	3228	4191
MA_RS20995	NC_003552.1	4935909	4936904	-	996	3732	1957	2190	804	5447	6742
MA_RS27615	NC_003552.1	4937532	4937696	-	165	43909	17688	16964	5226	28303	26139
MA_RS21010	NC_003552.1	4938476	4940665	+	2190	21086	13980	12632	6694	20846	21288
MA_RS21015	NC_003552.1	4941117	4942214	+	1098	1859	1795	1494	1222	3305	2569
MA_RS21020	NC_003552.1	4942695	4942949	+	255	10180	5812	4015	3569	5404	6453
MA_RS29570	NC_003552.1	4943522	4943644	+	123	249	285	250	222	233	207
MA_RS21035	NC_003552.1	4945740	4946027	+	288	101	73	64	42	112	91
MA_RS27620	NC_003552.1	4946274	4946492	-	219	165	134	103	79	96	143
MA_RS21045	NC_003552.1	4946514	4947110	-	597	278	182	146	150	103	116
MA_RS21050	NC_003552.1	4947282	4948652	-	1371	3333	2785	2300	2384	1620	2372
MA_RS21055	NC_003552.1	4948917	4951190	-	2274	5977	5609	4859	3594	4105	6492
MA_RS21065	NC_003552.1	4952253	4953092	-	840	2572	2278	1730	1403	1633	1179
MA_RS21070	NC_003552.1	4953439	4954365	-	927	3669	3170	3080	1856	3188	5381
MA_RS21075	NC_003552.1	4954371	4954886	-	516	1385	1294	1041	608	582	1089
MA_RS21080	NC_003552.1	4955120	4955497	-	378	1513	1213	879	615	633	990
MA_RS21085	NC_003552.1	4955985	4956803	-	819	5537	4803	4447	3183	7602	7135
MA_RS21090	NC_003552.1	4956944	4957684	+	741	13715	15096	11494	10876	9335	9648
MA_RS21095	NC_003552.1	4957728	4958777	+	1050	25605	24035	26511	24384	16735	20368
MA_RS21100	NC_003552.1	4958795	4959967	+	1173	24408	20935	18599	16590	9419	12585
MA_RS21105	NC_003552.1	4959974	4960372	+	399	4466	3999	3275	3624	2752	3036
MA_RS21110	NC_003552.1	4960473	4961003	+	531	6065	7213	5464	4957	6892	8734
MA_RS21115	NC_003552.1	4961234	4962013	-	780	4871	4219	2723	2253	3435	3835
MA_RS21120	NC_003552.1	4962351	4964477	-	2127	18874	17131	14094	12935	13196	14091
MA_RS21125	NC_003552.1	4964806	4966035	+	1230	27653	22608	19075	15537	19244	19186
MA_RS21130	NC_003552.1	4966172	4967437	+	1266	21002	19383	19310	19049	15613	20714
MA_RS21140	NC_003552.1	4967646	4969622	-	1977	29366	20680	14056	9943	18313	20167
MA_RS21145	NC_003552.1	4969619	4970425	-	807	10712	8334	6510	4282	9531	10767
MA_RS21150	NC_003552.1	4970469	4971659	-	1191	15984	14754	10421	7415	15502	17711
MA_RS21155	NC_003552.1	4971656	4972765	-	1110	16807	11792	6848	4889	12126	13768
MA_RS21165	NC_003552.1	4973230	4975377	-	2148	19651	16161	14785	11934	8338	11166
MA_RS21170	NC_003552.1	4975823	4976740	+	918	1641	1329	1229	1077	1130	1025
MA_RS21175	NC_003552.1	4976923	4977162	-	240	3330	2972	3025	2166	8303	7208
MA_RS21180	NC_003552.1	4977707	4978015	+	309	30002	27847	26307	24395	32396	36126
MA_RS21185	NC_003552.1	4978223	4978588	+	366	12136	9123	10002	7588	9729	10934
MA_RS21190	NC_003552.1	4978585	4979811	+	1227	6197	5598	5839	5399	5897	6798
MA_RS21195	NC_003552.1	4980059	4980874	+	816	1297	906	679	575	981	657
MA_RS21200	NC_003552.1	4981095	4981808	-	714	20068	17494	13399	9547	11999	9558
MA_RS21205	NC_003552.1	4982291	4983577	+	1287	20937	16744	12851	9280	21605	17815
MA_RS21210	NC_003552.1	4983574	4984314	+	741	4659	3585	1834	1694	4411	3577
MA_RS21215	NC_003552.1	4984508	4985896	+	1389	1063	869	772	580	1221	1048
MA_RS21220	NC_003552.1	4986194	4986520	+	327	151	141	57	48	151	128
MA_RS27625	NC_003552.1	4986559	4986732	+	174	70	82	26	17	65	49
MA_RS21225	NC_003552.1	4986888	4987121	+	234	676	425	416	365	764	565
MA_RS21230	NC_003552.1	4987413	4987895	-	483	2172	1604	1503	1119	3717	2456
MA_RS21235	NC_003552.1	4988051	4989001	-	951	413	253	330	208	206	211
MA_RS21240	NC_003552.1	4989218	4989547	+	330	456	337	234	331	353	361
MA_RS21245	NC_003552.1	4989866	4990417	+	552	427	351	197	160	344	260
MA_RS21250	NC_003552.1	4990537	4990863	+	327	880	508	479	377	235	229
MA_RS21260	NC_003552.1	4991487	4992845	+	1359	4726	3566	3412	2593	3592	3998
MA_RS21265	NC_003552.1	4993189	4993611	+	423	50321	39450	49079	40117	15681	23455
MA_RS21270	NC_003552.1	4993713	4994069	-	357	4932	4758	4093	3408	3948	4904
MA_RS21275	NC_003552.1	4994383	4996134	-	1752	12639	10552	10113	7351	6024	9363
MA_RS21280	NC_003552.1	4996458	4998629	-	2172	3895	3578	3282	2408	3303	3223
MA_RS21285	NC_003552.1	4999225	5000655	+	1431	8942	6134	5139	4136	4453	5136
MA_RS21290	NC_003552.1	5000865	5001134	-	270	12737	7838	10562	5311	24275	22123
MA_RS21295	NC_003552.1	5001782	5003095	-	1314	2889	2111	1300	1079	2205	1999
MA_RS21300	NC_003552.1	5003360	5006089	+	2730	18038	13637	11612	9069	15347	15094
MA_RS21305	NC_003552.1	5006170	5007351	-	1182	1721	1324	1191	750	1148	1325
MA_RS21310	NC_003552.1	5007383	5008042	-	660	2421	2069	1581	1144	2038	2119
MA_RS21320	NC_003552.1	5008379	5010058	-	1680	7866	7355	7049	5398	5413	6336
MA_RS21325	NC_003552.1	5010139	5010432	+	294	915	868	795	596	601	911
MA_RS21330	NC_003552.1	5010454	5011647	+	1194	8386	6632	7853	5738	4086	5757
MA_RS21335	NC_003552.1	5011801	5012181	+	381	5736	5865	5901	6036	3027	3889
MA_RS21340	NC_003552.1	5012185	5012553	+	369	1280	1613	1347	1221	1165	1216
MA_RS28005	NC_003552.1	5012735	5013007	+	273	181	104	52	32	60	65
MA_RS27635	NC_003552.1	5013010	5013183	-	174	5575	4640	5589	4754	1139	1065
MA_RS21345	NC_003552.1	5013762	5014478	+	717	3147	2589	2507	1962	2070	1848
MA_RS27640	NC_003552.1	5014591	5014740	+	150	211	205	139	93	286	214
MA_RS21355	NC_003552.1	5015185	5015868	-	684	9206	7497	6610	4650	5018	8194
MA_RS21360	NC_003552.1	5016080	5016934	-	855	68715	56710	46641	35885	44235	50340
MA_RS21365	NC_003552.1	5017020	5017481	-	462	26218	21366	15280	11304	13927	15274
MA_RS21370	NC_003552.1	5017501	5018610	-	1110	22378	18238	15167	13318	10698	12136
MA_RS27645	NC_003552.1	5018895	5019071	+	177	8977	8993	12026	17356	12375	11172
MA_RS21375	NC_003552.1	5019162	5019488	+	327	3026	2206	1919	1441	2175	1822
MA_RS21380	NC_003552.1	5019631	5020065	+	435	3651	2971	2368	1578	3450	2857
MA_RS21385	NC_003552.1	5020502	5020918	-	417	30243	20437	11338	7805	26557	16939
MA_RS21395	NC_003552.1	5021763	5023106	+	1344	10979	9363	7955	6794	7198	8468
MA_RS21400	NC_003552.1	5023245	5024402	+	1158	8195	6425	5529	5297	4449	5678
MA_RS21405	NC_003552.1	5024676	5025488	+	813	6973	6647	7127	6623	4193	7064
MA_RS21410	NC_003552.1	5026451	5027116	-	666	62297	42636	40693	26532	51501	57938
MA_RS21415	NC_003552.1	5027438	5028418	+	981	1030	952	843	820	2069	1675
MA_RS21420	NC_003552.1	5028445	5029545	+	1101	629	657	364	242	455	407
MA_RS21425	NC_003552.1	5029914	5030093	+	180	1926	1513	1498	1123	3751	4095
MA_RS26065	NC_003552.1	5030157	5030839	-	683	3043	2887	1704	1200	2522	2787
MA_RS21440	NC_003552.1	5031007	5032260	-	1254	19769	17471	15391	13414	16608	20333
MA_RS21445	NC_003552.1	5032473	5032901	-	429	10993	8840	8554	7241	7452	7736
MA_RS21450	NC_003552.1	5032907	5033083	-	177	4253	2796	2073	1509	916	1043
MA_RS21455	NC_003552.1	5033138	5033794	-	657	32352	29177	25473	21644	30675	32497
MA_RS21460	NC_003552.1	5033826	5034095	-	270	7399	6147	5698	4678	6027	7036
MA_RS26070	NC_003552.1	5034115	5034270	-	156	12085	7119	8079	4566	1981	2495
MA_RS21465	NC_003552.1	5034570	5035172	-	603	13392	12438	9396	7626	13940	15136
MA_RS21470	NC_003552.1	5035178	5035546	-	369	23327	20033	18554	16016	13401	14549
MA_RS21475	NC_003552.1	5035636	5036085	-	450	17583	16406	13458	12438	17279	17170
MA_RS21480	NC_003552.1	5036381	5037655	-	1275	18832	12654	9163	8775	7305	7864
MA_RS21485	NC_003552.1	5038093	5038470	-	378	479	620	495	391	1042	818
MA_RS21490	NC_003552.1	5038452	5038697	-	246	1184	905	884	699	290	384
MA_RS27650	NC_003552.1	5039302	5039517	+	216	7793	6982	4902	4487	6911	6508
MA_RS21495	NC_003552.1	5039654	5039875	+	222	11175	8174	5141	4065	3563	4482
MA_RS21500	NC_003552.1	5040083	5041369	-	1287	401	393	307	248	341	351
MA_RS21510	NC_003552.1	5042745	5042819	+	75	1123	936	804	726	665	451
MA_RS21515	NC_003552.1	5042936	5043307	-	372	1412	867	851	573	659	420
MA_RS21520	NC_003552.1	5043454	5043672	+	219	950	622	758	786	793	768
MA_RS21525	NC_003552.1	5043673	5043915	+	243	1542	1409	738	597	1348	1364
MA_RS21530	NC_003552.1	5044148	5044756	-	609	1312	1165	1057	883	984	991
MA_RS21535	NC_003552.1	5045217	5045450	-	234	1489	1160	1344	847	771	1110
MA_RS21540	NC_003552.1	5046162	5046599	+	438	1014	887	517	464	431	502
MA_RS29575	NC_003552.1	5046612	5046743	+	132	116	83	61	39	26	43
MA_RS21545	NC_003552.1	5046757	5047002	+	246	1195	1082	1165	1183	1293	1775
MA_RS21550	NC_003552.1	5047389	5048819	+	1431	2724	2722	1737	1589	2558	2752
MA_RS21555	NC_003552.1	5049499	5050743	+	1245	5019	4428	6113	4771	19871	20932
MA_RS21560	NC_003552.1	5050740	5051513	+	774	442	384	204	180	300	312
MA_RS21570	NC_003552.1	5051833	5052066	+	234	4041	3829	3184	2334	4566	5300
MA_RS21575	NC_003552.1	5053011	5054297	+	1287	315	350	323	275	363	319
MA_RS29040	NC_003552.1	5054324	5054731	-	408	127	81	105	45	43	42
MA_RS21580	NC_003552.1	5054882	5056855	-	1974	1072	876	714	602	664	627
MA_RS21585	NC_003552.1	5057025	5057351	-	327	168	190	149	119	143	170
MA_RS21590	NC_003552.1	5057437	5058006	-	570	567	477	384	330	282	366
MA_RS21595	NC_003552.1	5058003	5058491	-	489	136	137	135	127	96	93
MA_RS27660	NC_003552.1	5058488	5058892	-	405	122	138	79	79	78	79
MA_RS21605	NC_003552.1	5059128	5059394	-	267	43	29	47	34	75	62
MA_RS21610	NC_003552.1	5059391	5059966	-	576	111	123	117	76	87	100
MA_RS21620	NC_003552.1	5060557	5061516	+	960	7255	6035	6415	5924	5135	5522
MA_RS21625	NC_003552.1	5061543	5061995	+	453	781	859	1139	907	1937	1990
MA_RS21630	NC_003552.1	5062220	5063749	+	1530	8052	6757	6457	5110	5264	5807
MA_RS21635	NC_003552.1	5063968	5064426	+	459	1064	1050	1211	800	1181	1350
MA_RS21640	NC_003552.1	5064612	5064696	-	85	55	42	79	129	72	95
MA_RS21645	NC_003552.1	5064764	5064835	-	72	50	64	33	157	24	34
MA_RS29860	NC_003552.1	5065945	5066049	+	105	561	475	680	506	620	868
MA_RS21650	NC_003552.1	5066075	5066455	+	381	4161	3502	3677	3122	4920	4680
MA_RS21655	NC_003552.1	5066431	5067318	+	888	7414	7261	5969	5072	11004	9890
MA_RS21660	NC_003552.1	5067457	5068638	+	1182	7491	6495	4995	4834	5466	5333
MA_RS21665	NC_003552.1	5069683	5070012	+	330	75312	78375	68692	68978	83068	106767
MA_RS21670	NC_003552.1	5070005	5071951	+	1947	473670	518293	375798	406074	494179	589987
MA_RS21675	NC_003552.1	5071956	5072204	+	249	11114	12934	6901	8405	40083	52833
MA_RS21680	NC_003552.1	5072405	5072956	+	552	128401	127293	68571	61568	78659	104082
MA_RS21685	NC_003552.1	5072963	5074045	+	1083	186767	230759	135536	142976	209792	275156
MA_RS21690	NC_003552.1	5074045	5074350	+	306	20607	19099	8384	6547	11145	15031
MA_RS21695	NC_003552.1	5074341	5076077	+	1737	529796	528051	364312	359290	291918	405594
MA_RS21700	NC_003552.1	5076080	5077462	+	1383	379561	399561	296500	343672	235685	308467
MA_RS21705	NC_003552.1	5077468	5078097	+	630	161995	185861	137742	143507	166917	233453
MA_RS21710	NC_003552.1	5078583	5080907	+	2325	3404	3159	3192	2679	3407	3724
MA_RS21715	NC_003552.1	5081050	5081514	+	465	1525	1416	1282	1163	3429	3015
MA_RS21720	NC_003552.1	5081539	5083230	-	1692	7364	4744	1886	2366	3998	3107
MA_RS21735	NC_003552.1	5084184	5084978	+	795	1984	1602	1336	1053	1579	1522
MA_RS21740	NC_003552.1	5085048	5086082	+	1035	2000	1353	1276	974	1558	1544
MA_RS21745	NC_003552.1	5086340	5087707	+	1368	258	294	331	198	261	269
MA_RS29580	NC_003552.1	5088261	5088383	-	123	2107	2359	3968	2713	1365	2777
MA_RS21750	NC_003552.1	5088682	5089536	+	855	2642	2419	2255	1965	3337	2763
MA_RS21755	NC_003552.1	5090220	5090411	+	192	4322	4232	3489	3040	4566	5434
MA_RS21760	NC_003552.1	5091455	5091862	+	408	147572	112833	80846	73044	45830	68094
MA_RS21765	NC_003552.1	5092840	5093718	-	879	3057	2253	1867	1386	1997	1819
MA_RS21770	NC_003552.1	5093970	5094392	-	423	10902	8843	7329	5919	2951	6321
MA_RS21775	NC_003552.1	5094804	5095697	-	894	832	793	666	515	938	1203
MA_RS21780	NC_003552.1	5096138	5096503	+	366	80	85	47	29	73	65
MA_RS21785	NC_003552.1	5097380	5098420	+	1041	163	160	98	62	114	127
MA_RS21790	NC_003552.1	5098421	5100175	+	1755	1468	1219	1049	737	981	1229
MA_RS21795	NC_003552.1	5100180	5101046	+	867	1089	668	474	430	314	438
MA_RS21800	NC_003552.1	5101057	5101446	+	390	1961	1678	1817	1513	1139	1098
MA_RS21805	NC_003552.1	5101449	5102750	+	1302	706	576	476	299	644	568
MA_RS27665	NC_003552.1	5103005	5103181	+	177	1369	1305	1013	624	668	669
MA_RS21810	NC_003552.1	5103325	5103987	-	663	1776	1447	928	737	1093	1339
MA_RS21815	NC_003552.1	5103950	5104774	-	825	1099	1067	743	589	752	777
MA_RS29865	NC_003552.1	5105102	5105572	-	471	151	248	147	75	96	82
MA_RS26290	NC_003552.1	5105536	5105790	-	255	45	42	16	33	57	34
MA_RS21825	NC_003552.1	5105843	5107090	-	1248	2485	2646	1751	1436	2373	2653
MA_RS27670	NC_003552.1	5107126	5107311	-	186	271	190	161	134	163	126
MA_RS21830	NC_003552.1	5107594	5108508	-	915	2219	1638	1642	1332	1163	1469
MA_RS21835	NC_003552.1	5108939	5109790	-	852	1518	1385	1493	1187	1217	1147
MA_RS29045	NC_003552.1	5110845	5111315	-	471	706	647	464	357	598	514
MA_RS29050	NC_003552.1	5111370	5111732	-	363	996	768	536	503	733	839
MA_RS21850	NC_003552.1	5112881	5113606	-	726	709	733	522	392	1008	830
MA_RS21860	NC_003552.1	5114025	5114096	-	72	120	102	138	174	147	144
MA_RS21865	NC_003552.1	5114285	5114839	-	555	9342	7864	7706	6050	5249	5777
MA_RS21870	NC_003552.1	5114867	5115181	-	315	9719	7051	6887	5271	4906	5639
MA_RS21880	NC_003552.1	5115974	5116348	+	375	6499	5430	5570	4742	4383	6051
MA_RS21885	NC_003552.1	5116986	5117288	+	303	6343	5438	5175	4155	3979	4045
MA_RS21890	NC_003552.1	5117417	5118415	-	999	6434	4637	3420	2851	2732	3283
MA_RS21895	NC_003552.1	5118713	5118889	+	177	1268	1183	1487	1506	1682	1946
MA_RS21900	NC_003552.1	5118988	5119959	-	972	14088	13316	11565	9681	7288	9566
MA_RS21905	NC_003552.1	5120172	5120525	-	354	1517	1506	1322	913	862	1533
MA_RS21910	NC_003552.1	5120652	5121419	-	768	3957	3740	3898	2346	1418	2855
MA_RS21915	NC_003552.1	5121420	5121980	-	561	3340	3329	2868	1714	1518	2792
MA_RS21920	NC_003552.1	5122105	5122800	-	696	2763	2941	3183	2143	2375	3482
MA_RS21925	NC_003552.1	5123013	5123513	+	501	7095	6218	6042	5063	5094	5788
MA_RS21930	NC_003552.1	5123731	5124153	+	423	282	286	216	253	179	246
MA_RS21935	NC_003552.1	5124165	5124866	-	702	2156	1853	1542	1282	998	1267
MA_RS21940	NC_003552.1	5125035	5126963	-	1929	13792	11859	10411	8083	8157	12336
MA_RS21945	NC_003552.1	5127315	5128016	+	702	1692	1335	927	807	885	885
MA_RS21950	NC_003552.1	5128215	5129048	-	834	2430	2052	1745	1453	2465	2216
MA_RS21955	NC_003552.1	5129045	5130046	-	1002	722	645	426	228	970	526
MA_RS21960	NC_003552.1	5130958	5132367	+	1410	7236	6147	6257	4141	4587	7902
MA_RS21965	NC_003552.1	5132369	5132716	+	348	1277	1116	1109	623	1042	1969
MA_RS21970	NC_003552.1	5132804	5133235	+	432	2709	2473	2792	2109	2289	3528
MA_RS21975	NC_003552.1	5133965	5134531	-	567	2534	1951	1638	1022	586	1017
MA_RS21990	NC_003552.1	5136553	5136852	+	300	1797	1440	1369	928	5146	2751
MA_RS21995	NC_003552.1	5136933	5137241	+	309	979	843	782	519	2595	1509
MA_RS22000	NC_003552.1	5137379	5137603	+	225	948	941	1468	1109	1035	1936
MA_RS22005	NC_003552.1	5137862	5138344	-	483	752	672	969	583	775	777
MA_RS22015	NC_003552.1	5138708	5140051	+	1344	30186	26604	21698	15497	25698	25937
MA_RS22025	NC_003552.1	5140863	5141915	+	1053	7354	8827	5288	5741	2783	4539
MA_RS22030	NC_003552.1	5141912	5143423	+	1512	7671	8390	4582	5474	2142	4051
MA_RS22035	NC_003552.1	5143426	5144169	+	744	3466	3092	1655	1624	589	1262
MA_RS22040	NC_003552.1	5144176	5145213	+	1038	7911	9317	7405	6809	2202	3982
MA_RS22045	NC_003552.1	5145289	5145774	-	486	1470	1184	1262	850	693	1172
MA_RS22050	NC_003552.1	5145829	5146947	-	1119	2081	1660	1443	1011	912	1102
MA_RS22055	NC_003552.1	5147328	5147864	+	537	1057	841	751	406	485	605
MA_RS26090	NC_003552.1	5148264	5148946	-	683	945	803	660	475	617	494
MA_RS22070	NC_003552.1	5149194	5149964	+	771	1243	952	812	674	860	980
MA_RS22075	NC_003552.1	5150148	5151632	-	1485	1472	1128	666	689	773	816
MA_RS22080	NC_003552.1	5151565	5152506	-	942	2092	1732	1923	1430	1310	1838
MA_RS27685	NC_003552.1	5153184	5153327	-	144	407	384	284	269	385	698
MA_RS22090	NC_003552.1	5153360	5153773	-	414	552	555	367	262	287	571
MA_RS22095	NC_003552.1	5153922	5154824	-	903	5020	4061	3960	3235	2832	2844
MA_RS26095	NC_003552.1	5155391	5155549	+	159	316	344	223	185	373	491
MA_RS22100	NC_003552.1	5155626	5156819	-	1194	6523	5295	4876	3776	5992	6177
MA_RS22105	NC_003552.1	5157331	5157870	+	540	653	467	526	435	495	525
MA_RS22110	NC_003552.1	5158022	5159614	-	1593	770	681	759	485	516	526
MA_RS22115	NC_003552.1	5160168	5160875	+	708	10896	8510	4749	5893	2578	3438
MA_RS22120	NC_003552.1	5161627	5162112	+	486	17465	14048	11805	11210	5150	7771
MA_RS22125	NC_003552.1	5162128	5163030	+	903	21143	17362	12625	12855	6347	8277
MA_RS22130	NC_003552.1	5163181	5163642	-	462	9017	8480	6659	5973	5173	7031
MA_RS22135	NC_003552.1	5163707	5164240	-	534	3860	3452	2401	2026	2820	3934
MA_RS22140	NC_003552.1	5164806	5165504	-	699	30018	28547	29690	31750	17263	28738
MA_RS22145	NC_003552.1	5165662	5166594	-	933	69106	79723	83639	98794	32508	60520
MA_RS22150	NC_003552.1	5166591	5167445	-	855	42319	54340	43877	42897	22481	37866
MA_RS22155	NC_003552.1	5167491	5167865	-	375	27128	27170	22209	19370	10442	16832
MA_RS22160	NC_003552.1	5167961	5168332	-	372	16255	16646	9076	8542	8785	10980
MA_RS22165	NC_003552.1	5168548	5168886	+	339	6148	3954	2017	2281	1301	1413
MA_RS22170	NC_003552.1	5168938	5169780	+	843	22667	21316	15447	14785	11418	12347
MA_RS22175	NC_003552.1	5170319	5171890	+	1572	18064	19005	12283	14723	11467	15458
MA_RS22180	NC_003552.1	5172034	5172792	+	759	11279	10484	9932	9260	6684	9258
MA_RS22185	NC_003552.1	5172925	5173704	-	780	4676	3628	3422	2815	2216	2813
MA_RS22190	NC_003552.1	5174024	5174971	+	948	6280	7299	6371	8404	5426	7333
MA_RS22195	NC_003552.1	5174955	5175785	+	831	2235	2295	1899	1776	1010	1837
MA_RS22200	NC_003552.1	5175782	5176765	+	984	3299	2960	2794	2358	1500	2236
MA_RS22205	NC_003552.1	5176758	5177699	+	942	1447	1766	1438	1382	887	1320
MA_RS22210	NC_003552.1	5177955	5178440	+	486	24076	19572	17843	13835	14683	18054
MA_RS22215	NC_003552.1	5178588	5179238	+	651	13695	13356	12191	11010	10538	13082
MA_RS22220	NC_003552.1	5179342	5179770	-	429	3063	2533	2132	1567	1230	1727
MA_RS22225	NC_003552.1	5179835	5180281	-	447	4172	3508	3233	2213	1524	2208
MA_RS22230	NC_003552.1	5180615	5181337	-	723	6007	4706	4595	3909	3382	4542
MA_RS22235	NC_003552.1	5181327	5182127	-	801	6017	3352	2762	2329	2292	3322
MA_RS22240	NC_003552.1	5182096	5182452	-	357	1528	1233	1120	1128	1075	1640
MA_RS22245	NC_003552.1	5182525	5183037	-	513	1054	956	895	980	1091	1676
MA_RS22250	NC_003552.1	5183061	5183789	-	729	7253	5130	5184	3884	3408	4737
MA_RS22255	NC_003552.1	5183807	5184415	-	609	2811	2339	2044	1410	1733	2200
MA_RS22260	NC_003552.1	5184506	5185060	-	555	1808	1386	1179	923	1026	1087
MA_RS22265	NC_003552.1	5185846	5187177	+	1332	18436	14069	10824	7404	10138	11592
MA_RS22270	NC_003552.1	5187268	5188296	-	1029	25694	22752	21727	18472	9223	15922
MA_RS22275	NC_003552.1	5188650	5189492	+	843	2380	2431	1536	1406	2507	2572
MA_RS22280	NC_003552.1	5189799	5190284	-	486	9205	8008	7148	6893	7595	8629
MA_RS22285	NC_003552.1	5190315	5191640	+	1326	164229	141772	106467	96402	315080	232024
MA_RS22290	NC_003552.1	5191775	5192365	+	591	2381	1565	1090	798	1538	1400
MA_RS22295	NC_003552.1	5192362	5192592	+	231	108	239	44	50	66	63
MA_RS22300	NC_003552.1	5192880	5194004	+	1125	79227	68768	67876	60253	51190	67512
MA_RS22305	NC_003552.1	5194431	5194646	+	216	22563	17960	15678	12353	10667	12882
MA_RS22310	NC_003552.1	5194643	5195101	+	459	51472	43559	36735	29701	28542	30180
MA_RS22315	NC_003552.1	5195216	5195701	+	486	38851	34378	32983	29349	21656	32506
MA_RS22320	NC_003552.1	5195933	5196574	+	642	60807	56119	45610	46706	40106	49947
MA_RS22325	NC_003552.1	5196575	5197618	+	1044	70916	69855	50581	53778	51533	60521
MA_RS22330	NC_003552.1	5197662	5197976	+	315	15092	8244	4710	15972	12814	19618
MA_RS22335	NC_003552.1	5198467	5199267	-	801	3235	2859	2592	2057	3659	4296
MA_RS29870	NC_003552.1	5200311	5200466	+	156	8066	6733	4751	3421	6305	4843
MA_RS22340	NC_003552.1	5200517	5201509	+	993	5633	4680	3927	3193	3021	2748
MA_RS26105	NC_003552.1	5201813	5202082	-	270	1450	1613	1212	958	2136	2065
MA_RS22345	NC_003552.1	5202101	5202388	-	288	952	922	598	481	1648	1420
MA_RS28110	NC_003552.1	5202388	5202543	-	156	926	625	486	274	284	275
MA_RS22350	NC_003552.1	5203040	5203213	-	174	28	29	8	11	49	27
MA_RS27695	NC_003552.1	5203506	5203649	-	144	18	10	16	6	18	12
MA_RS29585	NC_003552.1	5203679	5204062	-	384	184	156	83	96	106	76
MA_RS22360	NC_003552.1	5204663	5204854	+	192	223	195	254	157	848	663
MA_RS27700	NC_003552.1	5205054	5205176	-	123	35	78	17	11	40	20
MA_RS22365	NC_003552.1	5208153	5212328	+	4176	8086	6532	5844	4714	5571	6185
MA_RS22370	NC_003552.1	5213634	5218865	+	5232	11857	10339	13384	11023	5290	7930
MA_RS29590	NC_003552.1	5219872	5226369	+	6498	10206	9026	9208	6586	6074	8048
MA_RS22385	NC_003552.1	5227553	5232757	+	5205	5344	4537	4858	3775	3007	3318
MA_RS22390	NC_003552.1	5233948	5235249	+	1302	3542	2896	3410	2654	2507	3203
MA_RS22395	NC_003552.1	5235309	5241005	+	5697	25083	19233	19470	15400	19667	23722
MA_RS27730	NC_003552.1	5242069	5242233	-	165	212	238	220	129	228	221
MA_RS22400	NC_003552.1	5242439	5248462	+	6024	11238	9512	11087	9502	4751	7450
MA_RS22415	NC_003552.1	5249161	5250288	-	1128	787	773	719	602	674	660
MA_RS22420	NC_003552.1	5250432	5251925	-	1494	1487	1098	973	876	843	831
MA_RS22425	NC_003552.1	5252544	5258900	-	6357	4422	3773	3378	2862	3009	3440
MA_RS26120	NC_003552.1	5262623	5268076	+	5454	10465	10223	9435	7569	11166	12663
MA_RS22440	NC_003552.1	5268189	5269091	+	903	1090	1039	1009	690	932	1131
MA_RS22445	NC_003552.1	5269127	5272654	+	3528	30410	29474	23131	17651	23743	36238
MA_RS22455	NC_003552.1	5273285	5277154	+	3870	3749	3468	3571	2951	2441	3062
MA_RS22465	NC_003552.1	5277805	5279088	-	1284	11174	9782	12268	10291	5769	7572
MA_RS22470	NC_003552.1	5279626	5280378	+	753	3669	3445	2928	3234	10457	8388
MA_RS22480	NC_003552.1	5282175	5288021	+	5847	16555	12801	9852	7771	7480	9694
MA_RS22485	NC_003552.1	5289131	5292370	+	3240	25212	22173	17373	13843	18217	22313
MA_RS22500	NC_003552.1	5293762	5297550	+	3789	5987	5149	4447	3525	4038	4721
MA_RS22510	NC_003552.1	5298435	5300219	+	1785	2566	2151	1919	1444	1742	2108
MA_RS22520	NC_003552.1	5300960	5307049	+	6090	17571	14383	12576	10016	9905	11873
MA_RS22530	NC_003552.1	5308010	5309686	+	1677	1630	1322	1262	1075	886	996
MA_RS24845	NC_003552.1	5309826	5314724	+	4899	17131	13662	12529	10274	13707	14767
MA_RS22545	NC_003552.1	5316590	5318104	-	1515	2432	2278	2311	1679	1292	2024
MA_RS22550	NC_003552.1	5318214	5319002	-	789	3700	2973	2798	2399	5444	5135
MA_RS22555	NC_003552.1	5319155	5319898	-	744	1676	1484	1768	1235	794	1164
MA_RS29075	NC_003552.1	5319977	5320156	+	180	211	250	44	40	255	239
MA_RS22565	NC_003552.1	5320320	5321363	-	1044	6234	5341	4730	3378	5229	5495
MA_RS22570	NC_003552.1	5321353	5322153	-	801	6985	5011	3271	2238	5265	4824
MA_RS22575	NC_003552.1	5322426	5322896	-	471	1058	929	1147	1084	795	874
MA_RS26125	NC_003552.1	5323196	5323408	+	213	222	192	124	111	243	151
MA_RS22585	NC_003552.1	5323950	5324468	-	519	567	461	423	304	289	291
MA_RS22590	NC_003552.1	5325191	5326297	+	1107	12083	9465	6315	5140	3128	4018
MA_RS22595	NC_003552.1	5326341	5327447	+	1107	7647	6343	4004	3224	2497	3401
MA_RS22600	NC_003552.1	5327491	5328585	+	1095	7305	6254	3733	3193	3047	3809
MA_RS22605	NC_003552.1	5328637	5329812	+	1176	3114	2536	1687	1673	2024	2194
MA_RS22610	NC_003552.1	5330038	5331324	-	1287	31538	25291	30890	29517	75533	29841
MA_RS22615	NC_003552.1	5331776	5332693	-	918	17365	12174	9934	6993	6307	7408
MA_RS22620	NC_003552.1	5332823	5333374	-	552	24780	20290	19442	17270	12017	13857
MA_RS22625	NC_003552.1	5333569	5334684	-	1116	8792	7627	8817	6704	5429	7653
MA_RS22630	NC_003552.1	5334730	5335815	-	1086	19016	17025	14441	10105	9693	13855
MA_RS22635	NC_003552.1	5335808	5339335	-	3528	69542	55009	46898	34857	35120	43192
MA_RS22640	NC_003552.1	5339390	5340346	-	957	21189	18066	12935	10063	9980	11923
MA_RS22650	NC_003552.1	5341151	5341330	-	180	142277	139182	168552	109995	62875	100705
MA_RS22660	NC_003552.1	5342219	5344198	-	1980	8700	8209	7993	9771	6504	9268
MA_RS22665	NC_003552.1	5344243	5344908	-	666	3994	3826	3165	3907	2985	3032
MA_RS22670	NC_003552.1	5345170	5345625	-	456	4462	4031	4116	3093	2627	3638
MA_RS22675	NC_003552.1	5346020	5346094	-	75	122	94	153	244	164	138
MA_RS22685	NC_003552.1	5346561	5347124	+	564	4178	3571	3642	2574	2824	3093
MA_RS22690	NC_003552.1	5347197	5348021	+	825	6294	5812	6100	5101	7529	8463
MA_RS22695	NC_003552.1	5347997	5348848	+	852	1653	1454	1368	995	1027	1378
MA_RS22700	NC_003552.1	5349005	5349778	+	774	2514	2223	2485	2070	2538	2594
MA_RS22705	NC_003552.1	5350223	5350570	+	348	2657	2260	2194	2615	2889	2162
MA_RS22710	NC_003552.1	5350567	5351934	+	1368	7197	7523	5910	5413	7044	5645
MA_RS22715	NC_003552.1	5352029	5352580	+	552	5566	4242	4029	2775	8537	5927
MA_RS22720	NC_003552.1	5352667	5353314	-	648	1097	1211	1018	823	2912	2060
MA_RS22730	NC_003552.1	5354606	5354680	-	75	61	46	59	59	68	61
MA_RS22735	NC_003552.1	5355028	5355906	+	879	16837	15250	14510	14533	7740	10733
MA_RS22740	NC_003552.1	5356225	5358165	+	1941	6806	5269	4829	4191	3636	4402
MA_RS27745	NC_003552.1	5358450	5358617	+	168	70	68	38	24	37	39
MA_RS22745	NC_003552.1	5359324	5360418	+	1095	11291	9193	8304	8556	4962	4883
MA_RS22750	NC_003552.1	5360712	5362823	-	2112	4102	3264	2483	2128	3120	3653
MA_RS29085	NC_003552.1	5363064	5363714	-	651	180	131	95	86	71	110
MA_RS29090	NC_003552.1	5363711	5364037	-	327	243	138	134	111	58	43
MA_RS29095	NC_003552.1	5363953	5364243	-	291	392	351	284	255	109	137
MA_RS22760	NC_003552.1	5364476	5364667	+	192	492	492	487	312	445	683
MA_RS22765	NC_003552.1	5364709	5366466	-	1758	22190	17146	16889	12644	5914	15522
MA_RS22770	NC_003552.1	5366948	5368060	-	1113	539	437	474	291	547	528
MA_RS22780	NC_003552.1	5370305	5370377	+	73	73	54	84	89	78	63
MA_RS29100	NC_003552.1	5370797	5371207	-	411	881	826	709	591	748	658
MA_RS22790	NC_003552.1	5371270	5371992	-	723	630	496	382	273	325	312
MA_RS22795	NC_003552.1	5371985	5372614	-	630	1049	1117	1125	819	815	1146
MA_RS22800	NC_003552.1	5372836	5373828	-	993	1970	1772	1761	1705	1051	1126
MA_RS22805	NC_003552.1	5373829	5374731	-	903	156	488	103	97	86	116
MA_RS22810	NC_003552.1	5374734	5375951	-	1218	272	325	129	153	192	125
MA_RS22815	NC_003552.1	5376449	5378020	+	1572	2887	2102	1667	1093	2699	2185
MA_RS22820	NC_003552.1	5378384	5380321	+	1938	1346	1509	1000	1321	3071	2077
MA_RS22825	NC_003552.1	5380318	5380962	+	645	370	385	255	337	737	414
MA_RS22830	NC_003552.1	5381639	5382892	-	1254	3788	3746	3745	2623	4208	5362
MA_RS22835	NC_003552.1	5382885	5383796	-	912	11370	9123	7663	5300	7526	7697
MA_RS22840	NC_003552.1	5383911	5384582	+	672	2812	2172	2007	1236	1470	1344
MA_RS22845	NC_003552.1	5385309	5387255	+	1947	5850	5599	4738	3995	3029	4166
MA_RS22850	NC_003552.1	5387252	5388193	+	942	2281	2068	1705	1340	876	1388
MA_RS22855	NC_003552.1	5388190	5388876	+	687	646	607	374	322	332	492
MA_RS22860	NC_003552.1	5388873	5390423	+	1551	2992	2620	2111	1735	1000	1567
MA_RS22865	NC_003552.1	5390436	5392073	+	1638	3122	2865	2233	1688	1483	2208
MA_RS22870	NC_003552.1	5392120	5392632	+	513	653	749	644	514	688	852
MA_RS22875	NC_003552.1	5392805	5393707	+	903	1259	981	819	691	875	971
MA_RS27750	NC_003552.1	5393757	5393924	+	168	259	243	84	45	83	87
MA_RS22880	NC_003552.1	5394084	5394869	+	786	11129	9359	7823	5474	10374	10150
MA_RS22885	NC_003552.1	5395128	5395493	-	366	7968	9464	6545	5118	7698	10130
MA_RS22890	NC_003552.1	5395465	5398551	-	3087	3909	3487	2946	2145	2351	3360
MA_RS22895	NC_003552.1	5399129	5401918	-	2790	41649	33047	28848	19855	38509	41452
MA_RS22900	NC_003552.1	5402478	5403497	+	1020	7709	8551	7441	5603	6918	6443
MA_RS22905	NC_003552.1	5403822	5405441	+	1620	4825	4746	4526	2938	3704	4861
MA_RS22910	NC_003552.1	5406278	5407747	+	1470	2168	1869	2029	1667	1083	1194
MA_RS22915	NC_003552.1	5408423	5409589	+	1167	5052	3911	3722	2965	7195	5520
MA_RS22920	NC_003552.1	5409794	5410492	-	699	1137	1213	934	664	3921	3113
MA_RS22925	NC_003552.1	5411710	5413605	+	1896	2649	2736	3504	2045	3395	2531
MA_RS22930	NC_003552.1	5413906	5414277	+	372	171	150	187	143	257	205
MA_RS22935	NC_003552.1	5414799	5416406	+	1608	3788	2927	2059	1694	2690	2232
MA_RS22945	NC_003552.1	5417074	5418177	+	1104	1459	1150	1064	766	970	879
MA_RS22955	NC_003552.1	5419261	5420037	+	777	5111	8397	25830	5000	92603	55695
MA_RS22960	NC_003552.1	5420052	5421437	+	1386	9253	13662	59913	10754	117478	69825
MA_RS22965	NC_003552.1	5421493	5422074	+	582	2415	3003	8214	1417	22301	15415
MA_RS22970	NC_003552.1	5422491	5423459	+	969	192	255	326	117	2318	894
MA_RS22975	NC_003552.1	5424079	5426094	+	2016	10320	9231	8760	5968	8535	8948
MA_RS22980	NC_003552.1	5426252	5428180	+	1929	40630	34625	28533	21772	30143	30558
MA_RS22985	NC_003552.1	5428320	5429105	+	786	8821	8244	6056	4432	5124	5440
MA_RS22990	NC_003552.1	5429469	5430257	+	789	14725	18421	11601	9102	12566	10508
MA_RS22995	NC_003552.1	5430882	5433299	-	2418	12386	11599	12657	12043	8533	9593
MA_RS23000	NC_003552.1	5433732	5434151	-	420	1721	1414	2718	1896	2652	3206
MA_RS23005	NC_003552.1	5434398	5434469	-	72	28	33	39	55	47	35
MA_RS23010	NC_003552.1	5434643	5435827	+	1185	6558	5525	5270	3956	5631	5343
MA_RS23015	NC_003552.1	5435952	5436626	+	675	3428	3274	2913	2057	3781	4209
MA_RS23020	NC_003552.1	5436633	5437160	+	528	1618	1523	1326	883	2531	3506
MA_RS23025	NC_003552.1	5437758	5438732	+	975	33847	24918	20307	13552	15455	21030
MA_RS23030	NC_003552.1	5438765	5439427	+	663	10210	7158	8369	5465	5412	6628
MA_RS23035	NC_003552.1	5439875	5440618	+	744	7045	5275	3485	2563	4496	4516
MA_RS23040	NC_003552.1	5440600	5441823	+	1224	8238	5490	2878	2411	4890	4378
MA_RS29105	NC_003552.1	5441996	5442148	+	153	1377	1628	1130	875	854	1223
MA_RS27760	NC_003552.1	5442176	5442340	+	165	337	192	120	77	134	165
MA_RS23045	NC_003552.1	5442559	5442918	+	360	16062	9234	7861	4507	20733	8075
MA_RS23050	NC_003552.1	5442924	5443541	+	618	6404	3181	3224	2204	25528	8157
MA_RS23055	NC_003552.1	5443811	5446861	+	3051	15858	12112	13347	7691	19570	10717
MA_RS23060	NC_003552.1	5447513	5448121	-	609	8130	5788	3779	2994	4994	4149
MA_RS23065	NC_003552.1	5449038	5450669	+	1632	34276	25439	24706	27404	11290	12127
MA_RS23070	NC_003552.1	5451040	5451429	-	390	3168	2833	2606	1940	5168	5866
MA_RS23075	NC_003552.1	5451434	5452192	-	759	9405	6970	4730	3788	5387	6369
MA_RS23080	NC_003552.1	5452624	5453211	+	588	3227	2332	2280	2210	1727	1917
MA_RS23085	NC_003552.1	5453482	5453775	-	294	2495	2265	1943	1682	1784	2101
MA_RS29110	NC_003552.1	5453814	5454023	-	210	1295	1192	1046	897	1725	1628
MA_RS23090	NC_003552.1	5454266	5454709	-	444	3586	3237	3372	2897	3025	3353
MA_RS23095	NC_003552.1	5454844	5456316	+	1473	16928	14956	13399	11374	7558	10469
MA_RS23100	NC_003552.1	5456590	5457531	+	942	9033	9656	7227	6937	4070	6101
MA_RS23105	NC_003552.1	5457549	5458706	+	1158	3648	2548	1154	1427	1090	1413
MA_RS23110	NC_003552.1	5458893	5460032	+	1140	5860	6285	4690	4856	4427	5950
MA_RS24850	NC_003552.1	5460162	5460659	-	498	1291	1142	911	585	1002	1358
MA_RS23120	NC_003552.1	5465382	5469998	-	4617	39813	39692	30974	26261	20765	29690
MA_RS23125	NC_003552.1	5470206	5470577	-	372	910	905	737	703	323	652
MA_RS23130	NC_003552.1	5470498	5471319	-	822	3001	3569	1969	2109	1087	1716
MA_RS23135	NC_003552.1	5471316	5471993	-	678	2586	3552	3351	4139	1840	3674
MA_RS23140	NC_003552.1	5472663	5473520	-	858	48737	42320	34568	37413	22607	26365
MA_RS23145	NC_003552.1	5473561	5474256	-	696	30049	24070	16980	15516	12820	14506
MA_RS23150	NC_003552.1	5474669	5475499	+	831	15658	12710	11654	11665	12507	11538
MA_RS27765	NC_003552.1	5475474	5475641	-	168	1199	946	359	168	1055	1075
MA_RS23155	NC_003552.1	5475714	5476154	-	441	10004	8300	8104	6731	13005	12613
MA_RS23160	NC_003552.1	5476219	5476881	-	663	4061	3137	2427	2234	980	1299
MA_RS23165	NC_003552.1	5477043	5477663	+	621	3660	3186	2664	2460	1768	1557
MA_RS23170	NC_003552.1	5477773	5478045	-	273	4924	4059	5446	5118	3048	3697
MA_RS23175	NC_003552.1	5478183	5478920	-	738	2806	2301	2475	1756	1924	2320
MA_RS23180	NC_003552.1	5479033	5479737	+	705	13229	9960	10741	8659	6797	7965
MA_RS23185	NC_003552.1	5479856	5480425	+	570	4990	4740	4800	3513	3412	4757
MA_RS23190	NC_003552.1	5480808	5482556	-	1749	6204	6290	7095	5281	4357	6483
MA_RS23195	NC_003552.1	5483251	5484156	-	906	1529	1208	1042	714	3593	2023
MA_RS23205	NC_003552.1	5486734	5488488	+	1755	17637	23102	13052	15421	3459	9994
MA_RS23210	NC_003552.1	5489742	5491823	+	2082	12946	8796	7067	6125	4336	4543
MA_RS23215	NC_003552.1	5492009	5492371	+	363	859	810	751	772	738	758
MA_RS23220	NC_003552.1	5492647	5494242	-	1596	2698	2272	2197	1769	2644	2792
MA_RS23225	NC_003552.1	5494923	5495126	+	204	364	282	157	187	84	100
MA_RS23230	NC_003552.1	5495669	5496604	+	936	1247	744	537	609	669	621
MA_RS23235	NC_003552.1	5496815	5498752	+	1938	2056	1828	1498	1721	509	687
MA_RS23240	NC_003552.1	5498846	5500306	+	1461	2590	2962	2382	2087	901	1505
MA_RS23245	NC_003552.1	5500491	5500781	-	291	387	322	259	222	100	159
MA_RS23250	NC_003552.1	5500850	5502064	-	1215	891	828	859	683	591	884
MA_RS23255	NC_003552.1	5502109	5503035	-	927	1316	826	711	491	474	570
MA_RS23260	NC_003552.1	5503019	5504074	-	1056	583	454	238	191	356	477
MA_RS23265	NC_003552.1	5504058	5505131	-	1074	953	615	643	379	1073	911
MA_RS23270	NC_003552.1	5505729	5506010	-	282	3782	3406	3736	2879	2733	3025
MA_RS23275	NC_003552.1	5506259	5507542	+	1284	14646	11643	10213	8286	2852	4913
MA_RS23280	NC_003552.1	5507514	5507738	+	225	247	290	127	163	79	184
MA_RS23285	NC_003552.1	5507807	5508694	-	888	5255	4252	4168	3697	1894	2489
MA_RS23290	NC_003552.1	5508886	5509836	+	951	9373	7396	4943	4821	1706	2457
MA_RS23295	NC_003552.1	5510012	5511484	-	1473	4961	3782	3176	2733	784	1088
MA_RS27770	NC_003552.1	5512656	5512808	+	153	135	124	69	54	30	32
MA_RS27775	NC_003552.1	5512950	5513123	+	174	121	93	70	57	14	37
MA_RS23305	NC_003552.1	5513764	5514681	-	918	926	786	692	657	558	482
MA_RS23310	NC_003552.1	5514764	5515660	-	897	2369	1918	1405	1155	1507	1826
MA_RS27780	NC_003552.1	5515811	5516053	+	243	1879	1044	946	584	1073	836
MA_RS23315	NC_003552.1	5516195	5517082	+	888	3280	2777	2951	1978	3721	4677
MA_RS23320	NC_003552.1	5517084	5517959	+	876	1973	1783	1738	1194	1420	1517
MA_RS29115	NC_003552.1	5518244	5518495	+	252	106	84	64	38	56	84
MA_RS29120	NC_003552.1	5518498	5519031	+	534	177	86	70	58	117	91
MA_RS23330	NC_003552.1	5519140	5519904	+	765	901	770	635	525	703	675
MA_RS23335	NC_003552.1	5520335	5520676	+	342	997	855	548	776	1000	1056
MA_RS23340	NC_003552.1	5521340	5521534	+	195	9334	7274	5279	5435	3420	4138
MA_RS23345	NC_003552.1	5521605	5522480	+	876	36258	33037	29076	29113	25604	29559
MA_RS23350	NC_003552.1	5522477	5523268	+	792	14661	18963	11247	13938	20513	22538
MA_RS23355	NC_003552.1	5523713	5524129	-	417	1080	1030	950	335	2548	3039
MA_RS23360	NC_003552.1	5524151	5524672	-	522	745	689	521	269	778	1049
MA_RS23365	NC_003552.1	5524703	5525113	-	411	915	724	561	391	746	926
MA_RS27785	NC_003552.1	5525142	5525315	-	174	91	90	49	25	86	83
MA_RS23370	NC_003552.1	5525346	5526404	-	1059	4088	2557	2258	1555	2435	3414
MA_RS23375	NC_003552.1	5526705	5527112	-	408	347	375	322	179	1072	1469
MA_RS23380	NC_003552.1	5527105	5528610	-	1506	2339	2174	1900	1329	5661	8412
MA_RS23385	NC_003552.1	5528744	5530627	-	1884	2069	1868	1355	934	6720	7917
MA_RS23390	NC_003552.1	5531119	5531544	-	426	117	94	73	59	46	68
MA_RS23395	NC_003552.1	5531741	5532658	+	918	1017	825	807	725	545	582
MA_RS23400	NC_003552.1	5533072	5533428	-	357	2569	1971	1271	912	2198	1411
MA_RS23405	NC_003552.1	5533711	5534166	+	456	6279	5812	5495	3344	5297	5051
MA_RS23410	NC_003552.1	5534201	5534809	+	609	3435	3069	1532	864	3037	2508
MA_RS23415	NC_003552.1	5534806	5535525	+	720	1676	1824	1413	791	2615	2301
MA_RS23420	NC_003552.1	5535531	5536145	+	615	1333	1341	863	581	1357	1678
MA_RS23425	NC_003552.1	5536163	5536747	+	585	1350	1168	838	451	797	951
MA_RS23430	NC_003552.1	5536748	5537377	+	630	1099	920	674	394	600	773
MA_RS23435	NC_003552.1	5537374	5538006	+	633	853	837	666	456	681	940
MA_RS23440	NC_003552.1	5538003	5538614	+	612	508	538	339	229	355	523
MA_RS23445	NC_003552.1	5538615	5539238	+	624	659	741	436	262	847	1233
MA_RS23450	NC_003552.1	5539239	5539865	+	627	751	699	543	305	562	741
MA_RS23455	NC_003552.1	5539866	5540600	+	735	1525	1421	1345	883	1072	1248
MA_RS23460	NC_003552.1	5540602	5541339	+	738	1224	1210	953	644	816	949
MA_RS23465	NC_003552.1	5541496	5542242	+	747	996	1071	921	695	677	725
MA_RS23470	NC_003552.1	5542381	5543094	+	714	1461	1203	744	627	759	617
MA_RS23475	NC_003552.1	5543178	5543651	-	474	5652	4042	2151	1823	2731	2513
MA_RS23480	NC_003552.1	5543788	5544258	-	471	5401	5307	4024	3458	6844	7104
MA_RS23485	NC_003552.1	5544255	5545181	-	927	25493	24295	20275	16842	24190	26387
MA_RS23490	NC_003552.1	5545287	5545766	-	480	2827	1782	968	802	1480	1171
MA_RS23495	NC_003552.1	5546145	5547416	+	1272	7209	5166	2949	3721	4044	4226
MA_RS23500	NC_003552.1	5547697	5548491	+	795	1136	1213	980	759	907	1041
MA_RS29125	NC_003552.1	5548793	5548948	+	156	30	28	18	23	54	46
MA_RS23510	NC_003552.1	5549375	5551633	-	2259	1753	1319	1285	849	1390	1383
MA_RS23515	NC_003552.1	5551963	5554692	-	2730	41483	37668	32325	18897	57518	54592
MA_RS23525	NC_003552.1	5556573	5556920	-	348	665	606	442	339	320	232
MA_RS23530	NC_003552.1	5557403	5558320	+	918	5918	4547	6346	7163	3820	4841
MA_RS23535	NC_003552.1	5558508	5559338	+	831	3059	2247	1412	1341	1366	1722
MA_RS23540	NC_003552.1	5559546	5560586	+	1041	6872	6102	6617	5704	3062	3985
MA_RS23545	NC_003552.1	5560623	5561129	-	507	1322	1048	1295	1067	1758	1853
MA_RS23550	NC_003552.1	5561189	5562088	-	900	1573	1202	953	741	1570	1545
MA_RS23555	NC_003552.1	5562428	5562712	-	285	127587	86683	204915	172672	52351	86301
MA_RS23560	NC_003552.1	5563124	5564080	+	957	16435	13100	10478	10593	7458	7138
MA_RS23565	NC_003552.1	5564326	5564652	+	327	8574	5040	3709	3238	1646	1584
MA_RS23570	NC_003552.1	5564730	5566163	-	1434	11320	9151	10347	8245	5805	8559
MA_RS23575	NC_003552.1	5566780	5567943	+	1164	1591	1500	1838	1669	1124	1005
MA_RS23580	NC_003552.1	5568124	5568780	-	657	150	127	121	116	221	186
MA_RS23585	NC_003552.1	5569184	5569465	+	282	5309	3528	3717	2480	1378	2129
MA_RS23590	NC_003552.1	5569478	5570905	+	1428	18384	15513	12556	10839	10115	12789
MA_RS23595	NC_003552.1	5570906	5572393	+	1488	16044	13209	10462	10965	11570	13817
MA_RS23600	NC_003552.1	5572481	5573281	-	801	7076	6074	6622	5146	4906	5555
MA_RS23605	NC_003552.1	5573662	5574213	+	552	2776	2724	2754	2501	5051	4293
MA_RS29595	NC_003552.1	5574599	5574733	-	135	1460	1380	1299	666	1593	2433
MA_RS23615	NC_003552.1	5575241	5576014	-	774	421	403	290	219	402	344
MA_RS23625	NC_003552.1	5578136	5579431	-	1296	785	737	940	743	636	751
MA_RS23630	NC_003552.1	5579604	5580386	-	783	857	739	960	561	325	434
MA_RS23635	NC_003552.1	5580377	5581396	-	1020	918	888	834	680	618	790
MA_RS23640	NC_003552.1	5581389	5583155	-	1767	2842	2833	2142	1185	1550	2129
MA_RS23645	NC_003552.1	5583299	5583805	-	507	851	980	819	529	508	660
MA_RS23650	NC_003552.1	5583808	5584920	-	1113	3281	3168	3110	1595	2056	2575
MA_RS23655	NC_003552.1	5585398	5586486	-	1089	1321	1165	1098	893	656	776
MA_RS23660	NC_003552.1	5586613	5587455	-	843	1155	1288	1140	935	2252	2234
MA_RS24870	NC_003552.1	5587734	5587946	-	213	66	59	63	45	57	43
MA_RS24875	NC_003552.1	5587974	5588408	-	435	35	25	36	4	30	26
MA_RS23670	NC_003552.1	5588911	5589507	+	597	314	196	189	130	215	235
MA_RS23675	NC_003552.1	5589531	5590442	+	912	1417	1361	992	899	856	850
MA_RS23680	NC_003552.1	5591063	5591923	+	861	52055	48553	55672	36357	59592	53382
MA_RS27790	NC_003552.1	5591865	5592143	-	279	35	175	20	15	82	59
MA_RS23685	NC_003552.1	5592477	5593130	+	654	5226	4050	2804	2294	2581	2600
MA_RS23690	NC_003552.1	5593231	5594523	+	1293	7080	5681	5125	3974	4551	4927
MA_RS23695	NC_003552.1	5595442	5596422	+	981	2621	2260	1570	1293	1752	1739
MA_RS23700	NC_003552.1	5596675	5598387	-	1713	450002	479041	392969	583864	248578	330325
MA_RS23705	NC_003552.1	5598398	5599144	-	747	152290	159050	98758	148214	76820	90925
MA_RS23710	NC_003552.1	5599146	5599766	-	621	117647	103420	51165	58399	56683	58712
MA_RS23715	NC_003552.1	5599773	5600285	-	513	178537	171262	95882	97840	95228	109079
MA_RS23720	NC_003552.1	5600310	5601614	-	1305	618754	551598	447267	529350	220395	311327
MA_RS23725	NC_003552.1	5602034	5603269	+	1236	12929	10303	7294	7611	7396	8284
MA_RS23730	NC_003552.1	5603630	5607067	-	3438	24786	19793	16314	13300	12800	18399
MA_RS23735	NC_003552.1	5607101	5607346	-	246	1441	1075	701	520	608	969
MA_RS23740	NC_003552.1	5607440	5608522	-	1083	6137	5059	4065	3691	4642	6961
MA_RS23745	NC_003552.1	5608659	5609945	-	1287	9768	6999	6195	7662	5783	7090
MA_RS29600	NC_003552.1	5610106	5610234	+	129	10	135	4	0	5	3
MA_RS23750	NC_003552.1	5610284	5611435	-	1152	1161	970	840	610	1733	1337
MA_RS23755	NC_003552.1	5612118	5612507	-	390	446	574	598	336	5824	2168
MA_RS23765	NC_003552.1	5612969	5614909	-	1941	1225	1461	1203	515	16981	5306
MA_RS27795	NC_003552.1	5615266	5615442	+	177	35	47	21	18	32	30
MA_RS23770	NC_003552.1	5615561	5616667	-	1107	2294	1639	1907	1242	3913	3607
MA_RS23775	NC_003552.1	5616747	5617538	-	792	889	886	668	311	2183	1097
MA_RS23780	NC_003552.1	5617561	5620557	-	2997	3503	2536	1611	1079	9057	3736
MA_RS23785	NC_003552.1	5620642	5622606	-	1965	2965	2748	2698	1051	10285	4741
MA_RS23790	NC_003552.1	5622844	5624799	-	1956	1895	1461	1564	1056	1074	1161
MA_RS23795	NC_003552.1	5625260	5625952	-	693	3663	2961	2634	2134	1381	1758
MA_RS23800	NC_003552.1	5626276	5626458	-	183	6353	7165	5864	3947	19885	13453
MA_RS23805	NC_003552.1	5626836	5627207	-	372	37233	35459	33974	36471	9290	21823
MA_RS23810	NC_003552.1	5627207	5627422	-	216	3009	4376	3364	4753	3335	6839
MA_RS23815	NC_003552.1	5627479	5627976	-	498	26402	31885	17545	20708	10972	25825
MA_RS23820	NC_003552.1	5627973	5629541	-	1569	64951	81077	44430	64265	31401	69988
MA_RS23825	NC_003552.1	5629538	5629963	-	426	11400	15235	10511	12930	6717	16431
MA_RS23830	NC_003552.1	5629956	5630411	-	456	13743	15588	10938	9628	4461	10792
MA_RS23835	NC_003552.1	5630411	5632831	-	2421	93608	113308	73065	97847	31097	67233
MA_RS23845	NC_003552.1	5634197	5634694	-	498	16509	17095	13161	9759	31008	25132
MA_RS23850	NC_003552.1	5634728	5635252	-	525	18788	15630	12915	10127	11910	9693
MA_RS23855	NC_003552.1	5635412	5637673	-	2262	15923	16519	13951	10467	20986	18282
MA_RS23860	NC_003552.1	5637670	5638362	-	693	6343	5739	4571	3014	6055	4108
MA_RS27800	NC_003552.1	5638496	5638666	-	171	1096	774	394	85	683	518
MA_RS23865	NC_003552.1	5638852	5640279	+	1428	3832	3020	2672	2068	1863	1822
MA_RS23870	NC_003552.1	5640367	5641071	-	705	2567	2404	2280	1651	2424	2217
MA_RS24880	NC_003552.1	5641088	5642140	-	1053	1109	983	860	560	1202	1163
MA_RS23885	NC_003552.1	5642426	5642884	-	459	4978	3402	2922	2065	1695	1648
MA_RS27805	NC_003552.1	5643243	5643386	-	144	857	733	794	574	490	412
MA_RS23895	NC_003552.1	5643518	5644192	-	675	3938	3335	2614	2286	3270	3248
MA_RS23900	NC_003552.1	5644562	5645344	+	783	3493	3830	2971	2055	5468	4628
MA_RS23905	NC_003552.1	5645326	5645706	-	381	769	725	606	396	512	447
MA_RS23910	NC_003552.1	5645778	5646116	-	339	63	41	57	20	44	35
MA_RS23915	NC_003552.1	5646265	5647107	+	843	10718	9234	9067	6999	9888	9268
MA_RS29130	NC_003552.1	5647234	5647611	-	378	15415	15298	15663	13661	24368	22116
MA_RS23925	NC_003552.1	5648188	5648262	+	75	149	184	118	195	217	281
MA_RS23930	NC_003552.1	5648321	5648395	+	75	264	308	359	389	219	151
MA_RS23935	NC_003552.1	5648960	5650282	+	1323	17944	13619	8131	8162	7355	7879
MA_RS29135	NC_003552.1	5650614	5659469	-	8856	69200	64200	50492	29546	24284	67884
MA_RS29140	NC_003552.1	5660489	5664559	-	4071	24964	20651	19338	13396	11976	25559
MA_RS23955	NC_003552.1	5665776	5666345	-	570	5663	4975	6289	5288	3964	4369
MA_RS23960	NC_003552.1	5666859	5667656	+	798	8811	6743	4906	5006	4126	4410
MA_RS23965	NC_003552.1	5667764	5668906	+	1143	8578	5817	2695	3257	6572	6456
MA_RS23970	NC_003552.1	5669066	5669794	+	729	5101	4950	3469	3009	7178	9555
MA_RS23975	NC_003552.1	5669791	5670633	+	843	5044	3917	2581	2346	3118	4589
MA_RS23980	NC_003552.1	5670630	5672060	+	1431	6867	5597	5138	4280	6134	8738
MA_RS23985	NC_003552.1	5672228	5673673	+	1446	12400	9348	7116	5712	11477	10422
MA_RS23990	NC_003552.1	5673842	5674669	-	828	5692	5824	4367	4114	5722	7430
MA_RS23995	NC_003552.1	5674672	5675625	-	954	7544	7113	4516	4819	5783	7964
MA_RS24000	NC_003552.1	5675625	5676449	-	825	5879	5692	4772	6390	4737	8141
MA_RS24005	NC_003552.1	5676452	5677450	-	999	10908	10843	9623	9251	8771	12956
MA_RS24010	NC_003552.1	5677467	5679218	-	1752	36741	33207	26571	23457	24621	33245
MA_RS24015	NC_003552.1	5679220	5679873	-	654	7389	6074	3423	3469	5388	5274
MA_RS24025	NC_003552.1	5680339	5681460	+	1122	11816	10209	10511	7719	6255	8843
MA_RS24030	NC_003552.1	5681476	5682543	+	1068	2948	2776	2677	2328	1408	2004
MA_RS24035	NC_003552.1	5682540	5683418	+	879	3164	3213	2761	1919	1348	2570
MA_RS24040	NC_003552.1	5683577	5684245	-	669	12701	8513	5812	5446	2985	4741
MA_RS24045	NC_003552.1	5684306	5685484	-	1179	33916	27688	26217	23987	8970	14660
MA_RS24050	NC_003552.1	5685710	5686324	-	615	2528	2121	1620	1286	1343	1620
MA_RS27820	NC_003552.1	5686501	5686572	-	72	15	12	9	19	53	35
MA_RS24055	NC_003552.1	5686644	5686715	-	72	18	26	14	26	81	67
MA_RS24060	NC_003552.1	5686878	5687486	-	609	6726	4411	4207	2726	4745	5682
MA_RS24065	NC_003552.1	5688069	5690120	+	2052	2435	2125	1234	1387	1431	1785
MA_RS24070	NC_003552.1	5690268	5690389	-	122	1673	1916	3060	3951	4065	4825
MA_RS24075	NC_003552.1	5690464	5693367	-	2904	1205982	1117394	392330	1585394	6858446	4699185
MA_RS24080	NC_003552.1	5693557	5695034	-	1478	6377855	5909048	3061003	4970763	6358107	6538059
MA_RS24085	NC_003552.1	5695744	5697291	+	1548	61226	56307	50609	43548	53627	51955
MA_RS24090	NC_003552.1	5697439	5698197	+	759	4841	4963	4336	3573	3926	4716
MA_RS24095	NC_003552.1	5698281	5698922	+	642	3329	2405	1558	1405	1617	1504
MA_RS24100	NC_003552.1	5699337	5701181	+	1845	8266	6288	5182	4006	4272	4530
MA_RS24890	NC_003552.1	5701530	5702285	-	756	10103	6936	6970	5668	6266	7033
MA_RS24110	NC_003552.1	5702451	5703056	+	606	393	357	299	188	469	480
MA_RS24115	NC_003552.1	5703053	5704480	+	1428	1549	1372	1376	1099	1441	1448
MA_RS24120	NC_003552.1	5704594	5705016	+	423	551	534	487	405	967	1017
MA_RS24125	NC_003552.1	5705259	5705462	-	204	1778	1672	1473	1141	2301	2271
MA_RS24130	NC_003552.1	5705567	5705824	-	258	3007	1866	1897	1385	1130	1384
MA_RS24135	NC_003552.1	5706346	5706981	-	636	137	146	129	108	170	144
MA_RS24140	NC_003552.1	5707034	5708281	-	1248	1936	2017	1408	1268	2016	2027
MA_RS27825	NC_003552.1	5708317	5708502	-	186	248	201	173	109	130	139
MA_RS29605	NC_003552.1	5708785	5709069	-	285	750	562	354	390	270	369
MA_RS24145	NC_003552.1	5709066	5709695	-	630	999	898	850	684	931	1141
MA_RS24150	NC_003552.1	5710125	5711000	-	876	1159	1147	1038	959	1156	998
MA_RS24155	NC_003552.1	5711892	5712449	-	558	1481	1335	926	764	942	1046
MA_RS24160	NC_003552.1	5712868	5714019	-	1152	4937	4320	3661	3588	1436	1961
MA_RS24165	NC_003552.1	5714025	5715395	-	1371	4233	3826	3093	3095	1239	1882
MA_RS24170	NC_003552.1	5715639	5717516	+	1878	6580	5837	6062	5215	4009	5291
MA_RS24175	NC_003552.1	5717720	5718250	+	531	11907	10456	9173	6009	17180	14539
MA_RS24180	NC_003552.1	5718234	5718512	-	279	61559	61162	72519	77609	268240	299443
MA_RS24185	NC_003552.1	5718926	5720485	-	1560	47171	36802	38774	31371	47933	51003
MA_RS24190	NC_003552.1	5722007	5723473	+	1467	4965	3765	2713	2503	4899	4293
MA_RS24195	NC_003552.1	5723568	5724635	+	1068	4373	2646	2575	1805	2504	2689
MA_RS24200	NC_003552.1	5724787	5725410	-	624	12166	11611	12041	14394	14471	12368
MA_RS24205	NC_003552.1	5726681	5727370	+	690	3653	3101	3745	6076	6680	7388
MA_RS24210	NC_003552.1	5727367	5727996	+	630	456	835	924	3579	5931	6168
MA_RS24215	NC_003552.1	5728022	5728405	+	384	297	481	714	2490	2600	2962
MA_RS24220	NC_003552.1	5728534	5732778	+	4245	11867	11886	15334	49532	40373	46588
MA_RS24225	NC_003552.1	5733216	5734280	-	1065	3153	2188	1912	2853	1544	2014
MA_RS24230	NC_003552.1	5735021	5736475	+	1455	13525	9484	5802	4845	7145	5881
MA_RS24240	NC_003552.1	5737506	5738135	+	630	11436	7037	5010	3402	12961	9006
MA_RS24245	NC_003552.1	5738490	5739284	+	795	8416	6921	6455	4559	14951	10322
MA_RS24250	NC_003552.1	5739655	5740656	+	1002	14632	9586	6673	5515	15109	13704
MA_RS24255	NC_003552.1	5741085	5741930	+	846	23823	19176	16902	16345	103458	60367
MA_RS24260	NC_003552.1	5742241	5743017	+	777	52661	42326	38429	36905	45785	42446
MA_RS24265	NC_003552.1	5743231	5744022	-	792	29788	21281	16783	12583	9525	12450
MA_RS24270	NC_003552.1	5744219	5745391	+	1173	8459	6836	5064	3766	7387	6932
MA_RS24275	NC_003552.1	5745796	5746848	+	1053	3259	2706	2282	2018	1614	1661
MA_RS24280	NC_003552.1	5746967	5747449	+	483	1736	1306	863	665	765	804
MA_RS24285	NC_003552.1	5747851	5748690	+	840	629	473	421	462	380	586
MA_RS27830	NC_003552.1	5748723	5748986	+	264	9	12	6	2	7	8
MA_RS24295	NC_003552.1	5748991	5749764	-	774	5941	5571	5594	4570	4929	7030
MA_RS24300	NC_003552.1	5750026	5750505	-	480	4459	3761	2918	2719	3275	3778
MA_RS24305	NC_003552.1	5750684	5751244	-	561	3178	2464	1953	1393	1305	1527
