# Program:featureCounts v2.1.1; Command:"featureCounts" "-p" "-t" "gene" "-g" "locus_tag" "-a" "/home/nyako/projects/ProteinHunter/data/databases/target/methanosarcina_acetivorans/ncbi_dataset/data/GCF_000007345.1/genomic.gff" "-o" "counts/counts_new5.txt" "-T" "8" "bam/SRR20281612.sorted.bam" "bam/SRR20281613.sorted.bam" "bam/SRR20650029.sorted.bam" "bam/SRR20650030.sorted.bam" "bam/SRR20650031.sorted.bam" 
Geneid	Chr	Start	End	Strand	Length	bam/SRR20281612.sorted.bam	bam/SRR20281613.sorted.bam	bam/SRR20650029.sorted.bam	bam/SRR20650030.sorted.bam	bam/SRR20650031.sorted.bam
MA_RS00005	NC_003552.1	266	1510	-	1245	10509	11093	1443	802	905
MA_RS00010	NC_003552.1	3805	5349	+	1545	1496	1140	182	92	72
MA_RS00015	NC_003552.1	7361	8134	-	774	150	121	15	19	10
MA_RS00020	NC_003552.1	8131	9375	-	1245	2752	1768	30	31	31
MA_RS00025	NC_003552.1	9571	10758	+	1188	2277	2139	882	525	560
MA_RS00030	NC_003552.1	11359	12453	+	1095	3560	3100	3947	2238	2471
MA_RS00035	NC_003552.1	13031	14572	+	1542	7568	6927	3111	1790	1967
MA_RS00040	NC_003552.1	14788	15084	-	297	364	302	18	5	11
MA_RS00045	NC_003552.1	15444	16337	-	894	2718	2831	1099	749	751
MA_RS00050	NC_003552.1	17080	17538	-	459	796	702	39	28	41
MA_RS00055	NC_003552.1	17684	18310	-	627	749	693	29	38	25
MA_RS00060	NC_003552.1	18403	19551	-	1149	529	649	70	54	50
MA_RS00065	NC_003552.1	19622	21523	-	1902	838	742	73	51	52
MA_RS00070	NC_003552.1	21713	22783	-	1071	1345	1410	30	39	18
MA_RS00075	NC_003552.1	23127	23492	-	366	1774	1194	6	5	5
MA_RS26355	NC_003552.1	24658	25065	+	408	591	358	23	13	6
MA_RS00090	NC_003552.1	25197	25577	+	381	2722	2541	235	106	110
MA_RS00095	NC_003552.1	25854	27983	+	2130	7437	7170	844	616	499
MA_RS00100	NC_003552.1	28098	28652	+	555	1229	1073	156	54	87
MA_RS00105	NC_003552.1	28677	30131	+	1455	1161	959	95	61	45
MA_RS00110	NC_003552.1	30256	30723	+	468	795	764	5356	3011	3340
MA_RS00115	NC_003552.1	31065	32102	+	1038	1165	1293	8694	5316	5400
MA_RS00120	NC_003552.1	32254	33018	+	765	1932	2069	5084	2484	3006
MA_RS00125	NC_003552.1	33066	33890	+	825	1446	1045	2740	1124	1451
MA_RS00130	NC_003552.1	34650	35105	+	456	724	599	1519	1693	1492
MA_RS00135	NC_003552.1	35473	36759	+	1287	137	75	40	16	16
MA_RS00145	NC_003552.1	37882	39249	-	1368	6298	5785	111	101	78
MA_RS00155	NC_003552.1	40272	41054	-	783	2706	2354	185	270	167
MA_RS00160	NC_003552.1	41309	42199	-	891	2758	2710	1581	698	1203
MA_RS00165	NC_003552.1	42196	43407	-	1212	5254	5518	8517	4467	6162
MA_RS00170	NC_003552.1	43407	43667	-	261	228	260	190	133	128
MA_RS00175	NC_003552.1	43664	44212	-	549	2158	2445	801	585	649
MA_RS00180	NC_003552.1	44772	45743	-	972	1347	1244	247	197	169
MA_RS00185	NC_003552.1	46129	46686	-	558	3429	2706	279	255	169
MA_RS00190	NC_003552.1	47351	49258	+	1908	5300	4630	1430	770	949
MA_RS00195	NC_003552.1	49629	50060	+	432	1751	1535	262	216	193
MA_RS00200	NC_003552.1	50071	50922	+	852	1820	1557	123	95	61
MA_RS00205	NC_003552.1	51146	52183	+	1038	3566	4084	477	322	398
MA_RS00210	NC_003552.1	52548	52826	-	279	13807	9984	1059	741	626
MA_RS00215	NC_003552.1	53371	54618	+	1248	20396	15694	1827	953	1244
MA_RS00220	NC_003552.1	54803	56512	+	1710	17748	15123	2279	1181	1479
MA_RS00230	NC_003552.1	56958	57329	+	372	3340	2506	309	354	278
MA_RS00235	NC_003552.1	57569	58264	+	696	1575	1539	64	33	46
MA_RS00240	NC_003552.1	58313	59023	+	711	897	788	40	40	58
MA_RS00245	NC_003552.1	59191	59415	+	225	206	117	0	0	6
MA_RS00250	NC_003552.1	59484	59735	+	252	426	301	6	11	0
MA_RS00255	NC_003552.1	59888	61279	+	1392	1566	1190	216	215	222
MA_RS00260	NC_003552.1	61555	63327	-	1773	1442	1682	364	310	288
MA_RS00270	NC_003552.1	64281	65324	+	1044	2328	2048	385	252	357
MA_RS00275	NC_003552.1	65547	66581	+	1035	1269	1061	473	300	302
MA_RS00280	NC_003552.1	67212	67382	-	171	737	711	4	6	2
MA_RS00285	NC_003552.1	67779	67852	-	74	38	12	11	7	2
MA_RS00290	NC_003552.1	68403	68609	+	207	23557	13061	1260	1329	901
MA_RS00295	NC_003552.1	68676	68882	+	207	4804	2956	102	99	57
MA_RS00300	NC_003552.1	68950	69156	+	207	12227	12247	708	311	394
MA_RS00305	NC_003552.1	69214	69420	+	207	30979	18987	1499	1001	1215
MA_RS26360	NC_003552.1	69507	69650	-	144	580	445	68	92	50
MA_RS00310	NC_003552.1	69654	70403	-	750	140	132	13	6	2
MA_RS00315	NC_003552.1	70391	71146	-	756	190	189	42	50	28
MA_RS00320	NC_003552.1	71483	71908	+	426	1705	1135	201	129	105
MA_RS00325	NC_003552.1	72017	72781	-	765	1619	1539	270	165	182
MA_RS00330	NC_003552.1	72783	73571	-	789	3038	2295	937	517	482
MA_RS00335	NC_003552.1	73710	74723	-	1014	6956	8746	767	430	407
MA_RS00345	NC_003552.1	75144	75665	+	522	1682	1459	90	122	72
MA_RS00350	NC_003552.1	75866	79369	-	3504	54675	47328	19318	11368	13025
MA_RS00355	NC_003552.1	79587	80597	-	1011	10134	9476	2035	1231	1246
MA_RS00365	NC_003552.1	81193	81987	-	795	4507	3991	375	152	322
MA_RS00370	NC_003552.1	82020	84404	-	2385	58667	72247	8078	3666	5384
MA_RS00375	NC_003552.1	84492	84743	-	252	2824	4004	50	36	75
MA_RS00380	NC_003552.1	85487	86197	+	711	1882	1403	37	68	58
MA_RS00385	NC_003552.1	86407	87507	-	1101	6006	4629	558	409	350
MA_RS00390	NC_003552.1	88183	89202	+	1020	2751	2473	821	528	710
MA_RS00395	NC_003552.1	89462	89629	+	168	4415	3269	947	588	638
MA_RS00400	NC_003552.1	89654	90631	+	978	11684	10447	3645	2234	2512
MA_RS00405	NC_003552.1	90829	92013	+	1185	212	126	10	12	6
MA_RS24315	NC_003552.1	92000	94453	+	2454	921	422	80	31	34
MA_RS00415	NC_003552.1	94605	96728	+	2124	3170	2793	831	483	494
MA_RS00420	NC_003552.1	97563	99749	+	2187	27255	29373	5122	3192	3891
MA_RS00425	NC_003552.1	100217	101848	+	1632	2224	2360	662	539	495
MA_RS00430	NC_003552.1	101895	104516	-	2622	3129	3192	251	211	174
MA_RS00435	NC_003552.1	105273	106394	+	1122	11026	11373	2263	1400	1612
MA_RS00440	NC_003552.1	106733	108391	-	1659	57227	61467	16236	11732	9830
MA_RS00445	NC_003552.1	109126	110610	+	1485	597	597	65	59	47
MA_RS00450	NC_003552.1	110763	111479	+	717	597	424	152	49	103
MA_RS00455	NC_003552.1	111532	112200	-	669	1641	1463	359	200	198
MA_RS00460	NC_003552.1	112231	113850	-	1620	9480	10823	2106	1378	1385
MA_RS00465	NC_003552.1	114214	114846	-	633	398	387	154	78	94
MA_RS00470	NC_003552.1	115645	115917	-	273	5714	3386	125	163	126
MA_RS00475	NC_003552.1	116164	116844	+	681	1886	1623	128	126	65
MA_RS26365	NC_003552.1	117511	117672	-	162	31	14	2	0	0
MA_RS00485	NC_003552.1	117748	117930	+	183	455815	431439	944	639	814
MA_RS00490	NC_003552.1	118418	119704	-	1287	194	100	43	52	25
MA_RS00495	NC_003552.1	119810	122275	-	2466	4619	4167	1552	710	1058
MA_RS00500	NC_003552.1	122464	124302	-	1839	5011	4700	655	417	414
MA_RS00505	NC_003552.1	124580	125614	+	1035	1893	1568	50	86	36
MA_RS00510	NC_003552.1	125616	125894	+	279	67	29	2	0	0
MA_RS00515	NC_003552.1	125996	126307	+	312	58	19	0	2	2
MA_RS00525	NC_003552.1	126603	126923	+	321	260	162	21	51	31
MA_RS00530	NC_003552.1	126920	127279	+	360	96	61	111	66	97
MA_RS00535	NC_003552.1	127336	127620	+	285	514	374	52	48	42
MA_RS00540	NC_003552.1	128111	128293	+	183	14	6	5	18	3
MA_RS00545	NC_003552.1	128873	129463	-	591	176	165	42	41	35
MA_RS00550	NC_003552.1	129857	130660	+	804	2547	2611	481	347	372
MA_RS28020	NC_003552.1	130925	131086	-	162	234	123	30	16	16
MA_RS00555	NC_003552.1	131199	132203	-	1005	2060	2579	443	355	396
MA_RS00560	NC_003552.1	132513	133832	+	1320	11729	13340	1392	696	927
MA_RS00565	NC_003552.1	134083	134850	-	768	3695	3401	65	62	30
MA_RS00570	NC_003552.1	135133	135597	+	465	1457	821	194	118	159
MA_RS00575	NC_003552.1	135633	136748	-	1116	5967	5753	1071	752	902
MA_RS00580	NC_003552.1	136756	137493	-	738	15335	16189	1637	1096	1242
MA_RS00585	NC_003552.1	137806	138120	-	315	1891	2015	58	51	57
MA_RS00590	NC_003552.1	138098	138514	-	417	3647	2535	1181	649	835
MA_RS00595	NC_003552.1	139482	140351	+	870	3494	2429	618	391	411
MA_RS00600	NC_003552.1	140357	140983	+	627	1625	1363	506	483	397
MA_RS00605	NC_003552.1	140985	141728	+	744	2937	2650	314	191	171
MA_RS00610	NC_003552.1	142032	142388	+	357	221	140	36	14	9
MA_RS00615	NC_003552.1	142443	143543	-	1101	3534	3728	874	442	615
MA_RS00620	NC_003552.1	143524	144711	-	1188	4391	4235	748	379	442
MA_RS00630	NC_003552.1	145267	146253	-	987	4394	4303	170	190	167
MA_RS00635	NC_003552.1	146736	147269	-	534	1028	789	478	320	396
MA_RS00640	NC_003552.1	147571	148677	+	1107	2719	2708	2610	1357	1697
MA_RS00645	NC_003552.1	148799	149881	+	1083	846	567	537	382	327
MA_RS00650	NC_003552.1	150169	151299	+	1131	291	251	92	63	48
MA_RS00655	NC_003552.1	151346	151912	+	567	760	580	155	116	138
MA_RS00665	NC_003552.1	152362	152664	-	303	1569	930	44	12	14
MA_RS00670	NC_003552.1	153013	154401	-	1389	1417	914	508	318	282
MA_RS00675	NC_003552.1	154898	155356	+	459	2035	1909	520	422	499
MA_RS00680	NC_003552.1	155353	155727	+	375	1180	1263	62	121	73
MA_RS00685	NC_003552.1	155973	156974	-	1002	4979	4490	828	510	664
MA_RS00690	NC_003552.1	156997	158415	-	1419	8845	7725	1565	1001	982
MA_RS00695	NC_003552.1	158892	160085	+	1194	5419	5724	730	533	673
MA_RS00700	NC_003552.1	160448	160909	+	462	3903	3041	905	999	810
MA_RS00705	NC_003552.1	161227	161625	-	399	8304	7561	98	227	93
MA_RS00710	NC_003552.1	162129	162893	+	765	1193	870	43	39	30
MA_RS00715	NC_003552.1	163006	163458	-	453	889	789	53	48	55
MA_RS00720	NC_003552.1	163825	164277	-	453	2145	1676	304	189	186
MA_RS00725	NC_003552.1	164671	165576	+	906	8083	7210	1637	1204	1172
MA_RS00730	NC_003552.1	165573	167285	+	1713	34877	32634	6259	2981	3653
MA_RS00735	NC_003552.1	167353	168378	+	1026	7083	5300	858	349	479
MA_RS00740	NC_003552.1	168981	169217	-	237	145	71	20	26	22
MA_RS00745	NC_003552.1	169231	169500	-	270	25	16	91	77	89
MA_RS00750	NC_003552.1	169487	170893	-	1407	552	575	1665	762	1355
MA_RS00765	NC_003552.1	172589	173245	-	657	2014	2621	952	537	632
MA_RS00775	NC_003552.1	174232	175251	-	1020	2361	2321	2293	2240	1990
MA_RS00780	NC_003552.1	175643	176245	+	603	202	124	28	30	32
MA_RS00785	NC_003552.1	176345	177046	+	702	221	179	30	22	12
MA_RS00790	NC_003552.1	177173	178477	+	1305	268	105	18	19	4
MA_RS00795	NC_003552.1	178886	180508	+	1623	3282	3630	909	431	552
MA_RS24920	NC_003552.1	180608	180763	+	156	124	90	19	18	14
MA_RS26380	NC_003552.1	180778	180951	+	174	113	146	32	14	30
MA_RS24320	NC_003552.1	181135	181320	+	186	389	354	4	7	2
MA_RS00805	NC_003552.1	181379	182416	-	1038	4484	4142	57	49	22
MA_RS00810	NC_003552.1	183063	183842	-	780	814	840	220	119	136
MA_RS00815	NC_003552.1	183918	185009	-	1092	1366	1660	590	367	412
MA_RS00820	NC_003552.1	185011	186063	-	1053	1579	1878	396	250	220
MA_RS00825	NC_003552.1	186300	187631	-	1332	5065	6829	1119	516	584
MA_RS00835	NC_003552.1	188205	188921	-	717	900	692	341	242	288
MA_RS00840	NC_003552.1	189056	189550	+	495	1494	2039	51	58	26
MA_RS00845	NC_003552.1	189736	190125	+	390	244	287	15	5	9
MA_RS00850	NC_003552.1	190535	190750	+	216	209	374	10	8	3
MA_RS00855	NC_003552.1	190783	191763	+	981	1416	1643	422	172	194
MA_RS00860	NC_003552.1	191991	192494	-	504	128	162	66	67	52
MA_RS00865	NC_003552.1	192549	193001	-	453	62	67	28	40	39
MA_RS00870	NC_003552.1	193154	194119	+	966	3144	4035	650	725	542
MA_RS00875	NC_003552.1	194116	194373	+	258	1586	1301	112	80	58
MA_RS00880	NC_003552.1	194495	195154	-	660	2918	2984	159	124	161
MA_RS00885	NC_003552.1	195151	196425	-	1275	4622	5401	482	273	322
MA_RS00890	NC_003552.1	196662	196874	+	213	581	336	94	102	70
MA_RS00900	NC_003552.1	198400	200520	+	2121	2078	2229	1104	535	695
MA_RS00905	NC_003552.1	200788	201402	+	615	169	168	61	44	54
MA_RS00910	NC_003552.1	201460	201678	-	219	277	112	15	10	12
MA_RS00915	NC_003552.1	201866	203218	-	1353	1173	900	176	90	126
MA_RS00920	NC_003552.1	203500	204366	+	867	129	122	92	44	68
MA_RS00930	NC_003552.1	204617	206095	-	1479	13714	12985	1050	614	730
MA_RS00935	NC_003552.1	206242	207555	-	1314	4207	3562	973	561	514
MA_RS00940	NC_003552.1	207902	208306	+	405	306	215	63	31	46
MA_RS28275	NC_003552.1	208308	208454	+	147	3	1	0	0	0
MA_RS00945	NC_003552.1	208412	208726	+	315	574	435	37	37	43
MA_RS00950	NC_003552.1	208746	209960	-	1215	3183	3211	278	153	193
MA_RS00955	NC_003552.1	210731	211183	-	453	317	176	20	13	5
MA_RS00960	NC_003552.1	211294	211761	-	468	111	162	2	15	4
MA_RS00965	NC_003552.1	211831	212391	-	561	533	347	57	70	51
MA_RS00970	NC_003552.1	212804	213361	-	558	1022	660	31	34	37
MA_RS00975	NC_003552.1	213728	214198	+	471	47	36	3	6	4
MA_RS00980	NC_003552.1	214216	215448	+	1233	1130	863	136	102	82
MA_RS00985	NC_003552.1	215848	216456	-	609	14675	14507	6195	5215	5407
MA_RS00990	NC_003552.1	216495	217016	-	522	19715	13743	660	584	576
MA_RS00995	NC_003552.1	217323	218444	-	1122	786	733	225	138	138
MA_RS01000	NC_003552.1	218588	220432	-	1845	970	947	318	131	202
MA_RS01005	NC_003552.1	220724	221497	+	774	168	143	16	21	2
MA_RS01010	NC_003552.1	221645	222184	+	540	468	384	86	51	42
MA_RS24325	NC_003552.1	222273	225017	-	2745	6508	4843	200	154	164
MA_RS01020	NC_003552.1	225245	228481	+	3237	10622	12241	1319	528	825
MA_RS01025	NC_003552.1	228483	229421	+	939	2149	2274	264	149	158
MA_RS01030	NC_003552.1	229690	230487	-	798	1530	1483	36	38	36
MA_RS01035	NC_003552.1	230904	231164	+	261	328	216	23	31	39
MA_RS01040	NC_003552.1	231399	231647	-	249	312	169	9	6	8
MA_RS01045	NC_003552.1	231952	234729	+	2778	18720	19210	3867	1919	2385
MA_RS01050	NC_003552.1	235213	236253	-	1041	2450	2333	816	437	538
MA_RS01055	NC_003552.1	236515	236817	-	303	134	142	24	8	10
MA_RS01060	NC_003552.1	237053	237397	-	345	269	254	9	33	14
MA_RS01065	NC_003552.1	237707	238117	-	411	326	300	12	16	12
MA_RS01070	NC_003552.1	238499	239620	-	1122	1636	1504	75	107	60
MA_RS01075	NC_003552.1	240415	240720	-	306	515	453	16	6	4
MA_RS01080	NC_003552.1	240902	242029	-	1128	7372	8549	1549	1169	1267
MA_RS01085	NC_003552.1	242125	242613	-	489	4038	3689	3285	1885	2500
MA_RS01090	NC_003552.1	243156	246950	+	3795	1894	1899	297	257	238
MA_RS01095	NC_003552.1	247160	248497	-	1338	830	691	91	71	76
MA_RS01100	NC_003552.1	249118	249978	+	861	52	89	21	6	15
MA_RS28280	NC_003552.1	249965	250126	+	162	94	51	10	5	4
MA_RS01105	NC_003552.1	250245	251315	-	1071	6778	5597	568	461	431
MA_RS01110	NC_003552.1	251515	252498	+	984	3046	3120	441	281	341
MA_RS01115	NC_003552.1	252510	253319	+	810	15739	16198	574	540	485
MA_RS01120	NC_003552.1	253737	254801	-	1065	2065	2182	161	125	142
MA_RS01125	NC_003552.1	255098	255385	-	288	572	419	145	73	120
MA_RS01130	NC_003552.1	255426	256229	-	804	556	584	279	139	170
MA_RS01135	NC_003552.1	256280	257170	-	891	2643	2657	413	188	245
MA_RS01140	NC_003552.1	257371	258555	-	1185	653	518	226	173	193
MA_RS01145	NC_003552.1	258675	259343	-	669	890	795	26	12	3
MA_RS01150	NC_003552.1	259696	259768	-	73	1220	571	82	54	42
MA_RS01155	NC_003552.1	259880	259992	-	113	18629	7497	76	45	55
MA_RS01160	NC_003552.1	260214	260552	+	339	31370	25260	45	73	45
MA_RS01165	NC_003552.1	261213	262409	-	1197	12488	11473	2713	2274	2073
MA_RS01170	NC_003552.1	262974	263843	+	870	3143	2483	1446	827	927
MA_RS01175	NC_003552.1	263960	264697	+	738	1886	1934	526	378	349
MA_RS01180	NC_003552.1	264755	265330	+	576	5108	4640	1225	834	889
MA_RS01185	NC_003552.1	265520	266245	-	726	5235	4392	898	489	716
MA_RS24330	NC_003552.1	266357	267910	-	1554	1151	901	109	48	62
MA_RS01195	NC_003552.1	268090	269016	-	927	234	172	26	8	22
MA_RS01200	NC_003552.1	269064	270074	-	1011	123	97	6	8	4
MA_RS01205	NC_003552.1	270372	270833	+	462	2042	1545	102	74	61
MA_RS24335	NC_003552.1	271766	272872	+	1107	265	237	68	54	36
MA_RS01215	NC_003552.1	272895	273158	-	264	8	8	4	3	1
MA_RS01220	NC_003552.1	273162	273911	-	750	83	115	7	2	8
MA_RS01225	NC_003552.1	273899	274729	-	831	234	184	28	31	34
MA_RS01230	NC_003552.1	275092	276009	-	918	768	861	144	79	71
MA_RS24925	NC_003552.1	276030	276950	-	921	426	350	54	78	31
MA_RS01240	NC_003552.1	277044	277403	-	360	17	14	0	0	0
MA_RS01245	NC_003552.1	277529	278014	-	486	158	100	6	12	4
MA_RS01250	NC_003552.1	278024	280012	-	1989	2053	2134	472	364	273
MA_RS01255	NC_003552.1	280023	281699	-	1677	3745	3510	505	315	311
MA_RS01260	NC_003552.1	282243	282728	-	486	150	123	75	54	67
MA_RS01265	NC_003552.1	282852	284033	-	1182	2449	2862	484	345	397
MA_RS01270	NC_003552.1	284077	284376	-	300	33891	26431	281	414	353
MA_RS01275	NC_003552.1	284699	285247	-	549	383	299	112	88	80
MA_RS01280	NC_003552.1	285315	285776	-	462	255	210	34	26	11
MA_RS01285	NC_003552.1	285856	286701	-	846	1331	1369	244	241	188
MA_RS01290	NC_003552.1	287013	288359	+	1347	3630	3504	657	315	451
MA_RS01295	NC_003552.1	289325	290446	-	1122	5507	4207	1470	738	937
MA_RS01300	NC_003552.1	290520	291626	-	1107	3670	3482	1374	699	870
MA_RS01305	NC_003552.1	291736	292170	-	435	331	291	184	102	128
MA_RS01310	NC_003552.1	292157	293362	-	1206	1969	1961	1384	806	864
MA_RS01315	NC_003552.1	293589	294857	-	1269	1599	1422	656	325	353
MA_RS01320	NC_003552.1	295222	296991	+	1770	13254	12953	1002	578	731
MA_RS01325	NC_003552.1	297112	297936	+	825	499	440	41	12	20
MA_RS01330	NC_003552.1	298201	299268	-	1068	6244	5583	1032	707	744
MA_RS01335	NC_003552.1	299683	302484	-	2802	7233	8068	834	350	437
MA_RS01340	NC_003552.1	303050	304429	-	1380	3376	3767	318	272	300
MA_RS01345	NC_003552.1	304839	305564	+	726	1188	967	85	60	79
MA_RS01350	NC_003552.1	305577	307301	-	1725	2649	2416	102	68	109
MA_RS01355	NC_003552.1	307346	308860	-	1515	5268	5754	265	146	180
MA_RS01360	NC_003552.1	309318	310061	+	744	756	670	240	177	146
MA_RS01365	NC_003552.1	310333	311271	+	939	1564	1035	218	168	143
MA_RS24930	NC_003552.1	311375	311551	+	177	185	124	6	13	13
MA_RS01370	NC_003552.1	311592	311987	-	396	22	36	0	0	1
MA_RS01375	NC_003552.1	312034	313146	+	1113	8212	8906	2637	2822	2460
MA_RS29250	NC_003552.1	313483	313608	+	126	133	118	41	18	30
MA_RS01380	NC_003552.1	313800	314696	-	897	2779	2644	470	460	370
MA_RS01385	NC_003552.1	315578	316501	+	924	289	182	16	40	17
MA_RS01390	NC_003552.1	316983	318230	+	1248	2231	1447	100	111	105
MA_RS01395	NC_003552.1	318584	319666	-	1083	294	250	139	130	122
MA_RS01400	NC_003552.1	320209	320282	-	74	154	56	12	6	1
MA_RS01405	NC_003552.1	320466	321026	+	561	407	368	155	116	95
MA_RS01410	NC_003552.1	321289	321900	+	612	2833	2016	481	340	326
MA_RS01415	NC_003552.1	322186	322626	+	441	987	673	102	85	92
MA_RS01420	NC_003552.1	322988	324490	+	1503	3011	2854	366	230	230
MA_RS01425	NC_003552.1	324585	325715	-	1131	7641	8140	117	66	77
MA_RS01430	NC_003552.1	327079	328029	-	951	129564	166039	4743	1949	2716
MA_RS01435	NC_003552.1	328042	328263	-	222	3840	4702	236	256	186
MA_RS01440	NC_003552.1	328281	328505	-	225	3359	3168	273	136	211
MA_RS01445	NC_003552.1	328505	329227	-	723	30718	38752	1043	586	762
MA_RS01450	NC_003552.1	329229	329555	-	327	11641	13237	125	50	63
MA_RS01455	NC_003552.1	329552	330355	-	804	34983	37121	1265	635	725
MA_RS01460	NC_003552.1	330358	331107	-	750	25034	25961	2220	935	1212
MA_RS01465	NC_003552.1	331104	332018	-	915	61801	62541	4855	2336	3122
MA_RS01475	NC_003552.1	332799	333605	+	807	1070	833	106	83	54
MA_RS01480	NC_003552.1	333941	334498	+	558	262	183	33	18	11
MA_RS01485	NC_003552.1	334718	336637	-	1920	5651	5783	1223	726	887
MA_RS01490	NC_003552.1	337091	338149	+	1059	8035	7959	2444	1593	1978
MA_RS01495	NC_003552.1	338264	339082	+	819	609	431	357	207	251
MA_RS01500	NC_003552.1	339069	340115	+	1047	605	477	135	60	82
MA_RS01505	NC_003552.1	340130	340717	+	588	2039	1590	194	98	166
MA_RS01510	NC_003552.1	340889	341950	-	1062	10050	8085	1019	544	732
MA_RS01515	NC_003552.1	341943	343088	-	1146	6117	4353	135	86	80
MA_RS01520	NC_003552.1	343085	345346	-	2262	19576	14202	1893	1309	1430
MA_RS01525	NC_003552.1	345679	346452	+	774	1891	1126	86	43	46
MA_RS01530	NC_003552.1	346711	347997	+	1287	103	63	29	30	19
MA_RS01535	NC_003552.1	348379	349038	+	660	10189	7072	283	245	216
MA_RS01540	NC_003552.1	349120	349443	+	324	947	764	93	76	47
MA_RS01545	NC_003552.1	349474	349764	-	291	2820	1821	137	151	136
MA_RS01550	NC_003552.1	349803	350108	-	306	349	290	0	4	3
MA_RS01555	NC_003552.1	350298	350555	+	258	427	270	50	49	29
MA_RS01560	NC_003552.1	350802	351662	+	861	3550	2882	93	89	58
MA_RS01565	NC_003552.1	351805	352455	+	651	180	196	60	43	29
MA_RS01570	NC_003552.1	353792	354220	+	429	35	27	9	2	4
MA_RS01575	NC_003552.1	354499	355260	-	762	8791	8596	788	477	551
MA_RS01580	NC_003552.1	355257	355964	-	708	9487	10833	1923	1047	1575
MA_RS01585	NC_003552.1	355940	356881	-	942	12972	14345	2730	1175	1714
MA_RS01590	NC_003552.1	356878	357780	-	903	14242	14610	8658	3628	5553
MA_RS01595	NC_003552.1	357785	358726	-	942	21582	21634	7745	2841	4366
MA_RS01600	NC_003552.1	358852	360492	-	1641	34908	37312	12752	6438	8231
MA_RS01605	NC_003552.1	360522	361289	-	768	6130	4751	2991	1553	1843
MA_RS26400	NC_003552.1	361696	361842	-	147	90	75	4	4	2
MA_RS01620	NC_003552.1	362830	363399	+	570	1569	1260	2973	1313	1853
MA_RS01625	NC_003552.1	363418	364458	+	1041	1917	2264	2826	1063	1444
MA_RS01630	NC_003552.1	364459	366213	+	1755	3247	3177	9782	4409	6369
MA_RS01635	NC_003552.1	366218	367084	+	867	599	520	1237	723	1019
MA_RS01640	NC_003552.1	367095	367484	+	390	369	376	2542	1402	1713
MA_RS01645	NC_003552.1	367487	368788	+	1302	5026	5278	11349	4602	7860
MA_RS01650	NC_003552.1	369250	370296	+	1047	1130	855	16	6	26
MA_RS01655	NC_003552.1	370777	371526	+	750	3308	3454	371	478	325
MA_RS01660	NC_003552.1	372184	372411	-	228	170	161	16	8	20
MA_RS01665	NC_003552.1	372564	373571	-	1008	677	639	74	59	56
MA_RS01670	NC_003552.1	373760	374464	-	705	328	250	18	28	26
MA_RS01675	NC_003552.1	375115	376125	+	1011	394	279	12	16	2
MA_RS01680	NC_003552.1	376216	376830	+	615	268	299	16	6	16
MA_RS01700	NC_003552.1	378649	379041	+	393	629	385	27	26	18
MA_RS01705	NC_003552.1	379094	380020	-	927	1922	2141	304	105	149
MA_RS01710	NC_003552.1	380046	380837	-	792	1520	1646	334	205	272
MA_RS01715	NC_003552.1	380961	382022	-	1062	1526	1707	454	213	306
MA_RS01720	NC_003552.1	382019	382879	-	861	1348	1344	1318	501	636
MA_RS01725	NC_003552.1	382867	383682	-	816	918	1217	308	176	197
MA_RS01730	NC_003552.1	383857	384498	-	642	1161	1434	584	390	382
MA_RS01735	NC_003552.1	384571	385146	-	576	257	238	263	187	186
MA_RS01740	NC_003552.1	385182	385754	-	573	1073	707	187	96	99
MA_RS01745	NC_003552.1	385916	386206	-	291	515	433	40	50	29
MA_RS01750	NC_003552.1	386302	386826	-	525	1386	1288	104	64	41
MA_RS01755	NC_003552.1	386898	387662	-	765	1873	2013	349	117	168
MA_RS01760	NC_003552.1	387918	388475	-	558	1325	1279	106	97	76
MA_RS01765	NC_003552.1	388736	389119	+	384	512	444	196	136	146
MA_RS01770	NC_003552.1	389165	390565	-	1401	3834	3098	2166	1316	1494
MA_RS01775	NC_003552.1	391064	393439	+	2376	8672	9766	1588	702	950
MA_RS01780	NC_003552.1	393609	396260	-	2652	6243	5773	4387	2011	2364
MA_RS01785	NC_003552.1	397092	397532	+	441	1257	1021	137	112	110
MA_RS01790	NC_003552.1	397635	398663	+	1029	1985	1542	609	310	409
MA_RS01795	NC_003552.1	398698	399663	+	966	10728	10387	2299	1141	1506
MA_RS01800	NC_003552.1	399660	400670	+	1011	5817	6069	907	620	689
MA_RS01805	NC_003552.1	400671	401354	+	684	2212	2325	564	318	434
MA_RS01810	NC_003552.1	401436	401951	-	516	905	706	151	141	146
MA_RS01815	NC_003552.1	402530	403219	+	690	2075	1846	3686	1798	2296
MA_RS01820	NC_003552.1	403216	403845	+	630	766	854	2656	1627	1745
MA_RS01825	NC_003552.1	403871	404266	+	396	244	237	890	557	557
MA_RS01830	NC_003552.1	404536	409737	+	5202	1415	1298	3098	1666	1901
MA_RS01840	NC_003552.1	410767	416304	+	5538	4492	3924	1501	888	864
MA_RS29255	NC_003552.1	416955	417077	+	123	201	113	88	183	160
MA_RS01850	NC_003552.1	418633	419550	-	918	420	418	8	5	4
MA_RS01855	NC_003552.1	419579	421036	-	1458	456	327	60	44	72
MA_RS28285	NC_003552.1	421754	422128	-	375	39	39	7	2	0
MA_RS28290	NC_003552.1	422044	422331	-	288	26	14	0	0	0
MA_RS01870	NC_003552.1	422982	423671	-	690	67	60	11	7	9
MA_RS01875	NC_003552.1	423880	424020	-	141	57	58	11	17	6
MA_RS29260	NC_003552.1	424113	424244	-	132	24	28	0	2	2
MA_RS01880	NC_003552.1	424241	424459	-	219	113	94	3	0	0
MA_RS01885	NC_003552.1	425043	425420	-	378	141	126	6	16	14
MA_RS01895	NC_003552.1	426809	427939	-	1131	290	166	20	32	23
MA_RS29685	NC_003552.1	428033	428134	-	102	21	25	54	50	25
MA_RS01900	NC_003552.1	428185	428664	-	480	172	96	14	8	7
MA_RS01905	NC_003552.1	428833	430029	-	1197	993	654	43	22	54
MA_RS01910	NC_003552.1	430382	430861	-	480	250	170	27	23	18
MA_RS01915	NC_003552.1	430918	431496	-	579	409	316	102	73	72
MA_RS01920	NC_003552.1	431771	432943	-	1173	702	447	78	38	50
MA_RS01925	NC_003552.1	432966	433868	-	903	4153	2574	130	82	94
MA_RS01930	NC_003552.1	433861	434928	-	1068	529	380	36	56	22
MA_RS01935	NC_003552.1	435159	435737	-	579	2174	1760	20	37	18
MA_RS01940	NC_003552.1	435971	436552	-	582	3469	2732	28	7	19
MA_RS01945	NC_003552.1	436699	438486	-	1788	46030	56427	276	195	184
MA_RS01950	NC_003552.1	438790	439491	+	702	2668	2279	254	105	193
MA_RS01955	NC_003552.1	439678	440862	+	1185	1649	1839	238	168	186
MA_RS01960	NC_003552.1	440932	442047	+	1116	1262	1399	116	69	80
MA_RS01965	NC_003552.1	442147	442428	+	282	123	89	10	21	16
MA_RS01970	NC_003552.1	442416	442679	+	264	76	35	27	10	12
MA_RS01975	NC_003552.1	442881	443597	+	717	1873	1812	78	35	46
MA_RS01980	NC_003552.1	443685	444149	-	465	2543	1107	36	110	49
MA_RS01985	NC_003552.1	444213	445136	-	924	4160	4612	142	107	129
MA_RS01990	NC_003552.1	445215	446003	-	789	1913	1412	466	410	299
MA_RS02000	NC_003552.1	447488	447997	+	510	5542	7469	214	135	142
MA_RS02005	NC_003552.1	447990	448427	+	438	1961	2516	145	87	81
MA_RS02010	NC_003552.1	448684	453072	-	4389	1111	974	7654	3258	4964
MA_RS02015	NC_003552.1	453449	457996	-	4548	1240	1255	7438	3868	5284
MA_RS02025	NC_003552.1	458726	464422	-	5697	2519	2471	9198	4796	6073
MA_RS02030	NC_003552.1	465002	469318	-	4317	5580	6539	11309	5682	7045
MA_RS02035	NC_003552.1	469736	470503	-	768	167	156	11	1	10
MA_RS02040	NC_003552.1	470816	472120	-	1305	259	90	14	8	8
MA_RS02045	NC_003552.1	472290	472499	+	210	231	127	6	8	0
MA_RS02050	NC_003552.1	472723	472959	-	237	60	32	18	20	6
MA_RS02055	NC_003552.1	474240	474614	+	375	271	194	248	201	160
MA_RS02060	NC_003552.1	474915	475265	+	351	10	10	10	17	10
MA_RS02065	NC_003552.1	475284	475463	+	180	58	38	45	51	38
MA_RS02070	NC_003552.1	475733	476515	+	783	140	121	276	103	169
MA_RS02075	NC_003552.1	476549	477874	+	1326	188	147	174	170	144
MA_RS24965	NC_003552.1	478141	478272	+	132	75	59	14	5	4
MA_RS26415	NC_003552.1	478251	478406	+	156	1	2	0	0	1
MA_RS28135	NC_003552.1	478454	478798	+	345	156	123	26	6	6
MA_RS02090	NC_003552.1	481091	481441	+	351	69	40	4	4	6
MA_RS02100	NC_003552.1	482086	483003	+	918	537	507	4	2	8
MA_RS02105	NC_003552.1	483000	483875	+	876	161	131	16	8	8
MA_RS02110	NC_003552.1	484225	484446	+	222	276	132	7	24	20
MA_RS02115	NC_003552.1	484776	485201	+	426	45	36	4	2	0
MA_RS02120	NC_003552.1	485208	486335	+	1128	245	158	53	18	21
MA_RS02125	NC_003552.1	486521	487600	+	1080	475	593	74	44	38
MA_RS02135	NC_003552.1	488865	489485	+	621	54	44	0	0	4
MA_RS02140	NC_003552.1	489540	490079	+	540	41	20	2	2	0
MA_RS28295	NC_003552.1	490985	491269	+	285	29	26	4	2	1
MA_RS02150	NC_003552.1	491290	492042	+	753	138	178	13	18	18
MA_RS02155	NC_003552.1	492073	492648	+	576	324	280	53	42	50
MA_RS02165	NC_003552.1	493911	494819	+	909	429	440	71	60	28
MA_RS02170	NC_003552.1	495076	495432	-	357	25	7	0	0	0
MA_RS02175	NC_003552.1	496128	496898	+	771	207	157	58	22	41
MA_RS02180	NC_003552.1	497069	497494	+	426	42	58	5	4	7
MA_RS02185	NC_003552.1	497558	498742	+	1185	363	222	66	50	29
MA_RS02190	NC_003552.1	499078	499617	+	540	115	74	2	2	0
MA_RS02195	NC_003552.1	499831	500814	+	984	164	126	5	8	4
MA_RS29265	NC_003552.1	500884	500970	+	87	8	7	0	0	0
MA_RS29270	NC_003552.1	501039	501227	+	189	52	33	6	0	0
MA_RS02205	NC_003552.1	501351	501950	+	600	938	802	51	26	38
MA_RS02210	NC_003552.1	502401	503603	+	1203	469	559	33	32	27
MA_RS26425	NC_003552.1	503887	504126	+	240	78	54	4	0	0
MA_RS02220	NC_003552.1	504673	504903	+	231	27438	18322	58	58	39
MA_RS02225	NC_003552.1	505101	505262	+	162	2418	1479	19	27	17
MA_RS02230	NC_003552.1	505493	505885	-	393	4228	4037	473	427	414
MA_RS02235	NC_003552.1	506196	506408	+	213	247	160	4	2	3
MA_RS02240	NC_003552.1	506764	507966	+	1203	811	399	76	35	22
MA_RS02245	NC_003552.1	508310	509143	+	834	1339	1478	563	357	465
MA_RS02250	NC_003552.1	509181	510371	+	1191	1962	2145	682	410	425
MA_RS02255	NC_003552.1	510626	511654	-	1029	18976	19078	503	280	314
MA_RS02260	NC_003552.1	511754	511936	-	183	118933	66349	125	193	118
MA_RS02265	NC_003552.1	512183	512491	-	309	462	248	16	28	9
MA_RS02270	NC_003552.1	512628	513692	-	1065	1645	1579	445	311	296
MA_RS02275	NC_003552.1	513926	514231	-	306	345	283	3	2	4
MA_RS28300	NC_003552.1	515482	515988	-	507	3657	3776	83	128	106
MA_RS02285	NC_003552.1	516253	517248	+	996	5102	4614	337	253	251
MA_RS02290	NC_003552.1	517343	518158	+	816	893	785	33	18	22
MA_RS02300	NC_003552.1	519393	520196	-	804	3567	2850	816	625	607
MA_RS02305	NC_003552.1	520308	520823	-	516	1531	1045	33	24	29
MA_RS02310	NC_003552.1	521099	523168	+	2070	8806	8535	747	358	482
MA_RS02315	NC_003552.1	523405	523614	-	210	8	3	0	2	11
MA_RS02320	NC_003552.1	523963	524703	+	741	35	15	82	81	59
MA_RS02325	NC_003552.1	524887	525492	+	606	117	126	108	53	57
MA_RS02330	NC_003552.1	525616	526164	+	549	1352	1317	55	54	57
MA_RS24975	NC_003552.1	526304	526435	-	132	15	20	2	0	0
MA_RS26430	NC_003552.1	526480	526626	-	147	24	12	1	1	0
MA_RS02340	NC_003552.1	526764	527975	+	1212	1350	952	544	313	358
MA_RS02345	NC_003552.1	528046	528495	-	450	107	96	20	13	2
MA_RS02350	NC_003552.1	528705	529127	+	423	96	151	113	74	70
MA_RS24980	NC_003552.1	529351	529560	+	210	76	94	92	77	39
MA_RS02360	NC_003552.1	529870	530526	+	657	2333	1591	306	213	300
MA_RS02365	NC_003552.1	530608	531747	-	1140	1259	949	212	136	96
MA_RS02370	NC_003552.1	531805	532971	-	1167	3542	2670	239	129	152
MA_RS02375	NC_003552.1	533783	534781	+	999	3645	3176	254	179	171
MA_RS02380	NC_003552.1	534844	536229	-	1386	2909	2980	97916	51000	69866
MA_RS02385	NC_003552.1	536240	537016	-	777	431	415	45959	20570	30103
MA_RS02395	NC_003552.1	537303	537533	-	231	18	6	2	0	0
MA_RS02400	NC_003552.1	537926	538780	+	855	216	206	1306	693	847
MA_RS02405	NC_003552.1	539017	539808	+	792	255	260	1289	692	861
MA_RS02410	NC_003552.1	539898	541817	-	1920	1347	1461	214	109	131
MA_RS02415	NC_003552.1	541988	542464	+	477	703	611	147	74	72
MA_RS02420	NC_003552.1	542620	542799	-	180	244	419	49	57	34
MA_RS02425	NC_003552.1	542972	544933	-	1962	5193	6038	125	140	102
MA_RS02430	NC_003552.1	544992	546491	-	1500	495	490	38	41	48
MA_RS28305	NC_003552.1	546673	546882	-	210	43	15	2	2	0
MA_RS28310	NC_003552.1	546993	547208	+	216	23	14	3	9	6
MA_RS28315	NC_003552.1	547604	547807	+	204	14	15	7	0	2
MA_RS02440	NC_003552.1	547815	548807	+	993	454	370	184	147	175
MA_RS02445	NC_003552.1	548980	549450	-	471	117	110	31	8	18
MA_RS02450	NC_003552.1	549702	549896	-	195	71	66	15	11	19
MA_RS02455	NC_003552.1	550418	551323	+	906	550	690	140	55	107
MA_RS02465	NC_003552.1	552436	552756	+	321	278	82	16	19	8
MA_RS02470	NC_003552.1	552863	554347	-	1485	526	338	104	53	86
MA_RS02475	NC_003552.1	554458	554664	+	207	3	3	0	0	0
MA_RS02480	NC_003552.1	554618	555496	+	879	351	173	2	0	2
MA_RS02485	NC_003552.1	555563	556177	+	615	167	140	41	20	8
MA_RS02490	NC_003552.1	556226	556669	+	444	81	49	13	5	2
MA_RS28320	NC_003552.1	556816	557034	+	219	71	54	16	14	10
MA_RS02495	NC_003552.1	557862	558233	+	372	566	512	289	205	189
MA_RS29275	NC_003552.1	558966	559094	+	129	11636	8611	1590	1522	1992
MA_RS02500	NC_003552.1	559648	560424	-	777	1339	1215	146	139	108
MA_RS02505	NC_003552.1	560781	561176	-	396	422	232	19	7	12
MA_RS02510	NC_003552.1	561181	561753	-	573	330	309	27	22	14
MA_RS02520	NC_003552.1	562005	562271	-	267	263	157	4	2	0
MA_RS02525	NC_003552.1	563057	564046	-	990	585	445	121	101	84
MA_RS29690	NC_003552.1	564477	564671	-	195	56	34	2	4	0
MA_RS29695	NC_003552.1	564629	564964	+	336	81	79	14	11	9
MA_RS02535	NC_003552.1	565014	565790	-	777	593	575	59	62	64
MA_RS02540	NC_003552.1	566070	567359	+	1290	6245	6150	231	195	193
MA_RS24350	NC_003552.1	567850	570723	+	2874	1162	768	128	84	92
MA_RS02555	NC_003552.1	571167	573713	+	2547	312	262	200	120	102
MA_RS02560	NC_003552.1	573987	576203	-	2217	880	595	45	44	38
MA_RS02565	NC_003552.1	576556	577233	-	678	401	290	66	36	48
MA_RS02570	NC_003552.1	577531	578181	+	651	1964	1393	88	116	79
MA_RS02575	NC_003552.1	578794	579201	+	408	307	152	4	9	2
MA_RS02585	NC_003552.1	579515	579841	+	327	184	139	7	4	23
MA_RS02590	NC_003552.1	579937	582219	-	2283	2809	1949	298	296	261
MA_RS02595	NC_003552.1	582774	583250	+	477	872	664	82	28	49
MA_RS24355	NC_003552.1	583586	584113	+	528	596	457	43	53	57
MA_RS02610	NC_003552.1	584723	585280	+	558	690	524	29	39	9
MA_RS02620	NC_003552.1	585765	586307	-	543	1234	878	118	155	148
MA_RS02625	NC_003552.1	586505	587242	+	738	75	84	36	44	38
MA_RS02630	NC_003552.1	587255	588178	+	924	500	337	32	34	26
MA_RS02635	NC_003552.1	588926	589444	+	519	593	243	80	44	36
MA_RS02640	NC_003552.1	590259	591188	+	930	1220	1088	191	172	142
MA_RS02645	NC_003552.1	591371	592807	+	1437	5973	4917	625	537	483
MA_RS02650	NC_003552.1	593230	594093	+	864	1420	837	264	185	126
MA_RS02660	NC_003552.1	594609	595223	+	615	388	302	25	23	26
MA_RS02665	NC_003552.1	595359	596744	+	1386	3506	2246	219	157	157
MA_RS02670	NC_003552.1	597068	597652	-	585	1227	1305	46	31	31
MA_RS02680	NC_003552.1	598296	598502	-	207	187	83	0	4	2
MA_RS02685	NC_003552.1	599612	600484	-	873	2480	1914	146	204	177
MA_RS02690	NC_003552.1	601283	601759	+	477	1374	1132	42	38	41
MA_RS02695	NC_003552.1	601897	602175	+	279	401	327	3	16	4
MA_RS02700	NC_003552.1	602172	602522	+	351	246	130	15	12	4
MA_RS02705	NC_003552.1	602880	602953	-	74	154	87	10	0	9
MA_RS02710	NC_003552.1	603202	603966	+	765	881	837	105	52	55
MA_RS02715	NC_003552.1	604061	604648	-	588	1282	1550	78	38	61
MA_RS02720	NC_003552.1	604781	605800	-	1020	1077	943	569	289	394
MA_RS02725	NC_003552.1	606446	608416	-	1971	3527	4066	657	378	428
MA_RS02730	NC_003552.1	608616	611318	-	2703	6006	7450	1016	588	569
MA_RS28335	NC_003552.1	611840	612079	+	240	10	10	19	12	7
MA_RS02740	NC_003552.1	612472	612549	-	78	211	144	37	15	10
MA_RS02745	NC_003552.1	612727	613311	-	585	2316	1990	191	113	143
MA_RS02750	NC_003552.1	613653	614801	+	1149	1570	1465	257	144	170
MA_RS02760	NC_003552.1	615729	616370	+	642	1375	1479	366	160	325
MA_RS02775	NC_003552.1	617913	618563	+	651	803	802	109	57	44
MA_RS02780	NC_003552.1	619035	620096	+	1062	293	348	100	33	40
MA_RS02785	NC_003552.1	620098	620394	+	297	60	51	2	16	5
MA_RS28040	NC_003552.1	620413	620562	+	150	42	48	30	5	8
MA_RS02800	NC_003552.1	622779	623399	+	621	1950	1775	137	170	126
MA_RS02805	NC_003552.1	624104	625717	+	1614	3956	3542	604	236	380
MA_RS02810	NC_003552.1	625757	626557	+	801	3397	3955	923	508	637
MA_RS02815	NC_003552.1	626734	626991	-	258	5194	2619	1110	829	740
MA_RS02820	NC_003552.1	627143	627634	-	492	171	139	33	20	35
MA_RS02825	NC_003552.1	627701	630268	-	2568	1572	1676	150	96	128
MA_RS02830	NC_003552.1	630525	630926	-	402	12492	9084	73	85	67
MA_RS02835	NC_003552.1	631274	631561	-	288	1738	1613	78	96	100
MA_RS02840	NC_003552.1	631609	632430	-	822	5536	6174	890	637	636
MA_RS02845	NC_003552.1	633027	633491	-	465	3292	3317	35	26	21
MA_RS02850	NC_003552.1	633604	634320	-	717	2675	2381	69	99	108
MA_RS02855	NC_003552.1	634461	635216	-	756	750	824	245	269	293
MA_RS02860	NC_003552.1	635158	635793	-	636	1203	991	124	76	100
MA_RS02870	NC_003552.1	636080	636565	-	486	337	199	107	88	61
MA_RS02875	NC_003552.1	636723	637436	+	714	969	1003	190	157	132
MA_RS02880	NC_003552.1	637433	638176	+	744	1650	1671	301	240	237
MA_RS02885	NC_003552.1	638399	639289	+	891	576	638	27	28	20
MA_RS02890	NC_003552.1	639295	640392	+	1098	2865	2357	327	153	144
MA_RS25000	NC_003552.1	640700	644749	+	4050	1715	1232	419	297	341
MA_RS02905	NC_003552.1	645562	649428	+	3867	1239	1071	186	88	111
MA_RS26440	NC_003552.1	649767	649916	+	150	70	18	4	0	4
MA_RS02915	NC_003552.1	649933	650793	+	861	1398	989	134	135	85
MA_RS26445	NC_003552.1	651143	651355	+	213	237	210	11	6	4
MA_RS29280	NC_003552.1	651359	651481	+	123	16	12	0	0	0
MA_RS02920	NC_003552.1	651520	652707	+	1188	1307	1059	144	122	106
MA_RS02925	NC_003552.1	652958	655138	+	2181	1208	1267	203	104	105
MA_RS02930	NC_003552.1	655226	657511	+	2286	945	771	144	82	78
MA_RS02935	NC_003552.1	657701	659947	+	2247	1001	990	84	78	56
MA_RS02940	NC_003552.1	660130	660654	+	525	212	225	32	20	12
MA_RS02945	NC_003552.1	661627	663963	+	2337	1854	1625	248	160	94
MA_RS02950	NC_003552.1	664051	666390	+	2340	1408	1180	82	54	45
MA_RS02955	NC_003552.1	666579	667085	+	507	253	247	44	34	28
MA_RS02960	NC_003552.1	667157	668335	+	1179	526	342	44	20	37
MA_RS02965	NC_003552.1	668702	669973	+	1272	942	678	76	140	84
MA_RS02970	NC_003552.1	670086	670751	+	666	540	318	36	21	22
MA_RS26450	NC_003552.1	671115	671363	+	249	19	10	1	3	4
MA_RS02975	NC_003552.1	671739	672695	+	957	2590	3026	59	71	39
MA_RS02980	NC_003552.1	672806	673219	+	414	385	238	75	84	54
MA_RS26455	NC_003552.1	673473	673733	+	261	944	587	3	17	11
MA_RS02990	NC_003552.1	674025	674435	+	411	146	116	19	4	2
MA_RS03000	NC_003552.1	675365	675823	+	459	148	70	10	0	4
MA_RS03005	NC_003552.1	676154	676576	+	423	482	301	34	29	24
MA_RS03010	NC_003552.1	677229	678278	+	1050	7088	7157	771	348	520
MA_RS03015	NC_003552.1	678275	678838	+	564	1341	1067	38	39	44
MA_RS03020	NC_003552.1	678843	679301	+	459	2138	1782	272	167	179
MA_RS03025	NC_003552.1	679496	680158	+	663	3013	2357	166	151	165
MA_RS03030	NC_003552.1	680300	681682	+	1383	4238	4338	817	459	471
MA_RS03035	NC_003552.1	681830	682804	+	975	7148	6452	483	334	344
MA_RS03040	NC_003552.1	683303	684220	+	918	1187	1293	3	11	0
MA_RS26460	NC_003552.1	684341	684592	+	252	426	341	22	8	18
MA_RS03050	NC_003552.1	685082	686356	+	1275	11526	11126	1985	936	1163
MA_RS03055	NC_003552.1	686420	687373	+	954	6281	6436	2832	1191	2025
MA_RS03060	NC_003552.1	687412	688317	+	906	1869	1633	1327	487	772
MA_RS03065	NC_003552.1	688317	689096	+	780	1488	1094	592	272	374
MA_RS03070	NC_003552.1	689174	689908	+	735	2979	2484	545	402	480
MA_RS03075	NC_003552.1	689908	690213	+	306	967	892	75	61	70
MA_RS03080	NC_003552.1	690641	692356	+	1716	5574	5433	1458	725	921
MA_RS03085	NC_003552.1	692491	693603	-	1113	2467	2936	142	118	81
MA_RS03095	NC_003552.1	694191	695543	+	1353	7367	8482	2008	1096	1382
MA_RS03100	NC_003552.1	695536	696402	+	867	2131	2187	318	174	195
MA_RS03105	NC_003552.1	696548	698119	+	1572	8823	8115	2372	1226	1552
MA_RS03110	NC_003552.1	698285	698803	+	519	1478	1443	606	244	321
MA_RS03115	NC_003552.1	698883	700535	-	1653	1167	980	361	131	254
MA_RS28340	NC_003552.1	700574	700741	+	168	59	35	47	18	18
MA_RS03125	NC_003552.1	701308	701688	+	381	7397	5506	5330	4120	4104
MA_RS03130	NC_003552.1	701699	702121	+	423	6807	5881	393	306	375
MA_RS03135	NC_003552.1	702135	702539	+	405	11888	11276	5006	2484	3264
MA_RS03140	NC_003552.1	702548	702736	+	189	1147	856	379	172	303
MA_RS03145	NC_003552.1	702737	702811	+	75	463	481	887	500	625
MA_RS03150	NC_003552.1	702924	703106	+	183	2557	2302	327	244	272
MA_RS03155	NC_003552.1	703179	703922	+	744	24022	25338	28792	14850	20510
MA_RS03160	NC_003552.1	703991	704794	+	804	13185	11974	6655	3363	4641
MA_RS03165	NC_003552.1	705010	705915	+	906	1240	1018	364	257	266
MA_RS03170	NC_003552.1	706015	706797	+	783	1592	1724	392	192	282
MA_RS03175	NC_003552.1	706801	707898	+	1098	9517	8615	2783	1644	1968
MA_RS26465	NC_003552.1	709091	709231	-	141	547	407	240	120	120
MA_RS03180	NC_003552.1	709310	710653	+	1344	14528	15149	4415	2512	2916
MA_RS03185	NC_003552.1	710692	711657	+	966	10157	8604	552	331	341
MA_RS03190	NC_003552.1	711691	711909	-	219	49	33	13	6	10
MA_RS03195	NC_003552.1	712122	714773	-	2652	40074	44878	4719	3000	3323
MA_RS03200	NC_003552.1	715092	715352	+	261	19760	13719	1648	1325	1178
MA_RS03205	NC_003552.1	715547	716560	+	1014	8443	5959	2530	1633	1857
MA_RS03210	NC_003552.1	716760	717413	+	654	1653	1741	297	178	189
MA_RS25010	NC_003552.1	717478	717903	-	426	732	463	22	24	8
MA_RS03220	NC_003552.1	718050	719060	+	1011	950	769	386	264	286
MA_RS03225	NC_003552.1	719510	719581	+	72	235	103	11	9	8
MA_RS03230	NC_003552.1	720048	720950	-	903	248	197	69	37	15
MA_RS03235	NC_003552.1	721540	723159	-	1620	1263	1447	236	111	212
MA_RS03240	NC_003552.1	723868	724329	-	462	902	963	97	52	60
MA_RS03245	NC_003552.1	724667	725662	-	996	9750	11062	507	300	339
MA_RS26470	NC_003552.1	725854	726015	-	162	16	5	3	0	0
MA_RS03250	NC_003552.1	726052	726759	-	708	119	95	7	6	2
MA_RS03255	NC_003552.1	726775	727425	-	651	82	124	4	5	12
MA_RS26475	NC_003552.1	727510	727710	+	201	0	1	0	0	0
MA_RS03260	NC_003552.1	727859	729823	+	1965	432	364	134	113	115
MA_RS03265	NC_003552.1	730368	732335	+	1968	1083	866	491	257	271
MA_RS03270	NC_003552.1	732897	734000	-	1104	2708	3559	134	150	114
MA_RS03275	NC_003552.1	734439	735272	+	834	1151	1059	40	30	16
MA_RS03280	NC_003552.1	735572	736234	+	663	2136	2440	176	107	137
MA_RS03285	NC_003552.1	736295	736513	-	219	1676	1262	17	3	16
MA_RS03295	NC_003552.1	737081	737878	+	798	600	400	251	225	212
MA_RS03300	NC_003552.1	738028	739992	+	1965	225	211	680	438	447
MA_RS03305	NC_003552.1	740029	741168	-	1140	1962	2078	399	215	233
MA_RS03310	NC_003552.1	741262	741669	-	408	3232	3340	73	64	61
MA_RS03315	NC_003552.1	741925	742203	+	279	2410	1961	273	221	149
MA_RS03320	NC_003552.1	742329	743939	+	1611	14779	14167	932	773	545
MA_RS03325	NC_003552.1	744374	745201	+	828	6474	5584	1020	713	746
MA_RS03330	NC_003552.1	745333	746016	+	684	1444	1092	438	323	287
MA_RS03335	NC_003552.1	746169	746804	+	636	2353	1850	133	165	110
MA_RS03340	NC_003552.1	747109	748293	+	1185	9773	9369	498	412	452
MA_RS03345	NC_003552.1	748504	749592	-	1089	3360	2362	860	681	640
MA_RS03355	NC_003552.1	749793	750596	-	804	1202	1059	15	9	2
MA_RS26480	NC_003552.1	750873	751064	-	192	24360	12689	5835	5941	9439
MA_RS26485	NC_003552.1	751161	751307	-	147	248	148	99	74	33
MA_RS03360	NC_003552.1	751638	752129	-	492	2293	2065	87	152	89
MA_RS03365	NC_003552.1	752315	753082	-	768	213	180	4	21	9
MA_RS03375	NC_003552.1	754290	754369	-	80	888	395	91	56	46
MA_RS03380	NC_003552.1	754586	755989	-	1404	5473	5035	992	677	721
MA_RS03385	NC_003552.1	756108	756878	-	771	6834	5821	959	685	764
MA_RS25015	NC_003552.1	756888	757043	-	156	618	737	110	61	60
MA_RS03390	NC_003552.1	757050	757856	-	807	18937	15594	10037	6801	8365
MA_RS03395	NC_003552.1	757929	758117	-	189	1882	2345	622	322	441
MA_RS03400	NC_003552.1	758124	758402	-	279	8134	8375	216	226	190
MA_RS03405	NC_003552.1	758802	759527	-	726	6632	6169	697	548	554
MA_RS03410	NC_003552.1	759493	760737	-	1245	3614	3921	134	77	62
MA_RS03415	NC_003552.1	761249	762172	+	924	465	408	46	44	38
MA_RS03420	NC_003552.1	762428	763123	+	696	83	69	31	18	18
MA_RS03425	NC_003552.1	763478	765844	+	2367	1246	1066	886	411	594
MA_RS03430	NC_003552.1	765841	766893	+	1053	1389	1397	382	208	212
MA_RS03435	NC_003552.1	767242	769431	+	2190	104059	100355	7020	3873	3960
MA_RS03440	NC_003552.1	769777	770496	-	720	5046	4322	581	301	403
MA_RS03445	NC_003552.1	770644	771519	-	876	3218	3165	327	291	313
MA_RS03450	NC_003552.1	771947	772492	+	546	1631	1227	184	135	168
MA_RS03455	NC_003552.1	772694	773713	-	1020	1602	1841	80	92	34
MA_RS03460	NC_003552.1	774913	776406	+	1494	27761	31768	773	258	440
MA_RS03465	NC_003552.1	776411	777727	+	1317	23071	25093	476	254	297
MA_RS03470	NC_003552.1	777724	778590	+	867	11045	9065	272	99	145
MA_RS03475	NC_003552.1	778583	779149	+	567	8494	8758	611	250	302
MA_RS03480	NC_003552.1	779151	779768	+	618	10206	9392	280	135	150
MA_RS03485	NC_003552.1	779770	780360	+	591	11598	10459	279	111	106
MA_RS03490	NC_003552.1	780362	781147	+	786	19386	18636	418	195	393
MA_RS03495	NC_003552.1	781197	781532	+	336	10332	8168	255	73	163
MA_RS03500	NC_003552.1	781743	782240	-	498	525	515	113	50	64
MA_RS03505	NC_003552.1	782413	783465	-	1053	661	548	231	132	202
MA_RS03510	NC_003552.1	783936	784769	-	834	1705	1880	60	63	66
MA_RS03515	NC_003552.1	785002	786006	+	1005	4887	3978	1740	1358	1298
MA_RS03520	NC_003552.1	786139	786651	+	513	4216	3548	835	356	591
MA_RS03525	NC_003552.1	786830	787093	+	264	4214	3340	511	488	387
MA_RS03530	NC_003552.1	787229	787450	-	222	3219	2122	40	91	59
MA_RS03535	NC_003552.1	787765	788736	+	972	2784	2110	330	217	212
MA_RS03540	NC_003552.1	789265	790983	+	1719	9663	9068	3656	1292	2063
MA_RS03545	NC_003552.1	791006	792487	+	1482	6165	5992	4203	2035	2589
MA_RS03550	NC_003552.1	792605	793582	+	978	9972	9571	2932	1672	2185
MA_RS03555	NC_003552.1	793566	794189	+	624	3220	2671	119	68	94
MA_RS03560	NC_003552.1	794778	795740	-	963	3216	3178	156	115	113
MA_RS03565	NC_003552.1	795772	796395	-	624	1846	2162	59	70	56
MA_RS03570	NC_003552.1	796533	796823	-	291	2696	2410	102	74	86
MA_RS03575	NC_003552.1	796970	799075	-	2106	13719	13123	1667	715	1026
MA_RS03580	NC_003552.1	799193	799951	-	759	884	895	132	109	132
MA_RS03585	NC_003552.1	799988	800185	-	198	55	42	1	6	1
MA_RS03590	NC_003552.1	800592	800975	+	384	1332	1326	52	70	62
MA_RS03595	NC_003552.1	801921	802595	+	675	5054	4457	535	401	358
MA_RS26490	NC_003552.1	802931	803107	-	177	45	16	4	0	1
MA_RS03600	NC_003552.1	803364	804146	+	783	17778	15809	2459	1160	1447
MA_RS03605	NC_003552.1	804148	805377	+	1230	37304	40389	3861	2053	2441
MA_RS03610	NC_003552.1	805491	806126	+	636	1765	893	994	694	727
MA_RS03615	NC_003552.1	806119	806751	+	633	863	612	137	56	103
MA_RS03620	NC_003552.1	806927	808051	+	1125	143	85	18	8	6
MA_RS03625	NC_003552.1	808279	809448	+	1170	1244	899	100	48	36
MA_RS24895	NC_003552.1	809468	809829	-	362	1006348	604010	6255	10507	9042
MA_RS03630	NC_003552.1	810326	811465	+	1140	7093	5555	7408	3487	4817
MA_RS03635	NC_003552.1	811452	812492	+	1041	10042	9100	3603	2103	2656
MA_RS03640	NC_003552.1	812489	813127	+	639	2656	1618	372	223	294
MA_RS03645	NC_003552.1	813275	813994	+	720	3563	2753	459	299	385
MA_RS03650	NC_003552.1	814086	814775	-	690	2466	2734	272	191	204
MA_RS03655	NC_003552.1	814766	815719	-	954	3224	3333	190	104	140
MA_RS03660	NC_003552.1	815716	816687	-	972	4518	4263	677	250	369
MA_RS03665	NC_003552.1	816684	817631	-	948	10159	12607	1984	901	1102
MA_RS03670	NC_003552.1	817825	819624	-	1800	13586	16363	878	498	559
MA_RS03675	NC_003552.1	819984	820226	+	243	47	9	0	2	0
MA_RS03680	NC_003552.1	820217	821221	-	1005	401	258	33	30	40
MA_RS03685	NC_003552.1	821430	821927	+	498	94	71	18	2	4
MA_RS03690	NC_003552.1	822155	823519	+	1365	182	92	10	12	4
MA_RS03695	NC_003552.1	823576	823938	+	363	25	12	0	0	0
MA_RS03700	NC_003552.1	824337	824927	-	591	626	509	80	46	24
MA_RS03705	NC_003552.1	825331	826671	+	1341	6114	6397	927	383	514
MA_RS03710	NC_003552.1	826637	828793	+	2157	10489	11456	2485	1372	1575
MA_RS03715	NC_003552.1	829089	829517	-	429	4915	4841	77	132	92
MA_RS03720	NC_003552.1	829862	829936	-	75	112	134	18	12	20
MA_RS03725	NC_003552.1	830087	830638	-	552	2927	2948	439	206	294
MA_RS03730	NC_003552.1	830638	831018	-	381	915	805	25	11	10
MA_RS03735	NC_003552.1	831024	832241	-	1218	9329	10435	519	380	359
MA_RS03740	NC_003552.1	832366	833289	+	924	8965	9439	798	556	555
MA_RS03745	NC_003552.1	833678	835750	+	2073	191086	202249	4559	2520	2393
MA_RS03755	NC_003552.1	836209	836778	+	570	2888	2794	231	157	131
MA_RS03760	NC_003552.1	836759	837766	+	1008	6036	6046	1362	671	904
MA_RS03765	NC_003552.1	837898	838491	+	594	3254	2628	580	441	467
MA_RS03770	NC_003552.1	839119	840054	+	936	10864	9368	2429	1672	1833
MA_RS03775	NC_003552.1	840172	840450	+	279	4429	2791	912	596	630
MA_RS03780	NC_003552.1	840784	841944	+	1161	6091	5585	270	163	167
MA_RS03785	NC_003552.1	842304	842642	-	339	1435	1743	4	11	4
MA_RS03790	NC_003552.1	842758	843354	-	597	4091	4245	298	352	260
MA_RS03795	NC_003552.1	843681	844235	+	555	1963	1539	173	78	100
MA_RS03800	NC_003552.1	844407	845669	-	1263	6589	6495	1425	867	1086
MA_RS03805	NC_003552.1	846127	847893	-	1767	397	399	34	42	28
MA_RS03810	NC_003552.1	847988	849730	-	1743	526	464	40	36	33
MA_RS03815	NC_003552.1	849942	850013	+	72	658	212	22	22	18
MA_RS03820	NC_003552.1	850158	850568	-	411	593	354	31	20	8
MA_RS03825	NC_003552.1	851002	851268	-	267	26	29	0	0	0
MA_RS03830	NC_003552.1	851687	852457	+	771	97	59	10	12	2
MA_RS29620	NC_003552.1	853438	853626	+	189	669	446	117	154	76
MA_RS28350	NC_003552.1	853879	854082	+	204	287	211	17	19	19
MA_RS03845	NC_003552.1	854297	854923	+	627	251	273	51	38	30
MA_RS03850	NC_003552.1	855054	855461	-	408	588	512	23	28	12
MA_RS03855	NC_003552.1	855803	856483	+	681	157	143	4	14	10
MA_RS28140	NC_003552.1	856798	857814	+	1017	315	207	12	13	7
MA_RS03870	NC_003552.1	858898	859521	-	624	306	259	4	14	6
MA_RS03875	NC_003552.1	859801	860394	-	594	229	223	32	16	22
MA_RS26500	NC_003552.1	860711	860878	-	168	662	437	64	40	38
MA_RS28355	NC_003552.1	862330	862620	-	291	150	93	21	10	7
MA_RS28360	NC_003552.1	862569	862829	-	261	182	121	15	18	3
MA_RS03885	NC_003552.1	863065	863532	-	468	1369	1015	6	4	1
MA_RS03890	NC_003552.1	863703	864677	-	975	167	183	25	14	20
MA_RS03895	NC_003552.1	864913	865548	+	636	117	77	8	8	9
MA_RS03900	NC_003552.1	865857	866267	+	411	891	751	108	64	83
MA_RS03905	NC_003552.1	866486	867484	-	999	1769	1643	236	204	141
MA_RS03910	NC_003552.1	867686	868279	+	594	170	151	1	7	0
MA_RS03915	NC_003552.1	868435	869856	+	1422	7011	8325	505	313	396
MA_RS03920	NC_003552.1	869889	870740	-	852	2434	2243	482	297	378
MA_RS03925	NC_003552.1	871621	872079	+	459	68	76	6	0	0
MA_RS03930	NC_003552.1	872268	873185	+	918	1953	1390	951	658	697
MA_RS03935	NC_003552.1	873486	873890	+	405	281	238	26	14	14
MA_RS26505	NC_003552.1	874465	874617	-	153	4	3	0	0	4
MA_RS03940	NC_003552.1	874642	874992	+	351	23	11	2	0	2
MA_RS03945	NC_003552.1	875043	875864	+	822	63	69	22	12	10
MA_RS28365	NC_003552.1	875876	876019	+	144	17	5	1	0	2
MA_RS27845	NC_003552.1	876190	876339	+	150	174	140	4	0	0
MA_RS03955	NC_003552.1	876714	877568	+	855	4190	3355	821	452	487
MA_RS03960	NC_003552.1	877867	881013	+	3147	4725	4965	1000	557	566
MA_RS03965	NC_003552.1	881428	885273	+	3846	1768	1710	227	156	159
MA_RS03975	NC_003552.1	885884	887419	+	1536	844	784	441	204	232
MA_RS03980	NC_003552.1	887894	889543	+	1650	327	321	24	31	26
MA_RS03985	NC_003552.1	890046	892913	+	2868	2041	1959	689	375	407
MA_RS03990	NC_003552.1	892949	896812	-	3864	3563	2458	992	767	608
MA_RS03995	NC_003552.1	897256	897468	+	213	128	78	1	2	2
MA_RS04000	NC_003552.1	897465	897698	+	234	165	113	1	4	2
MA_RS04005	NC_003552.1	897937	898233	+	297	342	177	6	0	2
MA_RS04010	NC_003552.1	898230	898580	+	351	1016	752	10	19	25
MA_RS04015	NC_003552.1	898820	899326	+	507	920	600	29	23	17
MA_RS04020	NC_003552.1	899378	900142	-	765	546	548	28	13	11
MA_RS28370	NC_003552.1	900424	900660	+	237	59	23	2	6	3
MA_RS04025	NC_003552.1	900679	901380	+	702	104	48	5	2	4
MA_RS04030	NC_003552.1	901519	902511	-	993	422	311	21	26	14
MA_RS29700	NC_003552.1	902852	903121	-	270	176	91	72	27	16
MA_RS26515	NC_003552.1	903169	903333	-	165	33	33	0	0	2
MA_RS04040	NC_003552.1	903734	904126	-	393	116	77	41	29	26
MA_RS04045	NC_003552.1	904627	905556	-	930	450	369	42	54	44
MA_RS04050	NC_003552.1	905868	906128	-	261	23	23	12	8	18
MA_RS04055	NC_003552.1	906555	907094	-	540	692	528	4	8	6
MA_RS04060	NC_003552.1	907759	908814	+	1056	2957	2997	1076	892	624
MA_RS27855	NC_003552.1	909054	909221	+	168	3550	2162	1186	1581	1844
MA_RS04070	NC_003552.1	910007	911701	+	1695	8224	7630	1270	927	953
MA_RS04075	NC_003552.1	911741	911995	-	255	481	431	38	13	31
MA_RS26525	NC_003552.1	911965	912111	-	147	3	4	0	0	2
MA_RS04080	NC_003552.1	912278	913303	+	1026	245	174	199	113	149
MA_RS04085	NC_003552.1	913295	914269	-	975	448	339	219	117	123
MA_RS04090	NC_003552.1	914377	915108	+	732	1452	1646	190	78	112
MA_RS04095	NC_003552.1	915311	916171	-	861	1595	1549	342	283	266
MA_RS04100	NC_003552.1	916255	917382	-	1128	6889	9520	79	62	89
MA_RS04105	NC_003552.1	917648	918232	-	585	136	108	24	16	6
MA_RS28375	NC_003552.1	918656	919090	+	435	40737	28155	102	51	69
MA_RS04115	NC_003552.1	919641	920282	+	642	100	65	16	7	17
MA_RS04125	NC_003552.1	921378	922271	+	894	943	796	580	284	331
MA_RS04130	NC_003552.1	922460	923425	+	966	762	777	231	128	168
MA_RS04135	NC_003552.1	923467	924438	-	972	978	1189	54	37	28
MA_RS04140	NC_003552.1	924471	925478	-	1008	898	1163	37	38	42
MA_RS04145	NC_003552.1	925595	926740	-	1146	7509	6222	158	104	86
MA_RS04150	NC_003552.1	926962	927891	+	930	1198	949	264	190	265
MA_RS04155	NC_003552.1	928093	928416	-	324	81	124	0	0	6
MA_RS04160	NC_003552.1	928544	929260	-	717	139	138	1	8	16
MA_RS04165	NC_003552.1	929235	930365	-	1131	201	179	69	66	43
MA_RS04170	NC_003552.1	930341	931303	-	963	225	156	38	56	33
MA_RS04175	NC_003552.1	933015	933719	-	705	1002	640	33	38	18
MA_RS04180	NC_003552.1	934184	935077	+	894	2618	1707	227	148	147
MA_RS04185	NC_003552.1	935609	936478	+	870	1132	914	462	359	350
MA_RS26530	NC_003552.1	936687	936863	-	177	35	24	27	14	15
MA_RS04190	NC_003552.1	937013	937708	-	696	98	163	60	49	45
MA_RS04195	NC_003552.1	938155	938292	-	138	264	264	3	21	21
MA_RS04200	NC_003552.1	939161	940330	+	1170	2340	2598	456	236	295
MA_RS04205	NC_003552.1	940430	941194	-	765	557	635	739	373	422
MA_RS04210	NC_003552.1	941247	941909	-	663	291	423	131	107	82
MA_RS04215	NC_003552.1	941966	943120	-	1155	867	726	304	214	196
MA_RS04220	NC_003552.1	943288	943707	-	420	163	148	5	14	9
MA_RS04225	NC_003552.1	943727	943954	-	228	150	108	62	68	61
MA_RS04230	NC_003552.1	944141	944560	-	420	443	426	29	19	8
MA_RS04235	NC_003552.1	944933	945289	+	357	310	349	109	69	68
MA_RS04240	NC_003552.1	945361	947916	-	2556	5745	6116	362	225	237
MA_RS26535	NC_003552.1	948247	948390	-	144	589	348	0	2	12
MA_RS04245	NC_003552.1	948831	950003	-	1173	13881	12408	311	348	279
MA_RS04250	NC_003552.1	950179	951132	-	954	6746	5986	675	632	541
MA_RS29705	NC_003552.1	951171	951449	-	279	897	694	506	405	389
MA_RS29710	NC_003552.1	951477	951902	-	426	4653	4431	1257	532	618
MA_RS04260	NC_003552.1	951923	952180	-	258	5899	4946	67	76	32
MA_RS04265	NC_003552.1	953060	953983	-	924	452	410	110	62	82
MA_RS04270	NC_003552.1	954420	955169	+	750	1616	1528	788	606	566
MA_RS04275	NC_003552.1	955395	956135	+	741	9044	7953	1633	1195	1149
MA_RS04285	NC_003552.1	956440	957198	+	759	7120	6105	1224	879	892
MA_RS04290	NC_003552.1	957309	958709	-	1401	3877	4393	685	398	513
MA_RS04295	NC_003552.1	958702	959244	-	543	991	855	121	110	58
MA_RS04300	NC_003552.1	959728	960123	-	396	5129	4993	55	26	29
MA_RS04305	NC_003552.1	961569	963212	-	1644	2495	2515	367	199	276
MA_RS04310	NC_003552.1	963729	964304	-	576	1114	926	129	81	90
MA_RS04320	NC_003552.1	965341	967356	+	2016	1187492	1233762	273820	182560	196355
MA_RS04325	NC_003552.1	967529	968110	+	582	11835	8785	3853	1952	2418
MA_RS04330	NC_003552.1	968396	969211	+	816	777	771	50	50	57
MA_RS04335	NC_003552.1	969749	970507	-	759	383	302	45	19	56
MA_RS04340	NC_003552.1	970508	972226	-	1719	669	695	936	396	553
MA_RS04345	NC_003552.1	972228	973532	-	1305	394	415	761	308	428
MA_RS04350	NC_003552.1	973610	973993	-	384	117	99	15	8	7
MA_RS04355	NC_003552.1	974836	974945	+	110	404	261	21	43	43
MA_RS04365	NC_003552.1	975948	976697	-	750	183	174	6	20	8
MA_RS04370	NC_003552.1	976685	977515	-	831	220	213	29	23	42
MA_RS04380	NC_003552.1	979079	980770	+	1692	14437	11349	3827	2279	2453
MA_RS04385	NC_003552.1	980748	981608	+	861	13922	11927	2765	1604	1845
MA_RS04390	NC_003552.1	981636	982619	+	984	13891	14432	4534	2526	3264
MA_RS04395	NC_003552.1	982633	983571	+	939	9319	6878	1961	1071	1355
MA_RS04400	NC_003552.1	983574	985295	+	1722	11479	10734	2983	1561	1958
MA_RS04405	NC_003552.1	985457	986449	+	993	1655	1484	249	170	227
MA_RS04410	NC_003552.1	986446	987210	+	765	1142	692	172	83	114
MA_RS04415	NC_003552.1	987383	988459	+	1077	2687	2733	1062	675	669
MA_RS04420	NC_003552.1	988690	989232	-	543	548	608	518	294	301
MA_RS04425	NC_003552.1	989192	990883	-	1692	1617	1866	13673	8581	9319
MA_RS28380	NC_003552.1	991446	998273	-	6828	12771	16101	4560	2025	2988
MA_RS29290	NC_003552.1	999281	1006981	-	7701	11811	14838	1715	999	1187
MA_RS04440	NC_003552.1	1007702	1008478	-	777	370	290	28	28	19
MA_RS04445	NC_003552.1	1008475	1009398	-	924	147	129	8	12	4
MA_RS04450	NC_003552.1	1009640	1010161	+	522	237	165	45	72	48
MA_RS04460	NC_003552.1	1012528	1013631	-	1104	195	233	10	9	1
MA_RS04465	NC_003552.1	1014321	1015928	-	1608	397	512	369	215	304
MA_RS04470	NC_003552.1	1016347	1018281	-	1935	459	688	41	26	32
MA_RS04475	NC_003552.1	1019006	1020910	-	1905	2622	4392	265	137	186
MA_RS04480	NC_003552.1	1021409	1021891	+	483	571	416	98	37	30
MA_RS04485	NC_003552.1	1021908	1022825	+	918	682	512	103	97	92
MA_RS04490	NC_003552.1	1023722	1024522	-	801	698	694	151	110	86
MA_RS04495	NC_003552.1	1024642	1026891	-	2250	4702	5341	1164	618	668
MA_RS28395	NC_003552.1	1026922	1027569	-	648	1030	902	423	253	236
MA_RS04510	NC_003552.1	1028464	1029468	+	1005	5616	5653	2856	1590	1724
MA_RS04515	NC_003552.1	1029796	1030539	-	744	2345	2000	345	149	152
MA_RS04520	NC_003552.1	1030539	1031306	-	768	2224	2603	112	54	82
MA_RS04525	NC_003552.1	1031303	1032196	-	894	3140	2992	381	210	227
MA_RS04530	NC_003552.1	1032222	1034123	-	1902	5067	4599	535	348	273
MA_RS04535	NC_003552.1	1034157	1035734	-	1578	6968	7094	925	357	482
MA_RS04540	NC_003552.1	1035751	1039659	-	3909	31000	37661	1227	564	704
MA_RS04545	NC_003552.1	1039669	1041381	-	1713	7602	8077	488	258	221
MA_RS04550	NC_003552.1	1041386	1042909	-	1524	11339	12247	369	221	296
MA_RS04555	NC_003552.1	1042949	1043542	-	594	5766	6289	70	60	58
MA_RS04560	NC_003552.1	1043905	1045662	+	1758	5636	5734	1194	634	707
MA_RS04565	NC_003552.1	1045683	1047797	+	2115	7593	7942	784	505	557
MA_RS04570	NC_003552.1	1047778	1048803	-	1026	630	601	74	64	82
MA_RS04575	NC_003552.1	1048796	1049737	-	942	375	321	294	154	183
MA_RS04580	NC_003552.1	1049734	1050588	-	855	751	800	622	288	351
MA_RS04590	NC_003552.1	1051642	1051929	-	288	479	550	924	443	548
MA_RS04595	NC_003552.1	1051926	1055828	-	3903	11773	12431	10049	4972	6913
MA_RS04600	NC_003552.1	1055832	1057406	-	1575	3827	4006	1977	957	1044
MA_RS04605	NC_003552.1	1058343	1060475	+	2133	4087	3851	1132	841	700
MA_RS04610	NC_003552.1	1060666	1063473	+	2808	21805	21711	4818	2524	3291
MA_RS04615	NC_003552.1	1063818	1064105	+	288	288	376	0	10	8
MA_RS04620	NC_003552.1	1064522	1065445	+	924	54813	37766	1008	535	722
MA_RS04625	NC_003552.1	1065477	1066367	+	891	23385	15535	528	210	418
MA_RS04630	NC_003552.1	1066370	1067293	+	924	25909	15417	579	249	344
MA_RS04635	NC_003552.1	1067344	1068120	+	777	15440	10654	122	135	86
MA_RS04640	NC_003552.1	1068127	1068777	+	651	9766	5651	246	138	196
MA_RS04645	NC_003552.1	1069061	1070464	+	1404	2358	2259	1324	780	1008
MA_RS04650	NC_003552.1	1070496	1071044	-	549	5285	5367	280	171	217
MA_RS04655	NC_003552.1	1071041	1071829	-	789	3955	4746	557	257	343
MA_RS04660	NC_003552.1	1071831	1072160	-	330	2095	2112	24	13	19
MA_RS04665	NC_003552.1	1073041	1074518	+	1478	3556810	4403262	4388928	5825369	5185002
MA_RS04670	NC_003552.1	1074708	1077611	+	2904	1139465	1166126	8951678	7813905	7710745
MA_RS04675	NC_003552.1	1077685	1077807	+	123	12528	6463	1259	770	1235
MA_RS04680	NC_003552.1	1078142	1079521	-	1380	633	537	249	143	171
MA_RS04685	NC_003552.1	1080109	1080471	-	363	3827	3290	1952	1912	1827
MA_RS04690	NC_003552.1	1080559	1080876	-	318	2950	3981	275	405	250
MA_RS04695	NC_003552.1	1081168	1082313	-	1146	2944	2552	949	734	628
MA_RS04700	NC_003552.1	1082474	1084453	+	1980	3163	2424	1069	660	634
MA_RS25080	NC_003552.1	1084559	1085227	-	669	104	108	13	9	1
MA_RS27875	NC_003552.1	1085224	1085580	-	357	72	66	7	0	4
MA_RS29715	NC_003552.1	1085543	1085632	-	90	1	1	0	0	0
MA_RS04710	NC_003552.1	1085862	1086224	+	363	1603	842	41	33	43
MA_RS04715	NC_003552.1	1086700	1088622	+	1923	1696	1585	628	311	491
MA_RS04720	NC_003552.1	1088846	1089712	+	867	400	282	104	40	55
MA_RS28400	NC_003552.1	1089821	1089967	+	147	160	102	10	6	6
MA_RS04725	NC_003552.1	1090082	1090528	-	447	59	65	17	11	2
MA_RS04730	NC_003552.1	1090553	1090906	-	354	32	24	4	2	8
MA_RS25085	NC_003552.1	1091291	1091437	+	147	7565	2981	34	12	9
MA_RS04735	NC_003552.1	1091615	1092223	+	609	2771	2178	867	519	543
MA_RS04740	NC_003552.1	1092417	1093751	+	1335	2610	2091	1450	922	1081
MA_RS04745	NC_003552.1	1093839	1095143	-	1305	6624	6980	597	428	466
MA_RS04750	NC_003552.1	1095195	1095992	-	798	4369	5353	617	513	541
MA_RS04755	NC_003552.1	1096558	1098690	+	2133	6552	6877	2375	1513	1755
MA_RS29295	NC_003552.1	1098809	1098931	-	123	118	89	16	14	2
MA_RS04760	NC_003552.1	1098963	1099403	-	441	934	748	40	25	33
MA_RS04765	NC_003552.1	1099573	1100187	-	615	11886	12446	573	457	448
MA_RS04770	NC_003552.1	1100355	1100861	-	507	276	284	11	11	4
MA_RS04775	NC_003552.1	1101370	1102056	-	687	4054	7460	60	55	65
MA_RS04780	NC_003552.1	1102308	1102634	-	327	1035	854	124	179	110
MA_RS04785	NC_003552.1	1103181	1103558	+	378	11861	11216	192	190	126
MA_RS04790	NC_003552.1	1103632	1104123	+	492	12593	10625	6438	3459	4143
MA_RS04795	NC_003552.1	1104205	1105386	+	1182	13705	12987	4639	2825	3198
MA_RS04800	NC_003552.1	1105934	1106335	-	402	2432	2041	126	88	71
MA_RS04805	NC_003552.1	1106736	1107419	+	684	1655	1386	379	280	290
MA_RS28045	NC_003552.1	1107509	1107658	-	150	503	424	51	20	38
MA_RS04810	NC_003552.1	1107674	1107970	-	297	5	21	9	7	3
MA_RS04820	NC_003552.1	1109141	1109794	-	654	91	112	36	10	34
MA_RS04845	NC_003552.1	1113305	1113955	-	651	27	23	88	62	126
MA_RS04850	NC_003552.1	1113958	1114155	-	198	4	8	0	5	1
MA_RS04855	NC_003552.1	1114425	1114790	-	366	600	469	206	148	158
MA_RS04860	NC_003552.1	1114909	1115871	-	963	2251	2444	644	331	446
MA_RS04865	NC_003552.1	1115875	1116582	-	708	1225	1422	30	28	27
MA_RS04870	NC_003552.1	1116628	1117239	-	612	874	823	1111	554	745
MA_RS04875	NC_003552.1	1117224	1118060	-	837	1097	984	638	282	386
MA_RS04880	NC_003552.1	1118078	1118620	-	543	1336	977	467	290	286
MA_RS04890	NC_003552.1	1118909	1119868	-	960	1232	1092	2781	1178	1615
MA_RS04895	NC_003552.1	1119865	1121355	-	1491	2185	2245	5278	3343	3853
MA_RS04900	NC_003552.1	1121827	1123068	+	1242	2775	2171	449	331	328
MA_RS04905	NC_003552.1	1123186	1124670	-	1485	460	349	87	67	51
MA_RS28405	NC_003552.1	1125282	1125467	-	186	72	77	21	15	20
MA_RS28410	NC_003552.1	1125466	1125768	+	303	83	116	27	7	13
MA_RS04920	NC_003552.1	1125765	1126397	+	633	25	10	33	28	19
MA_RS04925	NC_003552.1	1126372	1127007	+	636	48	38	12	2	3
MA_RS04930	NC_003552.1	1127122	1128429	+	1308	150	158	34	16	8
MA_RS04935	NC_003552.1	1128668	1129126	+	459	22126	15429	2637	2405	2195
MA_RS04940	NC_003552.1	1129290	1130084	-	795	25812	28452	1940	1068	1523
MA_RS04945	NC_003552.1	1130081	1131151	-	1071	38382	40379	4977	2279	3079
MA_RS04950	NC_003552.1	1131170	1132378	-	1209	59542	67013	8403	5268	6068
MA_RS04955	NC_003552.1	1132843	1133958	-	1116	186	135	45	59	34
MA_RS04960	NC_003552.1	1134014	1135282	-	1269	288	350	54	81	72
MA_RS26555	NC_003552.1	1136335	1136478	+	144	338	343	214	254	151
MA_RS04965	NC_003552.1	1136515	1137348	-	834	1121	1069	149	88	123
MA_RS04970	NC_003552.1	1137547	1137918	-	372	530	462	24	11	20
MA_RS25090	NC_003552.1	1138411	1142001	-	3591	11486	12487	1349	975	932
MA_RS04980	NC_003552.1	1142634	1143449	+	816	3514	3164	959	446	567
MA_RS04985	NC_003552.1	1143764	1144678	+	915	4207	3735	716	447	562
MA_RS24380	NC_003552.1	1145129	1146589	-	1461	2087	2396	791	425	656
MA_RS04995	NC_003552.1	1147403	1148272	+	870	1846	1268	568	315	392
MA_RS05000	NC_003552.1	1148407	1149639	-	1233	1790	2032	312	285	244
MA_RS05005	NC_003552.1	1149985	1150728	-	744	1772	1405	67	51	36
MA_RS05015	NC_003552.1	1151312	1151746	+	435	3947	3713	73	57	66
MA_RS05020	NC_003552.1	1152290	1152682	+	393	675	439	14	10	11
MA_RS28415	NC_003552.1	1153621	1153779	-	159	44	37	1	2	0
MA_RS25095	NC_003552.1	1153854	1154141	-	288	344	252	1	2	4
MA_RS05040	NC_003552.1	1154663	1155616	+	954	2753	2780	398	243	279
MA_RS05045	NC_003552.1	1155621	1156286	+	666	3262	3843	397	261	360
MA_RS24390	NC_003552.1	1157351	1159786	+	2436	4356	4726	517	225	335
MA_RS05055	NC_003552.1	1160210	1160659	-	450	959	713	76	94	62
MA_RS05060	NC_003552.1	1160915	1163110	+	2196	20095	26200	13860	6057	9475
MA_RS05065	NC_003552.1	1163135	1163320	+	186	295	212	63	49	55
MA_RS05070	NC_003552.1	1163445	1164731	+	1287	186	104	53	53	40
MA_RS05075	NC_003552.1	1165169	1165495	+	327	2	2	0	2	0
MA_RS05080	NC_003552.1	1165686	1167062	+	1377	334	414	354	235	340
MA_RS05085	NC_003552.1	1167069	1167548	+	480	37	71	123	46	72
MA_RS05090	NC_003552.1	1167535	1168341	+	807	399	466	151	91	112
MA_RS05095	NC_003552.1	1168352	1169227	+	876	646	649	77	70	113
MA_RS05100	NC_003552.1	1169485	1170885	-	1401	1499	991	232	210	171
MA_RS05105	NC_003552.1	1170887	1172284	-	1398	1015	584	165	115	84
MA_RS05110	NC_003552.1	1172801	1172995	+	195	191	107	1	0	2
MA_RS05115	NC_003552.1	1172985	1173254	+	270	429	332	21	39	7
MA_RS05120	NC_003552.1	1173682	1173885	+	204	87	52	3	3	0
MA_RS05125	NC_003552.1	1173882	1174226	+	345	489	403	32	34	45
MA_RS05130	NC_003552.1	1174406	1174621	-	216	392	160	4	9	6
MA_RS05140	NC_003552.1	1175397	1176548	+	1152	112	87	23	31	17
MA_RS29625	NC_003552.1	1177303	1177491	-	189	885	539	8	12	11
MA_RS05145	NC_003552.1	1178389	1179108	+	720	936	891	16	22	10
MA_RS27880	NC_003552.1	1179199	1179429	-	231	89	69	9	2	9
MA_RS28420	NC_003552.1	1179481	1179624	-	144	59	22	1	5	7
MA_RS05155	NC_003552.1	1179874	1180614	+	741	150	62	8	0	14
MA_RS05160	NC_003552.1	1180735	1181283	-	549	193	110	28	16	6
MA_RS05165	NC_003552.1	1181616	1182470	+	855	457	356	85	56	45
MA_RS05170	NC_003552.1	1182614	1183333	-	720	197	144	17	6	12
MA_RS05175	NC_003552.1	1183746	1184234	-	489	66	41	14	28	29
MA_RS28425	NC_003552.1	1184348	1184641	-	294	651	416	30	42	14
MA_RS28430	NC_003552.1	1184610	1184843	-	234	31	26	2	0	0
MA_RS05185	NC_003552.1	1184875	1185696	-	822	222	351	130	93	108
MA_RS05190	NC_003552.1	1186239	1186691	-	453	690	789	42	30	41
MA_RS05195	NC_003552.1	1187129	1187881	+	753	473	308	33	23	23
MA_RS05200	NC_003552.1	1188064	1188804	+	741	228	195	33	14	6
MA_RS28435	NC_003552.1	1189519	1190037	+	519	357	357	200	108	129
MA_RS05210	NC_003552.1	1190771	1191658	+	888	533	502	44	33	16
MA_RS24395	NC_003552.1	1191973	1192548	+	576	378	332	16	8	12
MA_RS05225	NC_003552.1	1193195	1194679	-	1485	849	1014	100	52	100
MA_RS05230	NC_003552.1	1194714	1195106	-	393	158	178	33	26	9
MA_RS05240	NC_003552.1	1195554	1196654	-	1101	1326	1565	210	122	135
MA_RS05250	NC_003552.1	1197325	1198131	-	807	402	326	29	51	42
MA_RS05255	NC_003552.1	1199625	1200038	+	414	211	477	35	24	20
MA_RS05260	NC_003552.1	1200259	1201575	+	1317	1131	2878	630	318	355
MA_RS05265	NC_003552.1	1201578	1202621	+	1044	643	1236	281	172	133
MA_RS05270	NC_003552.1	1202909	1204156	+	1248	604	644	263	195	202
MA_RS05275	NC_003552.1	1204352	1205464	-	1113	867	799	110	83	98
MA_RS05285	NC_003552.1	1206107	1207513	-	1407	195182	208459	1484	924	1128
MA_RS05290	NC_003552.1	1207517	1208827	-	1311	120044	140703	591	320	404
MA_RS05295	NC_003552.1	1209064	1209825	-	762	38031	45436	1002	604	695
MA_RS05300	NC_003552.1	1209881	1211290	-	1410	173258	184880	1165	564	790
MA_RS05305	NC_003552.1	1211315	1211827	-	513	56537	64719	607	258	346
MA_RS05310	NC_003552.1	1211830	1214250	-	2421	500113	644131	3710	1345	2169
MA_RS29720	NC_003552.1	1217171	1217683	+	513	3888	3284	75	82	38
MA_RS05325	NC_003552.1	1217952	1218959	-	1008	1756	1553	336	234	270
MA_RS05330	NC_003552.1	1219252	1220592	-	1341	304	223	34	58	52
MA_RS05335	NC_003552.1	1221136	1222293	-	1158	3223	3851	241	133	237
MA_RS05340	NC_003552.1	1222800	1223591	+	792	3088	2564	22	43	12
MA_RS05345	NC_003552.1	1223996	1225798	+	1803	5004	5505	1079	529	624
MA_RS05350	NC_003552.1	1225795	1226397	+	603	2237	2331	644	420	440
MA_RS05360	NC_003552.1	1228492	1228737	+	246	1878	1746	159	162	130
MA_RS05365	NC_003552.1	1228753	1230231	+	1479	4216	4680	626	387	476
MA_RS05370	NC_003552.1	1230212	1231228	+	1017	1873	2296	328	212	203
MA_RS05375	NC_003552.1	1231307	1232299	+	993	2669	3134	160	104	114
MA_RS05380	NC_003552.1	1232572	1233705	+	1134	5533	5407	1013	659	767
MA_RS05385	NC_003552.1	1233847	1234371	+	525	1885	1460	101	98	92
MA_RS05390	NC_003552.1	1234712	1235254	-	543	3946	2513	723	788	574
MA_RS05395	NC_003552.1	1235803	1236717	+	915	279	301	6	8	2
MA_RS05410	NC_003552.1	1238301	1239587	+	1287	123	53	16	22	20
MA_RS25120	NC_003552.1	1240110	1241205	+	1096	267	218	20	16	10
MA_RS05430	NC_003552.1	1241710	1243245	-	1536	1716	1430	74	73	36
MA_RS05435	NC_003552.1	1244822	1246078	+	1257	197	158	27	14	6
MA_RS29730	NC_003552.1	1246528	1246887	+	360	71	72	4	11	14
MA_RS05440	NC_003552.1	1246905	1248389	-	1485	366	211	50	47	38
MA_RS29735	NC_003552.1	1248532	1248780	+	249	93	48	3	17	4
MA_RS05470	NC_003552.1	1252113	1252886	-	774	110	135	5	20	13
MA_RS05485	NC_003552.1	1255168	1256727	+	1560	2908	1346	128	178	108
MA_RS05490	NC_003552.1	1256865	1259009	+	2145	1040	405	58	90	29
MA_RS05495	NC_003552.1	1259356	1260984	-	1629	724	617	172	123	109
MA_RS05505	NC_003552.1	1261729	1262973	+	1245	710	399	12	23	12
MA_RS05520	NC_003552.1	1264681	1267617	-	2937	1477	1536	179	115	129
MA_RS05525	NC_003552.1	1268370	1269998	-	1629	1454	900	159	138	97
MA_RS05530	NC_003552.1	1270407	1271657	-	1251	2449	1450	122	90	41
MA_RS05535	NC_003552.1	1271663	1272832	-	1170	1160	1037	200	151	158
MA_RS05540	NC_003552.1	1272835	1274172	-	1338	2359	1847	175	169	129
MA_RS05545	NC_003552.1	1274200	1275240	-	1041	1931	1627	144	77	85
MA_RS05550	NC_003552.1	1275297	1275986	-	690	1094	913	126	121	88
MA_RS05555	NC_003552.1	1275983	1276759	-	777	2892	2652	138	101	90
MA_RS28160	NC_003552.1	1276872	1278596	-	1725	12612	12313	1228	926	870
MA_RS05570	NC_003552.1	1278700	1280232	-	1533	10705	10521	814	759	714
MA_RS05575	NC_003552.1	1281584	1282216	+	633	1049	840	94	99	105
MA_RS05580	NC_003552.1	1282774	1283295	-	522	250	207	8	0	0
MA_RS28060	NC_003552.1	1284550	1284705	+	156	18	10	0	0	0
MA_RS05585	NC_003552.1	1284710	1285003	+	294	176	127	4	4	6
MA_RS05595	NC_003552.1	1285985	1286998	+	1014	20908	20075	6120	2378	3754
MA_RS05600	NC_003552.1	1287005	1287766	+	762	12401	12501	4062	1927	2507
MA_RS05605	NC_003552.1	1287763	1288011	+	249	999	726	367	177	221
MA_RS05610	NC_003552.1	1288022	1288738	+	717	11895	11608	9903	3569	5743
MA_RS05615	NC_003552.1	1288754	1289164	+	411	3293	2972	1575	655	917
MA_RS05620	NC_003552.1	1289176	1289631	+	456	5069	3968	1577	707	933
MA_RS05625	NC_003552.1	1289632	1290588	+	957	15284	13840	5100	1987	3004
MA_RS05630	NC_003552.1	1290588	1290791	+	204	420	283	413	166	261
MA_RS05635	NC_003552.1	1290781	1291113	+	333	1105	971	8707	4939	5554
MA_RS05640	NC_003552.1	1291118	1291447	+	330	1917	1334	776	319	630
MA_RS05645	NC_003552.1	1291444	1291842	+	399	3294	3399	810	310	467
MA_RS05650	NC_003552.1	1291853	1292203	+	351	2596	2687	1148	976	1039
MA_RS05655	NC_003552.1	1292217	1292924	+	708	11045	10380	7186	1834	3662
MA_RS05660	NC_003552.1	1292929	1293426	+	498	5651	5238	2723	875	1528
MA_RS05665	NC_003552.1	1293427	1293579	+	153	163	106	13	8	13
MA_RS05670	NC_003552.1	1293590	1293982	+	393	3158	2431	4142	2226	2866
MA_RS05675	NC_003552.1	1293997	1294527	+	531	5748	5156	883	450	578
MA_RS05680	NC_003552.1	1294539	1295015	+	477	3849	3067	1339	440	723
MA_RS05685	NC_003552.1	1295017	1295472	+	456	4551	4623	1693	1045	1268
MA_RS05690	NC_003552.1	1295489	1296013	+	525	9033	9367	5975	2864	3620
MA_RS05695	NC_003552.1	1296023	1296652	+	630	12487	16935	8729	4460	6411
MA_RS05700	NC_003552.1	1296654	1297115	+	462	7475	9900	2067	1750	1700
MA_RS05705	NC_003552.1	1297126	1297548	+	423	6097	5730	1725	773	1194
MA_RS05710	NC_003552.1	1297691	1299166	+	1476	23560	24509	8896	4295	5784
MA_RS05715	NC_003552.1	1299259	1299906	+	648	11510	12572	1713	1343	1401
MA_RS05720	NC_003552.1	1300099	1300377	+	279	6951	3187	14	19	10
MA_RS05725	NC_003552.1	1300425	1300970	-	546	533	562	55	42	45
MA_RS05730	NC_003552.1	1302289	1303281	-	993	360	293	9	7	4
MA_RS05735	NC_003552.1	1303855	1304091	-	237	144	128	12	7	12
MA_RS05740	NC_003552.1	1304760	1305659	+	900	1060	1280	70	28	38
MA_RS05745	NC_003552.1	1306088	1306708	+	621	6641	5524	723	515	501
MA_RS05750	NC_003552.1	1306708	1307250	+	543	3696	4186	393	261	262
MA_RS05755	NC_003552.1	1307563	1308579	+	1017	2773	2681	407	304	319
MA_RS05760	NC_003552.1	1308692	1308774	+	83	81	36	6	0	4
MA_RS05765	NC_003552.1	1309343	1310050	+	708	621	515	121	84	70
MA_RS05770	NC_003552.1	1310037	1311611	+	1575	2558	2166	349	218	220
MA_RS05775	NC_003552.1	1312030	1312518	+	489	14956	12550	2756	1589	2387
MA_RS05780	NC_003552.1	1312542	1313198	+	657	9333	8774	5660	3954	4073
MA_RS05785	NC_003552.1	1313201	1313581	+	381	5506	5149	1315	913	979
MA_RS05800	NC_003552.1	1316554	1318083	-	1530	312	257	35	48	38
MA_RS26585	NC_003552.1	1318782	1318958	-	177	62	30	0	0	1
MA_RS05810	NC_003552.1	1318948	1319865	-	918	313	403	0	12	2
MA_RS05815	NC_003552.1	1320020	1320107	+	88	143	57	8	2	4
MA_RS05820	NC_003552.1	1320214	1320298	+	85	63	45	5	3	0
MA_RS05825	NC_003552.1	1320776	1321651	+	876	449	328	81	50	49
MA_RS05830	NC_003552.1	1321908	1323128	-	1221	448	395	36	45	45
MA_RS05835	NC_003552.1	1323164	1324597	-	1434	533	483	46	38	65
MA_RS05840	NC_003552.1	1324607	1325545	-	939	238	224	75	15	46
MA_RS05845	NC_003552.1	1325718	1327145	-	1428	265	235	82	40	72
MA_RS05850	NC_003552.1	1327168	1327623	-	456	101	59	8	2	4
MA_RS05855	NC_003552.1	1328311	1329009	+	699	675	641	37	46	54
MA_RS26590	NC_003552.1	1329593	1330006	+	414	1480	902	24	30	16
MA_RS05860	NC_003552.1	1330048	1330965	-	918	245	248	2	8	0
MA_RS24400	NC_003552.1	1331057	1333651	+	2595	2242	1721	204	187	70
MA_RS05870	NC_003552.1	1333817	1334644	-	828	4699	4569	231	223	138
MA_RS05875	NC_003552.1	1334669	1335895	-	1227	9968	8304	640	402	385
MA_RS05880	NC_003552.1	1336197	1337615	-	1419	2516	2117	285	205	198
MA_RS05885	NC_003552.1	1337783	1339096	+	1314	12511	13032	3326	2067	2078
MA_RS05890	NC_003552.1	1339430	1340500	+	1071	7014	6085	1820	835	1032
MA_RS05895	NC_003552.1	1340505	1341311	+	807	4254	3451	417	371	389
MA_RS05900	NC_003552.1	1341560	1342183	-	624	622	576	8	4	6
MA_RS05905	NC_003552.1	1342271	1342816	-	546	551	704	28	5	20
MA_RS05910	NC_003552.1	1342974	1343171	-	198	3703	2284	4	12	4
MA_RS05915	NC_003552.1	1343665	1344711	-	1047	1519	1832	387	250	275
MA_RS05920	NC_003552.1	1344761	1345432	-	672	1330	1407	183	104	77
MA_RS05925	NC_003552.1	1345653	1346054	-	402	252	237	30	34	25
MA_RS05930	NC_003552.1	1346047	1347132	-	1086	1455	1614	579	272	389
MA_RS05935	NC_003552.1	1347167	1347445	-	279	621	615	47	41	41
MA_RS05945	NC_003552.1	1348886	1350037	+	1152	4931	4234	4272	2223	2568
MA_RS05950	NC_003552.1	1350045	1351832	+	1788	6641	6964	6639	2818	3855
MA_RS05955	NC_003552.1	1351847	1352659	+	813	2055	2047	2316	985	1506
MA_RS05960	NC_003552.1	1352797	1353282	+	486	795	799	331	243	289
MA_RS05965	NC_003552.1	1353733	1354695	-	963	1314	1125	357	217	240
MA_RS05970	NC_003552.1	1355292	1356455	+	1164	2699	2671	372	188	225
MA_RS05975	NC_003552.1	1356455	1358245	+	1791	5590	4931	474	180	272
MA_RS05980	NC_003552.1	1358257	1359021	+	765	1201	921	243	128	120
MA_RS05985	NC_003552.1	1359685	1362234	-	2550	712	739	74	78	42
MA_RS05990	NC_003552.1	1362462	1362992	+	531	557	314	167	114	136
MA_RS05995	NC_003552.1	1363025	1363771	-	747	1279	1047	83	40	68
MA_RS06000	NC_003552.1	1364136	1365224	+	1089	4547	4258	289	201	285
MA_RS06005	NC_003552.1	1365301	1366608	+	1308	2946	2571	1188	520	865
MA_RS06015	NC_003552.1	1366947	1371092	+	4146	580	495	63	40	34
MA_RS06020	NC_003552.1	1371111	1371716	+	606	404	424	64	30	60
MA_RS06025	NC_003552.1	1371890	1372438	-	549	3229	3031	432	235	346
MA_RS06030	NC_003552.1	1372749	1373261	-	513	102	64	18	44	33
MA_RS06035	NC_003552.1	1373348	1373623	-	276	24	17	15	0	11
MA_RS29740	NC_003552.1	1373797	1373919	-	123	80	65	14	11	9
MA_RS06045	NC_003552.1	1374361	1375692	-	1332	495	341	81	69	40
MA_RS06050	NC_003552.1	1375689	1376558	-	870	580	404	83	40	57
MA_RS06055	NC_003552.1	1377048	1378892	+	1845	8193	8421	1019	596	581
MA_RS06060	NC_003552.1	1378889	1382113	+	3225	6263	7755	556	384	415
MA_RS06065	NC_003552.1	1382153	1382947	-	795	3172	3025	317	160	231
MA_RS06070	NC_003552.1	1383532	1384272	-	741	4324	4890	379	232	230
MA_RS06075	NC_003552.1	1384334	1385185	-	852	4409	4165	519	351	327
MA_RS06080	NC_003552.1	1385282	1385749	-	468	970	1182	68	40	35
MA_RS06085	NC_003552.1	1385993	1386178	-	186	118	81	26	12	3
MA_RS06090	NC_003552.1	1386481	1387983	-	1503	2720	3409	288	137	176
MA_RS06095	NC_003552.1	1388704	1390170	+	1467	9433	9558	1056	606	754
MA_RS06100	NC_003552.1	1390404	1392905	-	2502	17178	16902	3623	1696	2265
MA_RS06105	NC_003552.1	1393005	1394033	-	1029	7108	7133	2431	1503	1419
MA_RS06110	NC_003552.1	1394060	1395082	-	1023	7010	6084	999	652	632
MA_RS06115	NC_003552.1	1395472	1396542	+	1071	1645	1477	962	947	717
MA_RS06120	NC_003552.1	1396529	1397311	+	783	491	248	118	74	37
MA_RS06125	NC_003552.1	1397311	1398540	+	1230	1118	834	188	117	149
MA_RS24405	NC_003552.1	1398528	1399958	+	1431	946	602	169	149	120
MA_RS06135	NC_003552.1	1399970	1402393	+	2424	1289	894	335	201	207
MA_RS06140	NC_003552.1	1402390	1403556	+	1167	947	705	337	297	262
MA_RS06145	NC_003552.1	1404112	1406301	-	2190	2742	1751	174	142	93
MA_RS06150	NC_003552.1	1407605	1408567	+	963	677	294	86	90	40
MA_RS06155	NC_003552.1	1408730	1409869	-	1140	404	247	116	76	76
MA_RS06160	NC_003552.1	1409866	1410810	-	945	799	706	175	102	67
MA_RS06165	NC_003552.1	1410786	1411736	-	951	1350	1269	295	227	241
MA_RS06170	NC_003552.1	1412255	1413418	-	1164	969	794	127	95	62
MA_RS06175	NC_003552.1	1413428	1414573	-	1146	5283	4683	819	469	479
MA_RS06185	NC_003552.1	1414961	1415590	+	630	5286	6017	243	206	204
MA_RS06190	NC_003552.1	1416845	1418872	+	2028	5274	4699	609	428	423
MA_RS06195	NC_003552.1	1418911	1419348	-	438	1161	1006	39	26	34
MA_RS06200	NC_003552.1	1419326	1420585	-	1260	3010	3490	318	107	175
MA_RS06205	NC_003552.1	1421117	1422058	+	942	1184	1292	227	107	158
MA_RS06210	NC_003552.1	1422102	1423394	+	1293	2273	2306	293	141	193
MA_RS06215	NC_003552.1	1423653	1425149	-	1497	1969	2272	194	146	111
MA_RS06220	NC_003552.1	1425479	1426981	+	1503	4588	5312	1025	754	895
MA_RS06225	NC_003552.1	1427236	1428312	-	1077	280	228	38	8	20
MA_RS06230	NC_003552.1	1428396	1429178	-	783	48	28	26	18	10
MA_RS06235	NC_003552.1	1429169	1430212	-	1044	201	163	37	29	30
MA_RS06245	NC_003552.1	1430387	1431478	-	1092	335	279	138	84	100
MA_RS28465	NC_003552.1	1432029	1432214	+	186	7	1	0	0	0
MA_RS28470	NC_003552.1	1432204	1432437	+	234	70	27	0	1	2
MA_RS06255	NC_003552.1	1432872	1433246	-	375	64	33	3	4	4
MA_RS06260	NC_003552.1	1434095	1434484	-	390	67	61	20	8	11
MA_RS06265	NC_003552.1	1434837	1436630	-	1794	469	490	96	49	67
MA_RS06270	NC_003552.1	1437519	1438346	+	828	57	45	6	6	8
MA_RS06275	NC_003552.1	1438658	1439191	+	534	148	157	35	18	22
MA_RS06280	NC_003552.1	1439308	1439997	-	690	161	81	34	23	20
MA_RS06285	NC_003552.1	1440403	1441791	-	1389	4474	2837	938	846	753
MA_RS06290	NC_003552.1	1441807	1442157	-	351	89	96	3	4	10
MA_RS06295	NC_003552.1	1442180	1443742	-	1563	479	470	376	192	260
MA_RS06300	NC_003552.1	1443776	1444156	-	381	20	30	8	2	9
MA_RS06305	NC_003552.1	1444170	1444487	-	318	10	6	2	0	2
MA_RS06310	NC_003552.1	1446358	1447185	+	828	29	15	2	0	10
MA_RS06315	NC_003552.1	1447205	1447522	+	318	5	2	0	0	0
MA_RS06320	NC_003552.1	1447569	1447940	+	372	3	2	1	0	0
MA_RS06325	NC_003552.1	1447960	1449402	+	1443	463	369	82	44	32
MA_RS06330	NC_003552.1	1449399	1449737	+	339	21	36	2	0	8
MA_RS06335	NC_003552.1	1449778	1451163	+	1386	189	201	46	26	33
MA_RS06340	NC_003552.1	1451365	1452894	+	1530	190	211	102	100	83
MA_RS06345	NC_003552.1	1452879	1454219	+	1341	152	160	44	25	20
MA_RS06350	NC_003552.1	1454243	1454800	+	558	214	85	47	22	14
MA_RS06355	NC_003552.1	1455058	1456155	+	1098	128	137	32	27	18
MA_RS06360	NC_003552.1	1456238	1456732	+	495	249	188	69	73	34
MA_RS06365	NC_003552.1	1456810	1457748	-	939	543	483	140	95	161
MA_RS06370	NC_003552.1	1457848	1458717	-	870	369	270	86	52	76
MA_RS06375	NC_003552.1	1458710	1459840	-	1131	151	133	69	54	14
MA_RS06380	NC_003552.1	1459894	1460904	-	1011	165	135	44	32	26
MA_RS06385	NC_003552.1	1460907	1461599	-	693	78	86	24	20	18
MA_RS06390	NC_003552.1	1461638	1462519	-	882	156	162	91	42	44
MA_RS06395	NC_003552.1	1462770	1463861	-	1092	144	126	48	50	40
MA_RS06400	NC_003552.1	1463969	1465054	-	1086	124	75	35	5	15
MA_RS06405	NC_003552.1	1465159	1466250	-	1092	145	103	16	10	15
MA_RS06410	NC_003552.1	1466328	1467116	-	789	84	54	10	14	6
MA_RS06415	NC_003552.1	1467107	1468138	-	1032	62	60	2	2	0
MA_RS29305	NC_003552.1	1468788	1468916	+	129	20	19	0	0	2
MA_RS06420	NC_003552.1	1469352	1470485	-	1134	889	743	73	85	72
MA_RS06425	NC_003552.1	1470482	1471159	-	678	976	841	201	140	123
MA_RS06430	NC_003552.1	1471288	1472118	-	831	1736	1906	157	72	83
MA_RS06435	NC_003552.1	1472605	1472814	-	210	2074	1310	67	55	29
MA_RS06440	NC_003552.1	1473105	1473314	-	210	309	221	108	63	43
MA_RS29310	NC_003552.1	1473590	1473712	+	123	163	127	2	2	5
MA_RS06445	NC_003552.1	1473916	1475241	+	1326	634	601	119	69	53
MA_RS28115	NC_003552.1	1475412	1476947	-	1536	61	14	6	2	0
MA_RS06455	NC_003552.1	1477774	1482366	+	4593	2522	1390	198	255	148
MA_RS06460	NC_003552.1	1482584	1483501	-	918	522	403	98	46	69
MA_RS06465	NC_003552.1	1483494	1484432	-	939	130	127	137	62	80
MA_RS06470	NC_003552.1	1484434	1485273	-	840	290	208	166	91	104
MA_RS06475	NC_003552.1	1485257	1486207	-	951	468	379	625	156	308
MA_RS06480	NC_003552.1	1486239	1486931	-	693	321	277	654	659	491
MA_RS06485	NC_003552.1	1486943	1488505	-	1563	1593	1690	561	326	328
MA_RS06490	NC_003552.1	1488722	1490296	-	1575	4061	4031	1697	977	1130
MA_RS06495	NC_003552.1	1491186	1492046	+	861	4046	2786	363	238	278
MA_RS06500	NC_003552.1	1492897	1493604	+	708	392	236	7	12	25
MA_RS06505	NC_003552.1	1494282	1494488	+	207	61	67	2	0	2
MA_RS26610	NC_003552.1	1494607	1494750	+	144	55	33	0	2	2
MA_RS26615	NC_003552.1	1494775	1494921	+	147	28	11	7	2	0
MA_RS06510	NC_003552.1	1495601	1495909	-	309	7280	3995	2554	883	1487
MA_RS06515	NC_003552.1	1495948	1497216	-	1269	60509	66532	13060	7355	9244
MA_RS06520	NC_003552.1	1497544	1499736	-	2193	54873	53003	16449	9389	12227
MA_RS06525	NC_003552.1	1499809	1500378	-	570	14584	14095	2313	1147	1683
MA_RS06530	NC_003552.1	1500375	1500803	-	429	5840	5178	1257	773	885
MA_RS06535	NC_003552.1	1500907	1501332	-	426	5169	4695	833	569	614
MA_RS06540	NC_003552.1	1501353	1501643	-	291	5985	5021	772	415	495
MA_RS06545	NC_003552.1	1501905	1503107	-	1203	7797	8080	1007	513	725
MA_RS06550	NC_003552.1	1503104	1505746	-	2643	27039	28483	11116	5459	7313
MA_RS06555	NC_003552.1	1505761	1507575	-	1815	17788	17241	5470	2519	3352
MA_RS06560	NC_003552.1	1507589	1509184	-	1596	8880	8110	6210	3037	3903
MA_RS06565	NC_003552.1	1509398	1509634	-	237	1818	1306	58	27	31
MA_RS06570	NC_003552.1	1509721	1509797	-	77	5256	1881	48	36	35
MA_RS06580	NC_003552.1	1510392	1512242	-	1851	2270	1737	268	152	97
MA_RS06585	NC_003552.1	1512274	1512720	-	447	167	153	73	54	57
MA_RS06590	NC_003552.1	1512779	1513219	-	441	328	298	31	20	9
MA_RS06595	NC_003552.1	1513317	1517687	-	4371	5823	5863	569	349	350
MA_RS06600	NC_003552.1	1519002	1520234	+	1233	1248	1032	396	261	263
MA_RS06605	NC_003552.1	1520231	1520926	+	696	273	226	136	90	70
MA_RS06610	NC_003552.1	1520928	1521941	+	1014	765	562	103	38	73
MA_RS06615	NC_003552.1	1522072	1526139	-	4068	5000	5160	513	300	280
MA_RS06620	NC_003552.1	1526588	1527823	-	1236	4859	3884	754	661	632
MA_RS06625	NC_003552.1	1528211	1529509	-	1299	5879	7089	448	316	282
MA_RS06630	NC_003552.1	1530030	1530674	-	645	911	922	127	70	63
MA_RS06635	NC_003552.1	1530677	1531438	-	762	1172	1493	212	94	135
MA_RS06640	NC_003552.1	1531674	1532600	-	927	1896	1819	326	180	254
MA_RS06645	NC_003552.1	1532750	1534015	-	1266	5781	6001	279	149	200
MA_RS06650	NC_003552.1	1534612	1535655	+	1044	2057	1773	309	224	220
MA_RS06655	NC_003552.1	1535855	1536571	-	717	253	163	34	16	8
MA_RS06660	NC_003552.1	1536969	1537439	+	471	244	189	16	18	8
MA_RS06665	NC_003552.1	1538199	1539218	+	1020	1460	1072	482	299	242
MA_RS06670	NC_003552.1	1539406	1539702	+	297	280	206	27	27	18
MA_RS06675	NC_003552.1	1540190	1541863	+	1674	912	559	223	143	153
MA_RS06680	NC_003552.1	1541867	1542160	-	294	124	52	6	1	1
MA_RS06685	NC_003552.1	1542668	1543486	+	819	632	438	108	108	85
MA_RS06690	NC_003552.1	1543709	1544356	+	648	6070	5198	169	87	139
MA_RS06695	NC_003552.1	1544708	1546369	+	1662	692	477	85	73	42
MA_RS06700	NC_003552.1	1546595	1547242	+	648	1688	1632	167	121	104
MA_RS28475	NC_003552.1	1547653	1550526	+	2874	3049	2610	551	379	349
MA_RS06710	NC_003552.1	1550911	1552977	+	2067	420	321	60	45	28
MA_RS28480	NC_003552.1	1552974	1553183	+	210	65	37	4	4	0
MA_RS06720	NC_003552.1	1553631	1553927	+	297	945	560	41	55	41
MA_RS06725	NC_003552.1	1553924	1554274	+	351	367	320	37	40	28
MA_RS29745	NC_003552.1	1554258	1554431	-	174	1	0	0	0	1
MA_RS29315	NC_003552.1	1554394	1554636	-	243	67	68	64	35	46
MA_RS06735	NC_003552.1	1554701	1556638	-	1938	325	352	47	27	22
MA_RS06740	NC_003552.1	1556659	1559493	-	2835	848	866	87	47	71
MA_RS26640	NC_003552.1	1560795	1561019	-	225	1669	1553	114	39	86
MA_RS06750	NC_003552.1	1561216	1562556	-	1341	10609	9170	826	625	616
MA_RS06755	NC_003552.1	1562845	1563189	-	345	1558	1321	27	35	10
MA_RS06760	NC_003552.1	1563240	1563626	+	387	57	49	1	0	1
MA_RS06765	NC_003552.1	1564027	1564323	+	297	64	41	8	10	2
MA_RS29750	NC_003552.1	1564461	1564898	-	438	104	101	10	8	4
MA_RS28490	NC_003552.1	1564844	1565479	-	636	683	622	46	29	19
MA_RS06775	NC_003552.1	1565627	1566811	-	1185	3849	3657	1118	336	555
MA_RS06780	NC_003552.1	1566985	1567677	+	693	899	847	163	120	130
MA_RS06785	NC_003552.1	1567838	1569739	-	1902	2555	3146	303	191	247
MA_RS06790	NC_003552.1	1570206	1571996	-	1791	1986	1563	463	314	326
MA_RS06795	NC_003552.1	1572857	1574119	+	1263	782	769	424	241	243
MA_RS06800	NC_003552.1	1574242	1575501	+	1260	3537	3083	710	465	586
MA_RS25165	NC_003552.1	1575589	1576271	-	683	190	150	13	14	20
MA_RS06815	NC_003552.1	1577215	1578873	-	1659	9000	10274	5994	2790	4184
MA_RS28075	NC_003552.1	1578990	1579148	-	159	174	207	182	181	207
MA_RS06820	NC_003552.1	1579288	1579488	-	201	79	51	6	6	5
MA_RS06825	NC_003552.1	1579636	1580910	-	1275	9792	10009	1135	523	601
MA_RS06830	NC_003552.1	1581178	1582653	-	1476	5456	5686	1195	539	772
MA_RS06835	NC_003552.1	1583090	1583689	+	600	414	309	26	18	24
MA_RS06840	NC_003552.1	1583735	1584163	+	429	337	244	22	28	31
MA_RS06845	NC_003552.1	1584523	1585299	-	777	787	796	53	28	36
MA_RS06850	NC_003552.1	1585806	1590092	-	4287	3542	3381	348	283	263
MA_RS06865	NC_003552.1	1590819	1591013	+	195	39	20	3	6	5
MA_RS06870	NC_003552.1	1591408	1592343	-	936	611	537	173	100	107
MA_RS06875	NC_003552.1	1592549	1594204	+	1656	7875	5072	519	416	302
MA_RS06880	NC_003552.1	1594327	1594566	+	240	22	11	67	48	42
MA_RS06885	NC_003552.1	1594806	1595054	+	249	16	12	0	7	0
MA_RS06890	NC_003552.1	1595636	1596931	+	1296	749	510	68	33	50
MA_RS06895	NC_003552.1	1597310	1597555	-	246	41	20	2	0	0
MA_RS25175	NC_003552.1	1597712	1597981	+	270	92	46	0	13	0
MA_RS06905	NC_003552.1	1598187	1598918	-	732	287	178	34	22	4
MA_RS24415	NC_003552.1	1599389	1600294	+	906	116	124	14	20	17
MA_RS06915	NC_003552.1	1600296	1600613	+	318	7	7	3	1	0
MA_RS29320	NC_003552.1	1600620	1600751	+	132	3	5	0	0	0
MA_RS25180	NC_003552.1	1600834	1600983	+	150	10	4	0	2	0
MA_RS26655	NC_003552.1	1600995	1601150	+	156	13	8	0	0	0
MA_RS06920	NC_003552.1	1601147	1602106	+	960	217	136	61	41	16
MA_RS06925	NC_003552.1	1602118	1602348	+	231	199	134	4	12	6
MA_RS25185	NC_003552.1	1602564	1602869	+	306	121	44	0	0	2
MA_RS25190	NC_003552.1	1602931	1603122	+	192	721	462	140	162	126
MA_RS06940	NC_003552.1	1603305	1603502	+	198	1238	1170	517	307	361
MA_RS06945	NC_003552.1	1603783	1604124	-	342	12264	8412	968	775	700
MA_RS06950	NC_003552.1	1604273	1605037	+	765	615	476	518	633	462
MA_RS06955	NC_003552.1	1605346	1605999	+	654	1416	1240	695	480	333
MA_RS06960	NC_003552.1	1606602	1609550	+	2949	12455	13353	3056	2079	2038
MA_RS06965	NC_003552.1	1609739	1609993	+	255	1137	913	368	291	255
MA_RS06970	NC_003552.1	1610154	1610348	+	195	287	175	21	41	14
MA_RS26660	NC_003552.1	1610427	1610582	+	156	55	25	8	10	4
MA_RS06975	NC_003552.1	1611199	1613214	-	2016	419	405	40	24	28
MA_RS06980	NC_003552.1	1613275	1614606	-	1332	386	262	32	8	18
MA_RS06985	NC_003552.1	1614693	1614875	-	183	37	20	0	0	0
MA_RS06990	NC_003552.1	1615914	1616597	+	684	249	186	60	40	13
MA_RS06995	NC_003552.1	1616708	1617034	-	327	175	94	35	47	16
MA_RS07000	NC_003552.1	1617611	1617835	+	225	8024	5721	729	1179	858
MA_RS07005	NC_003552.1	1618145	1618366	+	222	25052	12608	283	326	216
MA_RS07010	NC_003552.1	1618984	1619301	+	318	4815	3601	40	83	35
MA_RS07015	NC_003552.1	1619352	1619540	-	189	293	192	24	21	7
MA_RS07020	NC_003552.1	1619802	1619990	+	189	43	26	1	0	0
MA_RS07025	NC_003552.1	1620268	1620468	+	201	110696	57354	621	1165	1271
MA_RS07030	NC_003552.1	1621343	1621675	+	333	588	500	222	193	196
MA_RS07040	NC_003552.1	1621909	1623543	-	1635	3489	3543	848	550	660
MA_RS07045	NC_003552.1	1623759	1625123	-	1365	359	333	188	172	116
MA_RS24425	NC_003552.1	1625372	1625797	+	426	107	65	7	2	0
MA_RS07055	NC_003552.1	1626327	1626758	+	432	164	90	12	6	8
MA_RS28495	NC_003552.1	1627226	1627993	+	768	210	194	84	45	71
MA_RS26670	NC_003552.1	1628119	1628289	-	171	45	20	3	1	6
MA_RS07065	NC_003552.1	1628368	1629213	+	846	3014	3422	1128	824	856
MA_RS07070	NC_003552.1	1629300	1630205	-	906	2609	2893	424	192	271
MA_RS07075	NC_003552.1	1630601	1631797	-	1197	2518	2299	339	288	195
MA_RS07080	NC_003552.1	1632032	1632886	+	855	1707	1503	256	172	207
MA_RS07085	NC_003552.1	1633169	1634047	-	879	25793	30178	3268	2770	2454
MA_RS26675	NC_003552.1	1634405	1634671	-	267	145	121	0	3	1
MA_RS07090	NC_003552.1	1635036	1635548	-	513	3230	2364	473	368	326
MA_RS07100	NC_003552.1	1635794	1636075	+	282	9719	8262	273	268	179
MA_RS07105	NC_003552.1	1636421	1637338	-	918	1978	1962	288	321	252
MA_RS07110	NC_003552.1	1637385	1637633	-	249	1331	1558	35	23	36
MA_RS07115	NC_003552.1	1637798	1638598	+	801	1775	1645	493	220	284
MA_RS07120	NC_003552.1	1638685	1638966	+	282	714	622	59	24	43
MA_RS07125	NC_003552.1	1639566	1639955	+	390	2086	1548	240	145	177
MA_RS07130	NC_003552.1	1640202	1641101	+	900	2536	2388	282	134	177
MA_RS07135	NC_003552.1	1641232	1641903	+	672	2708	1810	585	291	492
MA_RS07140	NC_003552.1	1643428	1643823	-	396	2470	1807	283	225	211
MA_RS07145	NC_003552.1	1643845	1644132	-	288	1042	1117	70	110	82
MA_RS07150	NC_003552.1	1644125	1645009	-	885	5476	5870	608	479	516
MA_RS07155	NC_003552.1	1645113	1646030	-	918	853	777	8	2	4
MA_RS07160	NC_003552.1	1646304	1647284	+	981	7533	5873	540	323	392
MA_RS07165	NC_003552.1	1648366	1649007	+	642	12507	14151	573	480	445
MA_RS07170	NC_003552.1	1649013	1649372	+	360	2943	3903	164	133	153
MA_RS07175	NC_003552.1	1649388	1649903	+	516	4413	4171	219	167	113
MA_RS07180	NC_003552.1	1650249	1650863	+	615	1014	949	580	389	351
MA_RS07185	NC_003552.1	1650983	1652095	+	1113	12933	13256	1956	1125	1424
MA_RS07195	NC_003552.1	1653138	1653968	-	831	114	112	4	4	4
MA_RS07200	NC_003552.1	1654362	1655273	+	912	1043	848	132	105	104
MA_RS07205	NC_003552.1	1655364	1656380	-	1017	4683	4370	1151	759	902
MA_RS07210	NC_003552.1	1657067	1657942	+	876	6055	7424	607	452	496
MA_RS07215	NC_003552.1	1658289	1658603	-	315	757	548	84	52	32
MA_RS07220	NC_003552.1	1658678	1659940	-	1263	11893	11035	3191	2068	2235
MA_RS07225	NC_003552.1	1660202	1661032	-	831	738	856	36	38	44
MA_RS07230	NC_003552.1	1661702	1662124	+	423	3220	2963	880	861	598
MA_RS07235	NC_003552.1	1662354	1662857	+	504	5888	5338	1183	1022	859
MA_RS07240	NC_003552.1	1663504	1664679	+	1176	4584	4482	698	328	388
MA_RS07245	NC_003552.1	1664767	1665054	+	288	1047	988	100	177	166
MA_RS07255	NC_003552.1	1665577	1667076	-	1500	4080	5004	4710	2692	3582
MA_RS07260	NC_003552.1	1667771	1668133	+	363	302	336	4	2	8
MA_RS07270	NC_003552.1	1668413	1669174	+	762	66	85	0	6	0
MA_RS07275	NC_003552.1	1669311	1669769	+	459	59	97	34	16	28
MA_RS07280	NC_003552.1	1669947	1670669	-	723	741	682	278	146	190
MA_RS07285	NC_003552.1	1671283	1671753	+	471	338	226	28	21	8
MA_RS07290	NC_003552.1	1671761	1672312	+	552	151	103	81	54	25
MA_RS07295	NC_003552.1	1672472	1672834	+	363	131	111	68	79	74
MA_RS26680	NC_003552.1	1673170	1673358	-	189	544	423	7	16	3
MA_RS07300	NC_003552.1	1673495	1673872	-	378	544	409	3	13	9
MA_RS07305	NC_003552.1	1674572	1675708	+	1137	12882	11949	3733	1961	2493
MA_RS07310	NC_003552.1	1675776	1676552	+	777	6123	5470	3078	1580	2179
MA_RS07315	NC_003552.1	1676799	1677038	-	240	73	79	17	16	18
MA_RS07320	NC_003552.1	1677383	1679863	+	2481	5157	4983	2302	1276	1391
MA_RS07325	NC_003552.1	1680032	1680433	+	402	4168	3633	867	442	635
MA_RS07330	NC_003552.1	1681001	1681225	+	225	4065	4629	17	11	12
MA_RS07335	NC_003552.1	1681265	1681663	+	399	6441	6845	429	407	369
MA_RS07340	NC_003552.1	1681890	1681967	+	78	869	582	80	53	69
MA_RS07345	NC_003552.1	1682346	1682423	+	78	266	185	11	0	13
MA_RS07350	NC_003552.1	1682631	1683542	-	912	726	794	43	41	46
MA_RS07355	NC_003552.1	1683955	1684479	+	525	5785	4786	826	444	437
MA_RS07360	NC_003552.1	1684483	1686069	+	1587	10937	9054	789	455	500
MA_RS07365	NC_003552.1	1686066	1686848	+	783	5381	4800	530	179	300
MA_RS28500	NC_003552.1	1687192	1688910	-	1719	2257	2267	153	170	180
MA_RS07375	NC_003552.1	1689233	1689517	-	285	3698	1959	78	54	75
MA_RS07380	NC_003552.1	1690838	1692490	-	1653	7473	7391	1176	644	803
MA_RS07385	NC_003552.1	1692585	1693040	-	456	4602	4974	844	410	608
MA_RS07390	NC_003552.1	1693148	1693726	-	579	7531	7065	383	245	235
MA_RS07405	NC_003552.1	1695650	1696747	-	1098	947	810	54	69	39
MA_RS07410	NC_003552.1	1696896	1697741	-	846	122	79	18	16	24
MA_RS07415	NC_003552.1	1697958	1698671	-	714	3245	2841	233	130	169
MA_RS07420	NC_003552.1	1699059	1699739	-	681	1164	1045	428	251	241
MA_RS07425	NC_003552.1	1700003	1700716	-	714	2565	2250	412	328	250
MA_RS07430	NC_003552.1	1700845	1701411	-	567	2069	2449	65	45	42
MA_RS07435	NC_003552.1	1701592	1702182	-	591	1967	1800	159	140	95
MA_RS07440	NC_003552.1	1702549	1702755	-	207	40060	28026	9274	13271	12666
MA_RS07445	NC_003552.1	1702946	1703824	-	879	624	590	224	133	153
MA_RS07450	NC_003552.1	1703964	1704881	+	918	644	617	9	4	2
MA_RS07455	NC_003552.1	1705213	1706412	-	1200	8513	8599	1583	882	1191
MA_RS07460	NC_003552.1	1706561	1707139	-	579	1593	1504	456	260	253
MA_RS07465	NC_003552.1	1707136	1707762	-	627	2044	1713	693	493	517
MA_RS07480	NC_003552.1	1709399	1710256	-	858	5056	4403	750	572	559
MA_RS07485	NC_003552.1	1710456	1711064	-	609	1709	2105	70	41	58
MA_RS07490	NC_003552.1	1711068	1711877	-	810	3313	5023	319	149	179
MA_RS07495	NC_003552.1	1712159	1712896	-	738	11742	13590	1293	851	1009
MA_RS07500	NC_003552.1	1713255	1713608	-	354	6974	5409	77	89	52
MA_RS07505	NC_003552.1	1714066	1714359	-	294	6456	5512	651	421	480
MA_RS07510	NC_003552.1	1714593	1715888	-	1296	15059	12085	600	571	515
MA_RS07515	NC_003552.1	1716241	1716876	-	636	2254	1942	424	251	291
MA_RS07520	NC_003552.1	1717100	1717756	+	657	3229	2908	214	96	124
MA_RS07525	NC_003552.1	1718222	1719463	+	1242	3440	3014	1366	692	843
MA_RS07530	NC_003552.1	1719626	1719805	+	180	114	82	24	22	8
MA_RS29325	NC_003552.1	1720022	1720144	+	123	108	108	9	21	7
MA_RS07535	NC_003552.1	1720200	1720439	+	240	146	89	43	12	16
MA_RS07540	NC_003552.1	1721040	1721573	+	534	20871	22823	3071	2737	2416
MA_RS07545	NC_003552.1	1721996	1722649	+	654	58	57	4	1	2
MA_RS07550	NC_003552.1	1722674	1723840	+	1167	5342	6117	374	257	292
MA_RS07555	NC_003552.1	1723965	1724627	+	663	2524	2398	139	201	127
MA_RS07560	NC_003552.1	1724667	1725362	+	696	2755	2299	250	279	257
MA_RS07565	NC_003552.1	1725544	1726284	-	741	3558	2527	663	531	602
MA_RS07575	NC_003552.1	1726936	1727676	+	741	5344	5824	1329	1036	1065
MA_RS07580	NC_003552.1	1727679	1727957	+	279	1815	1629	56	38	47
MA_RS07585	NC_003552.1	1728281	1728721	-	441	2110	1688	494	398	303
MA_RS24430	NC_003552.1	1728993	1731026	-	2034	1455	1274	219	128	160
MA_RS07595	NC_003552.1	1731303	1731749	+	447	1334	1511	75	59	52
MA_RS26685	NC_003552.1	1732335	1732508	-	174	132698	127550	26162	23365	23433
MA_RS07605	NC_003552.1	1732985	1734223	+	1239	2443	2365	478	249	332
MA_RS07610	NC_003552.1	1734676	1734894	-	219	934	490	82	29	19
MA_RS07615	NC_003552.1	1735223	1735618	-	396	494	343	157	170	119
MA_RS07620	NC_003552.1	1735960	1736373	-	414	4442	4894	89	121	87
MA_RS07625	NC_003552.1	1736370	1739570	-	3201	10001	9969	331	221	249
MA_RS07630	NC_003552.1	1740455	1740526	-	72	219	164	21	35	14
MA_RS07635	NC_003552.1	1740590	1740859	-	270	1804	1244	302	164	155
MA_RS07640	NC_003552.1	1740952	1741122	-	171	2292	1767	108	101	94
MA_RS07645	NC_003552.1	1741311	1742003	-	693	309	200	109	46	60
MA_RS07650	NC_003552.1	1742135	1743124	-	990	207	266	421	194	266
MA_RS07655	NC_003552.1	1743243	1744220	-	978	638	504	287	129	168
MA_RS07660	NC_003552.1	1744592	1744993	+	402	644	552	291	326	226
MA_RS07665	NC_003552.1	1745118	1745747	+	630	7659	7126	1162	884	636
MA_RS07670	NC_003552.1	1746019	1747872	+	1854	26895	29836	9937	5129	5266
MA_RS07675	NC_003552.1	1747983	1749131	+	1149	19834	20237	2691	1838	1771
MA_RS07680	NC_003552.1	1749660	1751006	+	1347	1319	1051	126	80	88
MA_RS07685	NC_003552.1	1751031	1752461	+	1431	2090	2062	200	100	158
MA_RS07695	NC_003552.1	1753036	1754382	+	1347	9386	8065	1120	612	776
MA_RS07700	NC_003552.1	1754438	1755868	+	1431	2528	2358	665	430	370
MA_RS07705	NC_003552.1	1755990	1757213	-	1224	4393	4187	950	646	637
MA_RS07710	NC_003552.1	1757210	1757431	-	222	100	144	102	76	53
MA_RS07715	NC_003552.1	1757992	1759494	-	1503	3013	2704	877	389	446
MA_RS07720	NC_003552.1	1759596	1760210	-	615	427	359	151	76	66
MA_RS07725	NC_003552.1	1760520	1761146	-	627	1647	2008	259	117	141
MA_RS07730	NC_003552.1	1761270	1762424	-	1155	1850	2020	1102	640	694
MA_RS07735	NC_003552.1	1762472	1763599	-	1128	2969	3397	727	281	382
MA_RS07740	NC_003552.1	1763596	1764621	-	1026	2038	2113	1765	758	1108
MA_RS07745	NC_003552.1	1764670	1765947	-	1278	3238	3314	800	329	534
MA_RS07750	NC_003552.1	1765944	1766105	-	162	800	402	9	3	4
MA_RS07760	NC_003552.1	1767327	1767716	+	390	380	369	1108	403	513
MA_RS07765	NC_003552.1	1767704	1768258	+	555	1073	1398	1211	688	740
MA_RS07770	NC_003552.1	1768289	1768765	+	477	1063	1040	430	214	238
MA_RS07775	NC_003552.1	1768776	1769900	+	1125	3496	4047	2854	1108	1696
MA_RS07780	NC_003552.1	1769906	1770943	+	1038	4397	3716	3184	1074	1572
MA_RS07785	NC_003552.1	1770948	1771358	+	411	621	548	317	148	178
MA_RS29330	NC_003552.1	1771355	1771645	+	291	67	74	284	64	158
MA_RS29335	NC_003552.1	1771635	1771886	+	252	258	240	412	153	242
MA_RS07800	NC_003552.1	1771883	1772191	+	309	286	304	308	121	176
MA_RS07805	NC_003552.1	1772185	1774203	+	2019	5049	4333	6692	2054	3559
MA_RS07810	NC_003552.1	1774203	1775690	+	1488	4084	4158	9505	3539	5478
MA_RS07815	NC_003552.1	1775694	1777163	+	1470	5174	6447	6937	2506	4182
MA_RS07820	NC_003552.1	1777177	1777539	+	363	1703	1505	1163	591	820
MA_RS24435	NC_003552.1	1778369	1780630	+	2262	1464	1120	273	270	216
MA_RS25205	NC_003552.1	1780861	1781097	+	237	412	177	16	9	14
MA_RS24440	NC_003552.1	1781592	1787873	+	6282	8287	6509	565	418	414
MA_RS07845	NC_003552.1	1788092	1788514	+	423	544	544	18	29	19
MA_RS25210	NC_003552.1	1788750	1788923	+	174	75	39	14	18	14
MA_RS07850	NC_003552.1	1788951	1789391	-	441	412	313	62	54	46
MA_RS07855	NC_003552.1	1789942	1791657	+	1716	477	310	29	24	22
MA_RS07860	NC_003552.1	1791919	1792152	+	234	212	153	20	12	7
MA_RS07865	NC_003552.1	1792158	1792550	+	393	166	113	38	9	12
MA_RS24445	NC_003552.1	1792822	1794234	-	1413	530	403	132	82	95
MA_RS07880	NC_003552.1	1794367	1796151	+	1785	1843	1424	499	422	411
MA_RS26690	NC_003552.1	1796656	1796763	-	108	16	12	2	2	0
MA_RS07885	NC_003552.1	1796765	1798231	-	1467	425	399	136	63	105
MA_RS07890	NC_003552.1	1798744	1800201	+	1458	358	285	31	30	18
MA_RS07895	NC_003552.1	1800293	1800952	-	660	509	477	63	69	50
MA_RS07900	NC_003552.1	1801311	1801673	+	363	10862	6997	736	788	555
MA_RS07905	NC_003552.1	1801698	1801919	+	222	2221	2183	583	597	565
MA_RS07910	NC_003552.1	1801941	1802129	+	189	1527	1529	216	177	164
MA_RS07915	NC_003552.1	1802166	1802615	+	450	9466	9071	7654	4659	5052
MA_RS07920	NC_003552.1	1802751	1804526	+	1776	18831	18206	9505	4776	5618
MA_RS07925	NC_003552.1	1804703	1805113	+	411	3085	2787	545	360	536
MA_RS29170	NC_003552.1	1805372	1805722	-	351	343	264	40	20	20
MA_RS07935	NC_003552.1	1805940	1806410	-	471	286	210	29	34	30
MA_RS07940	NC_003552.1	1806803	1807570	-	768	388	261	105	46	52
MA_RS07945	NC_003552.1	1807828	1809651	-	1824	1621	1278	164	125	95
MA_RS07955	NC_003552.1	1809929	1810669	-	741	519	587	133	119	80
MA_RS07960	NC_003552.1	1810653	1810919	-	267	1334	984	27	52	46
MA_RS07965	NC_003552.1	1811030	1811803	-	774	113	150	12	13	7
MA_RS07970	NC_003552.1	1811800	1813044	-	1245	3848	2797	85	59	51
MA_RS07980	NC_003552.1	1815020	1815670	-	651	677	448	34	27	21
MA_RS07985	NC_003552.1	1815791	1816861	-	1071	271	284	101	54	51
MA_RS07990	NC_003552.1	1816864	1818435	-	1572	608	667	78	55	62
MA_RS07995	NC_003552.1	1818428	1819348	-	921	388	339	132	44	73
MA_RS08000	NC_003552.1	1819360	1820256	-	897	313	260	86	45	76
MA_RS08005	NC_003552.1	1820253	1822070	-	1818	1166	1250	129	145	91
MA_RS28510	NC_003552.1	1822539	1822958	-	420	74	44	4	4	0
MA_RS28515	NC_003552.1	1822955	1823155	-	201	21	24	4	4	2
MA_RS26695	NC_003552.1	1823937	1824209	+	273	609	473	12	22	8
MA_RS08015	NC_003552.1	1824301	1826019	+	1719	726	683	36	39	25
MA_RS08020	NC_003552.1	1826024	1826884	+	861	397	302	58	41	23
MA_RS08025	NC_003552.1	1826897	1827781	+	885	339	201	12	21	19
MA_RS08030	NC_003552.1	1828351	1829235	-	885	589	617	102	85	64
MA_RS08035	NC_003552.1	1829241	1830146	-	906	1070	570	69	68	52
MA_RS08040	NC_003552.1	1830161	1831765	-	1605	1329	1106	106	114	81
MA_RS29630	NC_003552.1	1832201	1832680	-	480	393	278	5	7	10
MA_RS25220	NC_003552.1	1833521	1833943	-	423	134	87	42	32	20
MA_RS08050	NC_003552.1	1834105	1834797	-	693	617	565	70	54	34
MA_RS08055	NC_003552.1	1834844	1835329	-	486	2639	1861	123	72	97
MA_RS08060	NC_003552.1	1835728	1836408	-	681	1641	987	665	534	360
MA_RS08065	NC_003552.1	1836986	1837393	-	408	3002	3178	83	73	64
MA_RS08070	NC_003552.1	1837486	1838787	+	1302	675	535	10	12	16
MA_RS26700	NC_003552.1	1839456	1839614	+	159	94	44	4	12	2
MA_RS08085	NC_003552.1	1839824	1842013	+	2190	681	615	26	10	16
MA_RS29340	NC_003552.1	1842589	1842717	-	129	1	1	1	0	0
MA_RS08090	NC_003552.1	1842711	1843019	-	309	12	10	0	2	0
MA_RS08095	NC_003552.1	1843643	1844185	+	543	344	286	11	13	5
MA_RS08100	NC_003552.1	1844182	1845138	+	957	735	636	33	17	45
MA_RS08105	NC_003552.1	1846035	1846298	-	264	80	38	0	0	0
MA_RS08110	NC_003552.1	1846401	1846946	-	546	151	47	0	4	4
MA_RS08115	NC_003552.1	1846958	1847947	-	990	1013	436	78	119	62
MA_RS24450	NC_003552.1	1848682	1848939	+	258	468	302	56	78	35
MA_RS08125	NC_003552.1	1849937	1850524	-	588	122	73	4	2	2
MA_RS08130	NC_003552.1	1851088	1851807	+	720	156	55	10	7	0
MA_RS08135	NC_003552.1	1852634	1854280	-	1647	553	283	18	32	22
MA_RS08140	NC_003552.1	1854807	1855406	-	600	1352	1061	143	88	74
MA_RS08145	NC_003552.1	1855673	1856569	-	897	8773	8526	1114	580	882
MA_RS08150	NC_003552.1	1857296	1858885	+	1590	10790	10158	1160	935	887
MA_RS08155	NC_003552.1	1859387	1860430	-	1044	1559	1399	251	189	206
MA_RS08160	NC_003552.1	1860781	1861230	+	450	952	933	30	46	37
MA_RS08165	NC_003552.1	1861660	1862529	+	870	569	558	60	36	28
MA_RS08170	NC_003552.1	1862802	1863854	+	1053	293	197	9	10	6
MA_RS08175	NC_003552.1	1864340	1865533	+	1194	245	221	40	14	19
MA_RS08180	NC_003552.1	1865710	1866321	-	612	2427	2357	533	730	519
MA_RS08185	NC_003552.1	1867153	1867587	+	435	32	26	0	1	0
MA_RS08190	NC_003552.1	1867914	1868969	+	1056	1140	1147	245	150	140
MA_RS08195	NC_003552.1	1869102	1870307	+	1206	642	687	22	21	29
MA_RS08200	NC_003552.1	1870363	1871136	-	774	130	129	11	21	10
MA_RS08205	NC_003552.1	1871133	1872377	-	1245	2630	1737	59	58	35
MA_RS08210	NC_003552.1	1872500	1874293	+	1794	171	149	16	30	6
MA_RS08215	NC_003552.1	1874524	1875813	+	1290	322	292	85	119	66
MA_RS08220	NC_003552.1	1875955	1878270	-	2316	672	700	172	112	90
MA_RS08230	NC_003552.1	1879202	1881991	-	2790	8855	9395	3016	1327	2031
MA_RS08235	NC_003552.1	1882003	1883907	-	1905	10819	9735	1141	428	693
MA_RS08240	NC_003552.1	1884623	1885744	-	1122	4640	4596	660	365	448
MA_RS08245	NC_003552.1	1885746	1887611	-	1866	6871	7703	1054	536	704
MA_RS08250	NC_003552.1	1887803	1888033	-	231	3551	1686	25	20	5
MA_RS08255	NC_003552.1	1888721	1889323	-	603	673	502	15	28	14
MA_RS08260	NC_003552.1	1889477	1890808	-	1332	3019	2584	537	352	280
MA_RS08265	NC_003552.1	1890854	1892185	-	1332	4875	4202	529	337	234
MA_RS08275	NC_003552.1	1893802	1894374	+	573	32837	34964	695	583	629
MA_RS08285	NC_003552.1	1895107	1895349	-	243	117	75	3	0	2
MA_RS08295	NC_003552.1	1896427	1897383	+	957	1838	1797	300	135	146
MA_RS08300	NC_003552.1	1897370	1898137	+	768	4282	2566	134	99	89
MA_RS08305	NC_003552.1	1898487	1898789	-	303	527	236	2	6	1
MA_RS08310	NC_003552.1	1899090	1899632	+	543	266	302	9	17	23
MA_RS08315	NC_003552.1	1899892	1900113	+	222	2182	1365	16	18	17
MA_RS08325	NC_003552.1	1901419	1901709	-	291	622	498	4	5	10
MA_RS08330	NC_003552.1	1901834	1902232	+	399	435	320	71	36	35
MA_RS08340	NC_003552.1	1905469	1908315	+	2847	9819	10068	1686	890	1167
MA_RS08345	NC_003552.1	1908653	1908991	+	339	54	59	14	20	32
MA_RS08350	NC_003552.1	1909010	1909342	+	333	52	16	9	4	2
MA_RS08355	NC_003552.1	1910053	1910388	+	336	234	193	12	8	12
MA_RS08365	NC_003552.1	1911151	1912368	+	1218	5547	4601	1238	725	842
MA_RS08370	NC_003552.1	1912651	1915536	+	2886	18928	20669	5767	2612	3935
MA_RS08380	NC_003552.1	1916401	1922058	-	5658	28165	30918	4366	2049	2265
MA_RS08385	NC_003552.1	1922771	1923295	-	525	197	168	39	24	16
MA_RS08390	NC_003552.1	1923640	1924659	+	1020	9727	9417	1230	643	920
MA_RS08395	NC_003552.1	1925258	1926643	-	1386	55271	60417	8717	5132	6454
MA_RS08400	NC_003552.1	1926657	1927439	-	783	39478	44794	4540	2920	3102
MA_RS08405	NC_003552.1	1928574	1930051	+	1478	3568842	4419809	4565451	6044542	5397170
MA_RS08410	NC_003552.1	1930138	1930210	+	73	1515	1451	1563	954	1402
MA_RS08415	NC_003552.1	1930329	1933232	+	2904	1147474	1183661	9210443	8007880	7932974
MA_RS08420	NC_003552.1	1933306	1933428	+	123	12540	6372	1348	867	1106
MA_RS08425	NC_003552.1	1933703	1934305	-	603	1243	976	88	86	61
MA_RS08435	NC_003552.1	1935885	1937975	+	2091	647	461	97	63	70
MA_RS08440	NC_003552.1	1938930	1939154	+	225	59	32	1	6	0
MA_RS24455	NC_003552.1	1939204	1940445	+	1242	103	59	6	2	4
MA_RS08450	NC_003552.1	1941145	1943985	+	2841	794	853	108	75	50
MA_RS08455	NC_003552.1	1944036	1946747	+	2712	806	604	82	46	35
MA_RS08460	NC_003552.1	1946917	1948545	-	1629	1007	681	121	123	92
MA_RS08465	NC_003552.1	1948725	1952270	+	3546	1602	1380	203	95	166
MA_RS08470	NC_003552.1	1952419	1953846	+	1428	3329	3395	430	202	239
MA_RS08475	NC_003552.1	1953827	1955185	+	1359	2599	3126	362	232	308
MA_RS08480	NC_003552.1	1955192	1956043	+	852	556	598	89	68	93
MA_RS08485	NC_003552.1	1956081	1956713	+	633	776	708	84	53	73
MA_RS08490	NC_003552.1	1956973	1957368	+	396	161	122	22	6	11
MA_RS08495	NC_003552.1	1957893	1959341	-	1449	8395	9038	2741	1623	1749
MA_RS08510	NC_003552.1	1962357	1964540	-	2184	4434	4499	468	315	312
MA_RS08515	NC_003552.1	1965105	1967111	-	2007	1858	1603	224	128	94
MA_RS08525	NC_003552.1	1968483	1969181	-	699	477	287	58	37	30
MA_RS08530	NC_003552.1	1969824	1972484	+	2661	1687	1515	589	409	471
MA_RS08535	NC_003552.1	1973020	1976178	+	3159	570	490	202	154	168
MA_RS08540	NC_003552.1	1976301	1976966	-	666	370	152	12	20	8
MA_RS08545	NC_003552.1	1976954	1977418	-	465	114	83	3	2	15
MA_RS25240	NC_003552.1	1977787	1978469	-	683	82	22	4	0	0
MA_RS08560	NC_003552.1	1978710	1979558	+	849	782	622	34	28	22
MA_RS08565	NC_003552.1	1979982	1981412	-	1431	1736	1771	393	231	200
MA_RS08570	NC_003552.1	1982012	1983373	+	1362	3520	2351	826	562	536
MA_RS08575	NC_003552.1	1984443	1984982	+	540	1304	1487	131	129	93
MA_RS08580	NC_003552.1	1985171	1986847	+	1677	5060	4739	818	398	587
MA_RS08585	NC_003552.1	1986936	1988057	-	1122	3456	3290	754	390	542
MA_RS08590	NC_003552.1	1988711	1990219	+	1509	2989	2695	769	304	526
MA_RS08595	NC_003552.1	1990442	1990747	+	306	313	243	115	92	82
MA_RS08600	NC_003552.1	1990762	1991310	+	549	937	863	142	118	113
MA_RS29345	NC_003552.1	1991624	1991755	+	132	11	16	20	31	14
MA_RS24460	NC_003552.1	1992185	1994965	+	2781	1476	1159	458	326	433
MA_RS08610	NC_003552.1	1995881	1996348	+	468	2304	2135	33	65	57
MA_RS08620	NC_003552.1	1996878	1997207	+	330	751	596	1181	1596	1020
MA_RS08630	NC_003552.1	1997406	1997819	+	414	35	20	2	6	1
MA_RS08635	NC_003552.1	1998360	2000036	+	1677	338	334	62	46	38
MA_RS08640	NC_003552.1	2000194	2001168	+	975	546	472	3589	2172	1510
MA_RS08645	NC_003552.1	2001638	2002555	+	918	415	273	82	60	54
MA_RS08650	NC_003552.1	2002736	2003419	+	684	5233	5555	455	461	385
MA_RS08655	NC_003552.1	2003430	2003867	+	438	620	755	94	39	76
MA_RS08660	NC_003552.1	2004011	2004703	+	693	543	531	38	73	24
MA_RS08665	NC_003552.1	2004875	2005264	-	390	749	464	681	992	582
MA_RS08670	NC_003552.1	2005904	2007190	+	1287	24364	25917	3236	2546	2669
MA_RS08680	NC_003552.1	2008039	2009208	+	1170	5679	5647	320	248	273
MA_RS08685	NC_003552.1	2009421	2010233	-	813	607	481	533	345	343
MA_RS08690	NC_003552.1	2010696	2011340	+	645	1081	931	661	440	475
MA_RS08695	NC_003552.1	2011725	2012717	+	993	1828	1194	90	29	60
MA_RS28525	NC_003552.1	2012721	2013059	+	339	112	109	19	6	10
MA_RS08700	NC_003552.1	2013419	2015923	+	2505	2598	2698	883	667	644
MA_RS08705	NC_003552.1	2016050	2016436	+	387	652	486	57	46	22
MA_RS08715	NC_003552.1	2017717	2019360	-	1644	12095	11533	2541	1899	1842
MA_RS08725	NC_003552.1	2019744	2020448	-	705	1105	839	563	271	324
MA_RS08730	NC_003552.1	2020538	2021872	-	1335	5104	4477	1372	888	873
MA_RS08735	NC_003552.1	2022308	2022754	+	447	66	78	21	4	0
MA_RS08740	NC_003552.1	2022981	2023241	+	261	2001	1222	77	43	35
MA_RS08745	NC_003552.1	2023960	2024694	+	735	2463	2416	750	409	591
MA_RS25245	NC_003552.1	2024761	2025402	-	642	380	411	156	47	110
MA_RS26705	NC_003552.1	2025329	2025661	-	333	395	190	2	6	12
MA_RS08760	NC_003552.1	2026482	2026673	+	192	414	483	5	2	0
MA_RS08765	NC_003552.1	2026980	2027876	+	897	3265	2673	80	47	69
MA_RS08770	NC_003552.1	2028215	2029327	-	1113	2491	2303	191	121	106
MA_RS08775	NC_003552.1	2030075	2031469	-	1395	1315	1233	477	285	342
MA_RS24465	NC_003552.1	2031478	2032599	+	1122	765	736	126	73	60
MA_RS08790	NC_003552.1	2033512	2033721	+	210	1353	735	36	26	37
MA_RS08795	NC_003552.1	2033718	2033981	+	264	609	540	133	43	65
MA_RS08805	NC_003552.1	2034218	2034436	-	219	702	511	8	3	3
MA_RS08810	NC_003552.1	2034693	2035934	-	1242	770	555	49	32	28
MA_RS08815	NC_003552.1	2036474	2037151	+	678	705	501	14	20	12
MA_RS24470	NC_003552.1	2037452	2038330	+	879	192	179	20	14	8
MA_RS08825	NC_003552.1	2038440	2038610	-	171	112	82	0	12	3
MA_RS08830	NC_003552.1	2038743	2039132	-	390	71	83	25	14	10
MA_RS08835	NC_003552.1	2039855	2040466	+	612	68	52	2	8	0
MA_RS08840	NC_003552.1	2040583	2041011	+	429	92	58	6	2	2
MA_RS08845	NC_003552.1	2041455	2042084	+	630	249	208	12	6	16
MA_RS08850	NC_003552.1	2042975	2044264	-	1290	324	273	11	3	8
MA_RS08855	NC_003552.1	2044430	2044771	+	342	801	412	54	76	74
MA_RS08860	NC_003552.1	2045002	2045424	+	423	312	379	43	48	20
MA_RS08865	NC_003552.1	2046993	2047688	+	696	1602	1553	257	190	133
MA_RS08870	NC_003552.1	2048732	2049928	+	1197	618	505	291	132	207
MA_RS08875	NC_003552.1	2050465	2051430	+	966	6059	5972	2867	1116	1817
MA_RS08880	NC_003552.1	2051782	2052249	+	468	9913	10264	736	511	640
MA_RS08885	NC_003552.1	2052369	2052728	-	360	350	283	2	5	0
MA_RS08890	NC_003552.1	2052893	2054050	+	1158	12107	11166	2537	1546	1773
MA_RS08895	NC_003552.1	2054261	2054545	-	285	1002	1310	34	17	44
MA_RS08900	NC_003552.1	2054615	2056438	-	1824	9479	11420	859	534	594
MA_RS08905	NC_003552.1	2056707	2057468	-	762	268	170	14	30	18
MA_RS08910	NC_003552.1	2057993	2058400	-	408	2529	2249	58	62	26
MA_RS08915	NC_003552.1	2058677	2059861	+	1185	650	487	195	204	201
MA_RS08920	NC_003552.1	2060242	2061168	-	927	2183	2053	413	248	300
MA_RS08925	NC_003552.1	2061156	2061899	-	744	1323	999	197	126	142
MA_RS08930	NC_003552.1	2062540	2063610	-	1071	1787	1676	233	122	144
MA_RS08935	NC_003552.1	2063894	2064814	+	921	341	208	174	178	135
MA_RS08940	NC_003552.1	2065405	2068038	+	2634	701	772	2797	2115	2403
MA_RS08950	NC_003552.1	2068408	2069535	+	1128	3004	2474	579	395	407
MA_RS08960	NC_003552.1	2069704	2071011	-	1308	10742	13172	895	399	710
MA_RS08965	NC_003552.1	2071018	2071629	-	612	3151	4171	630	267	419
MA_RS08970	NC_003552.1	2071626	2073485	-	1860	11213	12974	1601	682	1084
MA_RS08975	NC_003552.1	2074213	2075256	+	1044	88	65	2	6	3
MA_RS08980	NC_003552.1	2075733	2076269	+	537	287	231	15	11	8
MA_RS08985	NC_003552.1	2076358	2077593	-	1236	989	706	52	24	36
MA_RS08990	NC_003552.1	2077902	2078426	+	525	320	266	41	33	32
MA_RS08995	NC_003552.1	2078646	2078864	-	219	47	47	0	0	0
MA_RS09000	NC_003552.1	2079179	2079856	-	678	346	313	40	32	30
MA_RS09005	NC_003552.1	2080131	2080379	+	249	837	639	24	23	2
MA_RS09010	NC_003552.1	2080763	2081935	-	1173	4533	5769	537	333	335
MA_RS09015	NC_003552.1	2082495	2082890	+	396	1872	1363	38	63	63
MA_RS28080	NC_003552.1	2083217	2083390	+	174	6518	3060	21	27	15
MA_RS09025	NC_003552.1	2083769	2086681	-	2913	830	746	132	74	98
MA_RS09030	NC_003552.1	2087062	2089254	-	2193	3792	3849	174	178	122
MA_RS09035	NC_003552.1	2089620	2089865	-	246	953	626	56	48	65
MA_RS09040	NC_003552.1	2089997	2090470	-	474	4830	3487	408	293	310
MA_RS09045	NC_003552.1	2093083	2094267	-	1185	14596	18031	1534	1370	1099
MA_RS09050	NC_003552.1	2094708	2095883	-	1176	3503	3592	669	390	470
MA_RS09055	NC_003552.1	2096298	2097500	+	1203	6896	7670	1529	737	962
MA_RS09060	NC_003552.1	2097561	2098493	+	933	4466	5070	1703	1121	1090
MA_RS09065	NC_003552.1	2098570	2099661	+	1092	5194	5764	1022	531	717
MA_RS09070	NC_003552.1	2099658	2101502	-	1845	7230	7862	822	469	569
MA_RS09075	NC_003552.1	2101613	2102476	+	864	10328	9232	1058	566	694
MA_RS09080	NC_003552.1	2102519	2103844	-	1326	5183	5584	1599	1333	1131
MA_RS09085	NC_003552.1	2104499	2106286	+	1788	19986	23091	4112	2871	2889
MA_RS09090	NC_003552.1	2106255	2107253	+	999	5175	6478	1848	1371	1262
MA_RS09095	NC_003552.1	2107279	2107953	+	675	8036	8773	2296	1560	1807
MA_RS09100	NC_003552.1	2109294	2112743	-	3450	19249	17948	745	374	523
MA_RS09105	NC_003552.1	2113616	2117077	-	3462	12387	16919	1207	571	780
MA_RS25255	NC_003552.1	2119658	2120789	-	1132	724	687	72	70	59
MA_RS09120	NC_003552.1	2121474	2125040	-	3567	57103	78171	7501	3992	4679
MA_RS09130	NC_003552.1	2125596	2125958	+	363	50	34	4	6	0
MA_RS09135	NC_003552.1	2126319	2127875	-	1557	7494	9243	988	647	744
MA_RS09140	NC_003552.1	2129519	2131132	-	1614	13823	14820	2049	1328	1382
MA_RS09145	NC_003552.1	2131129	2132844	-	1716	18335	21132	16096	9575	10053
MA_RS26720	NC_003552.1	2133429	2133593	-	165	337	238	10	6	9
MA_RS28170	NC_003552.1	2133590	2136817	-	3228	57170	89888	5905	3041	3540
MA_RS28535	NC_003552.1	2137810	2149776	-	11967	21832	27814	14502	6276	9015
MA_RS09160	NC_003552.1	2151010	2151432	-	423	1478	1382	222	283	143
MA_RS24475	NC_003552.1	2152449	2155154	-	2706	147431	172923	17543	8188	11232
MA_RS09170	NC_003552.1	2155190	2156110	-	921	26131	24276	2316	1012	1315
MA_RS28540	NC_003552.1	2156223	2161430	-	5208	388326	473132	41925	21826	28779
MA_RS28185	NC_003552.1	2162632	2166249	-	3618	692473	841952	97223	56947	71198
MA_RS09185	NC_003552.1	2167364	2170228	-	2865	22338	24162	9034	5340	6083
MA_RS09195	NC_003552.1	2173783	2174655	-	873	115	51	10	24	18
MA_RS09200	NC_003552.1	2174698	2175498	-	801	123	124	73	40	16
MA_RS09205	NC_003552.1	2175621	2176199	-	579	1155	743	159	98	103
MA_RS24485	NC_003552.1	2176302	2176574	-	273	348	288	22	34	17
MA_RS24490	NC_003552.1	2176621	2177097	-	477	146	180	6	2	2
MA_RS09215	NC_003552.1	2178213	2178911	+	699	582	321	75	98	59
MA_RS09220	NC_003552.1	2179415	2180017	+	603	2016	1885	371	254	244
MA_RS25375	NC_003552.1	2180233	2180370	-	138	2307	1334	112	82	65
MA_RS09225	NC_003552.1	2180400	2180684	-	285	8922	7012	38	51	35
MA_RS09230	NC_003552.1	2180850	2181650	-	801	15515	15110	1921	1320	1432
MA_RS09235	NC_003552.1	2181634	2183244	-	1611	14434	14011	1845	667	905
MA_RS09240	NC_003552.1	2183323	2184105	-	783	9615	9454	4636	2395	2734
MA_RS09245	NC_003552.1	2184117	2184809	-	693	7397	6780	904	485	516
MA_RS09250	NC_003552.1	2184888	2185637	-	750	13048	17796	1691	882	1135
MA_RS09255	NC_003552.1	2187588	2187986	-	399	1854	1262	455	293	396
MA_RS09260	NC_003552.1	2187983	2188702	-	720	4351	4049	1686	755	1264
MA_RS09265	NC_003552.1	2188695	2189120	-	426	2249	2474	3880	2022	2722
MA_RS09270	NC_003552.1	2189135	2189725	-	591	32256	33905	1783	1889	1850
MA_RS09275	NC_003552.1	2190122	2190661	+	540	295	273	93	84	64
MA_RS09285	NC_003552.1	2192255	2193790	+	1536	58	21	2	0	1
MA_RS25385	NC_003552.1	2194378	2195473	+	1096	196	153	24	28	10
MA_RS09300	NC_003552.1	2196347	2198878	-	2532	3440	3722	1181	648	773
MA_RS09305	NC_003552.1	2199790	2201076	+	1287	4337	4680	1390	596	934
MA_RS09310	NC_003552.1	2201645	2202583	-	939	2154	2374	204	119	149
MA_RS09315	NC_003552.1	2203149	2203646	+	498	961	801	336	191	207
MA_RS09320	NC_003552.1	2203746	2204153	-	408	337	306	31	14	20
MA_RS09330	NC_003552.1	2204499	2205944	+	1446	2726	3466	556	337	452
MA_RS09335	NC_003552.1	2205972	2206166	-	195	19	13	31	22	16
MA_RS09340	NC_003552.1	2206902	2207309	+	408	1199	888	363	284	281
MA_RS09345	NC_003552.1	2207949	2208746	+	798	1635	1580	144	118	107
MA_RS09350	NC_003552.1	2208861	2209280	+	420	709	948	142	145	114
MA_RS09355	NC_003552.1	2209612	2210061	-	450	559	680	109	150	105
MA_RS09360	NC_003552.1	2210266	2212032	-	1767	278	261	97	75	91
MA_RS09365	NC_003552.1	2213147	2213947	-	801	392	340	29	44	32
MA_RS09370	NC_003552.1	2214810	2216471	+	1662	9818	10562	3457	2304	2603
MA_RS09375	NC_003552.1	2217308	2217664	-	357	1790	1135	85	87	87
MA_RS09380	NC_003552.1	2218602	2219534	-	933	2402	2158	460	240	348
MA_RS09385	NC_003552.1	2219792	2220385	-	594	1396	1098	112	65	37
MA_RS09390	NC_003552.1	2220382	2221239	-	858	4457	3771	256	145	191
MA_RS09395	NC_003552.1	2221503	2221838	+	336	5	3	0	0	0
MA_RS26775	NC_003552.1	2221850	2222029	+	180	22	20	1	1	0
MA_RS09400	NC_003552.1	2222568	2222786	+	219	347	214	10	30	8
MA_RS26780	NC_003552.1	2223238	2223402	+	165	211	117	10	5	20
MA_RS09405	NC_003552.1	2223522	2223707	-	186	82	56	7	1	0
MA_RS09410	NC_003552.1	2223702	2223938	+	237	48	62	0	0	0
MA_RS09415	NC_003552.1	2224422	2226230	+	1809	8084	8052	498	437	360
MA_RS26785	NC_003552.1	2226869	2227042	+	174	424	386	468	1118	680
MA_RS09425	NC_003552.1	2228030	2228103	+	74	141	32	1	4	2
MA_RS09430	NC_003552.1	2228279	2228599	+	321	2010	864	186	196	165
MA_RS09435	NC_003552.1	2229030	2229680	+	651	295	343	6	13	11
MA_RS09440	NC_003552.1	2229799	2232093	+	2295	3189	3023	665	549	473
MA_RS09445	NC_003552.1	2232445	2233731	-	1287	198	145	52	41	35
MA_RS09450	NC_003552.1	2234162	2234725	+	564	2957	2702	156	127	126
MA_RS09455	NC_003552.1	2235047	2236198	+	1152	5321	5563	1140	664	746
MA_RS09460	NC_003552.1	2236289	2236753	+	465	1494	1707	280	189	183
MA_RS09465	NC_003552.1	2236794	2237198	+	405	1936	2400	125	112	82
MA_RS09470	NC_003552.1	2237254	2238396	+	1143	11200	13022	2680	1349	1657
MA_RS09475	NC_003552.1	2238496	2238951	-	456	2026	1540	455	274	347
MA_RS09480	NC_003552.1	2239282	2240784	+	1503	2300	2263	1078	717	684
MA_RS09485	NC_003552.1	2240787	2241173	+	387	402	390	162	102	95
MA_RS09490	NC_003552.1	2242194	2243000	+	807	4849	10311	267	175	135
MA_RS09495	NC_003552.1	2243335	2244069	-	735	670	1131	14	23	22
MA_RS09500	NC_003552.1	2244278	2244640	+	363	2072	1646	192	153	163
MA_RS09505	NC_003552.1	2244869	2245699	-	831	2253	2205	1270	693	749
MA_RS09510	NC_003552.1	2245929	2247095	+	1167	744	436	8	6	6
MA_RS26790	NC_003552.1	2247947	2248216	+	270	373	263	22	19	16
MA_RS09515	NC_003552.1	2248670	2249476	+	807	111	59	35	26	19
MA_RS28190	NC_003552.1	2249916	2250377	+	462	46	29	2	2	0
MA_RS09525	NC_003552.1	2251068	2251682	+	615	235	130	28	13	23
MA_RS09530	NC_003552.1	2252310	2252498	+	189	16522	6372	357	622	410
MA_RS09535	NC_003552.1	2252961	2253143	+	183	1775	973	50	45	38
MA_RS25400	NC_003552.1	2253391	2253720	+	330	935	634	52	54	53
MA_RS09545	NC_003552.1	2254414	2255127	-	714	623	443	346	321	260
MA_RS09550	NC_003552.1	2255404	2256237	+	834	567	440	82	104	52
MA_RS09555	NC_003552.1	2256750	2257472	+	723	1120	980	83	75	53
MA_RS09565	NC_003552.1	2258170	2259006	+	837	1416	1022	46	9	58
MA_RS25405	NC_003552.1	2259082	2259198	-	117	86	63	20	18	15
MA_RS09570	NC_003552.1	2259322	2262081	-	2760	2459	2096	243	215	146
MA_RS09575	NC_003552.1	2262709	2262915	+	207	36	39	8	4	15
MA_RS09580	NC_003552.1	2263100	2267143	-	4044	1712	1164	94	104	64
MA_RS09585	NC_003552.1	2267343	2268239	-	897	657	612	77	47	45
MA_RS09590	NC_003552.1	2268361	2270247	-	1887	2685	3468	324	199	260
MA_RS09600	NC_003552.1	2270783	2272141	+	1359	1045	883	313	190	223
MA_RS09605	NC_003552.1	2272199	2272588	-	390	107	89	6	8	7
MA_RS24495	NC_003552.1	2272991	2276755	-	3765	3065	2983	106	89	70
MA_RS09625	NC_003552.1	2277840	2278043	-	204	191	145	10	12	4
MA_RS09630	NC_003552.1	2278330	2279406	-	1077	3709	4048	452	218	269
MA_RS09635	NC_003552.1	2279600	2279782	-	183	887	1003	204	142	158
MA_RS09640	NC_003552.1	2279844	2280470	-	627	2514	3203	78	112	75
MA_RS09645	NC_003552.1	2280487	2281251	-	765	3016	3731	349	216	235
MA_RS09650	NC_003552.1	2281258	2282517	-	1260	7247	9828	746	439	455
MA_RS09655	NC_003552.1	2282523	2283137	-	615	3149	3607	56	26	26
MA_RS09665	NC_003552.1	2283947	2284369	-	423	436	406	23	42	17
MA_RS09670	NC_003552.1	2284366	2284809	-	444	569	560	40	52	22
MA_RS28550	NC_003552.1	2285812	2285973	+	162	62	65	0	1	4
MA_RS09675	NC_003552.1	2286323	2287492	+	1170	563	516	135	101	94
MA_RS09680	NC_003552.1	2287586	2288221	-	636	1782	1763	561	344	490
MA_RS09685	NC_003552.1	2288331	2289125	-	795	2351	1838	159	112	126
MA_RS09690	NC_003552.1	2289496	2290275	-	780	501	556	56	74	52
MA_RS09695	NC_003552.1	2290647	2291822	+	1176	1198	1004	297	138	198
MA_RS26805	NC_003552.1	2291870	2292013	+	144	37	28	17	18	17
MA_RS09700	NC_003552.1	2292249	2293184	+	936	2438	2047	519	246	287
MA_RS09705	NC_003552.1	2293676	2294344	-	669	529	494	321	218	243
MA_RS09710	NC_003552.1	2294660	2296309	+	1650	4353	4705	626	396	427
MA_RS09715	NC_003552.1	2296460	2298853	-	2394	10878	14484	860	539	358
MA_RS09720	NC_003552.1	2298955	2299374	-	420	4986	5075	24	48	21
MA_RS09725	NC_003552.1	2299526	2300902	-	1377	574	530	12	6	6
MA_RS09730	NC_003552.1	2301031	2301480	-	450	232	114	1	2	2
MA_RS24500	NC_003552.1	2301477	2303333	-	1857	384	181	6	8	0
MA_RS09740	NC_003552.1	2303665	2304183	+	519	236	181	34	16	11
MA_RS09745	NC_003552.1	2304421	2305713	-	1293	452	482	12	27	13
MA_RS09750	NC_003552.1	2306126	2306332	-	207	353	168	37	12	16
MA_RS09755	NC_003552.1	2306715	2308553	+	1839	1945	1941	452	306	303
MA_RS09765	NC_003552.1	2309251	2309457	-	207	189	135	36	11	28
MA_RS09770	NC_003552.1	2309699	2310880	+	1182	1330	1138	302	163	205
MA_RS09775	NC_003552.1	2311167	2312816	-	1650	2827	2882	530	285	292
MA_RS09780	NC_003552.1	2313019	2313315	-	297	19	31	0	0	0
MA_RS09785	NC_003552.1	2313503	2313706	-	204	1963	1272	17	10	28
MA_RS29350	NC_003552.1	2314078	2314203	+	126	282	174	2	2	1
MA_RS09790	NC_003552.1	2314223	2314519	-	297	2357	2695	117	52	89
MA_RS09795	NC_003552.1	2314594	2316282	-	1689	4857	4729	717	475	414
MA_RS25415	NC_003552.1	2317061	2317743	+	683	145	138	15	15	20
MA_RS09810	NC_003552.1	2317769	2318326	+	558	49	32	4	2	0
MA_RS09815	NC_003552.1	2318374	2319618	+	1245	798	490	25	37	19
MA_RS09820	NC_003552.1	2319615	2320388	+	774	120	101	12	21	22
MA_RS26810	NC_003552.1	2320469	2320609	-	141	4	12	0	0	0
MA_RS09825	NC_003552.1	2321007	2322065	-	1059	22	2	0	3	0
MA_RS09830	NC_003552.1	2322276	2322890	+	615	205	57	8	4	2
MA_RS09835	NC_003552.1	2323237	2323674	-	438	237	151	24	12	11
MA_RS09840	NC_003552.1	2323667	2324554	-	888	629	315	9	30	16
MA_RS09845	NC_003552.1	2325100	2325420	+	321	85	68	2	2	0
MA_RS09850	NC_003552.1	2325429	2326154	+	726	260	263	23	20	12
MA_RS09855	NC_003552.1	2326246	2327163	-	918	321	277	2	2	4
MA_RS09860	NC_003552.1	2327639	2329837	-	2199	280	48	24	33	7
MA_RS26235	NC_003552.1	2330272	2331954	-	1683	1222	813	226	277	169
MA_RS09870	NC_003552.1	2331951	2332805	-	855	855	488	102	144	70
MA_RS09875	NC_003552.1	2332802	2333113	-	312	32	5	4	6	2
MA_RS09880	NC_003552.1	2334449	2336368	-	1920	931	680	32	38	36
MA_RS09885	NC_003552.1	2336620	2337906	-	1287	131	76	38	35	36
MA_RS09890	NC_003552.1	2337932	2338687	-	756	27	13	0	0	2
MA_RS09895	NC_003552.1	2338897	2339133	-	237	50	27	2	0	2
MA_RS09900	NC_003552.1	2339303	2339674	-	372	136	60	36	39	18
MA_RS09905	NC_003552.1	2340293	2341579	-	1287	156	101	38	22	26
MA_RS09910	NC_003552.1	2341803	2342864	+	1062	179	148	64	29	38
MA_RS09915	NC_003552.1	2343222	2343944	-	723	596	524	70	12	17
MA_RS29355	NC_003552.1	2344224	2344430	-	207	62	39	21	23	24
MA_RS09920	NC_003552.1	2344950	2346284	+	1335	250	290	33	35	40
MA_RS24510	NC_003552.1	2346274	2346726	+	453	253	203	44	18	32
MA_RS09925	NC_003552.1	2347049	2352052	-	5004	9472	10555	3090	1872	2136
MA_RS26815	NC_003552.1	2352440	2352577	-	138	5	2	0	0	0
MA_RS09940	NC_003552.1	2352706	2354145	-	1440	1181	1068	93	79	74
MA_RS09945	NC_003552.1	2354510	2354917	-	408	10779	7214	102	122	72
MA_RS09950	NC_003552.1	2355387	2356319	+	933	625	483	23	18	22
MA_RS26820	NC_003552.1	2357866	2358039	+	174	230	247	17	32	21
MA_RS09955	NC_003552.1	2358143	2358688	+	546	456	622	1214	928	839
MA_RS09960	NC_003552.1	2359054	2359665	-	612	3005	2324	201	179	147
MA_RS09965	NC_003552.1	2359655	2360632	-	978	2201	2476	173	143	137
MA_RS09970	NC_003552.1	2360742	2361599	-	858	6602	6966	624	323	430
MA_RS09975	NC_003552.1	2361596	2362588	-	993	5991	6333	605	281	327
MA_RS09980	NC_003552.1	2362820	2364442	-	1623	7003	6810	727	514	460
MA_RS09985	NC_003552.1	2364712	2366373	-	1662	28836	34309	1936	1087	1288
MA_RS09990	NC_003552.1	2367005	2368582	-	1578	652	653	237	160	130
MA_RS09995	NC_003552.1	2369966	2370253	+	288	227	73	3	13	11
MA_RS25435	NC_003552.1	2370274	2370672	+	399	195	106	13	8	3
MA_RS10005	NC_003552.1	2370763	2372037	-	1275	2030	1534	308	199	199
MA_RS24515	NC_003552.1	2372810	2373553	-	744	337	254	12	24	6
MA_RS10015	NC_003552.1	2374146	2374718	+	573	521	437	18	30	54
MA_RS10020	NC_003552.1	2374818	2375708	+	891	921	829	223	139	151
MA_RS10025	NC_003552.1	2375753	2376100	-	348	850	703	48	62	52
MA_RS10030	NC_003552.1	2376203	2376616	+	414	347	338	56	22	30
MA_RS10035	NC_003552.1	2376742	2377314	+	573	3065	2863	411	267	241
MA_RS10040	NC_003552.1	2377891	2378403	+	513	89	62	64	63	51
MA_RS10045	NC_003552.1	2381380	2382051	+	672	667	522	76	95	65
MA_RS10050	NC_003552.1	2382671	2383372	+	702	1070	930	17	16	12
MA_RS10055	NC_003552.1	2383414	2384331	-	918	222	232	0	5	0
MA_RS10060	NC_003552.1	2384297	2386216	+	1920	116	112	0	6	2
MA_RS10065	NC_003552.1	2386213	2386713	+	501	23	11	0	0	2
MA_RS10070	NC_003552.1	2386714	2387490	+	777	152	151	10	37	12
MA_RS10075	NC_003552.1	2387483	2388556	+	1074	173	155	61	40	51
MA_RS10080	NC_003552.1	2388553	2389725	+	1173	152	103	39	36	58
MA_RS24520	NC_003552.1	2389751	2392987	+	3237	1212	745	121	81	70
MA_RS10090	NC_003552.1	2393013	2394392	+	1380	1232	908	116	123	95
MA_RS10095	NC_003552.1	2394924	2395166	+	243	14	12	2	0	0
MA_RS10105	NC_003552.1	2395375	2395623	+	249	111	94	4	4	2
MA_RS10110	NC_003552.1	2395669	2395893	+	225	157	118	2	5	6
MA_RS10115	NC_003552.1	2396108	2396590	+	483	1345	1225	63	41	51
MA_RS10120	NC_003552.1	2396988	2398469	+	1482	3059	2608	223	176	190
MA_RS10125	NC_003552.1	2398579	2398746	-	168	117	78	5	16	8
MA_RS10130	NC_003552.1	2399514	2400803	-	1290	1377	1560	189	102	111
MA_RS10135	NC_003552.1	2401255	2402592	+	1338	340	276	33	25	28
MA_RS10140	NC_003552.1	2402769	2403617	+	849	652	570	67	46	62
MA_RS10145	NC_003552.1	2403835	2404797	+	963	3278	3498	144	78	122
MA_RS10150	NC_003552.1	2405354	2405989	-	636	2350	2422	53	51	43
MA_RS10165	NC_003552.1	2408838	2410244	+	1407	395	356	62	48	38
MA_RS10170	NC_003552.1	2410466	2412010	+	1545	371	360	101	64	46
MA_RS10175	NC_003552.1	2412244	2413065	-	822	4118	3579	204	136	199
MA_RS10180	NC_003552.1	2414299	2415093	+	795	1575	1445	276	194	201
MA_RS10185	NC_003552.1	2415114	2415902	-	789	817	651	46	30	38
MA_RS10190	NC_003552.1	2416068	2416694	+	627	329	178	11	14	9
MA_RS10195	NC_003552.1	2416780	2418417	-	1638	8097	7304	2242	1430	1763
MA_RS10200	NC_003552.1	2418628	2420151	-	1524	143	100	12	12	16
MA_RS10205	NC_003552.1	2420683	2422434	-	1752	418	528	378	196	284
MA_RS29360	NC_003552.1	2422438	2422566	-	129	0	0	0	0	0
MA_RS10210	NC_003552.1	2423163	2423834	+	672	2592	2231	732	387	555
MA_RS10220	NC_003552.1	2424090	2425154	-	1065	510	385	108	71	44
MA_RS29765	NC_003552.1	2425528	2425602	+	75	24	14	1	5	3
MA_RS10225	NC_003552.1	2425879	2426721	-	843	897	731	113	90	92
MA_RS10230	NC_003552.1	2426905	2427603	-	699	5251	5004	460	212	309
MA_RS10235	NC_003552.1	2427694	2427945	-	252	2773	2347	342	271	254
MA_RS10240	NC_003552.1	2428350	2428580	+	231	661	666	149	106	130
MA_RS10245	NC_003552.1	2429336	2430829	+	1494	1966	1770	358	278	237
MA_RS10250	NC_003552.1	2431127	2431915	+	789	3894	4537	99	86	80
MA_RS10255	NC_003552.1	2432125	2432700	-	576	1031	949	57	49	26
MA_RS10260	NC_003552.1	2432952	2434565	-	1614	882	869	125	66	84
MA_RS10265	NC_003552.1	2434760	2435926	-	1167	2361	1980	116	116	87
MA_RS10270	NC_003552.1	2436201	2436710	-	510	744	642	21	27	26
MA_RS10275	NC_003552.1	2437172	2437891	+	720	628	801	94	93	103
MA_RS10280	NC_003552.1	2437983	2439371	-	1389	1063	962	105	59	86
MA_RS10285	NC_003552.1	2441040	2441948	+	909	3273	3094	742	648	686
MA_RS10290	NC_003552.1	2442754	2443659	-	906	2577	1724	638	379	473
MA_RS26835	NC_003552.1	2443652	2443807	-	156	22	24	23	13	13
MA_RS10295	NC_003552.1	2443895	2444476	+	582	317	558	43	26	52
MA_RS26840	NC_003552.1	2444898	2445056	+	159	147	129	53	23	44
MA_RS10300	NC_003552.1	2445529	2446206	-	678	863	1039	64	41	41
MA_RS10305	NC_003552.1	2446266	2447102	-	837	1390	1742	128	96	91
MA_RS10310	NC_003552.1	2447423	2448112	+	690	959	682	29	30	25
MA_RS10315	NC_003552.1	2448478	2449056	+	579	688	510	54	45	57
MA_RS10320	NC_003552.1	2449255	2450310	+	1056	2000	1542	671	363	488
MA_RS10325	NC_003552.1	2450366	2452042	+	1677	5082	5269	1327	582	837
MA_RS10330	NC_003552.1	2454303	2454617	+	315	50	29	1	0	0
MA_RS10335	NC_003552.1	2454831	2455184	+	354	107	43	4	0	6
MA_RS10340	NC_003552.1	2456010	2456933	-	924	193	188	15	16	2
MA_RS10345	NC_003552.1	2457837	2459321	-	1485	84	69	36	44	55
MA_RS10350	NC_003552.1	2460037	2460279	-	243	260	206	32	48	22
MA_RS10360	NC_003552.1	2461449	2464607	+	3159	12588	13713	1039	660	695
MA_RS24525	NC_003552.1	2465626	2468424	-	2799	2735	2722	620	500	497
MA_RS10375	NC_003552.1	2468538	2468741	-	204	21	19	0	8	0
MA_RS10380	NC_003552.1	2468878	2469807	-	930	56	69	42	17	10
MA_RS10385	NC_003552.1	2470013	2470273	-	261	159	122	6	18	10
MA_RS26850	NC_003552.1	2470499	2470648	+	150	17	6	3	3	2
MA_RS10390	NC_003552.1	2470849	2472018	+	1170	456	436	100	92	41
MA_RS28555	NC_003552.1	2472463	2473254	+	792	481	430	22	18	22
MA_RS10400	NC_003552.1	2473620	2473934	+	315	14	11	0	0	0
MA_RS10405	NC_003552.1	2474379	2474741	-	363	1671	1348	189	115	97
MA_RS10410	NC_003552.1	2475187	2476875	+	1689	1067	1026	328	219	172
MA_RS10415	NC_003552.1	2476904	2479162	-	2259	1969	1930	149	104	146
MA_RS10420	NC_003552.1	2480570	2482654	-	2085	818	952	132	131	146
MA_RS10425	NC_003552.1	2483259	2484518	+	1260	288	290	117	81	101
MA_RS10430	NC_003552.1	2484718	2485674	-	957	11825	12290	1606	1314	1426
MA_RS10435	NC_003552.1	2486124	2486804	+	681	846	837	98	52	38
MA_RS10440	NC_003552.1	2486764	2487552	+	789	758	653	264	175	142
MA_RS28195	NC_003552.1	2487679	2488752	-	1074	315	191	12	26	18
MA_RS10450	NC_003552.1	2489499	2491127	+	1629	695	571	170	108	72
MA_RS10455	NC_003552.1	2491412	2492464	+	1053	701	536	552	339	372
MA_RS10460	NC_003552.1	2492486	2493169	-	684	485	481	103	62	99
MA_RS10465	NC_003552.1	2493305	2493982	-	678	464	263	20	23	30
MA_RS10470	NC_003552.1	2494344	2494715	+	372	756	768	49	43	33
MA_RS10475	NC_003552.1	2494856	2495230	-	375	508	712	35	32	23
MA_RS10480	NC_003552.1	2495280	2498282	-	3003	6956	8115	147	93	99
MA_RS10485	NC_003552.1	2498771	2499508	-	738	1049	1015	27	32	16
MA_RS28560	NC_003552.1	2500613	2501257	+	645	1027	794	56	31	22
MA_RS27905	NC_003552.1	2501310	2501567	-	258	21	13	1	0	1
MA_RS10495	NC_003552.1	2501464	2502615	+	1152	79	41	15	18	11
MA_RS24535	NC_003552.1	2502689	2506369	-	3681	973	955	495	307	292
MA_RS10505	NC_003552.1	2506998	2508275	-	1278	7499	8282	167	134	177
MA_RS10510	NC_003552.1	2508974	2509891	+	918	634	656	4	9	4
MA_RS10515	NC_003552.1	2510146	2511102	-	957	560	528	34	24	29
MA_RS10520	NC_003552.1	2512262	2512900	-	639	93	59	2	1	2
MA_RS10525	NC_003552.1	2513521	2514051	+	531	918	434	36	29	21
MA_RS10535	NC_003552.1	2515729	2516454	+	726	1030	656	20	36	32
MA_RS10540	NC_003552.1	2516632	2517231	-	600	955	779	60	58	44
MA_RS10550	NC_003552.1	2518586	2519359	+	774	164	155	18	16	16
MA_RS10560	NC_003552.1	2520505	2520696	+	192	235	164	95	57	79
MA_RS10565	NC_003552.1	2520749	2521273	+	525	110	70	10	8	12
MA_RS10570	NC_003552.1	2521860	2524127	+	2268	5497	6217	1989	1089	1404
MA_RS10575	NC_003552.1	2524124	2525407	+	1284	1793	1755	860	498	671
MA_RS26860	NC_003552.1	2525418	2525582	+	165	63	11	2	6	2
MA_RS10580	NC_003552.1	2525800	2525979	+	180	8	7	0	0	0
MA_RS10585	NC_003552.1	2526960	2527799	+	840	1761	1684	288	221	186
MA_RS29770	NC_003552.1	2527839	2528003	-	165	10	8	1	1	0
MA_RS26865	NC_003552.1	2527970	2528227	-	258	181	154	9	9	3
MA_RS10595	NC_003552.1	2528432	2528797	-	366	448	209	0	9	2
MA_RS10600	NC_003552.1	2528883	2529566	-	684	221	159	10	6	4
MA_RS10605	NC_003552.1	2530357	2530686	-	330	113	54	31	11	18
MA_RS10610	NC_003552.1	2530687	2530986	-	300	23	14	0	5	1
MA_RS10615	NC_003552.1	2531003	2531278	-	276	25	18	2	3	0
MA_RS24540	NC_003552.1	2531271	2531972	-	702	143	155	0	2	0
MA_RS10625	NC_003552.1	2532087	2532488	-	402	86	75	19	15	6
MA_RS24545	NC_003552.1	2532488	2533435	-	948	397	295	57	30	55
MA_RS10640	NC_003552.1	2533814	2534476	-	663	172	187	40	30	8
MA_RS10645	NC_003552.1	2534487	2541131	-	6645	2320	2212	500	229	260
MA_RS10650	NC_003552.1	2542069	2542962	+	894	1183	1193	590	303	363
MA_RS10655	NC_003552.1	2543043	2543405	+	363	410	389	72	38	46
MA_RS10660	NC_003552.1	2543575	2543961	+	387	318	220	59	36	44
MA_RS28085	NC_003552.1	2544128	2544289	-	162	49	56	12	2	8
MA_RS10665	NC_003552.1	2544485	2545891	-	1407	760	594	88	76	95
MA_RS10670	NC_003552.1	2545913	2546374	-	462	243	225	26	12	21
MA_RS10675	NC_003552.1	2546592	2547743	+	1152	2400	2057	280	139	181
MA_RS29365	NC_003552.1	2547740	2547874	+	135	4	6	0	1	0
MA_RS10680	NC_003552.1	2547871	2548446	+	576	388	374	35	12	20
MA_RS10690	NC_003552.1	2549202	2549690	+	489	2998	3222	330	231	254
MA_RS10695	NC_003552.1	2550188	2552530	+	2343	1100	987	134	114	106
MA_RS10700	NC_003552.1	2552690	2553019	+	330	175	153	43	17	16
MA_RS10705	NC_003552.1	2553126	2554262	-	1137	1121	1252	178	114	111
MA_RS10710	NC_003552.1	2554530	2554889	+	360	13542	8531	320	321	304
MA_RS24550	NC_003552.1	2555167	2555373	+	207	37	33	8	10	2
MA_RS10720	NC_003552.1	2555964	2556458	+	495	1004	894	23	20	14
MA_RS10725	NC_003552.1	2556847	2557527	+	681	778	516	53	30	36
MA_RS10730	NC_003552.1	2557595	2558626	-	1032	869	866	76	45	54
MA_RS10735	NC_003552.1	2559097	2559450	+	354	86	100	11	0	1
MA_RS10740	NC_003552.1	2559494	2560531	+	1038	343	296	20	20	6
MA_RS10745	NC_003552.1	2560580	2560894	+	315	288	221	4	0	2
MA_RS10750	NC_003552.1	2561022	2561273	+	252	13	25	0	0	0
MA_RS10755	NC_003552.1	2561769	2562611	+	843	23	4	0	0	0
MA_RS10760	NC_003552.1	2562950	2563345	+	396	246	211	42	23	20
MA_RS10770	NC_003552.1	2565097	2566593	+	1497	378	335	48	54	28
MA_RS10775	NC_003552.1	2566780	2568333	+	1554	779	613	45	51	46
MA_RS24555	NC_003552.1	2568427	2570778	+	2352	2405	2148	287	183	232
MA_RS10785	NC_003552.1	2570899	2571915	-	1017	4188	4723	701	468	489
MA_RS10790	NC_003552.1	2572415	2573197	+	783	1788	1663	304	261	243
MA_RS10795	NC_003552.1	2573327	2573860	-	534	2869	2390	252	262	209
MA_RS10800	NC_003552.1	2574030	2574803	-	774	25	30	4	2	1
MA_RS10805	NC_003552.1	2574800	2576044	-	1245	616	319	13	28	19
MA_RS10815	NC_003552.1	2578686	2580782	-	2097	881	749	295	182	194
MA_RS10820	NC_003552.1	2581221	2582507	+	1287	137	78	36	32	29
MA_RS10825	NC_003552.1	2583128	2583649	+	522	247	205	14	7	5
MA_RS10830	NC_003552.1	2583770	2584984	+	1215	560	486	63	42	26
MA_RS10835	NC_003552.1	2585279	2585695	+	417	49	29	4	11	3
MA_RS10840	NC_003552.1	2585854	2587158	-	1305	290	94	26	15	8
MA_RS10845	NC_003552.1	2587478	2589232	+	1755	455	350	21	23	8
MA_RS29785	NC_003552.1	2589737	2589862	-	126	146	68	6	9	8
MA_RS10850	NC_003552.1	2589982	2590500	+	519	305	160	29	30	21
MA_RS10860	NC_003552.1	2590826	2591563	-	738	454	358	34	42	32
MA_RS10865	NC_003552.1	2591560	2591856	-	297	44	55	15	13	18
MA_RS10870	NC_003552.1	2591859	2592428	-	570	118	151	51	24	16
MA_RS10875	NC_003552.1	2593128	2593346	-	219	24	13	2	2	6
MA_RS10880	NC_003552.1	2593637	2593861	+	225	11	3	0	0	0
MA_RS10885	NC_003552.1	2593940	2595973	-	2034	586	428	55	32	56
MA_RS10890	NC_003552.1	2596200	2597393	+	1194	1227	1094	224	170	149
MA_RS29790	NC_003552.1	2597754	2597852	-	99	194	140	91	27	33
MA_RS10895	NC_003552.1	2597858	2598364	-	507	1420	1165	224	115	178
MA_RS10900	NC_003552.1	2598834	2601143	+	2310	417	406	58	32	24
MA_RS10905	NC_003552.1	2601180	2601404	+	225	259	170	5	2	0
MA_RS10910	NC_003552.1	2601523	2601714	-	192	228	149	22	4	6
MA_RS28585	NC_003552.1	2601892	2602059	+	168	35	43	8	0	3
MA_RS24560	NC_003552.1	2603087	2604769	-	1683	1912	1168	118	68	58
MA_RS10920	NC_003552.1	2605359	2606204	-	846	71	25	4	6	6
MA_RS10925	NC_003552.1	2606340	2607626	+	1287	145	82	50	38	26
MA_RS10930	NC_003552.1	2607834	2608148	-	315	111	43	11	2	1
MA_RS10935	NC_003552.1	2608160	2611021	-	2862	3355	3701	153	135	126
MA_RS10940	NC_003552.1	2611392	2612291	+	900	318	228	48	10	40
MA_RS10945	NC_003552.1	2612440	2613066	-	627	716	368	59	36	36
MA_RS10950	NC_003552.1	2613251	2614003	-	753	1165	781	744	348	338
MA_RS10955	NC_003552.1	2614000	2614803	-	804	2078	1852	216	148	156
MA_RS10960	NC_003552.1	2615350	2616234	+	885	5460	6311	982	662	771
MA_RS10965	NC_003552.1	2616265	2616534	+	270	124	173	17	15	4
MA_RS10970	NC_003552.1	2616562	2617179	+	618	3691	3814	261	156	244
MA_RS10975	NC_003552.1	2617346	2617876	+	531	1391	1149	1210	582	757
MA_RS10980	NC_003552.1	2618281	2619246	-	966	977	701	72	61	88
MA_RS10985	NC_003552.1	2619505	2621001	-	1497	2075	2086	344	202	196
MA_RS27915	NC_003552.1	2621047	2621385	-	339	534	378	4	0	5
MA_RS10995	NC_003552.1	2621389	2622738	-	1350	924	762	360	196	135
MA_RS11000	NC_003552.1	2622753	2624855	-	2103	1232	1301	513	331	275
MA_RS25475	NC_003552.1	2624888	2626351	-	1464	269	174	160	86	63
MA_RS11010	NC_003552.1	2626486	2627856	-	1371	790	674	205	90	119
MA_RS11015	NC_003552.1	2627964	2630717	-	2754	3771	4339	335	274	225
MA_RS26875	NC_003552.1	2631408	2631554	+	147	53	53	15	24	8
MA_RS11030	NC_003552.1	2631809	2632033	+	225	72	64	15	12	12
MA_RS11035	NC_003552.1	2632107	2633009	+	903	409	421	20	27	14
MA_RS11040	NC_003552.1	2633798	2634019	-	222	135	94	2	0	2
MA_RS26880	NC_003552.1	2634127	2634315	+	189	45	27	1	0	0
MA_RS11045	NC_003552.1	2634392	2634649	+	258	79	70	2	1	2
MA_RS29380	NC_003552.1	2635137	2635259	+	123	274	253	70	33	41
MA_RS11060	NC_003552.1	2635561	2635884	-	324	538	400	15	26	18
MA_RS11065	NC_003552.1	2636168	2636461	-	294	576	467	5	9	7
MA_RS11070	NC_003552.1	2636516	2636821	-	306	768	486	34	41	19
MA_RS11075	NC_003552.1	2636991	2637173	+	183	103	60	0	2	0
MA_RS11080	NC_003552.1	2637380	2637700	+	321	1515	872	35	27	38
MA_RS29385	NC_003552.1	2637697	2637825	+	129	101	67	5	0	10
MA_RS11085	NC_003552.1	2637892	2638824	-	933	2157	2015	208	152	167
MA_RS11090	NC_003552.1	2639274	2639504	+	231	549	453	0	4	0
MA_RS11095	NC_003552.1	2639527	2639721	+	195	298	254	9	4	3
MA_RS11100	NC_003552.1	2639725	2639967	+	243	276	219	89	49	73
MA_RS11105	NC_003552.1	2640185	2640925	-	741	361	237	34	16	19
MA_RS11110	NC_003552.1	2641833	2643239	-	1407	1317	798	335	224	147
MA_RS11115	NC_003552.1	2644134	2646170	+	2037	250	191	66	56	32
MA_RS11120	NC_003552.1	2646157	2647995	+	1839	456	244	52	42	24
MA_RS11125	NC_003552.1	2648251	2649435	-	1185	8038	7799	2497	1120	1658
MA_RS11130	NC_003552.1	2649918	2653130	-	3213	26332	23546	11453	4292	7057
MA_RS11135	NC_003552.1	2653130	2654236	-	1107	6107	5110	2333	1135	1337
MA_RS11140	NC_003552.1	2654921	2656396	+	1476	10690	10399	2118	1228	1446
MA_RS11145	NC_003552.1	2656390	2657220	+	831	5985	4851	3639	1658	2037
MA_RS11150	NC_003552.1	2657425	2658372	+	948	12372	13202	4290	2497	3331
MA_RS11155	NC_003552.1	2658984	2660045	+	1062	5710	5296	2917	2397	2279
MA_RS11160	NC_003552.1	2660075	2661118	+	1044	8391	8461	3897	1647	2354
MA_RS11165	NC_003552.1	2661115	2661912	+	798	2544	2517	982	671	695
MA_RS11170	NC_003552.1	2661915	2662694	+	780	910	749	82	64	54
MA_RS11175	NC_003552.1	2662711	2663463	+	753	1207	909	268	159	270
MA_RS11180	NC_003552.1	2663662	2664798	+	1137	8213	6959	1666	946	1029
MA_RS11185	NC_003552.1	2664798	2665040	+	243	774	689	53	60	50
MA_RS24565	NC_003552.1	2665118	2665888	+	771	1390	1391	243	159	197
MA_RS11195	NC_003552.1	2666416	2667507	+	1092	7132	7195	742	640	479
MA_RS26885	NC_003552.1	2667683	2667907	-	225	1013	937	87	27	35
MA_RS11205	NC_003552.1	2668473	2668643	+	171	54	40	0	0	0
MA_RS11210	NC_003552.1	2668880	2669128	+	249	611	390	51	54	44
MA_RS25480	NC_003552.1	2669326	2670008	-	683	781	665	80	80	64
MA_RS11230	NC_003552.1	2670258	2670452	-	195	15	12	0	0	0
MA_RS11235	NC_003552.1	2670598	2671632	+	1035	1035	1213	179	110	131
MA_RS11240	NC_003552.1	2672166	2672909	-	744	96	47	3	6	0
MA_RS26890	NC_003552.1	2673271	2673414	-	144	155	79	13	12	17
MA_RS26895	NC_003552.1	2673591	2673767	-	177	70	100	10	22	14
MA_RS25490	NC_003552.1	2674040	2674228	+	189	108	87	4	4	2
MA_RS11245	NC_003552.1	2674385	2674984	-	600	838	763	84	85	60
MA_RS11255	NC_003552.1	2675838	2676806	+	969	2320	1699	320	249	268
MA_RS11260	NC_003552.1	2676934	2677986	+	1053	133	72	8	2	0
MA_RS11265	NC_003552.1	2678066	2678506	+	441	45	34	2	2	2
MA_RS11270	NC_003552.1	2678446	2678970	+	525	12	13	0	4	0
MA_RS11275	NC_003552.1	2678967	2680130	+	1164	63	44	4	13	14
MA_RS29795	NC_003552.1	2680159	2680713	+	555	64	38	4	10	5
MA_RS11285	NC_003552.1	2680792	2682021	+	1230	215	155	45	11	27
MA_RS11290	NC_003552.1	2682018	2682689	+	672	163	72	16	10	7
MA_RS11295	NC_003552.1	2682900	2683556	+	657	54	19	2	0	2
MA_RS11300	NC_003552.1	2683653	2684837	+	1185	506	237	80	76	74
MA_RS11305	NC_003552.1	2685164	2686840	+	1677	3035	1557	207	216	99
MA_RS11310	NC_003552.1	2687120	2688571	+	1452	1324	837	158	125	95
MA_RS11315	NC_003552.1	2688548	2689510	-	963	361	224	56	91	65
MA_RS11320	NC_003552.1	2689650	2690681	-	1032	38	12	0	4	2
MA_RS11325	NC_003552.1	2690961	2691686	-	726	942	1009	37	16	36
MA_RS11330	NC_003552.1	2691754	2692488	-	735	1524	1380	123	138	72
MA_RS11335	NC_003552.1	2692661	2693722	-	1062	87	41	2	6	2
MA_RS11340	NC_003552.1	2693840	2694796	-	957	2569	3122	77	86	66
MA_RS28590	NC_003552.1	2694936	2695109	-	174	156	206	5	0	6
MA_RS11350	NC_003552.1	2695963	2697624	+	1662	812	549	112	88	81
MA_RS11360	NC_003552.1	2698556	2698825	+	270	495	498	45	42	43
MA_RS11365	NC_003552.1	2698983	2699579	-	597	1392	1277	117	83	77
MA_RS11375	NC_003552.1	2700208	2701050	+	843	853	717	43	52	31
MA_RS11380	NC_003552.1	2701395	2702213	+	819	699	544	60	54	50
MA_RS24570	NC_003552.1	2702383	2702751	+	369	838	522	130	55	104
MA_RS11390	NC_003552.1	2703324	2703782	-	459	279	240	128	105	113
MA_RS11395	NC_003552.1	2704355	2705059	+	705	176	126	48	16	22
MA_RS11400	NC_003552.1	2705601	2707067	-	1467	3649	4070	573	361	359
MA_RS11405	NC_003552.1	2707283	2708830	-	1548	7097	8283	1021	620	652
MA_RS11410	NC_003552.1	2709172	2709945	-	774	27	37	2	0	2
MA_RS11415	NC_003552.1	2709942	2711186	-	1245	289	217	32	27	18
MA_RS11420	NC_003552.1	2711453	2712964	-	1512	621	497	38	37	55
MA_RS11425	NC_003552.1	2713074	2713772	-	699	530	415	119	148	70
MA_RS11430	NC_003552.1	2713774	2714475	-	702	964	624	158	145	94
MA_RS11435	NC_003552.1	2714940	2715425	+	486	166	96	16	28	12
MA_RS11440	NC_003552.1	2715542	2715901	+	360	95	83	9	12	8
MA_RS11445	NC_003552.1	2716221	2718569	+	2349	354	296	159	93	152
MA_RS11450	NC_003552.1	2718792	2720270	+	1479	943	1147	614	282	404
MA_RS11455	NC_003552.1	2720421	2721071	+	651	766	712	456	313	404
MA_RS11460	NC_003552.1	2721755	2722243	+	489	7995	4958	23	26	26
MA_RS11465	NC_003552.1	2722379	2722738	+	360	2830	1965	19	12	20
MA_RS11475	NC_003552.1	2724165	2724350	+	186	379	257	1	14	3
MA_RS11480	NC_003552.1	2724350	2724577	+	228	107	109	0	1	0
MA_RS28595	NC_003552.1	2724652	2724795	-	144	328	301	10	12	4
MA_RS11490	NC_003552.1	2725199	2726260	+	1062	2616	1783	277	192	195
MA_RS11500	NC_003552.1	2726534	2727298	+	765	5119	5250	300	177	178
MA_RS11505	NC_003552.1	2727407	2728852	+	1446	507	504	285	63	102
MA_RS11510	NC_003552.1	2729208	2729570	+	363	353	131	43	22	28
MA_RS11515	NC_003552.1	2729768	2730613	+	846	330	350	32	43	18
MA_RS11520	NC_003552.1	2731074	2731925	-	852	1586	1846	213	263	215
MA_RS11525	NC_003552.1	2732203	2732442	-	240	291	248	6	2	2
MA_RS26905	NC_003552.1	2732454	2732681	-	228	16	24	0	2	4
MA_RS11530	NC_003552.1	2733903	2734793	-	891	57	44	4	2	0
MA_RS11535	NC_003552.1	2734866	2736029	+	1164	1096	1012	287	263	253
MA_RS11540	NC_003552.1	2736512	2736826	+	315	330	341	15	16	15
MA_RS26910	NC_003552.1	2736860	2737294	+	435	1782	1405	16	28	24
MA_RS11550	NC_003552.1	2737873	2738901	-	1029	104	49	12	12	8
MA_RS26915	NC_003552.1	2739421	2739606	-	186	172	150	19	6	17
MA_RS11565	NC_003552.1	2739683	2740627	-	945	999	666	60	41	38
MA_RS11570	NC_003552.1	2741325	2742788	-	1464	595	513	49	43	32
MA_RS11575	NC_003552.1	2743489	2744352	+	864	1139	1180	48	84	26
MA_RS11580	NC_003552.1	2745365	2745676	+	312	396	433	15	12	3
MA_RS26920	NC_003552.1	2746396	2746554	-	159	0	3	2	0	0
MA_RS11585	NC_003552.1	2746659	2748899	-	2241	556	437	12	24	15
MA_RS11590	NC_003552.1	2748903	2749082	-	180	1	0	0	0	0
MA_RS26925	NC_003552.1	2749079	2749240	-	162	8	5	0	0	0
MA_RS26930	NC_003552.1	2749240	2749650	-	411	24	24	0	8	0
MA_RS26935	NC_003552.1	2749704	2749844	-	141	4	0	0	0	0
MA_RS11600	NC_003552.1	2750192	2750491	-	300	139	75	2	0	0
MA_RS11605	NC_003552.1	2750757	2751605	-	849	3955	3933	469	305	398
MA_RS11610	NC_003552.1	2751866	2753893	-	2028	304	249	16	7	5
MA_RS11615	NC_003552.1	2754223	2754684	-	462	258	224	0	0	6
MA_RS11625	NC_003552.1	2755134	2756627	+	1494	245	174	114	124	98
MA_RS11630	NC_003552.1	2756929	2758215	-	1287	164	107	40	28	33
MA_RS11635	NC_003552.1	2758491	2759432	-	942	298	239	12	22	1
MA_RS11640	NC_003552.1	2759874	2761175	-	1302	7654	7192	736	437	547
MA_RS11645	NC_003552.1	2762059	2762256	+	198	40	13	14	4	0
MA_RS11650	NC_003552.1	2762806	2764086	+	1281	477	325	43	8	12
MA_RS11655	NC_003552.1	2764295	2764756	-	462	324	208	36	47	28
MA_RS25495	NC_003552.1	2765025	2765429	+	405	104	98	8	4	6
MA_RS11660	NC_003552.1	2765727	2766356	+	630	258	183	54	25	12
MA_RS11665	NC_003552.1	2766465	2766947	+	483	285	239	50	35	29
MA_RS11670	NC_003552.1	2767026	2768093	-	1068	2284	1996	493	325	434
MA_RS11675	NC_003552.1	2768318	2768590	+	273	298	195	2	3	4
MA_RS11680	NC_003552.1	2768993	2770099	+	1107	216	194	142	110	104
MA_RS29390	NC_003552.1	2770723	2771364	-	642	71	117	6	3	4
MA_RS29395	NC_003552.1	2771306	2771677	-	372	23	24	33	2	25
MA_RS29400	NC_003552.1	2771667	2771873	-	207	73	71	9	4	20
MA_RS29405	NC_003552.1	2771914	2772036	-	123	154	99	6	2	2
MA_RS11695	NC_003552.1	2772334	2773734	-	1401	2515	3002	215	109	144
MA_RS26950	NC_003552.1	2774651	2774788	+	138	230	74	21	49	30
MA_RS11705	NC_003552.1	2774795	2775178	+	384	537	625	60	34	66
MA_RS11710	NC_003552.1	2775217	2777907	+	2691	1626	1577	271	162	256
MA_RS11715	NC_003552.1	2778188	2779354	-	1167	1076	1080	3373	3090	2487
MA_RS11720	NC_003552.1	2779601	2780284	-	684	136	85	23	32	20
MA_RS11725	NC_003552.1	2780380	2781429	-	1050	1232	1386	236	228	181
MA_RS11730	NC_003552.1	2781569	2782036	-	468	612	639	88	67	42
MA_RS26245	NC_003552.1	2782480	2782635	-	156	64	36	0	1	0
MA_RS26250	NC_003552.1	2782661	2783002	-	342	12	24	0	3	0
MA_RS11740	NC_003552.1	2783162	2783512	+	351	186	148	6	7	20
MA_RS11745	NC_003552.1	2784163	2785533	-	1371	208	211	48	24	26
MA_RS11760	NC_003552.1	2786849	2787457	+	609	1660	1402	209	126	119
MA_RS11765	NC_003552.1	2787656	2789677	-	2022	801	669	107	53	53
MA_RS11770	NC_003552.1	2790147	2790359	+	213	46197	29538	48	45	43
MA_RS11775	NC_003552.1	2790601	2791350	-	750	8868	6463	95	79	44
MA_RS11780	NC_003552.1	2791923	2792423	-	501	797	597	13	26	42
MA_RS11785	NC_003552.1	2792830	2794011	+	1182	1318	1145	332	141	235
MA_RS11790	NC_003552.1	2794159	2795517	-	1359	2401	2246	872	471	531
MA_RS11795	NC_003552.1	2795544	2796899	-	1356	4348	4260	1206	548	598
MA_RS11800	NC_003552.1	2797078	2797791	-	714	3523	3059	778	504	592
MA_RS11805	NC_003552.1	2798145	2798351	-	207	99	106	28	6	12
MA_RS11810	NC_003552.1	2798371	2798757	-	387	94	135	11	12	12
MA_RS11815	NC_003552.1	2799194	2800102	-	909	83	53	16	12	10
MA_RS26955	NC_003552.1	2800503	2800661	+	159	7	3	0	0	0
MA_RS11820	NC_003552.1	2800818	2801675	+	858	211	198	70	44	64
MA_RS11825	NC_003552.1	2801957	2802781	+	825	1024	1198	299	144	179
MA_RS11830	NC_003552.1	2802953	2803630	+	678	1027	817	207	154	134
MA_RS11835	NC_003552.1	2803627	2804778	+	1152	802	763	151	117	109
MA_RS24585	NC_003552.1	2804942	2805430	-	489	112	45	108	47	73
MA_RS29410	NC_003552.1	2805427	2805549	-	123	7	1	0	0	0
MA_RS24590	NC_003552.1	2806534	2809467	+	2934	5392	6370	359	256	277
MA_RS11850	NC_003552.1	2809614	2809868	-	255	516	420	73	62	63
MA_RS11855	NC_003552.1	2809963	2810268	-	306	49	28	6	6	0
MA_RS11860	NC_003552.1	2810596	2811888	+	1293	2635	2296	415	328	341
MA_RS11865	NC_003552.1	2812020	2813321	-	1302	1312	1576	529	331	347
MA_RS29645	NC_003552.1	2814001	2814234	+	234	62	40	3	0	3
MA_RS11870	NC_003552.1	2814348	2814527	-	180	65	46	0	2	0
MA_RS11875	NC_003552.1	2814809	2815051	-	243	39	26	2	0	0
MA_RS11880	NC_003552.1	2815581	2815880	+	300	1361	1008	36	24	14
MA_RS11885	NC_003552.1	2815962	2816246	-	285	168	161	38	40	18
MA_RS29415	NC_003552.1	2817182	2817310	+	129	209	177	0	0	0
MA_RS11895	NC_003552.1	2817905	2819107	+	1203	449	307	61	28	29
MA_RS11905	NC_003552.1	2819852	2821048	+	1197	2328	2424	59	73	54
MA_RS11910	NC_003552.1	2821699	2821926	+	228	241	226	26	8	6
MA_RS11915	NC_003552.1	2822353	2824119	+	1767	876	699	138	95	85
MA_RS11920	NC_003552.1	2824137	2824703	-	567	1185	1059	178	148	128
MA_RS11925	NC_003552.1	2824983	2825150	+	168	14	14	8	6	6
MA_RS11930	NC_003552.1	2825407	2825925	+	519	274	261	30	34	22
MA_RS11935	NC_003552.1	2826238	2826564	+	327	602	461	132	303	135
MA_RS11940	NC_003552.1	2826586	2827098	+	513	2477	1784	1633	1003	1122
MA_RS11945	NC_003552.1	2827266	2831120	-	3855	3336	2880	605	408	423
MA_RS11950	NC_003552.1	2831346	2833241	+	1896	494	508	68	62	49
MA_RS28610	NC_003552.1	2833234	2834049	+	816	556	412	26	52	12
MA_RS26960	NC_003552.1	2834320	2834481	+	162	199	96	0	1	0
MA_RS11960	NC_003552.1	2834590	2835612	+	1023	443	377	38	16	12
MA_RS11965	NC_003552.1	2835723	2836835	-	1113	2223	2129	2036	995	1313
MA_RS11975	NC_003552.1	2837320	2837565	+	246	24	33	0	0	0
MA_RS11985	NC_003552.1	2838074	2840650	+	2577	4173	5839	1227	631	716
MA_RS26965	NC_003552.1	2840917	2841069	+	153	57	58	16	9	4
MA_RS11990	NC_003552.1	2841099	2841638	-	540	263	223	0	2	1
MA_RS11995	NC_003552.1	2841679	2843070	-	1392	764	730	72	42	44
MA_RS12000	NC_003552.1	2843256	2844917	+	1662	4482	3908	360	265	277
MA_RS12005	NC_003552.1	2845063	2845254	+	192	712	341	101	67	62
MA_RS29800	NC_003552.1	2845377	2845460	+	84	438	249	2571	2140	2063
MA_RS12010	NC_003552.1	2845550	2846131	-	582	415	391	33	22	25
MA_RS12015	NC_003552.1	2846163	2846345	-	183	21	14	2	0	0
MA_RS26975	NC_003552.1	2846894	2847184	-	291	524	391	2	2	0
MA_RS12020	NC_003552.1	2848117	2849664	-	1548	1544	1299	165	86	94
MA_RS12025	NC_003552.1	2849680	2850138	-	459	188	274	50	20	34
MA_RS26980	NC_003552.1	2850260	2850397	+	138	238	225	6	14	2
MA_RS29420	NC_003552.1	2851356	2851478	-	123	29	32	0	0	2
MA_RS25505	NC_003552.1	2851515	2851691	-	177	64	48	95	46	53
MA_RS25510	NC_003552.1	2851970	2852116	-	147	76	58	22	14	13
MA_RS12035	NC_003552.1	2852717	2853898	-	1182	2553	2452	319	380	278
MA_RS12040	NC_003552.1	2854167	2855540	-	1374	3158	3138	416	307	391
MA_RS12045	NC_003552.1	2855788	2856351	+	564	1379	961	38	30	45
MA_RS28615	NC_003552.1	2856519	2856695	+	177	5592	3939	22	27	32
MA_RS12050	NC_003552.1	2857149	2857577	-	429	508	512	75	84	66
MA_RS12055	NC_003552.1	2858398	2859336	+	939	610	735	104	102	60
MA_RS12060	NC_003552.1	2860192	2860614	+	423	910	789	33	47	18
MA_RS12065	NC_003552.1	2860946	2863105	+	2160	3736	4487	2013	1302	1650
MA_RS12070	NC_003552.1	2863737	2864087	+	351	311	264	85	77	72
MA_RS12075	NC_003552.1	2864665	2865918	+	1254	738	694	73	45	49
MA_RS24595	NC_003552.1	2866121	2867065	+	945	222	134	113	45	68
MA_RS12085	NC_003552.1	2867342	2868058	+	717	177	163	32	10	22
MA_RS26990	NC_003552.1	2868046	2868312	-	267	67	34	11	2	11
MA_RS12090	NC_003552.1	2868824	2869219	+	396	201	158	22	6	21
MA_RS12095	NC_003552.1	2869512	2870009	-	498	2100	1797	160	140	143
MA_RS12100	NC_003552.1	2870235	2871047	-	813	2038	2062	658	415	433
MA_RS12110	NC_003552.1	2872703	2875003	+	2301	1134	998	160	94	90
MA_RS12115	NC_003552.1	2875248	2877587	+	2340	266	286	54	41	38
MA_RS26995	NC_003552.1	2878365	2878715	+	351	146	132	5	18	16
MA_RS12125	NC_003552.1	2878773	2879501	-	729	1501	952	96	70	73
MA_RS12130	NC_003552.1	2879753	2880343	+	591	321	322	60	26	46
MA_RS12135	NC_003552.1	2880399	2880905	-	507	777	883	34	21	21
MA_RS12140	NC_003552.1	2881143	2881679	-	537	394	243	29	11	13
MA_RS12145	NC_003552.1	2882418	2882933	+	516	224	223	31	22	8
MA_RS27000	NC_003552.1	2884333	2884509	-	177	25097	9847	46	29	34
MA_RS12150	NC_003552.1	2884612	2885592	-	981	460	360	134	129	138
MA_RS12155	NC_003552.1	2886316	2887479	+	1164	1070	871	113	115	93
MA_RS12160	NC_003552.1	2887929	2888933	-	1005	5884	3769	132	164	132
MA_RS12165	NC_003552.1	2889363	2890310	+	948	782	703	517	336	294
MA_RS12170	NC_003552.1	2890873	2893050	-	2178	6201	4946	268	209	206
MA_RS12175	NC_003552.1	2893206	2894222	-	1017	4156	3704	424	198	273
MA_RS12180	NC_003552.1	2895198	2897783	+	2586	7297	7596	1623	1231	1082
MA_RS12185	NC_003552.1	2897863	2899467	-	1605	7184	6565	65	41	45
MA_RS28620	NC_003552.1	2900123	2900545	-	423	525	374	118	114	59
MA_RS28625	NC_003552.1	2900555	2900668	-	114	167	119	1	4	0
MA_RS12195	NC_003552.1	2901238	2901909	+	672	1273	705	30	19	11
MA_RS12200	NC_003552.1	2902430	2903443	-	1014	825	703	1255	1243	1127
MA_RS27010	NC_003552.1	2903635	2903817	-	183	44	29	0	0	0
MA_RS12205	NC_003552.1	2904898	2905242	-	345	345	277	20	33	21
MA_RS12210	NC_003552.1	2906551	2906877	-	327	1365	958	2	4	2
MA_RS12225	NC_003552.1	2908647	2910485	+	1839	1323	1291	73	51	72
MA_RS29425	NC_003552.1	2910491	2911954	+	1464	475	533	41	29	21
MA_RS12235	NC_003552.1	2912153	2912896	+	744	101	94	18	7	7
MA_RS12240	NC_003552.1	2912899	2913531	+	633	124	72	18	16	10
MA_RS12245	NC_003552.1	2913777	2917652	-	3876	5622	6092	551	378	412
MA_RS12250	NC_003552.1	2917642	2918955	-	1314	2386	2724	397	175	220
MA_RS12255	NC_003552.1	2919153	2921201	-	2049	4244	3642	325	208	228
MA_RS12260	NC_003552.1	2921277	2923976	-	2700	2988	2698	260	170	158
MA_RS27015	NC_003552.1	2924265	2924411	-	147	2	11	2	0	4
MA_RS12265	NC_003552.1	2924500	2925885	-	1386	192	191	26	9	10
MA_RS12270	NC_003552.1	2926166	2926411	+	246	2045	1363	15	9	16
MA_RS25535	NC_003552.1	2926380	2926607	+	228	335	215	27	14	17
MA_RS28630	NC_003552.1	2926745	2926933	-	189	76	47	0	0	2
MA_RS12280	NC_003552.1	2927245	2928777	-	1533	1706	1656	191	105	109
MA_RS12285	NC_003552.1	2928809	2928934	-	126	259	219	0	4	1
MA_RS12290	NC_003552.1	2929235	2930611	-	1377	1380	1281	144	38	100
MA_RS12295	NC_003552.1	2930803	2931831	-	1029	606	523	70	67	36
MA_RS12300	NC_003552.1	2931898	2935383	-	3486	4549	4723	1177	644	610
MA_RS12305	NC_003552.1	2935402	2938998	-	3597	3634	3632	746	458	455
MA_RS12310	NC_003552.1	2939132	2939704	-	573	902	629	156	133	84
MA_RS12315	NC_003552.1	2940373	2940457	-	85	34	9	2	0	0
MA_RS12320	NC_003552.1	2940555	2941310	+	756	5421	5489	801	601	698
MA_RS12325	NC_003552.1	2941685	2941993	+	309	712	520	51	52	56
MA_RS12335	NC_003552.1	2942310	2943596	-	1287	119	65	39	42	20
MA_RS12340	NC_003552.1	2943739	2943939	+	201	9	13	0	0	0
MA_RS12345	NC_003552.1	2944122	2944466	+	345	408	202	5	4	10
MA_RS12350	NC_003552.1	2944659	2946044	-	1386	554	356	111	70	74
MA_RS12355	NC_003552.1	2946057	2947064	-	1008	488	351	87	52	92
MA_RS12360	NC_003552.1	2947076	2949460	-	2385	309	328	206	96	91
MA_RS12365	NC_003552.1	2950991	2953906	+	2916	1733	1639	98	58	60
MA_RS28640	NC_003552.1	2954118	2954303	+	186	31	39	2	4	0
MA_RS28645	NC_003552.1	2954363	2954584	+	222	243	175	17	13	8
MA_RS12375	NC_003552.1	2955023	2955541	+	519	833	643	24	12	22
MA_RS12380	NC_003552.1	2955775	2956182	-	408	5463	4371	39	36	9
MA_RS12385	NC_003552.1	2956800	2956872	-	73	289	178	10	4	6
MA_RS12390	NC_003552.1	2957110	2957511	-	402	18497	15022	272	287	229
MA_RS12395	NC_003552.1	2957546	2957878	-	333	24589	17284	2174	2277	1698
MA_RS27025	NC_003552.1	2958338	2958514	+	177	50	34	0	2	0
MA_RS12400	NC_003552.1	2958578	2959042	+	465	2070	1550	151	113	139
MA_RS12405	NC_003552.1	2961448	2962959	+	1512	8332	8503	873	560	531
MA_RS12410	NC_003552.1	2963638	2964924	-	1287	158	83	36	38	34
MA_RS25545	NC_003552.1	2965388	2965558	+	171	42	29	0	0	0
MA_RS12415	NC_003552.1	2965720	2965992	+	273	191	164	4	16	0
MA_RS12420	NC_003552.1	2966285	2966692	+	408	251	255	3	0	2
MA_RS12425	NC_003552.1	2966867	2967061	+	195	28	27	1	0	6
MA_RS12430	NC_003552.1	2967083	2967262	+	180	86	33	0	2	0
MA_RS24605	NC_003552.1	2967941	2969869	+	1929	1146	1089	483	356	367
MA_RS28650	NC_003552.1	2970820	2970963	-	144	1	0	0	0	0
MA_RS12445	NC_003552.1	2970898	2971140	+	243	50	82	0	0	0
MA_RS25550	NC_003552.1	2971346	2971969	+	624	986	1195	199	105	126
MA_RS12455	NC_003552.1	2972077	2972823	-	747	1672	1918	152	118	121
MA_RS12460	NC_003552.1	2973045	2973692	-	648	941	803	25	11	39
MA_RS12470	NC_003552.1	2974508	2975953	+	1446	1875	1796	288	143	141
MA_RS12475	NC_003552.1	2975931	2977709	+	1779	813	825	402	142	199
MA_RS12485	NC_003552.1	2978376	2979587	-	1212	309	213	28	35	25
MA_RS12490	NC_003552.1	2979708	2980598	-	891	556	712	49	14	36
MA_RS12495	NC_003552.1	2981201	2981392	-	192	2251	2173	47	103	49
MA_RS12500	NC_003552.1	2982293	2982961	-	669	242	205	10	12	8
MA_RS12505	NC_003552.1	2983079	2983888	-	810	454	508	66	48	62
MA_RS12510	NC_003552.1	2984190	2985278	+	1089	5697	7741	266	219	206
MA_RS12515	NC_003552.1	2985514	2985786	+	273	22	40	0	6	0
MA_RS12520	NC_003552.1	2986018	2987220	+	1203	1333	1356	236	190	230
MA_RS12525	NC_003552.1	2987304	2988848	+	1545	4395	5015	648	409	428
MA_RS28655	NC_003552.1	2989558	2990130	+	573	1698	2462	159	111	132
MA_RS12530	NC_003552.1	2990012	2991094	+	1083	1056	1289	428	232	319
MA_RS12535	NC_003552.1	2991091	2992266	+	1176	133	83	70	37	56
MA_RS12540	NC_003552.1	2992269	2993099	+	831	110	86	83	18	58
MA_RS12545	NC_003552.1	2993100	2995208	+	2109	459	400	91	70	71
MA_RS12550	NC_003552.1	2995208	2998648	+	3441	1018	989	252	117	172
MA_RS12555	NC_003552.1	2998810	2999253	-	444	171	177	9	13	16
MA_RS12560	NC_003552.1	2999387	2999611	-	225	236	241	4	18	9
MA_RS12565	NC_003552.1	2999614	3000480	-	867	218	228	38	27	32
MA_RS12570	NC_003552.1	3000967	3001503	+	537	770	635	42	28	27
MA_RS12575	NC_003552.1	3001749	3002984	+	1236	1794	1465	129	127	120
MA_RS12580	NC_003552.1	3003323	3003964	+	642	608	697	3593	1835	2699
MA_RS12595	NC_003552.1	3005565	3007070	+	1506	519	455	357	144	271
MA_RS12600	NC_003552.1	3007439	3008758	-	1320	13186	13205	917	513	651
MA_RS27030	NC_003552.1	3009987	3010130	+	144	660	372	10	16	3
MA_RS12605	NC_003552.1	3011058	3011258	-	201	26	9	6	8	2
MA_RS12610	NC_003552.1	3011832	3012434	+	603	4379	4351	202	250	187
MA_RS12620	NC_003552.1	3015681	3016349	-	669	1484	1225	125	62	69
MA_RS12625	NC_003552.1	3016402	3019578	-	3177	20637	23596	4700	2211	3160
MA_RS27035	NC_003552.1	3020111	3020251	-	141	105	102	8	3	2
MA_RS12630	NC_003552.1	3020650	3021894	-	1245	1301	989	161	139	174
MA_RS12635	NC_003552.1	3022250	3023146	-	897	852	663	136	54	97
MA_RS12640	NC_003552.1	3023143	3024744	-	1602	1571	1713	398	242	343
MA_RS12645	NC_003552.1	3024758	3025747	-	990	1061	1435	131	68	78
MA_RS12650	NC_003552.1	3025768	3026043	-	276	144	158	54	33	21
MA_RS12655	NC_003552.1	3026082	3026771	-	690	545	553	136	53	113
MA_RS12660	NC_003552.1	3026761	3027075	-	315	84	49	16	24	14
MA_RS12665	NC_003552.1	3027068	3027406	-	339	242	255	146	63	89
MA_RS12670	NC_003552.1	3027399	3027803	-	405	113	128	17	8	12
MA_RS12675	NC_003552.1	3027800	3029233	-	1434	1812	1909	578	265	484
MA_RS12680	NC_003552.1	3029809	3030297	+	489	146	95	19	4	8
MA_RS12685	NC_003552.1	3030456	3030965	-	510	292	198	19	9	14
MA_RS12690	NC_003552.1	3031151	3031244	-	94	31	16	6	4	2
MA_RS12695	NC_003552.1	3031777	3032499	+	723	236	201	803	560	548
MA_RS12700	NC_003552.1	3032492	3033346	+	855	694	681	393	191	237
MA_RS12705	NC_003552.1	3033905	3034630	-	726	125	78	8	4	4
MA_RS12710	NC_003552.1	3035087	3035764	-	678	419	391	20	34	20
MA_RS12715	NC_003552.1	3035831	3036820	-	990	2688	2475	205	123	163
MA_RS28660	NC_003552.1	3037598	3037828	+	231	99	71	40	17	36
MA_RS12725	NC_003552.1	3037900	3039723	-	1824	7680	6908	2138	1012	1143
MA_RS12730	NC_003552.1	3040375	3040680	+	306	341	284	27	18	14
MA_RS12735	NC_003552.1	3040853	3040935	+	83	22	15	9	0	0
MA_RS12740	NC_003552.1	3040962	3041777	-	816	1754	1766	20	20	10
MA_RS12745	NC_003552.1	3042074	3043180	-	1107	796	673	86	62	42
MA_RS12750	NC_003552.1	3043820	3044002	+	183	181	130	2	4	0
MA_RS12755	NC_003552.1	3043984	3044727	+	744	683	645	23	8	12
MA_RS12760	NC_003552.1	3044744	3046399	+	1656	4678	5107	339	206	277
MA_RS12765	NC_003552.1	3046417	3047556	+	1140	6210	7309	781	386	606
MA_RS12770	NC_003552.1	3047784	3048044	-	261	4500	4285	461	266	298
MA_RS12780	NC_003552.1	3048935	3050386	-	1452	563	458	78	44	46
MA_RS12785	NC_003552.1	3050678	3053443	-	2766	406	314	122	106	94
MA_RS12795	NC_003552.1	3055290	3056432	-	1143	1392	933	45	19	37
MA_RS12800	NC_003552.1	3056375	3057607	-	1233	797	729	222	119	158
MA_RS12805	NC_003552.1	3057607	3058455	-	849	749	574	45	33	32
MA_RS12810	NC_003552.1	3058523	3059416	-	894	444	394	74	59	82
MA_RS12815	NC_003552.1	3059748	3060212	-	465	99	45	4	6	2
MA_RS28665	NC_003552.1	3060820	3061074	-	255	76	58	8	6	7
MA_RS28670	NC_003552.1	3061136	3061321	-	186	67	32	9	4	3
MA_RS12825	NC_003552.1	3061394	3061648	-	255	249	135	2	2	0
MA_RS12830	NC_003552.1	3061711	3062409	-	699	201	140	2	8	4
MA_RS12835	NC_003552.1	3062537	3063424	-	888	201	192	14	0	18
MA_RS12840	NC_003552.1	3063602	3064528	-	927	240	276	26	12	19
MA_RS25575	NC_003552.1	3064763	3065460	+	698	512	271	103	62	43
MA_RS12850	NC_003552.1	3065988	3067799	+	1812	6033	6960	3461	1686	2221
MA_RS12855	NC_003552.1	3067796	3069598	+	1803	4699	5326	3105	1307	2028
MA_RS12860	NC_003552.1	3069680	3070372	-	693	261	219	110	49	71
MA_RS12865	NC_003552.1	3070427	3071038	+	612	186	150	70	46	35
MA_RS12870	NC_003552.1	3071258	3072889	-	1632	1392	1361	1575	1178	1168
MA_RS12880	NC_003552.1	3073304	3074935	-	1632	2951	3157	1348	946	1074
MA_RS12885	NC_003552.1	3075075	3075839	-	765	1016	1347	444	308	362
MA_RS12890	NC_003552.1	3075832	3076758	-	927	3786	5087	1019	627	882
MA_RS12895	NC_003552.1	3076758	3077627	-	870	2219	2481	1396	573	885
MA_RS12900	NC_003552.1	3077747	3078742	-	996	5826	7524	3308	1230	2078
MA_RS12905	NC_003552.1	3078787	3080394	-	1608	26168	35839	8471	5628	6990
MA_RS12910	NC_003552.1	3080771	3081094	+	324	1202	1541	275	125	190
MA_RS12915	NC_003552.1	3081125	3082129	-	1005	5869	7347	3132	1577	2337
MA_RS12920	NC_003552.1	3082126	3082971	-	846	5250	5846	1937	864	1358
MA_RS12925	NC_003552.1	3083028	3084644	-	1617	15816	21017	11424	6218	8154
MA_RS12935	NC_003552.1	3085209	3085388	+	180	131	114	15	5	7
MA_RS12940	NC_003552.1	3085382	3086065	-	684	162	181	20	19	16
MA_RS12945	NC_003552.1	3086153	3087322	-	1170	162	243	39	18	24
MA_RS12950	NC_003552.1	3087422	3088591	-	1170	116	62	12	4	10
MA_RS12955	NC_003552.1	3088597	3089766	-	1170	82	50	29	8	15
MA_RS25580	NC_003552.1	3089878	3091068	+	1191	128	73	32	40	35
MA_RS12965	NC_003552.1	3091552	3092202	+	651	220	146	70	40	34
MA_RS12970	NC_003552.1	3092456	3093760	-	1305	196	101	14	17	4
MA_RS12975	NC_003552.1	3094066	3094737	+	672	755	601	305	259	267
MA_RS12980	NC_003552.1	3094832	3095623	+	792	2884	3252	763	447	661
MA_RS12985	NC_003552.1	3095829	3096671	+	843	1056	1561	125	72	109
MA_RS12990	NC_003552.1	3096671	3097261	+	591	289	343	42	16	30
MA_RS12995	NC_003552.1	3097824	3098651	-	828	1012	645	164	117	128
MA_RS13000	NC_003552.1	3099112	3099660	-	549	211	132	48	33	24
MA_RS13005	NC_003552.1	3099794	3102637	-	2844	1107	1365	305	167	283
MA_RS13010	NC_003552.1	3102716	3103723	-	1008	278	259	50	40	62
MA_RS13015	NC_003552.1	3103804	3105366	-	1563	258	272	108	102	118
MA_RS13020	NC_003552.1	3105593	3105973	-	381	34	55	26	10	12
MA_RS13025	NC_003552.1	3106171	3106551	-	381	75	74	4	0	2
MA_RS13030	NC_003552.1	3106620	3107180	-	561	68	55	6	14	0
MA_RS13035	NC_003552.1	3108228	3112775	-	4548	1803	1546	160	100	90
MA_RS13040	NC_003552.1	3113263	3113784	+	522	456	439	48	29	17
MA_RS13045	NC_003552.1	3113836	3114345	+	510	590	374	10	0	7
MA_RS13050	NC_003552.1	3114624	3116882	+	2259	9888	11144	1309	868	1060
MA_RS28675	NC_003552.1	3117886	3118386	-	501	232	226	13	1	12
MA_RS13060	NC_003552.1	3119761	3120225	+	465	411	307	25	40	16
MA_RS13065	NC_003552.1	3120606	3121856	+	1251	4092	4657	580	433	455
MA_RS13070	NC_003552.1	3121984	3122529	+	546	1915	1851	145	89	113
MA_RS13075	NC_003552.1	3122675	3123286	-	612	184	158	7	12	2
MA_RS13085	NC_003552.1	3124686	3126677	-	1992	4514	3426	1089	585	602
MA_RS13090	NC_003552.1	3127666	3128589	-	924	5186	5595	434	545	469
MA_RS13095	NC_003552.1	3128887	3130068	+	1182	4468	3945	484	402	348
MA_RS13100	NC_003552.1	3130714	3131325	-	612	1707	1341	190	97	134
MA_RS13105	NC_003552.1	3131961	3132392	+	432	417	260	83	58	46
MA_RS28690	NC_003552.1	3133349	3133528	+	180	29	18	2	0	0
MA_RS13120	NC_003552.1	3133591	3135147	+	1557	612	421	72	42	48
MA_RS13125	NC_003552.1	3135636	3136244	+	609	61	52	0	2	4
MA_RS13130	NC_003552.1	3136231	3139932	+	3702	519	370	84	52	35
MA_RS13135	NC_003552.1	3140436	3140780	-	345	160	129	55	30	41
MA_RS13145	NC_003552.1	3142648	3142872	+	225	1225	988	5	0	4
MA_RS13150	NC_003552.1	3143359	3144546	-	1188	1554	1232	199	180	126
MA_RS13155	NC_003552.1	3145373	3146443	+	1071	383	333	160	112	155
MA_RS13160	NC_003552.1	3146656	3146976	+	321	209	163	41	38	39
MA_RS13165	NC_003552.1	3147194	3147694	-	501	371	261	18	24	24
MA_RS13170	NC_003552.1	3147930	3149150	-	1221	643	675	320	284	296
MA_RS13175	NC_003552.1	3149406	3150620	+	1215	1795	1656	1041	621	798
MA_RS13180	NC_003552.1	3150613	3150819	+	207	54	25	55	27	20
MA_RS13185	NC_003552.1	3151012	3152694	-	1683	1434	1200	709	449	485
MA_RS13190	NC_003552.1	3153550	3154293	-	744	13620	18276	63	19	24
MA_RS13195	NC_003552.1	3154803	3155525	+	723	147	78	4	2	0
MA_RS13200	NC_003552.1	3155501	3156787	+	1287	124	84	39	28	32
MA_RS13210	NC_003552.1	3158011	3159384	+	1374	5052	6239	156	85	119
MA_RS13215	NC_003552.1	3159413	3160756	-	1344	3537	3176	472	331	323
MA_RS13220	NC_003552.1	3160993	3161658	-	666	687	695	303	212	233
MA_RS13225	NC_003552.1	3162053	3163042	-	990	803	679	599	384	415
MA_RS13230	NC_003552.1	3164339	3164746	+	408	666	536	189	110	81
MA_RS13235	NC_003552.1	3164908	3165912	+	1005	5399	4600	649	638	541
MA_RS13240	NC_003552.1	3166042	3167262	+	1221	11612	12408	2820	2070	2297
MA_RS13245	NC_003552.1	3167348	3167629	-	282	100	101	115	102	67
MA_RS13250	NC_003552.1	3169729	3170667	+	939	183	170	254	126	142
MA_RS13255	NC_003552.1	3170677	3172110	+	1434	336	335	300	164	223
MA_RS13260	NC_003552.1	3172146	3173384	+	1239	315	343	194	104	109
MA_RS13265	NC_003552.1	3173481	3174317	+	837	140	124	206	128	132
MA_RS13270	NC_003552.1	3174427	3175542	+	1116	849	722	124	92	99
MA_RS13275	NC_003552.1	3175577	3177712	-	2136	7538	7895	454	266	237
MA_RS13280	NC_003552.1	3178609	3179340	+	732	5713	5224	693	548	420
MA_RS13285	NC_003552.1	3179476	3181599	-	2124	11419	9796	3446	2377	2312
MA_RS13290	NC_003552.1	3181880	3182776	-	897	510	398	276	169	155
MA_RS13295	NC_003552.1	3183226	3183435	-	210	1037	1014	486	665	338
MA_RS13300	NC_003552.1	3183587	3183991	-	405	4543	4758	4669	5116	3987
MA_RS13305	NC_003552.1	3184145	3184765	+	621	406	458	142	132	121
MA_RS13310	NC_003552.1	3184875	3185315	-	441	5651	4832	104	92	97
MA_RS13315	NC_003552.1	3185701	3186693	-	993	3759	2553	302	208	178
MA_RS27050	NC_003552.1	3186804	3187055	+	252	5	0	0	0	0
MA_RS13325	NC_003552.1	3187166	3188380	-	1215	429	322	142	166	159
MA_RS13340	NC_003552.1	3189454	3190269	+	816	411	295	23	25	24
MA_RS13350	NC_003552.1	3191623	3192927	+	1305	196	75	8	13	4
MA_RS13355	NC_003552.1	3193488	3195092	+	1605	977	1014	190	144	135
MA_RS13365	NC_003552.1	3195701	3196699	+	999	482	400	149	102	98
MA_RS13370	NC_003552.1	3196686	3197315	+	630	1561	1333	137	110	157
MA_RS13375	NC_003552.1	3197504	3199210	-	1707	7926	7623	1581	708	951
MA_RS13380	NC_003552.1	3199278	3200285	-	1008	4657	5203	935	511	632
MA_RS13385	NC_003552.1	3200299	3200802	-	504	4905	4468	626	440	396
MA_RS13390	NC_003552.1	3201249	3202316	-	1068	7409	6478	683	683	515
MA_RS13395	NC_003552.1	3202579	3203688	+	1110	3093	2918	459	518	372
MA_RS13400	NC_003552.1	3203801	3204049	+	249	3895	3187	56	58	35
MA_RS13410	NC_003552.1	3204867	3206153	-	1287	136	49	25	28	12
MA_RS13420	NC_003552.1	3206506	3207750	-	1245	277	178	42	23	26
MA_RS24610	NC_003552.1	3207833	3210988	+	3156	647	444	51	45	75
MA_RS13430	NC_003552.1	3210990	3211178	+	189	40	22	4	1	8
MA_RS13435	NC_003552.1	3211331	3212572	+	1242	902	625	45	42	32
MA_RS13440	NC_003552.1	3213177	3213698	+	522	389	185	0	3	2
MA_RS13445	NC_003552.1	3213869	3216232	-	2364	3064	2901	105	63	54
MA_RS13450	NC_003552.1	3216559	3216798	-	240	318	254	47	8	14
MA_RS13455	NC_003552.1	3216813	3217253	-	441	206	132	0	15	0
MA_RS13460	NC_003552.1	3217253	3219280	-	2028	2446	1751	51	30	20
MA_RS13465	NC_003552.1	3219295	3219534	-	240	94	43	0	0	0
MA_RS13470	NC_003552.1	3219531	3219836	-	306	357	325	21	3	5
MA_RS13475	NC_003552.1	3219833	3220204	-	372	549	305	5	4	2
MA_RS13480	NC_003552.1	3220201	3222234	-	2034	6586	4991	27	34	32
MA_RS13485	NC_003552.1	3222315	3222551	-	237	1227	890	7	6	3
MA_RS13490	NC_003552.1	3222552	3223391	-	840	2775	2183	18	12	2
MA_RS13495	NC_003552.1	3223391	3223804	-	414	1022	731	0	0	0
MA_RS13500	NC_003552.1	3223820	3224470	-	651	3981	3517	9	0	0
MA_RS13505	NC_003552.1	3224476	3224958	-	483	5847	5158	3	2	7
MA_RS13515	NC_003552.1	3225273	3225656	-	384	78031	48887	6	2	6
MA_RS27060	NC_003552.1	3225981	3226130	+	150	12	4	0	0	0
MA_RS13520	NC_003552.1	3226127	3226417	+	291	19	17	4	1	0
MA_RS29815	NC_003552.1	3226417	3226809	+	393	67	62	2	0	0
MA_RS13530	NC_003552.1	3226951	3227526	-	576	724	650	41	53	20
MA_RS13535	NC_003552.1	3227880	3228956	-	1077	975	373	6	2	6
MA_RS29430	NC_003552.1	3229190	3229321	-	132	48	39	0	1	1
MA_RS13540	NC_003552.1	3229629	3231125	+	1497	847	525	20	37	14
MA_RS13545	NC_003552.1	3231833	3232318	-	486	3854	2676	117	258	128
MA_RS13550	NC_003552.1	3232687	3234708	-	2022	1682	903	382	397	216
MA_RS13555	NC_003552.1	3235205	3235744	-	540	1188	603	54	42	58
MA_RS13560	NC_003552.1	3235948	3237081	-	1134	375	377	10	10	14
MA_RS13565	NC_003552.1	3237620	3238069	-	450	1814	1416	6	2	4
MA_RS13570	NC_003552.1	3238066	3238551	-	486	2196	2719	4	0	0
MA_RS13575	NC_003552.1	3238787	3238972	-	186	899	923	0	0	0
MA_RS13580	NC_003552.1	3238973	3239365	-	393	4300	4526	2	0	6
MA_RS27070	NC_003552.1	3239471	3239647	-	177	836	801	0	0	0
MA_RS13585	NC_003552.1	3239644	3239835	-	192	1255	1254	0	1	0
MA_RS27075	NC_003552.1	3239832	3239972	-	141	56	72	0	0	0
MA_RS27080	NC_003552.1	3239969	3240121	-	153	82	89	0	0	0
MA_RS27085	NC_003552.1	3240118	3240255	-	138	1903	1953	2	0	0
MA_RS13590	NC_003552.1	3240412	3240612	-	201	1017	949	2	0	0
MA_RS13595	NC_003552.1	3240730	3241143	+	414	1688	855	17	29	19
MA_RS13600	NC_003552.1	3241234	3241740	-	507	1802	1001	116	130	81
MA_RS13605	NC_003552.1	3241991	3242326	+	336	1014	402	0	2	6
MA_RS27090	NC_003552.1	3242685	3242888	+	204	89	109	9	8	2
MA_RS29435	NC_003552.1	3243145	3243384	-	240	42	70	0	2	1
MA_RS13615	NC_003552.1	3243393	3244418	-	1026	79	58	6	0	2
MA_RS13625	NC_003552.1	3244759	3245589	-	831	1804	1562	1563	1028	1024
MA_RS13630	NC_003552.1	3246012	3246272	-	261	247	177	12	7	8
MA_RS13635	NC_003552.1	3246294	3246719	-	426	98	42	19	14	10
MA_RS13640	NC_003552.1	3246716	3247261	-	546	184	145	18	2	6
MA_RS13645	NC_003552.1	3247791	3248459	-	669	344	346	12	9	8
MA_RS13650	NC_003552.1	3248967	3249215	+	249	51	35	2	0	4
MA_RS27095	NC_003552.1	3249281	3249424	-	144	26	8	2	1	4
MA_RS13655	NC_003552.1	3249431	3249946	+	516	228	191	2	4	9
MA_RS13660	NC_003552.1	3250240	3250566	+	327	1203	625	152	95	128
MA_RS13665	NC_003552.1	3250613	3250870	-	258	417	421	124	70	74
MA_RS28205	NC_003552.1	3250883	3251341	-	459	556	548	27	24	8
MA_RS28210	NC_003552.1	3251459	3252049	-	591	506	421	50	60	48
MA_RS13675	NC_003552.1	3252462	3253766	-	1305	252	83	8	14	6
MA_RS13680	NC_003552.1	3254071	3254631	+	561	142	88	17	7	7
MA_RS13685	NC_003552.1	3255085	3255573	+	489	2807	3369	1437	1522	1211
MA_RS13690	NC_003552.1	3255880	3257859	-	1980	585	591	210	137	145
MA_RS13695	NC_003552.1	3258044	3259009	-	966	565	559	48	24	20
MA_RS13700	NC_003552.1	3259574	3260722	+	1149	204	163	32	24	10
MA_RS29440	NC_003552.1	3260868	3261002	+	135	17	2	0	0	0
MA_RS13705	NC_003552.1	3261009	3261563	+	555	33	62	11	7	4
MA_RS13710	NC_003552.1	3261612	3262478	+	867	89	88	102	36	118
MA_RS13715	NC_003552.1	3262680	3263621	+	942	192	196	19	7	12
MA_RS13720	NC_003552.1	3263773	3265059	-	1287	132	105	42	47	23
MA_RS27100	NC_003552.1	3265155	3265334	+	180	151	60	16	4	6
MA_RS25595	NC_003552.1	3265694	3265843	+	150	9	8	5	12	14
MA_RS13725	NC_003552.1	3265921	3266904	+	984	271	226	94	58	35
MA_RS27105	NC_003552.1	3266950	3267093	-	144	3	5	2	0	0
MA_RS13730	NC_003552.1	3267202	3267735	+	534	84	87	28	12	16
MA_RS27110	NC_003552.1	3267814	3267969	+	156	44	74	13	24	21
MA_RS28700	NC_003552.1	3268130	3268288	+	159	48	49	14	0	8
MA_RS28705	NC_003552.1	3268419	3268811	+	393	101	80	23	22	4
MA_RS13740	NC_003552.1	3269154	3269714	+	561	191	116	18	14	8
MA_RS13745	NC_003552.1	3270322	3270882	+	561	60	46	2	6	0
MA_RS13750	NC_003552.1	3271158	3271400	+	243	69	43	2	0	0
MA_RS13755	NC_003552.1	3271551	3271973	+	423	31	17	0	0	0
MA_RS13765	NC_003552.1	3273086	3273601	+	516	164	150	55	31	34
MA_RS13770	NC_003552.1	3273812	3276166	+	2355	643	651	116	46	83
MA_RS13775	NC_003552.1	3276371	3277351	+	981	300	332	67	24	68
MA_RS13780	NC_003552.1	3277504	3278844	+	1341	160	199	34	8	26
MA_RS13785	NC_003552.1	3278967	3280457	+	1491	955	816	71	39	39
MA_RS29445	NC_003552.1	3280509	3280637	+	129	18	17	4	5	1
MA_RS13795	NC_003552.1	3280969	3281886	+	918	149	85	23	14	10
MA_RS13800	NC_003552.1	3282099	3284456	+	2358	312	398	67	42	48
MA_RS13805	NC_003552.1	3284586	3285140	+	555	146	157	18	22	16
MA_RS13810	NC_003552.1	3285263	3286009	+	747	448	578	71	32	56
MA_RS13815	NC_003552.1	3286017	3287537	-	1521	3400	3439	231	160	177
MA_RS13820	NC_003552.1	3287813	3288196	-	384	163	179	20	22	18
MA_RS13825	NC_003552.1	3288317	3288703	-	387	214	184	20	2	4
MA_RS25605	NC_003552.1	3289045	3290073	-	1029	1671	1232	31	20	10
MA_RS13840	NC_003552.1	3291311	3292435	+	1125	142	74	101	42	54
MA_RS13845	NC_003552.1	3292512	3292703	-	192	15	6	0	0	0
MA_RS13850	NC_003552.1	3292834	3293094	+	261	61	45	0	4	0
MA_RS13855	NC_003552.1	3293160	3293342	+	183	22	25	0	0	0
MA_RS13860	NC_003552.1	3293364	3293558	+	195	28	9	4	1	3
MA_RS13875	NC_003552.1	3294652	3295068	-	417	136	117	16	4	10
MA_RS28715	NC_003552.1	3295464	3296171	+	708	59	27	2	1	10
MA_RS28720	NC_003552.1	3296239	3296625	+	387	8	4	4	0	4
MA_RS13885	NC_003552.1	3296857	3298656	+	1800	7115	6138	728	472	466
MA_RS13890	NC_003552.1	3298709	3299257	+	549	1689	1664	191	183	149
MA_RS13895	NC_003552.1	3299817	3301175	+	1359	899	646	110	66	74
MA_RS13900	NC_003552.1	3301249	3302166	-	918	190	146	23	5	12
MA_RS13905	NC_003552.1	3302508	3304922	+	2415	302	226	163	146	120
MA_RS28725	NC_003552.1	3305462	3305644	+	183	91	27	0	2	4
MA_RS27120	NC_003552.1	3306484	3306642	+	159	126	55	2	1	4
MA_RS13920	NC_003552.1	3307313	3308551	+	1239	634	514	97	55	76
MA_RS13925	NC_003552.1	3308692	3310299	-	1608	293	282	121	65	55
MA_RS13930	NC_003552.1	3311443	3312990	+	1548	1139	1136	91	60	66
MA_RS13935	NC_003552.1	3313308	3313694	-	387	296	245	1	5	3
MA_RS27125	NC_003552.1	3313873	3314043	+	171	62	111	1	0	2
MA_RS13940	NC_003552.1	3314040	3316778	+	2739	3203	3905	348	202	280
MA_RS28730	NC_003552.1	3316976	3317434	-	459	569	360	160	116	78
MA_RS28735	NC_003552.1	3317555	3318505	-	951	1085	616	95	65	46
MA_RS28740	NC_003552.1	3318397	3319035	-	639	643	436	22	33	12
MA_RS13950	NC_003552.1	3319841	3320338	+	498	78	89	24	31	24
MA_RS13955	NC_003552.1	3321569	3322966	+	1398	1417	1604	536	454	585
MA_RS13960	NC_003552.1	3324312	3324608	+	297	117	85	12	10	24
MA_RS13970	NC_003552.1	3326250	3327734	-	1485	282	215	71	43	55
MA_RS13975	NC_003552.1	3328021	3328821	+	801	288	246	125	138	92
MA_RS13985	NC_003552.1	3330127	3330561	-	435	20	8	0	0	2
MA_RS13995	NC_003552.1	3332027	3332800	-	774	1459	1205	10	7	6
MA_RS14000	NC_003552.1	3332724	3333245	-	522	1434	1362	17	31	14
MA_RS24635	NC_003552.1	3334045	3334485	-	441	27	23	0	0	0
MA_RS14010	NC_003552.1	3334494	3334850	-	357	18	3	2	4	8
MA_RS14015	NC_003552.1	3335624	3336298	-	675	218	227	16	8	23
MA_RS14020	NC_003552.1	3336430	3337140	-	711	78	60	6	7	2
MA_RS14025	NC_003552.1	3337585	3338295	-	711	79	35	17	5	18
MA_RS14030	NC_003552.1	3338551	3338811	-	261	263	207	26	16	21
MA_RS27135	NC_003552.1	3338784	3338957	-	174	0	2	0	0	0
MA_RS14035	NC_003552.1	3338961	3339710	-	750	102	117	8	2	2
MA_RS14040	NC_003552.1	3339698	3340528	-	831	330	282	37	44	40
MA_RS14045	NC_003552.1	3340728	3341564	-	837	870	817	254	135	224
MA_RS14050	NC_003552.1	3341568	3342554	-	987	444	562	34	63	28
MA_RS27140	NC_003552.1	3343193	3343366	-	174	79	60	26	19	15
MA_RS14060	NC_003552.1	3343690	3345270	+	1581	355	368	629	320	403
MA_RS14070	NC_003552.1	3346085	3346900	+	816	692	691	182	98	100
MA_RS14080	NC_003552.1	3347262	3349847	+	2586	4680	4155	500	310	255
MA_RS14085	NC_003552.1	3350159	3351697	+	1539	2654	1806	470	233	210
MA_RS14095	NC_003552.1	3352959	3354479	+	1521	164	113	2	0	16
MA_RS14100	NC_003552.1	3354743	3357298	+	2556	4561	3365	861	448	416
MA_RS14105	NC_003552.1	3357319	3358035	-	717	391	389	60	22	29
MA_RS28745	NC_003552.1	3358317	3358778	-	462	91	59	30	29	17
MA_RS28750	NC_003552.1	3359122	3359604	-	483	44	41	37	22	19
MA_RS14120	NC_003552.1	3360001	3360585	-	585	644	392	544	734	361
MA_RS14125	NC_003552.1	3360963	3361406	+	444	579	581	169	265	128
MA_RS14130	NC_003552.1	3362473	3362865	-	393	647	605	336	342	230
MA_RS14135	NC_003552.1	3363859	3364803	-	945	149	106	2	2	0
MA_RS14155	NC_003552.1	3366336	3366566	+	231	486	275	45	16	20
MA_RS14160	NC_003552.1	3366977	3367786	-	810	234	234	16	13	21
MA_RS14165	NC_003552.1	3368327	3371056	+	2730	2378	1857	203	183	156
MA_RS14170	NC_003552.1	3371101	3371373	+	273	548	499	72	49	25
MA_RS14175	NC_003552.1	3371564	3372097	-	534	2212	1335	67	44	41
MA_RS25635	NC_003552.1	3372335	3372616	-	282	937	636	48	43	52
MA_RS14180	NC_003552.1	3373557	3374291	+	735	1536	1310	196	170	105
MA_RS14185	NC_003552.1	3374275	3377394	+	3120	4945	4443	806	565	512
MA_RS14190	NC_003552.1	3377378	3379057	+	1680	2563	2072	77	87	36
MA_RS14195	NC_003552.1	3379038	3381494	+	2457	3308	2505	510	393	324
MA_RS14200	NC_003552.1	3381594	3381902	-	309	386	188	4	2	7
MA_RS14205	NC_003552.1	3382721	3384343	-	1623	494	580	8734	5255	6472
MA_RS14210	NC_003552.1	3384350	3385675	-	1326	980	988	9522	5436	6531
MA_RS14215	NC_003552.1	3385971	3386885	-	915	278	283	1499	935	1268
MA_RS14220	NC_003552.1	3387094	3387480	-	387	132	122	1506	1187	1101
MA_RS14225	NC_003552.1	3387649	3388827	-	1179	606	725	1954	1768	1472
MA_RS14230	NC_003552.1	3389051	3389416	+	366	2599	2228	33	22	36
MA_RS14235	NC_003552.1	3390237	3391163	+	927	768	725	594	451	544
MA_RS29450	NC_003552.1	3391407	3392369	+	963	313	384	960	487	700
MA_RS14245	NC_003552.1	3392976	3393662	-	687	430	390	24	44	28
MA_RS14250	NC_003552.1	3393933	3394718	-	786	376	354	39	56	53
MA_RS14255	NC_003552.1	3395273	3396469	-	1197	461	271	105	73	92
MA_RS14260	NC_003552.1	3396795	3398099	-	1305	236	125	8	8	2
MA_RS14265	NC_003552.1	3398419	3399666	-	1248	427	335	91	40	63
MA_RS14270	NC_003552.1	3400145	3400912	+	768	157	116	9	8	2
MA_RS14275	NC_003552.1	3401521	3402693	+	1173	1414	1262	364	270	307
MA_RS14280	NC_003552.1	3404024	3405268	-	1245	168	108	24	25	25
MA_RS14285	NC_003552.1	3405592	3406389	-	798	1343	1227	68	81	51
MA_RS14290	NC_003552.1	3406927	3407877	-	951	2051	1807	685	544	444
MA_RS14295	NC_003552.1	3408138	3409625	-	1488	4478	4472	1516	1110	1074
MA_RS25640	NC_003552.1	3409745	3410427	-	683	283	428	3	10	12
MA_RS14310	NC_003552.1	3411572	3412858	-	1287	147	101	26	53	22
MA_RS25645	NC_003552.1	3413821	3414952	-	1132	1034	915	88	88	77
MA_RS14330	NC_003552.1	3415360	3415782	+	423	29	22	0	0	0
MA_RS25650	NC_003552.1	3415736	3416215	-	480	28	18	2	0	0
MA_RS14345	NC_003552.1	3417855	3419099	+	1245	650	354	23	40	20
MA_RS14350	NC_003552.1	3419096	3419869	+	774	37	38	0	0	4
MA_RS14355	NC_003552.1	3420363	3420599	+	237	924	439	41	12	14
MA_RS14360	NC_003552.1	3421132	3422760	+	1629	661	562	161	130	114
MA_RS14365	NC_003552.1	3423097	3423327	+	231	634	593	55	57	49
MA_RS14370	NC_003552.1	3423354	3424172	-	819	4931	5796	542	296	338
MA_RS14375	NC_003552.1	3424483	3424950	-	468	85	114	24	17	4
MA_RS14380	NC_003552.1	3425737	3426654	-	918	1180	1401	207	103	168
MA_RS14385	NC_003552.1	3426902	3427573	-	672	585	502	26	24	28
MA_RS27165	NC_003552.1	3428458	3428865	+	408	138	116	10	3	8
MA_RS14400	NC_003552.1	3430549	3431355	+	807	57	52	30	7	13
MA_RS28215	NC_003552.1	3431382	3431807	-	426	1965	1849	49	34	20
MA_RS14410	NC_003552.1	3432431	3433204	+	774	647	447	50	56	43
MA_RS14415	NC_003552.1	3434592	3434825	-	234	26	17	2	1	0
MA_RS14420	NC_003552.1	3435024	3435461	-	438	56	49	1	2	1
MA_RS14425	NC_003552.1	3435598	3436050	-	453	91	64	4	6	2
MA_RS28765	NC_003552.1	3436511	3436678	-	168	1723	1301	94	65	72
MA_RS14435	NC_003552.1	3437343	3438545	-	1203	616	608	60	71	66
MA_RS29665	NC_003552.1	3438739	3440454	-	1716	467	522	48	50	44
MA_RS25655	NC_003552.1	3440836	3442026	-	1191	126	73	41	32	28
MA_RS14455	NC_003552.1	3442060	3442320	-	261	2	10	0	0	0
MA_RS24650	NC_003552.1	3442895	3443944	-	1050	769	690	111	78	90
MA_RS14465	NC_003552.1	3443910	3444632	-	723	665	653	54	49	40
MA_RS14470	NC_003552.1	3445011	3446255	+	1245	145	133	34	10	18
MA_RS27170	NC_003552.1	3446487	3446645	+	159	678	403	20	10	13
MA_RS14475	NC_003552.1	3446701	3447600	-	900	437	426	79	109	58
MA_RS14480	NC_003552.1	3447700	3448368	-	669	233	195	14	2	0
MA_RS24655	NC_003552.1	3449108	3450145	-	1038	860	732	155	101	117
MA_RS14490	NC_003552.1	3450120	3450842	-	723	348	242	36	16	8
MA_RS14500	NC_003552.1	3451464	3451910	-	447	310	296	24	29	7
MA_RS28785	NC_003552.1	3452502	3452696	-	195	267	188	1	0	1
MA_RS25665	NC_003552.1	3453640	3455235	+	1596	386	245	3	0	3
MA_RS25670	NC_003552.1	3455361	3455570	+	210	148	84	18	6	8
MA_RS14515	NC_003552.1	3455995	3456342	-	348	1356	1207	0	8	1
MA_RS14520	NC_003552.1	3457371	3458480	+	1110	225	218	74	53	46
MA_RS14525	NC_003552.1	3458513	3459553	+	1041	240	139	37	18	16
MA_RS14535	NC_003552.1	3460651	3461418	+	768	91	80	10	4	0
MA_RS14540	NC_003552.1	3461698	3462924	-	1227	315	255	103	56	62
MA_RS28220	NC_003552.1	3462961	3463548	-	588	100	127	10	6	12
MA_RS14550	NC_003552.1	3463833	3464456	-	624	55	42	7	7	0
MA_RS14555	NC_003552.1	3464449	3465240	-	792	61	70	0	0	0
MA_RS14560	NC_003552.1	3465832	3466425	-	594	231	190	28	27	12
MA_RS14565	NC_003552.1	3466566	3467135	-	570	940	719	162	101	78
MA_RS14570	NC_003552.1	3467362	3468465	-	1104	7817	8625	1322	802	812
MA_RS28790	NC_003552.1	3469328	3472513	+	3186	1520	1237	130	61	110
MA_RS25680	NC_003552.1	3473472	3474154	+	683	305	378	8	20	13
MA_RS14590	NC_003552.1	3474258	3474545	+	288	201	213	25	13	8
MA_RS14595	NC_003552.1	3474738	3475175	+	438	419	354	7	9	7
MA_RS28795	NC_003552.1	3475921	3476145	-	225	381	510	8	18	7
MA_RS14605	NC_003552.1	3476230	3476481	+	252	147	78	0	2	0
MA_RS14610	NC_003552.1	3476474	3476842	+	369	268	327	146	78	92
MA_RS29460	NC_003552.1	3477489	3477611	-	123	49	39	0	0	0
MA_RS14615	NC_003552.1	3477677	3478264	-	588	665	551	22	19	18
MA_RS27180	NC_003552.1	3479083	3479229	+	147	525	349	8	20	9
MA_RS28800	NC_003552.1	3479655	3485225	+	5571	8111	10377	960	539	634
MA_RS24675	NC_003552.1	3485995	3487887	+	1893	926	557	34	54	28
MA_RS27210	NC_003552.1	3488579	3489151	+	573	59	16	0	0	0
MA_RS14640	NC_003552.1	3489586	3490221	-	636	304	180	96	34	72
MA_RS14645	NC_003552.1	3490274	3491521	-	1248	1064	992	333	308	328
MA_RS27215	NC_003552.1	3491557	3491742	-	186	102	103	10	10	6
MA_RS25685	NC_003552.1	3492295	3492840	-	546	33	28	5	10	8
MA_RS29220	NC_003552.1	3492898	3493002	+	105	43	23	0	0	0
MA_RS25695	NC_003552.1	3493235	3494830	+	1596	347	173	4	3	7
MA_RS14665	NC_003552.1	3494938	3495225	-	288	376	163	49	17	17
MA_RS14670	NC_003552.1	3495786	3495995	+	210	213	100	18	14	12
MA_RS14675	NC_003552.1	3496308	3496586	+	279	117	94	4	0	4
MA_RS14680	NC_003552.1	3496596	3496931	+	336	123	87	3	2	0
MA_RS14685	NC_003552.1	3497049	3497246	+	198	90	92	9	1	2
MA_RS14690	NC_003552.1	3497414	3498685	+	1272	315	228	115	69	56
MA_RS14695	NC_003552.1	3498689	3499045	+	357	23	23	2	0	4
MA_RS14700	NC_003552.1	3499048	3500187	-	1140	20	3	0	0	2
MA_RS28805	NC_003552.1	3500702	3500980	+	279	47	27	0	0	0
MA_RS14705	NC_003552.1	3501180	3503174	+	1995	532	251	35	26	24
MA_RS14710	NC_003552.1	3503760	3503960	+	201	13	12	0	0	0
MA_RS14715	NC_003552.1	3503976	3505892	+	1917	365	247	21	21	16
MA_RS14720	NC_003552.1	3505892	3506275	+	384	9	14	0	0	0
MA_RS14725	NC_003552.1	3506272	3506892	+	621	36	28	3	0	2
MA_RS27225	NC_003552.1	3506889	3507056	+	168	21	18	0	0	0
MA_RS14730	NC_003552.1	3507526	3508290	+	765	143	124	10	6	0
MA_RS27235	NC_003552.1	3508290	3508463	+	174	101	79	4	6	4
MA_RS14735	NC_003552.1	3508644	3509579	+	936	534	355	31	20	21
MA_RS14745	NC_003552.1	3510664	3510748	-	85	600	364	32	22	13
MA_RS14750	NC_003552.1	3510904	3511671	-	768	5729	4970	1540	701	1194
MA_RS14755	NC_003552.1	3512424	3512846	+	423	2743	2712	192	170	154
MA_RS14760	NC_003552.1	3513041	3513610	+	570	1050	861	471	362	279
MA_RS14765	NC_003552.1	3514901	3515428	+	528	809	727	455	462	278
MA_RS14770	NC_003552.1	3515603	3516859	+	1257	978	624	50	49	24
MA_RS14775	NC_003552.1	3517500	3517907	-	408	572	396	9	4	8
MA_RS14780	NC_003552.1	3518628	3518846	-	219	2252	2171	22	37	47
MA_RS14790	NC_003552.1	3520542	3521315	-	774	175	152	8	16	17
MA_RS14805	NC_003552.1	3523869	3524360	+	492	681	490	37	77	68
MA_RS14810	NC_003552.1	3524393	3525136	-	744	3241	2699	28	50	14
MA_RS14815	NC_003552.1	3525621	3528986	-	3366	39147	41520	6947	4191	4423
MA_RS14820	NC_003552.1	3529600	3530415	+	816	1514	1026	379	264	266
MA_RS14830	NC_003552.1	3530858	3531754	-	897	1962	1797	345	241	248
MA_RS14845	NC_003552.1	3534134	3534466	+	333	124	130	46	25	35
MA_RS29670	NC_003552.1	3534473	3534565	+	93	61	62	59	25	27
MA_RS14850	NC_003552.1	3534795	3535754	+	960	522	485	32	62	52
MA_RS14860	NC_003552.1	3536222	3538654	+	2433	396	429	148	100	62
MA_RS14865	NC_003552.1	3538685	3539704	+	1020	372	383	67	37	57
MA_RS14870	NC_003552.1	3539827	3540642	-	816	378	296	52	36	53
MA_RS14875	NC_003552.1	3540720	3541637	+	918	571	623	11	6	4
MA_RS29465	NC_003552.1	3541642	3541764	+	123	0	1	0	0	0
MA_RS14880	NC_003552.1	3541736	3543145	+	1410	410	403	69	50	55
MA_RS14885	NC_003552.1	3543351	3544625	+	1275	2127	1921	601	436	428
MA_RS14890	NC_003552.1	3544679	3545884	+	1206	1650	1665	239	135	173
MA_RS14895	NC_003552.1	3545900	3546634	+	735	845	848	81	40	66
MA_RS14900	NC_003552.1	3547512	3548390	+	879	675	632	160	149	115
MA_RS14905	NC_003552.1	3548559	3549560	+	1002	2117	1896	227	117	124
MA_RS14910	NC_003552.1	3549600	3550481	+	882	654	604	129	63	63
MA_RS14915	NC_003552.1	3550490	3552373	+	1884	941	1025	107	25	71
MA_RS14920	NC_003552.1	3552370	3554952	+	2583	1321	1144	135	93	96
MA_RS14930	NC_003552.1	3556034	3556216	-	183	56	19	20	4	2
MA_RS14935	NC_003552.1	3557124	3558338	-	1215	3111	2486	527	526	338
MA_RS14940	NC_003552.1	3558563	3559696	+	1134	1289	1314	68	121	74
MA_RS28810	NC_003552.1	3559810	3559986	+	177	80	91	6	0	2
MA_RS28820	NC_003552.1	3560634	3561230	+	597	218	151	7	1	1
MA_RS14950	NC_003552.1	3561324	3561563	-	240	35	31	0	4	8
MA_RS14955	NC_003552.1	3561912	3563642	-	1731	1108	835	121	91	86
MA_RS14960	NC_003552.1	3563861	3563933	-	73	65	27	9	2	4
MA_RS14970	NC_003552.1	3564149	3564931	-	783	1346	1268	287	247	268
MA_RS14975	NC_003552.1	3565220	3565591	+	372	173	123	52	51	66
MA_RS14980	NC_003552.1	3565698	3566255	-	558	466	387	47	35	48
MA_RS14985	NC_003552.1	3567005	3567565	+	561	84	119	88	60	40
MA_RS14990	NC_003552.1	3567597	3567932	+	336	34	24	26	71	40
MA_RS14995	NC_003552.1	3568361	3568549	-	189	61	28	6	0	2
MA_RS15000	NC_003552.1	3569227	3569724	+	498	5891	4482	242	213	190
MA_RS27245	NC_003552.1	3569746	3569916	-	171	283	310	24	13	30
MA_RS15010	NC_003552.1	3572609	3574042	-	1434	279	259	93	42	81
MA_RS15015	NC_003552.1	3574044	3575522	-	1479	396	401	63	33	42
MA_RS15020	NC_003552.1	3575778	3576158	-	381	5270	4215	1243	1158	800
MA_RS15025	NC_003552.1	3576689	3578590	-	1902	17648	20206	1697	1367	1546
MA_RS15030	NC_003552.1	3579321	3579623	+	303	193	139	34	27	31
MA_RS27250	NC_003552.1	3579620	3579781	-	162	3	10	4	0	1
MA_RS28825	NC_003552.1	3579780	3580283	+	504	315	313	78	44	64
MA_RS15040	NC_003552.1	3580324	3580980	-	657	698	700	108	106	137
MA_RS15045	NC_003552.1	3581153	3581611	+	459	1067	884	44	57	47
MA_RS15050	NC_003552.1	3581817	3583286	-	1470	12941	16320	298	121	237
MA_RS15055	NC_003552.1	3583283	3585664	-	2382	18300	18912	589	273	336
MA_RS15060	NC_003552.1	3585843	3586076	-	234	799	764	12	8	4
MA_RS15065	NC_003552.1	3586801	3587082	+	282	2222	2067	220	261	229
MA_RS15075	NC_003552.1	3587960	3588223	+	264	14	19	0	0	0
MA_RS15080	NC_003552.1	3588541	3589137	+	597	896	1076	83	136	81
MA_RS15085	NC_003552.1	3589189	3589518	+	330	715	1170	13	20	20
MA_RS27260	NC_003552.1	3589562	3589861	-	300	1512	1605	10	14	12
MA_RS15095	NC_003552.1	3590331	3590795	+	465	4694	5896	61	49	43
MA_RS15100	NC_003552.1	3590806	3592050	+	1245	10309	12270	2182	1191	1296
MA_RS15105	NC_003552.1	3592050	3592448	+	399	3501	3272	445	220	213
MA_RS15110	NC_003552.1	3592625	3592912	+	288	317	242	36	28	14
MA_RS15115	NC_003552.1	3593159	3593992	+	834	470	418	45	20	22
MA_RS15120	NC_003552.1	3594276	3594827	+	552	43	44	39	22	14
MA_RS15125	NC_003552.1	3595000	3595587	-	588	467	377	42	38	24
MA_RS15130	NC_003552.1	3595685	3596374	-	690	310	228	24	14	10
MA_RS15135	NC_003552.1	3596811	3598811	-	2001	1839	1811	280	204	184
MA_RS15140	NC_003552.1	3599184	3601895	-	2712	1074	850	82	96	57
MA_RS15150	NC_003552.1	3602740	3604380	-	1641	5512	5800	856	413	564
MA_RS15155	NC_003552.1	3604377	3606083	-	1707	3048	2845	142	96	137
MA_RS15160	NC_003552.1	3606416	3609073	-	2658	4946	4348	275	227	197
MA_RS15165	NC_003552.1	3609519	3609704	+	186	269	194	22	28	13
MA_RS15175	NC_003552.1	3611767	3613050	-	1284	2500	3221	296	193	199
MA_RS15180	NC_003552.1	3613380	3615683	+	2304	3297	3123	460	389	413
MA_RS15185	NC_003552.1	3616266	3617384	+	1119	3387	2935	716	474	489
MA_RS15190	NC_003552.1	3617629	3619536	+	1908	12965	12216	2484	1392	1730
MA_RS15195	NC_003552.1	3619916	3622117	+	2202	14529	15927	2665	1423	1741
MA_RS15200	NC_003552.1	3622785	3623759	+	975	294	175	18	20	17
MA_RS15205	NC_003552.1	3623874	3624821	+	948	1264	937	180	100	63
MA_RS15210	NC_003552.1	3624922	3625485	-	564	212	221	6	8	4
MA_RS28830	NC_003552.1	3625679	3625969	+	291	56	24	0	0	4
MA_RS28835	NC_003552.1	3626051	3626353	+	303	93	84	12	4	2
MA_RS15220	NC_003552.1	3626393	3627313	+	921	611	601	14	18	25
MA_RS15225	NC_003552.1	3627384	3628304	+	921	409	364	27	11	13
MA_RS15235	NC_003552.1	3629729	3630418	-	690	536	410	63	43	62
MA_RS15240	NC_003552.1	3630483	3631727	-	1245	340	213	50	22	13
MA_RS15245	NC_003552.1	3632437	3633504	-	1068	1572	1435	54	37	50
MA_RS15250	NC_003552.1	3635641	3637083	-	1443	10873	12297	3435	1604	2117
MA_RS15255	NC_003552.1	3637086	3638141	-	1056	3347	3956	1315	888	918
MA_RS15260	NC_003552.1	3638164	3638412	-	249	779	550	76	101	63
MA_RS15265	NC_003552.1	3638778	3640451	-	1674	3979	3714	1944	861	1233
MA_RS15270	NC_003552.1	3640803	3641357	-	555	1039	992	436	308	342
MA_RS15275	NC_003552.1	3642248	3644041	+	1794	12114	10244	554	384	383
MA_RS15280	NC_003552.1	3644084	3644899	-	816	1274	1269	125	135	100
MA_RS15285	NC_003552.1	3645351	3646034	+	684	670	627	51	30	48
MA_RS15290	NC_003552.1	3646186	3646662	+	477	1031	681	63	55	58
MA_RS15295	NC_003552.1	3646896	3647111	+	216	408	247	0	3	10
MA_RS15300	NC_003552.1	3647181	3647474	+	294	658	580	36	10	12
MA_RS15305	NC_003552.1	3647858	3648808	-	951	1940	2138	575	307	409
MA_RS15310	NC_003552.1	3649117	3649974	+	858	13131	13269	460	254	294
MA_RS15315	NC_003552.1	3650330	3651535	+	1206	9348	11379	407	290	338
MA_RS27270	NC_003552.1	3651890	3652066	+	177	244	347	12	13	6
MA_RS28840	NC_003552.1	3652118	3654103	-	1986	1090	939	44	42	40
MA_RS27275	NC_003552.1	3654789	3654959	+	171	41	21	6	4	2
MA_RS15325	NC_003552.1	3655319	3655552	+	234	45	40	5	4	7
MA_RS15330	NC_003552.1	3656077	3657363	-	1287	141	98	52	37	16
MA_RS15335	NC_003552.1	3657750	3658106	-	357	2199	1896	277	234	277
MA_RS15340	NC_003552.1	3658443	3658919	-	477	111	88	3	4	5
MA_RS15345	NC_003552.1	3658991	3659908	+	918	388	366	4	4	1
MA_RS15350	NC_003552.1	3659934	3660134	-	201	71	38	6	2	0
MA_RS15355	NC_003552.1	3660397	3661887	-	1491	2537	2019	240	220	192
MA_RS15365	NC_003552.1	3662841	3663530	-	690	10700	10131	1314	678	946
MA_RS15370	NC_003552.1	3663527	3664555	-	1029	13409	11608	3194	1786	2342
MA_RS15375	NC_003552.1	3665308	3665649	+	342	344	199	5	32	6
MA_RS15390	NC_003552.1	3668531	3670360	+	1830	1790	1289	914	763	709
MA_RS15395	NC_003552.1	3670488	3671405	-	918	488	475	14	6	2
MA_RS15400	NC_003552.1	3671681	3672268	+	588	226	217	19	14	16
MA_RS15405	NC_003552.1	3672442	3673995	-	1554	764	617	99	43	60
MA_RS28120	NC_003552.1	3674094	3675620	-	1527	71	47	0	6	10
MA_RS28845	NC_003552.1	3677144	3677317	-	174	47	54	0	2	0
MA_RS15430	NC_003552.1	3677749	3678216	-	468	91	89	0	4	2
MA_RS15435	NC_003552.1	3678529	3679722	+	1194	370	353	18	39	14
MA_RS25735	NC_003552.1	3679837	3680519	+	683	115	75	4	1	12
MA_RS29825	NC_003552.1	3680516	3681016	-	501	21	13	0	2	0
MA_RS15455	NC_003552.1	3681730	3682422	+	693	2549	2347	375	382	261
MA_RS15460	NC_003552.1	3682508	3682963	+	456	239	266	25	21	21
MA_RS15465	NC_003552.1	3683199	3683432	+	234	285	266	60	84	82
MA_RS15470	NC_003552.1	3683666	3684313	-	648	1171	918	179	70	108
MA_RS15475	NC_003552.1	3684520	3685464	+	945	204	165	64	14	18
MA_RS15480	NC_003552.1	3685529	3687121	+	1593	1266	1124	119	74	69
MA_RS27285	NC_003552.1	3687964	3688122	+	159	17	12	0	0	0
MA_RS28850	NC_003552.1	3688450	3688869	+	420	61	51	0	10	0
MA_RS28855	NC_003552.1	3688785	3689081	+	297	23	13	0	0	2
MA_RS28860	NC_003552.1	3689156	3689347	+	192	128	120	2	10	0
MA_RS15500	NC_003552.1	3689476	3690225	-	750	197	172	12	12	11
MA_RS15505	NC_003552.1	3690213	3691043	-	831	257	262	33	51	26
MA_RS15510	NC_003552.1	3691521	3693686	+	2166	66140	71649	21794	12651	14484
MA_RS15520	NC_003552.1	3694952	3696511	+	1560	5662	4908	264	156	203
MA_RS15525	NC_003552.1	3696698	3698470	-	1773	1016	970	258	177	164
MA_RS15530	NC_003552.1	3698467	3698985	-	519	624	477	179	94	131
MA_RS15535	NC_003552.1	3699642	3699992	+	351	169718	115039	100	197	113
MA_RS15540	NC_003552.1	3700119	3701555	-	1437	438	260	12	18	3
MA_RS15545	NC_003552.1	3702356	3703060	-	705	325	282	94	38	46
MA_RS15550	NC_003552.1	3703170	3703823	-	654	520	340	9	9	7
MA_RS15555	NC_003552.1	3704201	3705655	+	1455	4065	4109	1894	1369	1348
MA_RS15560	NC_003552.1	3705929	3706279	+	351	571	612	87	89	69
MA_RS15570	NC_003552.1	3707001	3707654	+	654	233	221	96	113	64
MA_RS15585	NC_003552.1	3709189	3709434	-	246	56	51	41	23	37
MA_RS15590	NC_003552.1	3709883	3710107	+	225	296	163	193	107	96
MA_RS15595	NC_003552.1	3710459	3711307	+	849	899	946	31	51	47
MA_RS15600	NC_003552.1	3711459	3712295	+	837	489	614	110	78	82
MA_RS15605	NC_003552.1	3712309	3712716	-	408	212	236	82	42	48
MA_RS28240	NC_003552.1	3712917	3713144	-	228	269	200	22	8	8
MA_RS15615	NC_003552.1	3713230	3713490	+	261	21	6	0	3	0
MA_RS15620	NC_003552.1	3713516	3713716	+	201	16	19	0	0	3
MA_RS15625	NC_003552.1	3713764	3715401	-	1638	637	499	112	68	53
MA_RS15630	NC_003552.1	3715482	3716204	-	723	631	420	78	95	65
MA_RS15635	NC_003552.1	3716220	3716630	-	411	231	252	14	8	12
MA_RS15640	NC_003552.1	3717680	3718567	+	888	5422	4665	131	148	111
MA_RS15645	NC_003552.1	3718775	3719692	+	918	639	609	0	5	0
MA_RS29470	NC_003552.1	3719805	3719939	-	135	4	1	0	0	0
MA_RS15650	NC_003552.1	3720050	3720649	+	600	6178	5675	513	492	380
MA_RS15655	NC_003552.1	3721618	3722352	+	735	7365	7680	136	123	90
MA_RS15660	NC_003552.1	3722417	3723019	-	603	3326	2805	662	257	411
MA_RS29475	NC_003552.1	3723016	3723138	-	123	16	19	3	9	7
MA_RS15665	NC_003552.1	3723223	3724905	-	1683	5888	4898	1609	687	765
MA_RS15670	NC_003552.1	3724892	3725608	-	717	2245	1833	362	146	211
MA_RS15675	NC_003552.1	3725605	3726717	-	1113	3180	2226	795	353	456
MA_RS15680	NC_003552.1	3726743	3727561	-	819	2785	1679	240	128	123
MA_RS15685	NC_003552.1	3727563	3728774	-	1212	4417	2648	757	459	415
MA_RS15690	NC_003552.1	3728980	3729786	-	807	14570	8684	1484	919	957
MA_RS15695	NC_003552.1	3730079	3730495	-	417	128	116	16	6	30
MA_RS15700	NC_003552.1	3730608	3731645	-	1038	757	809	10	28	6
MA_RS15705	NC_003552.1	3732198	3732389	-	192	123	77	8	9	2
MA_RS24715	NC_003552.1	3732479	3732769	+	291	117	87	2	2	2
MA_RS15710	NC_003552.1	3733156	3733401	+	246	19540	13631	1672	1198	1497
MA_RS15715	NC_003552.1	3733870	3734163	+	294	2206	1336	20	30	15
MA_RS15720	NC_003552.1	3734404	3735195	+	792	185	117	21	26	30
MA_RS28865	NC_003552.1	3736215	3736358	+	144	169	114	6	14	18
MA_RS29480	NC_003552.1	3736514	3736984	+	471	519	433	25	10	22
MA_RS29485	NC_003552.1	3736971	3737381	+	411	184	189	3	5	1
MA_RS15730	NC_003552.1	3737662	3737952	+	291	10454	6816	71	59	72
MA_RS25760	NC_003552.1	3738108	3738790	-	683	850	1089	48	60	45
MA_RS15745	NC_003552.1	3739179	3739661	+	483	6466	6119	865	575	507
MA_RS15750	NC_003552.1	3740041	3740982	+	942	3624	3148	344	190	149
MA_RS15755	NC_003552.1	3741243	3741869	-	627	854	660	146	107	92
MA_RS15760	NC_003552.1	3742020	3742949	-	930	3800	3369	648	458	355
MA_RS15765	NC_003552.1	3743030	3743680	-	651	8021	7387	430	252	269
MA_RS15770	NC_003552.1	3744268	3744765	+	498	2247	2073	790	500	454
MA_RS15775	NC_003552.1	3745410	3746447	+	1038	3452	3627	754	584	510
MA_RS15780	NC_003552.1	3746512	3747033	+	522	3018	2411	506	241	346
MA_RS15785	NC_003552.1	3747033	3747821	+	789	21910	18667	2073	1583	1658
MA_RS15790	NC_003552.1	3748055	3748603	+	549	3141	3229	266	143	146
MA_RS15795	NC_003552.1	3748748	3748969	-	222	2174	1698	185	131	96
MA_RS15800	NC_003552.1	3749369	3749938	-	570	11494	12034	2520	1183	1686
MA_RS15805	NC_003552.1	3749939	3751192	-	1254	20020	21148	2021	1248	1274
MA_RS15810	NC_003552.1	3751601	3753439	-	1839	7524	5842	1885	902	1246
MA_RS15815	NC_003552.1	3753783	3754718	+	936	2551	1686	356	226	240
MA_RS15820	NC_003552.1	3754941	3756158	+	1218	5678	4932	1855	1338	1036
MA_RS15825	NC_003552.1	3756181	3758037	+	1857	7489	7301	4262	1801	2209
MA_RS15830	NC_003552.1	3758146	3759450	+	1305	5075	4973	1897	677	1044
MA_RS15835	NC_003552.1	3759447	3760640	+	1194	2839	2736	255	216	228
MA_RS15840	NC_003552.1	3760760	3761287	-	528	6217	4764	780	729	536
MA_RS15845	NC_003552.1	3761359	3761580	+	222	369	264	2	9	6
MA_RS15855	NC_003552.1	3762118	3762393	+	276	1100	254	8	18	6
MA_RS15860	NC_003552.1	3762390	3762569	-	180	1238	734	31	27	16
MA_RS15865	NC_003552.1	3763307	3764425	+	1119	15806	15989	1634	1109	1246
MA_RS15870	NC_003552.1	3765072	3765332	+	261	4718	3181	205	222	138
MA_RS15875	NC_003552.1	3765588	3766505	-	918	1673	1639	160	116	124
MA_RS15880	NC_003552.1	3766645	3768528	-	1884	813	656	14	26	22
MA_RS15885	NC_003552.1	3768982	3769749	+	768	1577	1275	171	125	160
MA_RS15890	NC_003552.1	3769770	3770609	+	840	2138	1843	305	220	246
MA_RS29490	NC_003552.1	3771700	3771834	-	135	180	167	20	4	13
MA_RS15895	NC_003552.1	3772409	3773608	+	1200	8241	8718	1357	691	797
MA_RS15900	NC_003552.1	3774240	3774467	+	228	118	76	8	11	19
MA_RS27305	NC_003552.1	3774512	3774688	+	177	0	4	0	1	1
MA_RS15905	NC_003552.1	3774883	3775941	+	1059	199	176	37	43	41
MA_RS15910	NC_003552.1	3776348	3777007	+	660	404	325	19	9	19
MA_RS15915	NC_003552.1	3777203	3778117	-	915	539	459	179	123	132
MA_RS15920	NC_003552.1	3778714	3779667	+	954	4572	4838	415	377	387
MA_RS15925	NC_003552.1	3779792	3780556	+	765	4850	4665	1915	1200	1235
MA_RS15930	NC_003552.1	3780740	3781627	-	888	8233	9337	4709	2834	3585
MA_RS15935	NC_003552.1	3781609	3782415	-	807	15502	17541	4214	2295	3023
MA_RS15940	NC_003552.1	3782562	3783515	+	954	9529	9877	590	438	461
MA_RS15945	NC_003552.1	3783508	3784419	+	912	7089	7663	1608	869	1081
MA_RS15950	NC_003552.1	3784610	3786160	+	1551	5906	6006	1811	846	1032
MA_RS15955	NC_003552.1	3786207	3787148	+	942	3191	2877	1589	903	1113
MA_RS15960	NC_003552.1	3787150	3788028	+	879	2177	1682	1438	508	785
MA_RS15965	NC_003552.1	3788302	3788955	+	654	10818	7171	15	37	9
MA_RS15970	NC_003552.1	3789539	3792148	+	2610	16174	16029	4597	2400	3109
MA_RS27310	NC_003552.1	3793122	3793292	-	171	62	26	4	0	5
MA_RS15975	NC_003552.1	3793454	3794449	-	996	135	114	40	38	22
MA_RS15980	NC_003552.1	3794446	3796068	-	1623	227	172	37	32	27
MA_RS15985	NC_003552.1	3796080	3797933	-	1854	172	167	67	50	37
MA_RS15990	NC_003552.1	3797967	3798683	-	717	81	55	14	10	10
MA_RS15995	NC_003552.1	3798685	3799158	-	474	63	70	32	7	12
MA_RS16000	NC_003552.1	3799163	3799636	-	474	62	49	16	12	17
MA_RS16005	NC_003552.1	3799721	3800392	-	672	54	29	0	4	3
MA_RS16010	NC_003552.1	3800466	3801038	-	573	71	69	14	7	2
MA_RS16015	NC_003552.1	3801050	3801697	-	648	8	20	0	10	2
MA_RS16020	NC_003552.1	3803098	3803910	-	813	663	341	35	11	26
MA_RS16025	NC_003552.1	3803901	3804563	-	663	63	65	18	4	6
MA_RS16030	NC_003552.1	3804560	3805162	-	603	54	50	29	17	27
MA_RS16035	NC_003552.1	3805155	3807803	-	2649	526	418	159	66	94
MA_RS16040	NC_003552.1	3807793	3808845	-	1053	135	125	53	26	26
MA_RS16045	NC_003552.1	3808862	3809224	-	363	14	21	9	4	3
MA_RS16050	NC_003552.1	3809243	3810043	-	801	81	61	41	10	22
MA_RS16055	NC_003552.1	3810040	3810519	-	480	81	87	18	8	19
MA_RS16060	NC_003552.1	3810608	3812605	-	1998	284	293	98	60	63
MA_RS16065	NC_003552.1	3813420	3813788	+	369	1537	921	28	21	21
MA_RS16070	NC_003552.1	3814373	3815629	+	1257	5847	6507	603	334	394
MA_RS16075	NC_003552.1	3816152	3816370	-	219	271	214	90	68	47
MA_RS16080	NC_003552.1	3816808	3818577	+	1770	4746	4747	3492	2346	2518
MA_RS16085	NC_003552.1	3818564	3819415	+	852	3265	3213	565	300	327
MA_RS16090	NC_003552.1	3819862	3820461	+	600	30	26	2	0	0
MA_RS16095	NC_003552.1	3820531	3821238	+	708	37	37	0	2	2
MA_RS16100	NC_003552.1	3821549	3822043	+	495	18	15	2	4	0
MA_RS16105	NC_003552.1	3822043	3822558	+	516	13	10	0	0	0
MA_RS16110	NC_003552.1	3822684	3823472	+	789	59	32	0	10	1
MA_RS16115	NC_003552.1	3823526	3825361	+	1836	235	238	41	33	36
MA_RS16120	NC_003552.1	3825358	3826920	+	1563	466	278	69	28	28
MA_RS16125	NC_003552.1	3827038	3827919	+	882	792	694	25	21	18
MA_RS16135	NC_003552.1	3828455	3829729	-	1275	2749	2476	215	156	154
MA_RS16140	NC_003552.1	3829974	3830873	-	900	1790	1242	130	114	102
MA_RS16145	NC_003552.1	3831310	3833994	-	2685	3684	2565	192	137	142
MA_RS16155	NC_003552.1	3835344	3836306	+	963	1215	1096	78	112	96
MA_RS16160	NC_003552.1	3836260	3836697	+	438	294	309	69	24	17
MA_RS16165	NC_003552.1	3836890	3837099	+	210	439	199	5	4	6
MA_RS16170	NC_003552.1	3837172	3839439	+	2268	5300	5313	203	129	165
MA_RS16180	NC_003552.1	3839790	3840665	+	876	5272	3907	235	165	197
MA_RS16185	NC_003552.1	3841261	3842259	+	999	3458	3012	73	39	70
MA_RS16190	NC_003552.1	3842337	3843317	+	981	895	731	25	42	53
MA_RS16195	NC_003552.1	3843314	3844216	+	903	387	217	59	17	30
MA_RS16200	NC_003552.1	3844209	3846071	+	1863	426	296	67	30	36
MA_RS16205	NC_003552.1	3846068	3847219	+	1152	178	136	34	14	16
MA_RS16210	NC_003552.1	3847216	3848577	+	1362	473	393	117	64	58
MA_RS16215	NC_003552.1	3848826	3849467	-	642	4333	2782	304	409	272
MA_RS16220	NC_003552.1	3849589	3850698	+	1110	5100	2491	108	80	72
MA_RS24730	NC_003552.1	3851064	3855476	+	4413	4908	3764	249	110	180
MA_RS16230	NC_003552.1	3855581	3856399	+	819	721	512	66	18	23
MA_RS27315	NC_003552.1	3857172	3857339	+	168	755	585	20	15	14
MA_RS16240	NC_003552.1	3857637	3858101	-	465	2463	1728	47	54	33
MA_RS16245	NC_003552.1	3859133	3860137	+	1005	10146	6098	501	433	345
MA_RS16250	NC_003552.1	3861507	3861746	+	240	5823	5704	230	392	201
MA_RS16255	NC_003552.1	3862275	3862517	+	243	1088	556	28	20	18
MA_RS16260	NC_003552.1	3862878	3864863	-	1986	1770	1747	1286	634	716
MA_RS29495	NC_003552.1	3865059	3865190	-	132	30	18	2	0	0
MA_RS16265	NC_003552.1	3865215	3866804	-	1590	260	114	15	21	10
MA_RS16270	NC_003552.1	3867455	3867709	-	255	17	8	0	0	0
MA_RS16275	NC_003552.1	3867810	3868289	-	480	67	36	8	2	2
MA_RS16285	NC_003552.1	3868573	3868992	+	420	797	774	66	38	41
MA_RS16290	NC_003552.1	3869108	3869608	-	501	523	444	101	75	86
MA_RS16295	NC_003552.1	3869747	3871033	+	1287	158	105	42	39	38
MA_RS16300	NC_003552.1	3871970	3872506	+	537	78	50	2	4	0
MA_RS16305	NC_003552.1	3872796	3873818	+	1023	2055	1024	107	62	70
MA_RS16310	NC_003552.1	3874134	3874814	+	681	143	70	19	3	16
MA_RS16315	NC_003552.1	3874988	3876439	+	1452	1824	1556	64	74	70
MA_RS16320	NC_003552.1	3877165	3878382	+	1218	663	624	116	123	98
MA_RS16325	NC_003552.1	3878876	3880135	+	1260	1285	1095	100	78	89
MA_RS16330	NC_003552.1	3880287	3881060	-	774	40	34	4	2	5
MA_RS16335	NC_003552.1	3881057	3882301	-	1245	597	300	58	34	19
MA_RS16340	NC_003552.1	3882609	3883076	+	468	69	35	20	6	8
MA_RS16345	NC_003552.1	3883171	3884115	-	945	403	709	99	75	34
MA_RS16350	NC_003552.1	3884069	3884812	-	744	464	940	151	95	62
MA_RS16355	NC_003552.1	3884809	3887226	-	2418	1190	1752	651	370	385
MA_RS16360	NC_003552.1	3887818	3888219	+	402	1966	1565	626	432	431
MA_RS16370	NC_003552.1	3888942	3889352	+	411	433	331	192	354	284
MA_RS27325	NC_003552.1	3889627	3889797	+	171	36	27	70	24	37
MA_RS16375	NC_003552.1	3889908	3889984	-	77	103	40	12	14	15
MA_RS16380	NC_003552.1	3890046	3890122	-	77	1286	446	181	184	175
MA_RS16385	NC_003552.1	3890350	3890421	+	72	164	157	6	10	13
MA_RS16390	NC_003552.1	3890533	3891027	+	495	1016	754	56	81	46
MA_RS28875	NC_003552.1	3891085	3893955	-	2871	5855	5988	757	577	529
MA_RS16400	NC_003552.1	3894682	3895251	+	570	31	46	10	9	12
MA_RS16405	NC_003552.1	3895584	3896246	+	663	282	155	16	23	14
MA_RS16410	NC_003552.1	3896427	3896909	+	483	112	93	53	53	42
MA_RS16415	NC_003552.1	3896913	3897458	+	546	1014	843	313	204	161
MA_RS16420	NC_003552.1	3897603	3898091	+	489	1560	1511	101	58	94
MA_RS16425	NC_003552.1	3898288	3898686	+	399	711	651	68	62	59
MA_RS16430	NC_003552.1	3898826	3900004	+	1179	7863	8575	1073	918	926
MA_RS16435	NC_003552.1	3900706	3901761	+	1056	10106	7173	1180	874	830
MA_RS16440	NC_003552.1	3901865	3902461	+	597	546	375	164	118	126
MA_RS16450	NC_003552.1	3903082	3905562	-	2481	6604	6436	1931	1208	1350
MA_RS16455	NC_003552.1	3905559	3907436	-	1878	6881	7137	2412	1179	1356
MA_RS16460	NC_003552.1	3907440	3908321	-	882	2234	2488	424	209	237
MA_RS16465	NC_003552.1	3908500	3909474	-	975	3902	5081	1428	867	1055
MA_RS16470	NC_003552.1	3909758	3910651	-	894	4987	4223	1848	947	1040
MA_RS16475	NC_003552.1	3910958	3911914	-	957	1779	2038	463	382	303
MA_RS16480	NC_003552.1	3912087	3912959	-	873	1435	1293	91	57	80
MA_RS16485	NC_003552.1	3913113	3913460	-	348	3510	2571	14	17	5
MA_RS16490	NC_003552.1	3913960	3915297	+	1338	812	1030	149	100	96
MA_RS16495	NC_003552.1	3915507	3916370	+	864	738	502	138	133	80
MA_RS16500	NC_003552.1	3916423	3917181	+	759	816	546	31	27	27
MA_RS16505	NC_003552.1	3917632	3918156	-	525	188	69	12	4	2
MA_RS16510	NC_003552.1	3918237	3918503	-	267	10	3	2	1	2
MA_RS16515	NC_003552.1	3918500	3919417	-	918	591	691	6	8	4
MA_RS28880	NC_003552.1	3919642	3919782	-	141	373	288	21	26	17
MA_RS16520	NC_003552.1	3920088	3920456	-	369	2484	3253	421	325	303
MA_RS16525	NC_003552.1	3920604	3921059	-	456	1708	2339	862	584	499
MA_RS16530	NC_003552.1	3921294	3921638	-	345	1743	3589	353	281	213
MA_RS16535	NC_003552.1	3921681	3922019	-	339	2352	5842	730	674	669
MA_RS16545	NC_003552.1	3922462	3923121	-	660	12834	21465	2936	1914	1812
MA_RS16550	NC_003552.1	3923398	3923754	+	357	2417	2333	1038	998	891
MA_RS16555	NC_003552.1	3923806	3924477	-	672	2906	2738	60	59	51
MA_RS16560	NC_003552.1	3924701	3926107	+	1407	3729	3956	386	254	255
MA_RS16565	NC_003552.1	3926232	3927356	-	1125	1455	1270	118	123	88
MA_RS16570	NC_003552.1	3927809	3928537	+	729	226	136	9	9	10
MA_RS16575	NC_003552.1	3929439	3930263	+	825	1679	1888	117	85	78
MA_RS16580	NC_003552.1	3930265	3931647	+	1383	1356	1630	99	106	79
MA_RS16585	NC_003552.1	3931687	3932931	+	1245	3636	3066	264	256	308
MA_RS16590	NC_003552.1	3933308	3934621	-	1314	4183	4348	100	109	91
MA_RS16595	NC_003552.1	3935436	3935876	+	441	395	351	24	40	14
MA_RS28885	NC_003552.1	3935952	3937268	+	1317	319	402	147	79	94
MA_RS16605	NC_003552.1	3937322	3938326	-	1005	4073	3064	3408	2086	1970
MA_RS16610	NC_003552.1	3938849	3939340	-	492	86	52	2	4	2
MA_RS16615	NC_003552.1	3939908	3941719	-	1812	970	820	42	63	45
MA_RS16620	NC_003552.1	3942319	3943806	+	1488	484	339	116	87	64
MA_RS16625	NC_003552.1	3943904	3945109	-	1206	1066	779	117	48	62
MA_RS16630	NC_003552.1	3945099	3945944	-	846	643	436	113	30	48
MA_RS16635	NC_003552.1	3946024	3947487	-	1464	2270	1640	586	441	413
MA_RS16640	NC_003552.1	3947551	3947730	-	180	2954	1320	30	11	21
MA_RS24735	NC_003552.1	3948380	3949309	+	930	90	48	4	0	6
MA_RS16655	NC_003552.1	3949954	3950412	+	459	1390	1303	144	98	104
MA_RS28890	NC_003552.1	3950453	3950584	+	132	325	320	24	27	10
MA_RS16665	NC_003552.1	3950872	3952308	+	1437	2201	2189	613	350	497
MA_RS29500	NC_003552.1	3952445	3952579	+	135	62	80	14	22	7
MA_RS16670	NC_003552.1	3952721	3952906	+	186	57	58	2	0	1
MA_RS16680	NC_003552.1	3953868	3954266	+	399	1096	993	30	20	18
MA_RS16685	NC_003552.1	3954367	3955803	-	1437	32827	28894	7299	4616	5269
MA_RS25780	NC_003552.1	3955853	3956023	-	171	4390	2848	164	160	140
MA_RS16690	NC_003552.1	3956167	3956385	-	219	3119	2095	158	138	146
MA_RS16700	NC_003552.1	3956923	3958266	+	1344	6052	4089	83	68	65
MA_RS16705	NC_003552.1	3958639	3959937	+	1299	10643	11116	2277	1537	1746
MA_RS16710	NC_003552.1	3960359	3960766	-	408	100	76	81	93	79
MA_RS16715	NC_003552.1	3961385	3961798	-	414	1120	792	885	1420	1193
MA_RS16720	NC_003552.1	3961899	3963200	-	1302	2010	1932	631	356	513
MA_RS16725	NC_003552.1	3963804	3965996	-	2193	4903	3660	922	524	537
MA_RS16730	NC_003552.1	3966236	3968002	-	1767	5072	4757	536	265	330
MA_RS16735	NC_003552.1	3968552	3968965	-	414	3107	2058	910	635	580
MA_RS16740	NC_003552.1	3969442	3970461	-	1020	7622	7482	1472	945	1125
MA_RS16745	NC_003552.1	3970674	3971573	-	900	1333	1205	65	82	49
MA_RS16750	NC_003552.1	3972228	3972893	+	666	1316	1095	99	66	78
MA_RS29505	NC_003552.1	3973240	3973428	+	189	107	72	9	0	1
MA_RS29510	NC_003552.1	3973421	3973750	+	330	33	9	2	4	0
MA_RS16760	NC_003552.1	3973902	3975188	-	1287	174	86	30	43	28
MA_RS16765	NC_003552.1	3975606	3976013	-	408	17890	11586	450	439	509
MA_RS16770	NC_003552.1	3976647	3976913	-	267	6005	5121	186	162	196
MA_RS16775	NC_003552.1	3978321	3979349	+	1029	2238	1628	139	112	117
MA_RS28895	NC_003552.1	3979606	3979935	+	330	326	223	23	18	11
MA_RS16785	NC_003552.1	3980257	3981219	+	963	692	582	128	53	86
MA_RS16790	NC_003552.1	3981398	3982420	+	1023	307	280	38	38	30
MA_RS28900	NC_003552.1	3982554	3983084	+	531	246	189	27	12	13
MA_RS16800	NC_003552.1	3983312	3984304	-	993	619	620	87	69	58
MA_RS27345	NC_003552.1	3984600	3984785	-	186	232	150	29	11	16
MA_RS25790	NC_003552.1	3985443	3986125	-	683	786	947	19	22	18
MA_RS16820	NC_003552.1	3986142	3986876	-	735	44	45	0	2	3
MA_RS16825	NC_003552.1	3986878	3987381	-	504	12	4	0	0	0
MA_RS16830	NC_003552.1	3987712	3987924	+	213	29	18	0	0	2
MA_RS16835	NC_003552.1	3987956	3988303	+	348	7	4	0	0	0
MA_RS16840	NC_003552.1	3988317	3988781	+	465	14	30	0	2	0
MA_RS16845	NC_003552.1	3988783	3989640	+	858	57	28	4	2	4
MA_RS16850	NC_003552.1	3989650	3989940	+	291	6	15	0	1	2
MA_RS24745	NC_003552.1	3989937	3992813	+	2877	557	350	43	28	32
MA_RS16860	NC_003552.1	3992915	3993355	+	441	17	25	12	10	2
MA_RS16865	NC_003552.1	3993372	3994694	+	1323	123	111	4	12	8
MA_RS16870	NC_003552.1	3994761	3996173	+	1413	201	178	38	26	26
MA_RS16875	NC_003552.1	3996183	3996563	+	381	37	31	4	0	2
MA_RS16880	NC_003552.1	3996728	3996961	+	234	106	72	6	2	0
MA_RS16885	NC_003552.1	3997412	3997690	-	279	608	389	7	11	10
MA_RS16890	NC_003552.1	3998154	3998543	+	390	286	238	14	28	16
MA_RS16895	NC_003552.1	3998708	3999217	-	510	555	398	65	50	54
MA_RS16900	NC_003552.1	3999683	4000027	+	345	13	7	4	2	5
MA_RS16905	NC_003552.1	4000122	4000535	-	414	3417	2453	118	103	103
MA_RS16915	NC_003552.1	4001183	4001716	-	534	388	322	32	23	24
MA_RS16920	NC_003552.1	4001796	4003316	-	1521	5768	5837	444	397	467
MA_RS16925	NC_003552.1	4003751	4004626	-	876	1772	1185	250	131	190
MA_RS16930	NC_003552.1	4005101	4005310	-	210	1172	518	51	43	34
MA_RS16935	NC_003552.1	4006355	4006576	-	222	1630	798	31	23	26
MA_RS16940	NC_003552.1	4007726	4008895	-	1170	3053	3139	406	199	221
MA_RS16945	NC_003552.1	4009011	4010162	-	1152	7399	8270	726	494	524
MA_RS16950	NC_003552.1	4010394	4010657	-	264	59	60	0	3	2
MA_RS16955	NC_003552.1	4011141	4012598	+	1458	2134	2085	2745	2195	1985
MA_RS27350	NC_003552.1	4013843	4013998	-	156	12	5	0	0	0
MA_RS29830	NC_003552.1	4013986	4014198	-	213	9	7	2	1	0
MA_RS16965	NC_003552.1	4014549	4015529	-	981	7485	8483	341	406	348
MA_RS16970	NC_003552.1	4015756	4016457	+	702	5911	4314	257	219	191
MA_RS16975	NC_003552.1	4016558	4017610	-	1053	1866	1487	441	338	288
MA_RS16980	NC_003552.1	4017775	4017954	+	180	57	27	8	12	6
MA_RS16985	NC_003552.1	4018164	4018502	-	339	268	166	29	35	24
MA_RS16990	NC_003552.1	4018727	4019743	-	1017	941	758	244	210	139
MA_RS17000	NC_003552.1	4020519	4020908	-	390	455	378	35	35	14
MA_RS17005	NC_003552.1	4021451	4022233	+	783	259	225	74	22	18
MA_RS17010	NC_003552.1	4022524	4023711	-	1188	1768	2180	8363	3613	4090
MA_RS17015	NC_003552.1	4024641	4025045	+	405	4549	3653	1024	894	847
MA_RS17020	NC_003552.1	4025609	4026325	-	717	515	504	232	178	182
MA_RS17025	NC_003552.1	4026327	4026824	-	498	130	101	248	141	190
MA_RS17030	NC_003552.1	4027135	4028328	+	1194	940	1188	255	198	150
MA_RS29515	NC_003552.1	4028318	4028446	+	129	1	1	3	0	4
MA_RS17035	NC_003552.1	4028484	4028864	+	381	774	505	14	16	2
MA_RS27355	NC_003552.1	4030490	4030648	-	159	51	35	27	20	24
MA_RS24750	NC_003552.1	4031131	4032540	+	1410	1808	1238	148	102	66
MA_RS17045	NC_003552.1	4032537	4033394	+	858	480	453	2	7	2
MA_RS17050	NC_003552.1	4033545	4034519	+	975	935	837	196	64	115
MA_RS17060	NC_003552.1	4034862	4035209	+	348	2242	2187	116	102	104
MA_RS17065	NC_003552.1	4035322	4036572	+	1251	2820	2262	383	176	207
MA_RS17070	NC_003552.1	4036752	4038068	+	1317	3923	4053	394	188	229
MA_RS28905	NC_003552.1	4038330	4038674	-	345	611	434	24	22	13
MA_RS28910	NC_003552.1	4038763	4039476	-	714	561	424	58	21	27
MA_RS28915	NC_003552.1	4039700	4040179	-	480	662	454	23	34	33
MA_RS17090	NC_003552.1	4040221	4041486	-	1266	184	128	20	6	14
MA_RS17095	NC_003552.1	4041577	4042056	-	480	16	9	4	2	0
MA_RS17100	NC_003552.1	4042338	4042802	+	465	43	38	2	0	4
MA_RS17105	NC_003552.1	4042885	4043472	-	588	79	67	162	82	76
MA_RS27360	NC_003552.1	4044056	4044232	-	177	936	527	0	6	0
MA_RS17110	NC_003552.1	4044545	4046149	-	1605	9886	9701	997	691	655
MA_RS17115	NC_003552.1	4046751	4047488	-	738	3941	3134	138	131	156
MA_RS17120	NC_003552.1	4047503	4047685	-	183	883	997	62	69	48
MA_RS17125	NC_003552.1	4048445	4050319	+	1875	1824	1988	267	147	230
MA_RS17130	NC_003552.1	4050333	4050848	+	516	934	1016	110	48	86
MA_RS17135	NC_003552.1	4051470	4051928	+	459	1658	1584	41	53	34
MA_RS17140	NC_003552.1	4052174	4053112	+	939	1402	1285	433	248	243
MA_RS17145	NC_003552.1	4054283	4054735	+	453	160	141	61	23	29
MA_RS17150	NC_003552.1	4054908	4056218	-	1311	11104	9032	7581	3078	4905
MA_RS17155	NC_003552.1	4056220	4057560	-	1341	11353	9477	2316	1002	1387
MA_RS17160	NC_003552.1	4057563	4059695	-	2133	43273	43850	9793	4708	6472
MA_RS17165	NC_003552.1	4060152	4060916	+	765	1480	1611	65	55	49
MA_RS17170	NC_003552.1	4060937	4061377	-	441	533	460	47	31	27
MA_RS17175	NC_003552.1	4061901	4062671	+	771	551	594	8	10	8
MA_RS24755	NC_003552.1	4062907	4065069	+	2163	2395	3263	11	8	10
MA_RS17185	NC_003552.1	4065071	4067065	+	1995	1668	1544	163	233	107
MA_RS17190	NC_003552.1	4067628	4067837	-	210	665	540	10	20	8
MA_RS17195	NC_003552.1	4068167	4068631	+	465	1281	913	449	417	319
MA_RS17200	NC_003552.1	4068958	4070208	+	1251	1508	1905	276	268	218
MA_RS17205	NC_003552.1	4070349	4071512	+	1164	933	905	629	310	382
MA_RS17210	NC_003552.1	4072252	4073568	-	1317	2502	2039	663	407	525
MA_RS17215	NC_003552.1	4074007	4074080	+	74	568	182	2	10	25
MA_RS17220	NC_003552.1	4074217	4074291	+	75	91	28	0	0	0
MA_RS17225	NC_003552.1	4074315	4074386	+	72	194	63	3	11	9
MA_RS17230	NC_003552.1	4074451	4074524	+	74	883	470	15	8	7
MA_RS17235	NC_003552.1	4074661	4074735	+	75	51	16	0	0	0
MA_RS17240	NC_003552.1	4074766	4074837	+	72	270	124	8	13	8
MA_RS29520	NC_003552.1	4075334	4075462	+	129	10629	6315	62	176	121
MA_RS17245	NC_003552.1	4075459	4075671	+	213	6203	5114	380	435	387
MA_RS17250	NC_003552.1	4076053	4076202	+	150	765	579	205	76	141
MA_RS17255	NC_003552.1	4076285	4076683	-	399	30764	25657	662	498	471
MA_RS17260	NC_003552.1	4077654	4078715	-	1062	1671	1720	619	310	311
MA_RS17265	NC_003552.1	4078740	4079759	-	1020	1919	1947	305	156	227
MA_RS17270	NC_003552.1	4080074	4080601	+	528	1295	1161	369	176	205
MA_RS17275	NC_003552.1	4080715	4081278	+	564	1244	1504	80	34	60
MA_RS17280	NC_003552.1	4082139	4082465	+	327	128	69	3	1	4
MA_RS17285	NC_003552.1	4082468	4083787	+	1320	6238	6321	421	320	339
MA_RS17290	NC_003552.1	4083894	4084802	+	909	13719	16361	1298	680	980
MA_RS17295	NC_003552.1	4085009	4085093	+	85	98	48	0	0	1
MA_RS25805	NC_003552.1	4085189	4085871	+	683	113	101	0	5	2
MA_RS17310	NC_003552.1	4085987	4087639	+	1653	681	524	89	85	59
MA_RS28920	NC_003552.1	4087984	4088184	+	201	565	314	4	0	2
MA_RS17315	NC_003552.1	4088181	4089269	+	1089	465	443	19	10	10
MA_RS17320	NC_003552.1	4089772	4090179	+	408	200	115	36	20	20
MA_RS25815	NC_003552.1	4090228	4090404	-	177	32	26	3	2	5
MA_RS17325	NC_003552.1	4090840	4091982	+	1143	9356	7474	1034	577	734
MA_RS28090	NC_003552.1	4092248	4092388	-	141	2589	1204	223	182	145
MA_RS17335	NC_003552.1	4092873	4093244	+	372	1709	1598	76	77	59
MA_RS17340	NC_003552.1	4093414	4093659	+	246	1039	801	25	34	18
MA_RS17350	NC_003552.1	4094503	4095105	+	603	20824	16469	3133	1875	2223
MA_RS17355	NC_003552.1	4095206	4097218	-	2013	4871	5572	1278	522	752
MA_RS17360	NC_003552.1	4097327	4098877	-	1551	3097	3297	674	402	433
MA_RS17365	NC_003552.1	4099022	4102003	-	2982	8189	8796	1973	817	1239
MA_RS17370	NC_003552.1	4103011	4104255	+	1245	678	384	29	22	21
MA_RS17375	NC_003552.1	4104252	4105025	+	774	38	23	1	0	1
MA_RS17380	NC_003552.1	4105285	4106184	+	900	4624	3706	1236	880	958
MA_RS17385	NC_003552.1	4106672	4106881	-	210	642	834	23	18	10
MA_RS17390	NC_003552.1	4107698	4108132	-	435	41	29	3	0	0
MA_RS17395	NC_003552.1	4108455	4110347	-	1893	660	775	140	65	98
MA_RS27370	NC_003552.1	4112130	4112294	+	165	448	263	7	16	5
MA_RS17400	NC_003552.1	4112515	4114851	+	2337	1929	2108	269	123	181
MA_RS17405	NC_003552.1	4115174	4117471	+	2298	3977	4752	218	158	156
MA_RS27970	NC_003552.1	4117720	4117872	+	153	1142	662	34	44	40
MA_RS17410	NC_003552.1	4117915	4118400	+	486	5870	6602	248	181	174
MA_RS17425	NC_003552.1	4120235	4121842	-	1608	315	278	94	50	62
MA_RS17430	NC_003552.1	4122739	4123704	-	966	1004	804	16	18	16
MA_RS17435	NC_003552.1	4123846	4124655	-	810	1151	851	11	10	4
MA_RS17440	NC_003552.1	4124927	4125106	-	180	2654	2452	3	18	8
MA_RS17445	NC_003552.1	4125718	4126935	-	1218	7813	8398	791	459	516
MA_RS17450	NC_003552.1	4127344	4128171	-	828	5491	5629	834	457	614
MA_RS17455	NC_003552.1	4128173	4128976	-	804	5624	5410	1417	763	802
MA_RS17460	NC_003552.1	4129117	4130124	-	1008	26803	32117	4921	3002	3948
MA_RS17465	NC_003552.1	4130863	4132884	-	2022	1417	1357	110	72	88
MA_RS17470	NC_003552.1	4133305	4134123	-	819	3287	3253	375	246	288
MA_RS17475	NC_003552.1	4134664	4135251	-	588	1860	1372	123	89	75
MA_RS17480	NC_003552.1	4135350	4136297	-	948	852	1020	178	145	108
MA_RS25820	NC_003552.1	4136818	4137387	-	570	784	764	18	33	20
MA_RS17490	NC_003552.1	4137842	4138378	-	537	960	1087	147	128	119
MA_RS17505	NC_003552.1	4140043	4140816	-	774	52	26	0	4	0
MA_RS17510	NC_003552.1	4140813	4142057	-	1245	427	285	27	28	22
MA_RS29675	NC_003552.1	4143302	4143463	+	162	55	35	6	5	0
MA_RS27975	NC_003552.1	4143856	4144062	+	207	724	738	1607	1561	1448
MA_RS17520	NC_003552.1	4144268	4144834	-	567	2959	3565	2184	2733	2344
MA_RS17525	NC_003552.1	4145879	4146724	+	846	5775	6463	2467	1570	1686
MA_RS17530	NC_003552.1	4146834	4147619	-	786	3135	3256	1393	1115	1166
MA_RS17535	NC_003552.1	4147616	4148698	-	1083	4204	4433	1325	642	1043
MA_RS17540	NC_003552.1	4149667	4149855	-	189	453	255	17	7	8
MA_RS17545	NC_003552.1	4150204	4151085	-	882	2605	2198	845	543	515
MA_RS17550	NC_003552.1	4151276	4152388	-	1113	8340	8736	2669	2886	2554
MA_RS17560	NC_003552.1	4153088	4154605	+	1518	1066	1123	73	56	62
MA_RS17565	NC_003552.1	4155441	4156466	+	1026	2296	2260	161	98	97
MA_RS17570	NC_003552.1	4156509	4156787	-	279	457	414	3	24	13
MA_RS25835	NC_003552.1	4157233	4161576	+	4344	10359	9824	176	156	98
MA_RS17580	NC_003552.1	4162200	4163939	+	1740	6340	7325	492	362	387
MA_RS24765	NC_003552.1	4164504	4167884	+	3381	1662	1691	129	128	104
MA_RS17590	NC_003552.1	4167998	4168489	-	492	422	375	53	108	64
MA_RS17595	NC_003552.1	4168769	4169398	-	630	1248	976	28	34	24
MA_RS17605	NC_003552.1	4169891	4171552	+	1662	2292	2358	573	434	485
MA_RS25840	NC_003552.1	4171715	4172397	-	683	322	416	14	18	10
MA_RS17620	NC_003552.1	4172585	4172860	+	276	55	48	2	4	8
MA_RS17625	NC_003552.1	4173579	4175303	+	1725	785	514	71	40	35
MA_RS17630	NC_003552.1	4175534	4175815	-	282	6429	4286	141	156	166
MA_RS27385	NC_003552.1	4175976	4176140	-	165	98	58	2	15	16
MA_RS17635	NC_003552.1	4176650	4177969	-	1320	610	422	216	149	153
MA_RS17640	NC_003552.1	4178279	4179148	+	870	678	493	101	32	54
MA_RS17645	NC_003552.1	4179205	4180386	-	1182	932	583	145	103	132
MA_RS17650	NC_003552.1	4180820	4182340	+	1521	27893	20304	5106	4058	3785
MA_RS17655	NC_003552.1	4182760	4183080	-	321	1406	1359	8	34	12
MA_RS27390	NC_003552.1	4183089	4183310	-	222	525	291	15	22	7
MA_RS17665	NC_003552.1	4183734	4184420	+	687	12	3	0	0	4
MA_RS28930	NC_003552.1	4184814	4185341	+	528	23	10	2	1	0
MA_RS17675	NC_003552.1	4185724	4186977	-	1254	1443	1092	576	448	410
MA_RS17680	NC_003552.1	4187242	4188516	+	1275	2684	2344	69	59	52
MA_RS17685	NC_003552.1	4188616	4189404	-	789	3002	3029	145	135	102
MA_RS17690	NC_003552.1	4189707	4192769	+	3063	1919	1799	203	105	104
MA_RS17695	NC_003552.1	4192845	4193162	+	318	165	114	10	2	8
MA_RS17700	NC_003552.1	4193555	4193740	+	186	105	70	31	28	24
MA_RS17705	NC_003552.1	4194107	4194841	-	735	209	300	12	1	2
MA_RS17710	NC_003552.1	4194877	4195659	-	783	614	522	115	68	64
MA_RS17720	NC_003552.1	4196570	4198987	+	2418	6135	6208	901	425	490
MA_RS17725	NC_003552.1	4199079	4199771	+	693	697	671	47	13	15
MA_RS17730	NC_003552.1	4199826	4200647	+	822	1162	1228	114	109	64
MA_RS17735	NC_003552.1	4200644	4201759	+	1116	2354	2220	213	120	94
MA_RS17745	NC_003552.1	4202439	4203377	-	939	210	203	70	41	32
MA_RS17750	NC_003552.1	4203378	4204424	-	1047	561	486	141	81	68
MA_RS17755	NC_003552.1	4204779	4205276	+	498	241	283	154	220	172
MA_RS17760	NC_003552.1	4205412	4205774	+	363	541	424	64	102	63
MA_RS27395	NC_003552.1	4206119	4206274	-	156	498	484	21	14	9
MA_RS17765	NC_003552.1	4206480	4207034	+	555	312	333	20	26	24
MA_RS17770	NC_003552.1	4207219	4207398	-	180	490	415	12	20	16
MA_RS17775	NC_003552.1	4207535	4208299	-	765	1045	886	213	176	185
MA_RS17780	NC_003552.1	4208576	4210861	-	2286	881	754	12	14	8
MA_RS17785	NC_003552.1	4211729	4212007	-	279	6558	7784	99	54	46
MA_RS17790	NC_003552.1	4212213	4212686	+	474	1132	728	51	51	34
MA_RS17795	NC_003552.1	4213024	4215432	+	2409	15519	15817	1535	1127	1096
MA_RS17800	NC_003552.1	4215701	4215895	+	195	7645	3252	143	93	94
MA_RS17805	NC_003552.1	4216405	4217676	+	1272	11021	8156	1129	634	700
MA_RS17810	NC_003552.1	4217735	4218373	-	639	2281	1762	500	291	285
MA_RS17815	NC_003552.1	4218710	4218910	+	201	498	434	100	78	62
MA_RS27405	NC_003552.1	4218927	4219085	-	159	534	337	96	58	57
MA_RS17825	NC_003552.1	4219624	4220040	+	417	53	59	14	9	8
MA_RS17830	NC_003552.1	4220142	4220411	+	270	151	103	6	9	3
MA_RS17835	NC_003552.1	4220480	4221142	-	663	1046	757	39	15	17
MA_RS17840	NC_003552.1	4221402	4222013	-	612	12504	11797	1768	1760	1573
MA_RS17845	NC_003552.1	4222732	4225041	-	2310	2155	2195	514	300	342
MA_RS17850	NC_003552.1	4225232	4225492	+	261	313	290	147	102	120
MA_RS17855	NC_003552.1	4225583	4226425	-	843	7521	8493	246	163	164
MA_RS17860	NC_003552.1	4226499	4226798	-	300	1534	1919	22	27	21
MA_RS25855	NC_003552.1	4227273	4227431	+	159	96	49	2	0	0
MA_RS25860	NC_003552.1	4227527	4227682	-	156	52	31	5	2	0
MA_RS25865	NC_003552.1	4227865	4228017	-	153	14	8	0	0	0
MA_RS17870	NC_003552.1	4227956	4228285	-	330	176	113	2	4	3
MA_RS17875	NC_003552.1	4228546	4229478	+	933	996	925	78	78	61
MA_RS25870	NC_003552.1	4229506	4229676	+	171	196	210	58	25	56
MA_RS17880	NC_003552.1	4229746	4230369	-	624	1156	919	242	123	118
MA_RS17885	NC_003552.1	4230362	4230733	-	372	359	356	110	101	96
MA_RS17890	NC_003552.1	4231049	4231519	-	471	1282	936	78	53	55
MA_RS17895	NC_003552.1	4231676	4231990	-	315	149	119	10	10	2
MA_RS17900	NC_003552.1	4232597	4234789	+	2193	2103	2285	287	222	208
MA_RS17905	NC_003552.1	4234953	4235192	-	240	365	379	6	19	8
MA_RS17910	NC_003552.1	4235341	4236678	-	1338	5501	6493	257	134	154
MA_RS17915	NC_003552.1	4237655	4238428	-	774	147	157	17	27	13
MA_RS29525	NC_003552.1	4240273	4240407	+	135	2	0	0	2	2
MA_RS17925	NC_003552.1	4240739	4240810	+	72	59	54	3	3	4
MA_RS17935	NC_003552.1	4241130	4242080	-	951	402	378	144	76	76
MA_RS17940	NC_003552.1	4242276	4243091	+	816	6440	5062	1167	707	828
MA_RS17945	NC_003552.1	4243091	4243429	+	339	733	424	62	73	33
MA_RS17950	NC_003552.1	4243519	4244376	+	858	522	625	118	50	66
MA_RS17955	NC_003552.1	4244421	4245488	-	1068	368	429	235	106	140
MA_RS17960	NC_003552.1	4245761	4246270	-	510	888	789	119	115	117
MA_RS27410	NC_003552.1	4246484	4246960	-	477	921	600	49	34	33
MA_RS17975	NC_003552.1	4248370	4249350	+	981	707	580	11	4	8
MA_RS17980	NC_003552.1	4249381	4250268	+	888	595	391	40	43	24
MA_RS17985	NC_003552.1	4250357	4250536	-	180	33	17	1	1	0
MA_RS17990	NC_003552.1	4250720	4251829	+	1110	1925	1988	167	106	85
MA_RS17995	NC_003552.1	4252153	4253205	+	1053	2675	2486	504	346	399
MA_RS18000	NC_003552.1	4253913	4254275	-	363	44	48	0	1	0
MA_RS18005	NC_003552.1	4254467	4255495	+	1029	588	672	177	90	132
MA_RS18010	NC_003552.1	4255870	4256634	+	765	1377	1257	2087	1456	1454
MA_RS18015	NC_003552.1	4256782	4257411	+	630	2305	2249	1065	641	672
MA_RS18020	NC_003552.1	4257411	4258685	+	1275	14932	15216	6088	3562	3686
MA_RS18025	NC_003552.1	4258734	4259828	+	1095	8937	7765	4155	1963	2489
MA_RS27415	NC_003552.1	4259848	4259991	+	144	9	8	6	6	2
MA_RS18030	NC_003552.1	4259985	4260764	+	780	2478	2162	894	431	537
MA_RS18035	NC_003552.1	4261079	4261264	+	186	896	435	73	38	54
MA_RS18040	NC_003552.1	4262067	4262825	-	759	2017	1989	428	285	311
MA_RS18045	NC_003552.1	4262837	4264453	-	1617	4440	5565	4361	2418	2856
MA_RS18050	NC_003552.1	4264481	4265446	-	966	1139	1132	1196	575	743
MA_RS18055	NC_003552.1	4265458	4266270	-	813	1250	1165	387	178	269
MA_RS18060	NC_003552.1	4266254	4267123	-	870	2063	2055	1906	1141	1269
MA_RS18065	NC_003552.1	4267136	4268065	-	930	2152	1829	6065	3628	4022
MA_RS18070	NC_003552.1	4268347	4269096	-	750	4529	4126	2843	1818	1975
MA_RS18075	NC_003552.1	4269957	4270346	-	390	11	2	2	0	0
MA_RS18080	NC_003552.1	4270669	4272243	+	1575	11119	12644	1941	1024	1229
MA_RS18085	NC_003552.1	4272267	4273208	+	942	10003	10736	1453	613	902
MA_RS18090	NC_003552.1	4273192	4274091	+	900	5609	6168	899	349	500
MA_RS18095	NC_003552.1	4274088	4275119	+	1032	3422	3442	555	240	326
MA_RS18100	NC_003552.1	4275107	4275805	+	699	1363	1189	237	98	168
MA_RS18105	NC_003552.1	4276107	4277201	+	1095	1664	1305	466	269	317
MA_RS18110	NC_003552.1	4277493	4277657	-	165	856	665	181	127	106
MA_RS18115	NC_003552.1	4277937	4279088	+	1152	8177	8160	888	657	619
MA_RS18120	NC_003552.1	4279368	4279850	-	483	5064	4681	142	98	103
MA_RS18125	NC_003552.1	4280294	4280620	-	327	16681	24173	19774	24994	15965
MA_RS24770	NC_003552.1	4282879	4295529	-	12651	6892	6670	282988	106929	159059
MA_RS18150	NC_003552.1	4295936	4296760	-	825	574	813	5930	3742	3428
MA_RS27420	NC_003552.1	4296888	4297052	-	165	130	170	206	363	265
MA_RS18155	NC_003552.1	4297696	4299429	-	1734	2064	1403	12949	7507	7907
MA_RS18160	NC_003552.1	4299445	4301181	-	1737	1574	1028	10090	6251	6085
MA_RS18165	NC_003552.1	4302118	4302429	-	312	805	578	3779	2556	2382
MA_RS18170	NC_003552.1	4302429	4302884	-	456	596	468	9690	5252	5649
MA_RS18175	NC_003552.1	4302898	4304895	-	1998	8254	5435	84830	38277	49402
MA_RS18180	NC_003552.1	4304888	4305130	-	243	341	329	1764	1059	1219
MA_RS18185	NC_003552.1	4305144	4305392	-	249	2810	2098	1583	1450	1518
MA_RS18190	NC_003552.1	4305708	4306040	+	333	109	114	0	4	0
MA_RS18195	NC_003552.1	4306548	4308644	-	2097	812	704	164	142	125
MA_RS18200	NC_003552.1	4308896	4309954	+	1059	4517	5272	520	421	458
MA_RS18210	NC_003552.1	4310451	4310972	-	522	1571	1702	346	196	212
MA_RS18215	NC_003552.1	4311140	4311454	-	315	1702	1722	80	55	35
MA_RS18220	NC_003552.1	4311675	4312022	-	348	389	351	48	25	44
MA_RS18225	NC_003552.1	4312106	4312891	-	786	1073	1122	656	285	405
MA_RS18230	NC_003552.1	4313773	4314552	+	780	883	753	752	311	472
MA_RS27425	NC_003552.1	4314558	4314698	+	141	199	142	19	16	37
MA_RS25880	NC_003552.1	4315028	4315918	+	891	1339	856	223	93	143
MA_RS29835	NC_003552.1	4321068	4321610	-	543	2558	2700	1316	508	783
MA_RS18245	NC_003552.1	4322717	4323376	-	660	432	327	20	23	5
MA_RS18250	NC_003552.1	4323426	4323959	-	534	949	444	20	44	37
MA_RS18255	NC_003552.1	4324668	4325804	+	1137	1213	1149	249	146	176
MA_RS18260	NC_003552.1	4326496	4327782	+	1287	109	69	37	33	26
MA_RS18265	NC_003552.1	4327963	4328154	+	192	47	22	2	0	0
MA_RS18270	NC_003552.1	4328285	4329073	+	789	632	410	34	44	18
MA_RS18275	NC_003552.1	4329656	4330816	+	1161	1109	1163	58	36	38
MA_RS18280	NC_003552.1	4331551	4332102	-	552	13276	14795	164	175	148
MA_RS18285	NC_003552.1	4332323	4334374	-	2052	8145	8103	320	142	169
MA_RS18290	NC_003552.1	4334745	4336667	-	1923	1601	1532	418	171	297
MA_RS18295	NC_003552.1	4337027	4337215	+	189	29	19	0	1	1
MA_RS18300	NC_003552.1	4337212	4337493	+	282	71	72	10	10	4
MA_RS18305	NC_003552.1	4337841	4338578	+	738	534	366	32	35	32
MA_RS18310	NC_003552.1	4338617	4340170	-	1554	1689	1119	242	157	125
MA_RS18325	NC_003552.1	4341627	4342400	-	774	158	154	14	14	11
MA_RS18330	NC_003552.1	4342397	4343641	-	1245	2401	1379	37	22	19
MA_RS18340	NC_003552.1	4345284	4345715	-	432	288	237	93	45	63
MA_RS18345	NC_003552.1	4346148	4346792	+	645	228	220	13	18	22
MA_RS18355	NC_003552.1	4348062	4348868	-	807	2913	2050	232	127	174
MA_RS18360	NC_003552.1	4349120	4349932	-	813	631	538	58	42	44
MA_RS18370	NC_003552.1	4350294	4351172	-	879	12864	11322	2139	1441	1627
MA_RS18375	NC_003552.1	4351197	4351811	-	615	3070	2976	171	115	134
MA_RS18380	NC_003552.1	4351814	4353040	-	1227	7021	7803	780	484	506
MA_RS18390	NC_003552.1	4354473	4355345	-	873	3693	3537	1146	732	1031
MA_RS18395	NC_003552.1	4355362	4356600	-	1239	5913	6098	1442	866	1083
MA_RS27435	NC_003552.1	4356870	4357202	+	333	595	365	125	73	62
MA_RS18400	NC_003552.1	4357221	4357829	-	609	2347	1971	434	431	312
MA_RS18405	NC_003552.1	4358028	4358213	+	186	230	194	60	32	36
MA_RS18410	NC_003552.1	4358429	4359415	-	987	14310	14159	2905	2390	2360
MA_RS18415	NC_003552.1	4359569	4360855	+	1287	2569	2834	295	144	209
MA_RS18420	NC_003552.1	4360928	4361743	-	816	1733	1838	176	113	133
MA_RS18425	NC_003552.1	4362400	4364760	+	2361	16187	17811	1154	695	786
MA_RS18430	NC_003552.1	4364937	4365191	+	255	7278	5297	169	132	123
MA_RS18445	NC_003552.1	4367611	4368078	+	468	154	131	10	6	2
MA_RS28945	NC_003552.1	4368097	4368294	+	198	72	59	29	24	12
MA_RS18450	NC_003552.1	4368371	4369192	+	822	495	576	23	28	24
MA_RS18455	NC_003552.1	4369251	4369592	+	342	118	83	2	4	0
MA_RS18460	NC_003552.1	4369749	4370474	+	726	235	201	23	30	13
MA_RS18465	NC_003552.1	4370564	4371088	+	525	150	143	39	43	32
MA_RS28095	NC_003552.1	4372039	4372194	+	156	80	72	0	16	0
MA_RS18475	NC_003552.1	4373078	4373428	+	351	103	108	18	20	13
MA_RS18480	NC_003552.1	4373508	4374032	-	525	355	278	55	53	49
MA_RS18485	NC_003552.1	4374398	4374895	+	498	192	99	10	21	2
MA_RS27440	NC_003552.1	4375078	4375215	+	138	5	12	0	2	0
MA_RS18490	NC_003552.1	4375212	4375481	+	270	2	2	2	0	0
MA_RS18495	NC_003552.1	4375670	4376635	+	966	743	565	51	78	96
MA_RS18500	NC_003552.1	4376853	4380035	-	3183	4842	4342	461	229	296
MA_RS24775	NC_003552.1	4380273	4382156	-	1884	929	784	60	29	32
MA_RS18510	NC_003552.1	4382665	4383345	-	681	1876	2228	361	191	214
MA_RS18515	NC_003552.1	4383412	4384389	-	978	22577	22933	3471	2091	2666
MA_RS18520	NC_003552.1	4384686	4385156	+	471	1408	958	20	10	22
MA_RS18525	NC_003552.1	4385227	4385559	+	333	1124	1276	72	99	38
MA_RS18530	NC_003552.1	4385729	4386562	+	834	1620	1524	287	199	186
MA_RS18535	NC_003552.1	4386697	4387737	-	1041	483	390	100	55	68
MA_RS18540	NC_003552.1	4388167	4388484	-	318	158	159	8	24	11
MA_RS27445	NC_003552.1	4388529	4388708	+	180	9	0	0	1	0
MA_RS18545	NC_003552.1	4388806	4390167	-	1362	1721	1724	761	456	536
MA_RS18550	NC_003552.1	4390179	4390961	-	783	804	614	848	421	456
MA_RS18555	NC_003552.1	4391075	4391413	-	339	103	44	1021	749	721
MA_RS18560	NC_003552.1	4391410	4392117	-	708	671	481	3544	2635	2691
MA_RS18565	NC_003552.1	4393034	4393495	-	462	612	349	85	41	67
MA_RS18570	NC_003552.1	4393762	4396350	-	2589	27933	26741	14336	8942	9527
MA_RS18585	NC_003552.1	4398038	4399402	+	1365	1544	1703	431	238	330
MA_RS18590	NC_003552.1	4399565	4403035	+	3471	1213	1021	171	120	117
MA_RS18595	NC_003552.1	4403068	4403916	-	849	2490	2903	367	139	296
MA_RS18600	NC_003552.1	4403903	4405333	-	1431	4728	5606	1432	628	770
MA_RS18605	NC_003552.1	4405536	4407011	-	1476	10931	12489	1862	878	1187
MA_RS18610	NC_003552.1	4407353	4408540	-	1188	8173	8000	1084	606	723
MA_RS18615	NC_003552.1	4408558	4409022	-	465	1204	1416	144	130	108
MA_RS18620	NC_003552.1	4409097	4410110	-	1014	3403	3671	798	410	492
MA_RS28955	NC_003552.1	4410309	4410506	-	198	20	23	2	4	2
MA_RS28960	NC_003552.1	4410496	4410795	-	300	77	46	6	12	4
MA_RS18630	NC_003552.1	4411026	4411448	+	423	957	1016	277	190	214
MA_RS27450	NC_003552.1	4411986	4412153	+	168	14112	7468	8	4	2
MA_RS18635	NC_003552.1	4412358	4412780	+	423	654	674	29	20	25
MA_RS27455	NC_003552.1	4412954	4413157	+	204	15	15	3	2	1
MA_RS18640	NC_003552.1	4413147	4414142	+	996	611	748	38	74	27
MA_RS29530	NC_003552.1	4414493	4414735	+	243	77	121	13	4	4
MA_RS29535	NC_003552.1	4414870	4415346	+	477	82	84	23	26	24
MA_RS18650	NC_003552.1	4415422	4416240	-	819	228	128	19	13	23
MA_RS29845	NC_003552.1	4416493	4416588	+	96	24	15	12	5	12
MA_RS18655	NC_003552.1	4416867	4417964	+	1098	699	653	153	115	109
MA_RS18660	NC_003552.1	4418082	4419338	-	1257	927	650	129	75	81
MA_RS25900	NC_003552.1	4419809	4420324	+	516	326	202	19	11	8
MA_RS18670	NC_003552.1	4420969	4421208	-	240	7	16	4	2	6
MA_RS18675	NC_003552.1	4421460	4421816	-	357	30	54	8	4	0
MA_RS18680	NC_003552.1	4421829	4422080	+	252	54	40	7	2	4
MA_RS18685	NC_003552.1	4422124	4422810	-	687	226	203	35	18	12
MA_RS18690	NC_003552.1	4422813	4424021	-	1209	607	543	243	153	135
MA_RS18695	NC_003552.1	4424034	4425263	-	1230	670	669	119	78	78
MA_RS18700	NC_003552.1	4425560	4425880	-	321	1104	1080	223	141	152
MA_RS18705	NC_003552.1	4426354	4426998	-	645	457	259	22	12	16
MA_RS18715	NC_003552.1	4427972	4428268	-	297	68	84	1	0	0
MA_RS18720	NC_003552.1	4428554	4429021	-	468	119	50	0	0	1
MA_RS18725	NC_003552.1	4430115	4430573	+	459	1892	3261	9	17	6
MA_RS18730	NC_003552.1	4431200	4432420	-	1221	3224	2457	93	62	56
MA_RS18735	NC_003552.1	4432692	4433291	-	600	2842	2701	465	326	451
MA_RS18740	NC_003552.1	4433538	4434788	-	1251	2469	2272	1217	641	620
MA_RS18745	NC_003552.1	4435107	4435718	+	612	368	302	45	32	42
MA_RS18750	NC_003552.1	4436002	4436298	+	297	23	32	10	12	16
MA_RS18755	NC_003552.1	4436432	4436626	+	195	25	38	6	12	10
MA_RS18760	NC_003552.1	4436838	4437032	+	195	103	151	7	6	12
MA_RS24790	NC_003552.1	4437145	4437669	-	525	989	937	226	100	156
MA_RS18770	NC_003552.1	4438049	4439476	-	1428	1940	2048	609	295	350
MA_RS18775	NC_003552.1	4439689	4441152	-	1464	685	743	263	113	106
MA_RS18780	NC_003552.1	4441158	4442033	-	876	603	601	93	54	61
MA_RS18785	NC_003552.1	4442030	4442659	-	630	441	326	261	157	159
MA_RS18790	NC_003552.1	4443030	4443776	-	747	1470	1134	95	45	63
MA_RS18795	NC_003552.1	4443938	4444216	-	279	36	45	57	45	37
MA_RS18800	NC_003552.1	4444381	4445754	-	1374	1077	1038	348	238	213
MA_RS27460	NC_003552.1	4446575	4446730	+	156	5	3	0	0	0
MA_RS18805	NC_003552.1	4446722	4447948	-	1227	205070	211420	6162	3447	4399
MA_RS18810	NC_003552.1	4448053	4449054	-	1002	78784	90878	1618	958	1071
MA_RS18815	NC_003552.1	4449310	4449879	+	570	237	232	52	42	23
MA_RS18820	NC_003552.1	4450117	4451886	+	1770	10776	9798	1435	962	1124
MA_RS18825	NC_003552.1	4452427	4452921	+	495	601	811	45	44	21
MA_RS29540	NC_003552.1	4452978	4453106	+	129	16	30	4	5	2
MA_RS18830	NC_003552.1	4453085	4453876	+	792	872	1137	316	166	213
MA_RS18835	NC_003552.1	4454041	4457514	+	3474	2416	2432	326	211	268
MA_RS18840	NC_003552.1	4457617	4458657	+	1041	957	1278	326	137	245
MA_RS18845	NC_003552.1	4459184	4460323	+	1140	465	278	46	55	53
MA_RS18850	NC_003552.1	4460696	4461403	-	708	218	185	21	18	12
MA_RS18860	NC_003552.1	4462303	4462668	-	366	2687	2359	6	11	20
MA_RS18865	NC_003552.1	4462758	4463411	-	654	117	109	10	8	4
MA_RS18870	NC_003552.1	4463699	4463983	-	285	41571	22513	940	771	761
MA_RS25905	NC_003552.1	4464357	4464896	-	540	964	651	29	45	55
MA_RS18880	NC_003552.1	4465222	4465896	-	675	1204	1165	119	97	114
MA_RS18885	NC_003552.1	4466571	4467848	-	1278	1825	1632	242	152	173
MA_RS18890	NC_003552.1	4467851	4468246	-	396	422	429	71	62	42
MA_RS18895	NC_003552.1	4468439	4469491	-	1053	3589	3471	1069	626	737
MA_RS18905	NC_003552.1	4469811	4471304	-	1494	13864	13837	2308	1123	1489
MA_RS18910	NC_003552.1	4471450	4472247	-	798	3227	2837	446	205	247
MA_RS18915	NC_003552.1	4472423	4473535	-	1113	7538	7356	732	472	637
MA_RS18920	NC_003552.1	4473872	4475290	-	1419	25535	27385	8328	4492	6115
MA_RS18925	NC_003552.1	4475317	4475709	-	393	20575	16480	2530	1454	2030
MA_RS18930	NC_003552.1	4476320	4478251	+	1932	9638	8801	515	456	371
MA_RS18935	NC_003552.1	4478589	4479065	-	477	357	250	20	29	13
MA_RS18940	NC_003552.1	4479515	4480285	-	771	459	466	58	53	54
MA_RS18945	NC_003552.1	4480698	4480952	-	255	156	113	120	110	71
MA_RS18950	NC_003552.1	4481236	4482048	-	813	2496	3211	658	380	440
MA_RS18955	NC_003552.1	4482164	4482517	-	354	751	526	29	40	30
MA_RS18960	NC_003552.1	4482900	4483250	-	351	3274	2434	89	138	56
MA_RS18965	NC_003552.1	4483667	4484944	-	1278	2715	2213	162	90	141
MA_RS18970	NC_003552.1	4485322	4487499	+	2178	547	416	7163	3368	4069
MA_RS18975	NC_003552.1	4487738	4488871	+	1134	247	211	2636	1481	1939
MA_RS18980	NC_003552.1	4488896	4489966	+	1071	460	368	1095	608	673
MA_RS18985	NC_003552.1	4489963	4490718	+	756	132	129	539	388	405
MA_RS18990	NC_003552.1	4491032	4491430	+	399	22407	23355	382	664	513
MA_RS19000	NC_003552.1	4492443	4492730	-	288	921	604	32	18	16
MA_RS28975	NC_003552.1	4493022	4493210	-	189	128	105	21	10	9
MA_RS19005	NC_003552.1	4493729	4495222	+	1494	918	807	290	202	234
MA_RS19010	NC_003552.1	4495495	4496739	-	1245	147	76	30	22	23
MA_RS27475	NC_003552.1	4499499	4499645	+	147	9	6	0	0	0
MA_RS29855	NC_003552.1	4499748	4499927	+	180	63	34	4	6	0
MA_RS19020	NC_003552.1	4500391	4500684	+	294	1592	1327	6	10	6
MA_RS19025	NC_003552.1	4501637	4502437	-	801	546	306	4	14	8
MA_RS19035	NC_003552.1	4503157	4503333	-	177	59	14	0	3	5
MA_RS19040	NC_003552.1	4503602	4504606	-	1005	299	310	76	34	58
MA_RS24800	NC_003552.1	4505521	4505991	-	471	256	207	18	8	16
MA_RS19055	NC_003552.1	4506486	4507166	+	681	106	46	8	18	0
MA_RS19060	NC_003552.1	4507960	4508202	+	243	241	157	2	8	0
MA_RS19065	NC_003552.1	4508624	4509754	+	1131	958	747	95	94	45
MA_RS19070	NC_003552.1	4510122	4510694	-	573	380	299	47	33	19
MA_RS19075	NC_003552.1	4511154	4511882	-	729	613	697	59	40	57
MA_RS19080	NC_003552.1	4512479	4513615	-	1137	348	368	49	34	72
MA_RS19085	NC_003552.1	4513829	4514626	-	798	136	90	18	8	2
MA_RS28980	NC_003552.1	4515422	4515568	+	147	131	95	72	35	44
MA_RS24805	NC_003552.1	4515648	4517282	-	1635	1295	1177	1216	906	933
MA_RS29545	NC_003552.1	4517507	4517629	-	123	9	4	0	0	0
MA_RS19100	NC_003552.1	4517626	4517811	-	186	41	13	0	0	0
MA_RS19105	NC_003552.1	4518093	4520309	-	2217	3211	2039	104	64	50
MA_RS19110	NC_003552.1	4520330	4520953	-	624	2124	1598	66	26	32
MA_RS19115	NC_003552.1	4520955	4521956	-	1002	3659	3381	79	43	70
MA_RS19120	NC_003552.1	4521959	4523323	-	1365	2099	1540	47	37	27
MA_RS29550	NC_003552.1	4525702	4525833	+	132	14	1	0	0	0
MA_RS19125	NC_003552.1	4525863	4526126	-	264	74	44	8	7	7
MA_RS19130	NC_003552.1	4526128	4527129	-	1002	469	388	93	76	73
MA_RS19135	NC_003552.1	4527195	4527782	-	588	199	177	12	13	6
MA_RS19140	NC_003552.1	4527795	4528535	-	741	550	582	132	40	50
MA_RS19145	NC_003552.1	4529199	4529918	-	720	2764	3008	242	114	99
MA_RS19150	NC_003552.1	4530054	4530548	+	495	94	86	4	17	26
MA_RS19155	NC_003552.1	4530801	4531157	-	357	72	101	68	95	64
MA_RS19160	NC_003552.1	4531728	4532552	+	825	2048	1916	286	184	235
MA_RS19165	NC_003552.1	4532713	4533507	+	795	990	737	138	182	141
MA_RS19170	NC_003552.1	4534112	4534918	+	807	422	397	51	53	69
MA_RS19175	NC_003552.1	4535295	4537088	+	1794	6617	7001	1361	767	961
MA_RS19180	NC_003552.1	4537146	4538174	+	1029	2847	3180	1044	562	669
MA_RS19185	NC_003552.1	4538527	4539690	+	1164	15243	16042	3545	2263	2471
MA_RS19190	NC_003552.1	4540138	4541253	+	1116	2111	1743	172	157	164
MA_RS19195	NC_003552.1	4541474	4542109	-	636	15404	12412	1026	738	717
MA_RS19200	NC_003552.1	4542185	4542634	-	450	5779	6570	168	165	112
MA_RS19205	NC_003552.1	4542926	4543996	-	1071	2736	2508	569	245	348
MA_RS19210	NC_003552.1	4544730	4545599	+	870	2650	2575	1479	930	951
MA_RS19215	NC_003552.1	4545709	4546452	+	744	2162	1712	864	403	531
MA_RS19220	NC_003552.1	4546753	4547916	+	1164	5810	5398	1046	511	699
MA_RS19225	NC_003552.1	4548286	4549512	+	1227	12765	12817	1746	1079	1246
MA_RS19230	NC_003552.1	4549509	4549874	+	366	1869	1646	616	392	423
MA_RS19235	NC_003552.1	4549933	4550517	+	585	3525	3994	187	179	133
MA_RS19240	NC_003552.1	4550549	4550734	+	186	587	560	122	57	94
MA_RS19245	NC_003552.1	4550736	4551323	+	588	4444	3398	2031	1968	2055
MA_RS19250	NC_003552.1	4551304	4551609	+	306	5044	5408	426	484	377
MA_RS19255	NC_003552.1	4551631	4551780	+	150	1213	1004	345	193	235
MA_RS19260	NC_003552.1	4552297	4552479	+	183	3205	2861	6	1	1
MA_RS28985	NC_003552.1	4553226	4559276	-	6051	14159	19666	1764	821	1147
MA_RS28990	NC_003552.1	4560677	4568131	-	7455	24485	36086	1658	873	1243
MA_RS28995	NC_003552.1	4569639	4575284	-	5646	39104	50702	2910	1505	1827
MA_RS19285	NC_003552.1	4577047	4577331	-	285	50	43	60	61	48
MA_RS19290	NC_003552.1	4577576	4578097	-	522	661	885	163	109	100
MA_RS19295	NC_003552.1	4578346	4579473	-	1128	5133	4978	1211	949	1012
MA_RS19300	NC_003552.1	4580938	4584000	+	3063	1724	1879	276	138	206
MA_RS19305	NC_003552.1	4584164	4585807	+	1644	3487	3560	473	183	322
MA_RS19310	NC_003552.1	4585800	4586354	+	555	4772	3703	1127	526	713
MA_RS19315	NC_003552.1	4586552	4586905	-	354	480	496	46	36	42
MA_RS19320	NC_003552.1	4587223	4587831	+	609	449	368	11	22	5
MA_RS19325	NC_003552.1	4587863	4588600	-	738	2201	2057	87	79	100
MA_RS19330	NC_003552.1	4588810	4588995	-	186	429	378	71	64	49
MA_RS19335	NC_003552.1	4589153	4590214	+	1062	3975	3060	266	299	230
MA_RS29000	NC_003552.1	4590622	4590798	+	177	47	52	2	6	20
MA_RS19350	NC_003552.1	4591864	4592412	-	549	1347	946	19	34	31
MA_RS19360	NC_003552.1	4594139	4595203	-	1065	2760	2702	302	173	213
MA_RS19365	NC_003552.1	4595383	4596405	-	1023	2126	1777	859	374	457
MA_RS19370	NC_003552.1	4596386	4597864	-	1479	4717	4319	1285	635	817
MA_RS19375	NC_003552.1	4597870	4598115	-	246	891	863	389	277	255
MA_RS19380	NC_003552.1	4598317	4598997	-	681	527	358	131	97	109
MA_RS19385	NC_003552.1	4599140	4600252	-	1113	1114	920	278	284	221
MA_RS19395	NC_003552.1	4601313	4601582	+	270	775	650	289	255	207
MA_RS19400	NC_003552.1	4602144	4603085	+	942	5584	5573	712	563	543
MA_RS19415	NC_003552.1	4603699	4605792	+	2094	1530	1513	322	251	199
MA_RS19420	NC_003552.1	4605922	4606155	+	234	82	94	8	4	7
MA_RS19425	NC_003552.1	4606226	4606747	+	522	328	281	86	63	72
MA_RS19430	NC_003552.1	4607006	4607407	+	402	97	83	16	8	8
MA_RS19435	NC_003552.1	4607398	4607958	+	561	817	837	111	71	60
MA_RS19440	NC_003552.1	4607997	4608518	-	522	4971	3751	500	310	355
MA_RS19445	NC_003552.1	4608584	4609624	-	1041	6029	6989	4537	2700	3238
MA_RS19450	NC_003552.1	4609732	4610718	-	987	8057	9247	9393	4149	5707
MA_RS19455	NC_003552.1	4611134	4611325	+	192	42	19	0	0	0
MA_RS19460	NC_003552.1	4611437	4611562	+	126	382	347	125	93	95
MA_RS19465	NC_003552.1	4611673	4611903	+	231	770	786	134	111	122
MA_RS19470	NC_003552.1	4611915	4612139	+	225	1337	1487	86	138	106
MA_RS19475	NC_003552.1	4612316	4612669	+	354	1576	1738	203	202	172
MA_RS19480	NC_003552.1	4612744	4613109	+	366	2320	2367	397	299	319
MA_RS19485	NC_003552.1	4613372	4614754	+	1383	10662	11687	1145	605	791
MA_RS19490	NC_003552.1	4614881	4615570	+	690	758	652	100	58	86
MA_RS19495	NC_003552.1	4615729	4616352	+	624	1618	1532	269	114	172
MA_RS19500	NC_003552.1	4616419	4616925	+	507	1353	1660	119	82	86
MA_RS19505	NC_003552.1	4616947	4618155	+	1209	3559	3839	1238	718	727
MA_RS27535	NC_003552.1	4618386	4618550	+	165	4103	2902	333	362	218
MA_RS19510	NC_003552.1	4619166	4619561	-	396	2503	2779	136	122	131
MA_RS19515	NC_003552.1	4619633	4621261	+	1629	651	537	145	111	104
MA_RS19520	NC_003552.1	4621281	4621751	-	471	669	654	127	97	92
MA_RS27540	NC_003552.1	4621897	4622043	+	147	57	20	0	0	3
MA_RS19525	NC_003552.1	4622223	4622867	-	645	464	393	34	30	40
MA_RS19530	NC_003552.1	4623061	4624056	-	996	1466	1283	186	140	186
MA_RS19535	NC_003552.1	4624122	4624682	-	561	775	415	81	45	75
MA_RS19540	NC_003552.1	4624840	4625697	-	858	1275	1099	1060	416	544
MA_RS19545	NC_003552.1	4625867	4626364	-	498	175	151	122	121	121
MA_RS19550	NC_003552.1	4626627	4629149	-	2523	14439	11607	13639	8231	8127
MA_RS19555	NC_003552.1	4629672	4632224	-	2553	12997	11697	2400	1582	1456
MA_RS19560	NC_003552.1	4632720	4635251	-	2532	8836	8677	924	694	682
MA_RS19565	NC_003552.1	4635365	4636519	-	1155	1981	1410	515	231	249
MA_RS19570	NC_003552.1	4636598	4637701	+	1104	2018	1325	56	60	40
MA_RS19575	NC_003552.1	4637764	4638819	+	1056	1495	1187	148	119	103
MA_RS19580	NC_003552.1	4638822	4639850	-	1029	1225	784	95	75	55
MA_RS19585	NC_003552.1	4640190	4641434	+	1245	4031	2849	59	59	37
MA_RS19590	NC_003552.1	4641431	4642204	+	774	131	156	16	11	7
MA_RS19595	NC_003552.1	4642505	4643791	-	1287	104	66	38	32	26
MA_RS19605	NC_003552.1	4644917	4646104	-	1188	91	21	36	22	18
MA_RS19610	NC_003552.1	4646743	4648221	+	1479	1047	434	88	113	52
MA_RS24810	NC_003552.1	4648379	4650403	-	2025	910	482	168	164	153
MA_RS19620	NC_003552.1	4650400	4651572	-	1173	1091	1100	650	372	408
MA_RS19625	NC_003552.1	4651574	4652434	-	861	1043	1036	196	131	147
MA_RS19630	NC_003552.1	4652525	4654285	-	1761	1131	732	144	179	130
MA_RS19635	NC_003552.1	4654392	4655426	-	1035	745	549	438	646	332
MA_RS19640	NC_003552.1	4655398	4656066	-	669	458	471	2142	2329	1623
MA_RS19650	NC_003552.1	4658383	4658802	-	420	44	32	1	4	4
MA_RS29005	NC_003552.1	4658973	4659692	-	720	169	99	7	5	3
MA_RS19665	NC_003552.1	4660355	4660648	-	294	838	522	142	92	109
MA_RS19670	NC_003552.1	4660769	4661485	-	717	952	988	177	125	114
MA_RS19675	NC_003552.1	4661482	4662291	-	810	2434	2038	524	384	330
MA_RS19680	NC_003552.1	4662264	4663220	-	957	4225	3701	606	339	326
MA_RS19685	NC_003552.1	4663301	4663852	-	552	1460	1244	214	204	238
MA_RS19690	NC_003552.1	4663862	4665244	-	1383	9484	7936	1394	1014	902
MA_RS19695	NC_003552.1	4665789	4666853	-	1065	1491	1146	154	134	116
MA_RS19700	NC_003552.1	4667261	4668010	-	750	654	760	45	30	26
MA_RS19705	NC_003552.1	4668027	4668413	-	387	697	600	22	44	28
MA_RS29555	NC_003552.1	4668423	4668557	+	135	9	4	3	0	0
MA_RS19710	NC_003552.1	4668577	4668795	-	219	1006	918	25	43	22
MA_RS19715	NC_003552.1	4669652	4670497	+	846	2545	2238	545	349	418
MA_RS19720	NC_003552.1	4670515	4671924	+	1410	5433	5217	1826	889	1161
MA_RS19725	NC_003552.1	4672148	4673104	-	957	736	606	190	101	97
MA_RS19730	NC_003552.1	4673785	4673856	-	72	84	46	3	1	2
MA_RS19735	NC_003552.1	4674201	4674743	-	543	1905	2007	148	137	86
MA_RS27550	NC_003552.1	4674981	4675169	+	189	40	44	22	8	2
MA_RS19745	NC_003552.1	4675144	4676151	-	1008	16669	17102	5496	2788	4007
MA_RS19750	NC_003552.1	4676513	4676998	-	486	2251	2612	913	730	761
MA_RS19755	NC_003552.1	4676998	4678692	-	1695	14933	17869	11015	5355	7892
MA_RS19760	NC_003552.1	4678982	4680469	-	1488	11608	12194	3838	2583	3075
MA_RS19765	NC_003552.1	4680788	4681960	+	1173	1669	1431	40	18	15
MA_RS19770	NC_003552.1	4682311	4682886	-	576	794	686	38	34	32
MA_RS19775	NC_003552.1	4682886	4684619	-	1734	297	344	18	13	14
MA_RS19785	NC_003552.1	4685239	4686039	+	801	270	181	80	30	35
MA_RS19790	NC_003552.1	4686036	4686767	+	732	275	193	9	4	0
MA_RS19800	NC_003552.1	4688183	4688572	-	390	168	77	4	5	4
MA_RS19805	NC_003552.1	4688692	4689072	-	381	203	137	21	13	3
MA_RS19810	NC_003552.1	4689069	4689695	-	627	158	125	0	10	6
MA_RS19815	NC_003552.1	4689706	4690095	-	390	56	46	10	4	4
MA_RS19820	NC_003552.1	4690165	4690506	-	342	7	6	0	0	0
MA_RS24815	NC_003552.1	4690506	4692974	-	2469	349	289	75	58	90
MA_RS27555	NC_003552.1	4692985	4693125	-	141	0	0	0	0	0
MA_RS19830	NC_003552.1	4693155	4693391	-	237	2	5	0	4	0
MA_RS19835	NC_003552.1	4693394	4693612	-	219	0	0	0	0	0
MA_RS29560	NC_003552.1	4693658	4693792	-	135	4	1	0	0	0
MA_RS19840	NC_003552.1	4693789	4694595	-	807	24	18	0	0	4
MA_RS19845	NC_003552.1	4694599	4694973	-	375	8	8	2	0	2
MA_RS19850	NC_003552.1	4694970	4695401	-	432	6	11	3	6	2
MA_RS19855	NC_003552.1	4695402	4695650	-	249	11	1	0	0	0
MA_RS27560	NC_003552.1	4695652	4695804	-	153	0	0	0	0	0
MA_RS19860	NC_003552.1	4695795	4696523	-	729	12	12	11	4	4
MA_RS19865	NC_003552.1	4696520	4697140	-	621	62	72	12	6	9
MA_RS19870	NC_003552.1	4697147	4697530	-	384	21	40	5	1	1
MA_RS19875	NC_003552.1	4697536	4697799	-	264	6	16	0	0	0
MA_RS19880	NC_003552.1	4697810	4698718	-	909	34	31	4	0	2
MA_RS19885	NC_003552.1	4698730	4699176	-	447	20	12	4	0	0
MA_RS19890	NC_003552.1	4699176	4699859	-	684	22	21	0	0	0
MA_RS19895	NC_003552.1	4699820	4700152	-	333	24	16	0	6	0
MA_RS19900	NC_003552.1	4700665	4702293	+	1629	697	539	201	141	106
MA_RS19910	NC_003552.1	4702654	4703355	+	702	20	22	0	0	0
MA_RS19915	NC_003552.1	4703651	4703863	-	213	1280	839	6	7	0
MA_RS19920	NC_003552.1	4703860	4705266	-	1407	235	174	14	16	10
MA_RS27565	NC_003552.1	4705266	4705433	-	168	3	0	0	0	0
MA_RS19925	NC_003552.1	4705435	4706667	-	1233	88	86	20	20	8
MA_RS19930	NC_003552.1	4706673	4707002	-	330	85	63	19	5	9
MA_RS19935	NC_003552.1	4707089	4708570	-	1482	1605	1293	66	29	34
MA_RS19940	NC_003552.1	4708583	4708795	-	213	1	2	0	0	0
MA_RS19945	NC_003552.1	4708831	4709313	-	483	72	64	0	0	0
MA_RS19950	NC_003552.1	4709398	4711473	-	2076	2043	2132	184	103	185
MA_RS19955	NC_003552.1	4711499	4711948	-	450	53	54	9	4	0
MA_RS19960	NC_003552.1	4712231	4712575	-	345	45	14	12	4	1
MA_RS19965	NC_003552.1	4712576	4712983	-	408	112	64	5	3	8
MA_RS19970	NC_003552.1	4713083	4713646	-	564	332	322	27	8	7
MA_RS19975	NC_003552.1	4713762	4714460	-	699	392	395	43	13	24
MA_RS19980	NC_003552.1	4714457	4715053	-	597	119	94	4	6	6
MA_RS27570	NC_003552.1	4715050	4715187	-	138	2	0	0	0	0
MA_RS19985	NC_003552.1	4715201	4715524	-	324	34	24	2	4	2
MA_RS19990	NC_003552.1	4715496	4715840	-	345	83	84	0	9	8
MA_RS19995	NC_003552.1	4715877	4715951	-	75	112	104	0	0	0
MA_RS27575	NC_003552.1	4716191	4716358	-	168	46	80	6	4	4
MA_RS20000	NC_003552.1	4716474	4716686	-	213	154	171	12	9	12
MA_RS20005	NC_003552.1	4716690	4716896	-	207	28	22	0	0	0
MA_RS20010	NC_003552.1	4716893	4717183	-	291	43	49	0	0	0
MA_RS27580	NC_003552.1	4717180	4717353	-	174	33	41	0	0	1
MA_RS20015	NC_003552.1	4717353	4717541	-	189	11	11	2	0	0
MA_RS27995	NC_003552.1	4717547	4717720	-	174	278	233	6	7	1
MA_RS27585	NC_003552.1	4717948	4718103	-	156	77	32	2	0	0
MA_RS20025	NC_003552.1	4718197	4718607	+	411	2296	1255	74	113	49
MA_RS20030	NC_003552.1	4718639	4719718	-	1080	4435	3302	214	216	153
MA_RS20035	NC_003552.1	4719816	4720733	-	918	486	648	2	0	2
MA_RS24820	NC_003552.1	4722647	4724227	+	1581	6111	4950	132	97	106
MA_RS26010	NC_003552.1	4725091	4725426	+	336	1519	911	36	27	28
MA_RS26015	NC_003552.1	4725631	4726236	+	606	386	362	1	3	1
MA_RS20060	NC_003552.1	4726397	4726738	+	342	297	252	14	16	19
MA_RS20065	NC_003552.1	4727146	4728294	-	1149	3690	2842	89	86	75
MA_RS26020	NC_003552.1	4728727	4729408	-	682	424	329	37	28	26
MA_RS20075	NC_003552.1	4729726	4730811	-	1086	7359	6286	441	325	295
MA_RS20080	NC_003552.1	4731282	4731635	+	354	6434	6365	992	746	786
MA_RS20085	NC_003552.1	4731759	4732763	+	1005	13501	14892	2377	2016	2090
MA_RS20100	NC_003552.1	4734881	4736185	+	1305	10875	12016	441	338	259
MA_RS20105	NC_003552.1	4736582	4737019	+	438	3953	3983	778	553	533
MA_RS20110	NC_003552.1	4737389	4737742	+	354	296	349	19	8	16
MA_RS20115	NC_003552.1	4737766	4738743	+	978	3934	3990	898	444	605
MA_RS20120	NC_003552.1	4738775	4739356	-	582	7128	8082	1340	1051	1138
MA_RS20125	NC_003552.1	4739810	4740241	-	432	87	75	56	24	29
MA_RS20130	NC_003552.1	4740235	4740864	-	630	1594	1457	388	307	272
MA_RS20135	NC_003552.1	4742325	4744742	+	2418	133537	122657	5308	2667	3505
MA_RS20140	NC_003552.1	4744745	4745257	+	513	4061	4067	479	222	264
MA_RS20145	NC_003552.1	4745282	4746694	+	1413	17243	17655	2852	1081	1737
MA_RS20150	NC_003552.1	4746750	4747511	+	762	21523	25498	1011	651	618
MA_RS20155	NC_003552.1	4747748	4749058	+	1311	77065	87422	774	381	413
MA_RS20160	NC_003552.1	4749062	4750468	+	1407	144166	158833	1819	1211	1180
MA_RS20165	NC_003552.1	4750814	4751563	-	750	121	139	6	14	7
MA_RS20170	NC_003552.1	4751551	4752381	-	831	215	215	45	36	26
MA_RS20175	NC_003552.1	4752717	4753442	+	726	860	677	163	160	123
MA_RS20180	NC_003552.1	4753758	4754822	+	1065	6092	5336	533	391	318
MA_RS20185	NC_003552.1	4754776	4756035	+	1260	6178	4542	2474	1141	1545
MA_RS20190	NC_003552.1	4756155	4756649	+	495	6090	4651	1005	593	673
MA_RS20195	NC_003552.1	4756660	4757172	+	513	3298	3637	542	335	387
MA_RS20200	NC_003552.1	4757421	4758053	+	633	40957	37164	6331	4235	4628
MA_RS20205	NC_003552.1	4758169	4760082	+	1914	65549	61989	6520	3683	4667
MA_RS20210	NC_003552.1	4760131	4760772	-	642	1884	1649	487	244	289
MA_RS20215	NC_003552.1	4761788	4762966	+	1179	16692	16333	5378	4033	4009
MA_RS20220	NC_003552.1	4763170	4764651	+	1482	5098	5347	438	230	291
MA_RS20225	NC_003552.1	4764688	4765146	+	459	1704	1601	374	232	222
MA_RS20230	NC_003552.1	4765835	4767865	-	2031	52106	71370	17523	8705	11285
MA_RS20235	NC_003552.1	4768898	4770913	+	2016	2620	2286	914	606	809
MA_RS20240	NC_003552.1	4772145	4773272	+	1128	1490	956	336	191	195
MA_RS20245	NC_003552.1	4773481	4774644	+	1164	1932	1595	274	142	184
MA_RS20250	NC_003552.1	4774824	4775309	+	486	1130	762	194	170	131
MA_RS20255	NC_003552.1	4775533	4775913	+	381	3181	2648	268	287	232
MA_RS20260	NC_003552.1	4775910	4776554	+	645	5434	5498	555	431	431
MA_RS20265	NC_003552.1	4776875	4778317	+	1443	11445	10024	1965	1335	1418
MA_RS20275	NC_003552.1	4779134	4780183	+	1050	6649	6967	1186	834	1064
MA_RS20285	NC_003552.1	4781698	4781770	+	73	673	327	50	51	55
MA_RS20290	NC_003552.1	4781878	4781952	+	75	2836	1639	0	10	4
MA_RS20295	NC_003552.1	4782051	4782123	+	73	1110	548	30	6	28
MA_RS20300	NC_003552.1	4782554	4783477	+	924	11731	14284	1490	764	926
MA_RS20305	NC_003552.1	4783582	4785015	+	1434	20354	25604	2526	1382	1824
MA_RS20310	NC_003552.1	4785195	4786118	+	924	21552	26147	2081	1868	2040
MA_RS20315	NC_003552.1	4786416	4786739	+	324	1187	1120	113	129	90
MA_RS20320	NC_003552.1	4787124	4787522	+	399	401	497	9	12	22
MA_RS20325	NC_003552.1	4787607	4788797	-	1191	2149	2615	651	470	494
MA_RS20330	NC_003552.1	4789281	4790102	+	822	140	169	96	22	43
MA_RS20335	NC_003552.1	4790131	4790448	+	318	49	57	1	6	7
MA_RS20340	NC_003552.1	4790475	4790852	+	378	66	81	59	21	21
MA_RS20345	NC_003552.1	4790855	4792441	+	1587	476	464	115	51	62
MA_RS20350	NC_003552.1	4792469	4793839	+	1371	5466	4249	430	220	317
MA_RS20355	NC_003552.1	4793975	4795525	+	1551	431	594	336	154	237
MA_RS20360	NC_003552.1	4795539	4797116	+	1578	623	747	297	79	128
MA_RS20365	NC_003552.1	4797309	4797974	+	666	313	271	71	22	20
MA_RS20370	NC_003552.1	4797994	4799124	+	1131	257	285	46	18	62
MA_RS20375	NC_003552.1	4800096	4800287	+	192	2616	2100	98	129	96
MA_RS20380	NC_003552.1	4800408	4801163	+	756	4395	5187	2214	1274	1547
MA_RS20385	NC_003552.1	4801166	4802752	+	1587	6075	6618	2734	1481	1899
MA_RS20390	NC_003552.1	4802764	4803723	+	960	6485	7475	3879	1785	2398
MA_RS20395	NC_003552.1	4803824	4804615	+	792	4789	4835	1725	900	1179
MA_RS20400	NC_003552.1	4804631	4805611	+	981	3689	4138	711	551	552
MA_RS20405	NC_003552.1	4805598	4806521	+	924	1727	1554	234	200	214
MA_RS20410	NC_003552.1	4806605	4806820	-	216	115	82	76	34	49
MA_RS20415	NC_003552.1	4806819	4807592	+	774	813	577	58	42	42
MA_RS20420	NC_003552.1	4807674	4808243	-	570	193	150	80	61	51
MA_RS20425	NC_003552.1	4808583	4809896	+	1314	738	560	125	116	68
MA_RS29010	NC_003552.1	4810212	4810505	-	294	60	45	5	0	0
MA_RS20435	NC_003552.1	4810647	4813475	-	2829	1160	932	158	88	97
MA_RS20440	NC_003552.1	4814120	4815001	-	882	4490	3914	1028	885	785
MA_RS20445	NC_003552.1	4815215	4815559	+	345	793	617	542	738	658
MA_RS20450	NC_003552.1	4815571	4816764	+	1194	2524	2030	2420	1476	1799
MA_RS20455	NC_003552.1	4817101	4818315	+	1215	2652	1181	642	490	463
MA_RS20460	NC_003552.1	4818534	4819298	-	765	726	467	82	65	52
MA_RS20465	NC_003552.1	4819318	4820295	-	978	1041	919	67	50	36
MA_RS20470	NC_003552.1	4820292	4821266	-	975	2250	1844	270	125	154
MA_RS20475	NC_003552.1	4821407	4822504	-	1098	3783	3224	239	138	164
MA_RS20480	NC_003552.1	4822742	4823218	+	477	2125	2057	50	61	42
MA_RS20485	NC_003552.1	4823833	4824630	+	798	632	717	27	10	26
MA_RS20490	NC_003552.1	4824967	4825764	+	798	296	376	47	39	29
MA_RS20495	NC_003552.1	4825801	4826181	+	381	201	211	9	9	22
MA_RS20500	NC_003552.1	4826221	4826565	+	345	144	106	30	6	10
MA_RS20505	NC_003552.1	4826643	4826942	+	300	149	126	16	4	4
MA_RS20510	NC_003552.1	4827095	4827379	+	285	109	134	6	4	0
MA_RS29015	NC_003552.1	4827462	4827608	+	147	112	121	20	19	12
MA_RS29020	NC_003552.1	4827732	4827824	+	93	350	306	41	15	26
MA_RS29025	NC_003552.1	4828015	4828629	-	615	4686	5748	540	279	364
MA_RS29030	NC_003552.1	4829010	4829156	+	147	2799	3068	1878	753	1044
MA_RS20525	NC_003552.1	4829257	4830099	-	843	8634	8781	1680	851	1136
MA_RS20530	NC_003552.1	4830182	4830634	-	453	8093	7273	1068	704	744
MA_RS20535	NC_003552.1	4831442	4831837	+	396	290	98	35	62	28
MA_RS20540	NC_003552.1	4831834	4832163	+	330	73	47	12	2	2
MA_RS29680	NC_003552.1	4832095	4832562	-	468	474	394	60	83	58
MA_RS20545	NC_003552.1	4832922	4833974	+	1053	1172	1032	101	87	77
MA_RS20550	NC_003552.1	4834086	4834319	+	234	199	171	8	6	11
MA_RS20555	NC_003552.1	4834442	4834825	+	384	457	504	67	70	94
MA_RS20560	NC_003552.1	4835022	4835282	+	261	2637	2882	18	12	18
MA_RS28100	NC_003552.1	4835548	4835712	-	165	497	491	6	23	4
MA_RS20565	NC_003552.1	4835991	4836962	+	972	16464	19345	92	84	230
MA_RS20570	NC_003552.1	4837070	4837300	+	231	102	130	2	0	0
MA_RS20575	NC_003552.1	4837429	4837749	+	321	858	604	118	161	81
MA_RS20580	NC_003552.1	4838053	4838940	+	888	172	168	43	56	66
MA_RS20585	NC_003552.1	4838933	4839982	+	1050	130	98	104	65	67
MA_RS20590	NC_003552.1	4840075	4840449	-	375	69	46	2	12	12
MA_RS20595	NC_003552.1	4840813	4841193	+	381	807	745	37	17	10
MA_RS20600	NC_003552.1	4842768	4843088	+	321	211	168	10	14	17
MA_RS20605	NC_003552.1	4843185	4844606	-	1422	2329	2205	174	106	77
MA_RS20610	NC_003552.1	4845037	4845741	-	705	1610	1311	16	10	32
MA_RS20615	NC_003552.1	4846101	4846478	+	378	442	364	23	16	19
MA_RS20620	NC_003552.1	4846545	4846886	-	342	265	295	28	30	14
MA_RS27595	NC_003552.1	4847077	4847250	-	174	718	632	8	7	12
MA_RS20625	NC_003552.1	4847430	4847969	-	540	1003	744	34	43	24
MA_RS20630	NC_003552.1	4848137	4848562	+	426	2692	1776	77	53	57
MA_RS20635	NC_003552.1	4849066	4850733	+	1668	11403	8785	1402	893	1003
MA_RS20645	NC_003552.1	4854227	4854868	+	642	395	302	180	179	194
MA_RS20650	NC_003552.1	4854881	4856122	+	1242	702	709	503	327	275
MA_RS20655	NC_003552.1	4856166	4857380	+	1215	450	368	137	65	67
MA_RS20665	NC_003552.1	4858207	4858833	+	627	542	635	141	95	49
MA_RS20670	NC_003552.1	4859010	4860266	+	1257	3159	2969	761	568	529
MA_RS20675	NC_003552.1	4860546	4861925	-	1380	4735	4154	1913	1621	1297
MA_RS27600	NC_003552.1	4862280	4862438	+	159	26	12	2	0	2
MA_RS20680	NC_003552.1	4862486	4863700	+	1215	608	493	52	47	42
MA_RS20685	NC_003552.1	4864192	4864800	+	609	2695	1990	265	364	260
MA_RS20690	NC_003552.1	4864919	4865647	+	729	173	177	167	162	214
MA_RS20695	NC_003552.1	4865796	4867532	-	1737	6486	6743	981	620	593
MA_RS20700	NC_003552.1	4867967	4868206	-	240	417	250	14	8	15
MA_RS20705	NC_003552.1	4868548	4869291	-	744	8271	7129	2127	1527	1797
MA_RS20710	NC_003552.1	4869298	4869447	-	150	3102	1923	54	61	46
MA_RS20715	NC_003552.1	4870008	4871354	+	1347	6085	6400	1013	588	799
MA_RS20725	NC_003552.1	4872860	4874485	-	1626	11861	12967	276	166	228
MA_RS26045	NC_003552.1	4874795	4875109	+	315	888486	834998	85838	80557	118224
MA_RS20730	NC_003552.1	4875260	4875344	+	85	330	118	4	12	4
MA_RS20735	NC_003552.1	4875542	4876240	+	699	260	243	53	62	48
MA_RS27605	NC_003552.1	4876306	4876458	-	153	0	0	0	0	0
MA_RS20740	NC_003552.1	4877571	4879268	+	1698	1698	2008	812	521	551
MA_RS20745	NC_003552.1	4879279	4881228	+	1950	2773	2456	703	413	569
MA_RS29565	NC_003552.1	4881286	4881420	-	135	55	50	1	1	0
MA_RS20750	NC_003552.1	4881480	4882094	+	615	1393	916	1111	483	523
MA_RS20755	NC_003552.1	4882134	4883009	-	876	7160	6849	2835	1489	1719
MA_RS20760	NC_003552.1	4883154	4884413	-	1260	18338	18730	4964	2218	2789
MA_RS20765	NC_003552.1	4884750	4884971	-	222	6	4	0	0	0
MA_RS20770	NC_003552.1	4885036	4887024	+	1989	2838	2738	1145	480	764
MA_RS20775	NC_003552.1	4887852	4888235	+	384	163	91	11	4	4
MA_RS20780	NC_003552.1	4888332	4888535	+	204	67	41	2	0	0
MA_RS20785	NC_003552.1	4889159	4889338	+	180	8370	7625	119	285	217
MA_RS20790	NC_003552.1	4889586	4889792	+	207	5316	6404	41	39	38
MA_RS20795	NC_003552.1	4890319	4891194	-	876	5729	5425	611	502	484
MA_RS20800	NC_003552.1	4891272	4891658	-	387	5998	4722	123	101	81
MA_RS20805	NC_003552.1	4891995	4893206	-	1212	378	236	37	32	20
MA_RS20810	NC_003552.1	4893518	4895242	-	1725	4044	4296	500	398	330
MA_RS20815	NC_003552.1	4895502	4895939	+	438	1036	975	137	109	73
MA_RS20820	NC_003552.1	4895962	4896609	-	648	1649	1800	103	76	95
MA_RS20825	NC_003552.1	4897151	4897627	-	477	7222	5704	400	184	245
MA_RS20830	NC_003552.1	4897768	4898703	-	936	8905	8824	2003	985	1119
MA_RS20835	NC_003552.1	4898705	4899304	-	600	3531	3519	336	131	261
MA_RS20840	NC_003552.1	4899312	4900559	-	1248	14497	14907	7529	3691	4673
MA_RS20845	NC_003552.1	4900556	4901059	-	504	3603	3199	665	274	387
MA_RS20850	NC_003552.1	4901065	4901508	-	444	1673	1586	101	66	84
MA_RS20855	NC_003552.1	4901678	4903255	-	1578	18892	16214	3207	1418	1774
MA_RS20860	NC_003552.1	4903296	4904909	-	1614	17420	18619	1058	597	605
MA_RS20865	NC_003552.1	4905152	4905955	-	804	1739	1111	39	29	31
MA_RS20870	NC_003552.1	4906076	4906969	-	894	3231	2124	727	403	546
MA_RS20875	NC_003552.1	4907489	4907824	+	336	5497	3623	286	258	210
MA_RS20880	NC_003552.1	4909264	4909566	+	303	6084	4052	187	153	151
MA_RS24830	NC_003552.1	4909666	4911591	+	1926	1390	1414	483	237	305
MA_RS20890	NC_003552.1	4911960	4912976	+	1017	1640	1630	238	121	176
MA_RS20895	NC_003552.1	4913001	4914008	+	1008	1567	1238	312	148	187
MA_RS20900	NC_003552.1	4914135	4915091	-	957	1120	747	156	139	91
MA_RS20905	NC_003552.1	4915648	4917195	-	1548	4834	4136	262	188	242
MA_RS20910	NC_003552.1	4917467	4918072	+	606	4153	3649	122	88	70
MA_RS20915	NC_003552.1	4918449	4918814	+	366	452	342	16	30	8
MA_RS20920	NC_003552.1	4920379	4921302	+	924	302	184	900	545	476
MA_RS20925	NC_003552.1	4921563	4922348	-	786	724	442	1431	707	760
MA_RS20930	NC_003552.1	4923111	4924727	-	1617	21029	21557	1872	1199	1179
MA_RS20935	NC_003552.1	4925125	4926477	+	1353	293	307	42	30	25
MA_RS20940	NC_003552.1	4926667	4927371	+	705	679	650	92	116	57
MA_RS20945	NC_003552.1	4927598	4927903	-	306	3857	4151	2589	1851	2065
MA_RS20950	NC_003552.1	4927900	4928565	-	666	12174	12318	9215	5026	5951
MA_RS20955	NC_003552.1	4929267	4929872	+	606	2653	2181	278	242	241
MA_RS20960	NC_003552.1	4930203	4931075	+	873	204	167	18	13	20
MA_RS20965	NC_003552.1	4931068	4931889	+	822	284	256	43	26	26
MA_RS20970	NC_003552.1	4931963	4932769	-	807	801	601	390	166	222
MA_RS20975	NC_003552.1	4932805	4933785	-	981	2421	1876	672	370	428
MA_RS20985	NC_003552.1	4934097	4934927	-	831	1647	1449	787	438	574
MA_RS20990	NC_003552.1	4934934	4935869	-	936	475	497	486	272	261
MA_RS20995	NC_003552.1	4935909	4936904	-	996	607	528	970	894	691
MA_RS27615	NC_003552.1	4937532	4937696	-	165	4056	3664	123	197	145
MA_RS21010	NC_003552.1	4938476	4940665	+	2190	4870	4180	475	437	353
MA_RS21015	NC_003552.1	4941117	4942214	+	1098	827	774	109	94	129
MA_RS21020	NC_003552.1	4942695	4942949	+	255	2694	3476	14	24	38
MA_RS29570	NC_003552.1	4943522	4943644	+	123	162	86	9	0	5
MA_RS21035	NC_003552.1	4945740	4946027	+	288	24	22	2	4	0
MA_RS27620	NC_003552.1	4946274	4946492	-	219	76	51	2	7	4
MA_RS21045	NC_003552.1	4946514	4947110	-	597	105	67	11	6	9
MA_RS21050	NC_003552.1	4947282	4948652	-	1371	1706	1249	137	116	100
MA_RS21055	NC_003552.1	4948917	4951190	-	2274	2699	2262	116	54	66
MA_RS21065	NC_003552.1	4952253	4953092	-	840	1036	798	116	112	97
MA_RS21070	NC_003552.1	4953439	4954365	-	927	1428	1121	192	138	128
MA_RS21075	NC_003552.1	4954371	4954886	-	516	467	284	15	19	5
MA_RS21080	NC_003552.1	4955120	4955497	-	378	467	257	25	15	7
MA_RS21085	NC_003552.1	4955985	4956803	-	819	2266	1919	172	136	126
MA_RS21090	NC_003552.1	4956944	4957684	+	741	7994	7346	2534	1194	1137
MA_RS21095	NC_003552.1	4957728	4958777	+	1050	17404	19173	4261	1692	2131
MA_RS21100	NC_003552.1	4958795	4959967	+	1173	11788	13474	3525	2163	1998
MA_RS21105	NC_003552.1	4959974	4960372	+	399	2462	2461	338	163	192
MA_RS21110	NC_003552.1	4960473	4961003	+	531	3618	2860	614	314	300
MA_RS21115	NC_003552.1	4961234	4962013	-	780	1620	1344	100	56	57
MA_RS21120	NC_003552.1	4962351	4964477	-	2127	9352	8813	1955	891	1147
MA_RS21125	NC_003552.1	4964806	4966035	+	1230	11546	10949	1092	811	784
MA_RS21130	NC_003552.1	4966172	4967437	+	1266	13425	12276	4876	2696	3603
MA_RS21140	NC_003552.1	4967646	4969622	-	1977	7219	6872	1376	818	853
MA_RS21145	NC_003552.1	4969619	4970425	-	807	3376	2980	870	615	636
MA_RS21150	NC_003552.1	4970469	4971659	-	1191	5218	5339	1035	553	708
MA_RS21155	NC_003552.1	4971656	4972765	-	1110	3434	4002	3264	2083	2196
MA_RS21165	NC_003552.1	4973230	4975377	-	2148	9047	8573	1992	988	1257
MA_RS21170	NC_003552.1	4975823	4976740	+	918	782	783	26	13	4
MA_RS21175	NC_003552.1	4976923	4977162	-	240	1607	823	7	5	4
MA_RS21180	NC_003552.1	4977707	4978015	+	309	19093	16244	1303	973	1045
MA_RS21185	NC_003552.1	4978223	4978588	+	366	5157	4391	280	196	180
MA_RS21190	NC_003552.1	4978585	4979811	+	1227	3808	3111	1580	890	1112
MA_RS21195	NC_003552.1	4980059	4980874	+	816	315	330	24	25	22
MA_RS21200	NC_003552.1	4981095	4981808	-	714	6980	6335	561	532	516
MA_RS21205	NC_003552.1	4982291	4983577	+	1287	6516	7028	1282	1007	916
MA_RS21210	NC_003552.1	4983574	4984314	+	741	1274	1254	527	315	349
MA_RS21215	NC_003552.1	4984508	4985896	+	1389	437	362	34	26	13
MA_RS21220	NC_003552.1	4986194	4986520	+	327	21	6	19	9	12
MA_RS27625	NC_003552.1	4986559	4986732	+	174	14	8	0	1	0
MA_RS21225	NC_003552.1	4986888	4987121	+	234	233	162	62	80	36
MA_RS21230	NC_003552.1	4987413	4987895	-	483	793	682	458	357	397
MA_RS21235	NC_003552.1	4988051	4989001	-	951	158	98	10	6	2
MA_RS21240	NC_003552.1	4989218	4989547	+	330	191	148	60	18	26
MA_RS21245	NC_003552.1	4989866	4990417	+	552	140	191	18	4	0
MA_RS21250	NC_003552.1	4990537	4990863	+	327	238	284	1	19	2
MA_RS21260	NC_003552.1	4991487	4992845	+	1359	2142	1935	149	138	163
MA_RS21265	NC_003552.1	4993189	4993611	+	423	31520	23668	1323	1122	1112
MA_RS21270	NC_003552.1	4993713	4994069	-	357	2575	2274	467	226	233
MA_RS21275	NC_003552.1	4994383	4996134	-	1752	5422	4841	1799	1140	1202
MA_RS21280	NC_003552.1	4996458	4998629	-	2172	1828	1177	719	366	391
MA_RS21285	NC_003552.1	4999225	5000655	+	1431	2815	3337	230	115	109
MA_RS21290	NC_003552.1	5000865	5001134	-	270	3911	3240	329	250	274
MA_RS21295	NC_003552.1	5001782	5003095	-	1314	776	462	221	183	182
MA_RS21300	NC_003552.1	5003360	5006089	+	2730	6654	5856	1354	804	1001
MA_RS21305	NC_003552.1	5006170	5007351	-	1182	590	467	122	113	106
MA_RS21310	NC_003552.1	5007383	5008042	-	660	870	805	213	280	266
MA_RS21320	NC_003552.1	5008379	5010058	-	1680	3904	3072	1384	715	844
MA_RS21325	NC_003552.1	5010139	5010432	+	294	448	300	13	11	5
MA_RS21330	NC_003552.1	5010454	5011647	+	1194	4177	4835	770	300	431
MA_RS21335	NC_003552.1	5011801	5012181	+	381	4191	2545	173	143	159
MA_RS21340	NC_003552.1	5012185	5012553	+	369	925	683	487	302	381
MA_RS28005	NC_003552.1	5012735	5013007	+	273	50	29	3	6	0
MA_RS27635	NC_003552.1	5013010	5013183	-	174	3299	1862	10	27	3
MA_RS21345	NC_003552.1	5013762	5014478	+	717	1313	1336	237	209	218
MA_RS27640	NC_003552.1	5014591	5014740	+	150	89	49	12	1	4
MA_RS21355	NC_003552.1	5015185	5015868	-	684	3366	2779	242	89	161
MA_RS21360	NC_003552.1	5016080	5016934	-	855	26385	31009	818	537	667
MA_RS21365	NC_003552.1	5017020	5017481	-	462	8299	10480	68	82	60
MA_RS21370	NC_003552.1	5017501	5018610	-	1110	9660	9190	1048	686	639
MA_RS27645	NC_003552.1	5018895	5019071	+	177	10749	5358	260	672	486
MA_RS21375	NC_003552.1	5019162	5019488	+	327	1157	1019	75	59	46
MA_RS21380	NC_003552.1	5019631	5020065	+	435	1257	1337	44	48	32
MA_RS21385	NC_003552.1	5020502	5020918	-	417	6088	4593	624	513	422
MA_RS21395	NC_003552.1	5021763	5023106	+	1344	4924	4983	527	236	310
MA_RS21400	NC_003552.1	5023245	5024402	+	1158	3950	3482	349	178	224
MA_RS21405	NC_003552.1	5024676	5025488	+	813	4548	4185	724	467	492
MA_RS21410	NC_003552.1	5026451	5027116	-	666	19888	18258	2721	2074	2409
MA_RS21415	NC_003552.1	5027438	5028418	+	981	598	378	51	30	24
MA_RS21420	NC_003552.1	5028445	5029545	+	1101	207	189	50	49	43
MA_RS21425	NC_003552.1	5029914	5030093	+	180	785	480	30	17	13
MA_RS26065	NC_003552.1	5030157	5030839	-	683	880	827	123	57	68
MA_RS21440	NC_003552.1	5031007	5032260	-	1254	9769	9129	529	326	359
MA_RS21445	NC_003552.1	5032473	5032901	-	429	5545	4542	735	347	500
MA_RS21450	NC_003552.1	5032907	5033083	-	177	1101	1034	37	23	18
MA_RS21455	NC_003552.1	5033138	5033794	-	657	15499	17138	3955	2592	2759
MA_RS21460	NC_003552.1	5033826	5034095	-	270	3208	3163	141	95	87
MA_RS26070	NC_003552.1	5034115	5034270	-	156	2931	3068	196	163	145
MA_RS21465	NC_003552.1	5034570	5035172	-	603	5532	4939	1220	671	811
MA_RS21470	NC_003552.1	5035178	5035546	-	369	11826	13408	1482	878	945
MA_RS21475	NC_003552.1	5035636	5036085	-	450	8946	8084	274	252	179
MA_RS21480	NC_003552.1	5036381	5037655	-	1275	6473	5795	632	434	435
MA_RS21485	NC_003552.1	5038093	5038470	-	378	318	169	10	10	10
MA_RS21490	NC_003552.1	5038452	5038697	-	246	518	179	26	21	14
MA_RS27650	NC_003552.1	5039302	5039517	+	216	3288	3011	66	35	65
MA_RS21495	NC_003552.1	5039654	5039875	+	222	2963	2619	141	119	87
MA_RS21500	NC_003552.1	5040083	5041369	-	1287	205	109	51	42	31
MA_RS21510	NC_003552.1	5042745	5042819	+	75	503	221	5	2	11
MA_RS21515	NC_003552.1	5042936	5043307	-	372	486	272	10	4	7
MA_RS21520	NC_003552.1	5043454	5043672	+	219	592	335	0	2	2
MA_RS21525	NC_003552.1	5043673	5043915	+	243	396	371	4	3	6
MA_RS21530	NC_003552.1	5044148	5044756	-	609	725	493	35	31	15
MA_RS21535	NC_003552.1	5045217	5045450	-	234	632	314	2	2	0
MA_RS21540	NC_003552.1	5046162	5046599	+	438	336	225	6	0	8
MA_RS29575	NC_003552.1	5046612	5046743	+	132	33	18	0	1	0
MA_RS21545	NC_003552.1	5046757	5047002	+	246	919	625	13	9	17
MA_RS21550	NC_003552.1	5047389	5048819	+	1431	1152	678	169	95	89
MA_RS21555	NC_003552.1	5049499	5050743	+	1245	3331	2369	39	48	39
MA_RS21560	NC_003552.1	5050740	5051513	+	774	142	146	6	22	8
MA_RS21570	NC_003552.1	5051833	5052066	+	234	1799	1253	221	132	181
MA_RS21575	NC_003552.1	5053011	5054297	+	1287	211	110	32	56	34
MA_RS29040	NC_003552.1	5054324	5054731	-	408	30	20	0	3	0
MA_RS21580	NC_003552.1	5054882	5056855	-	1974	464	318	55	50	52
MA_RS21585	NC_003552.1	5057025	5057351	-	327	79	66	8	6	10
MA_RS21590	NC_003552.1	5057437	5058006	-	570	238	215	18	17	34
MA_RS21595	NC_003552.1	5058003	5058491	-	489	78	36	3	0	0
MA_RS27660	NC_003552.1	5058488	5058892	-	405	67	42	5	4	2
MA_RS21605	NC_003552.1	5059128	5059394	-	267	34	14	0	2	0
MA_RS21610	NC_003552.1	5059391	5059966	-	576	35	72	0	3	2
MA_RS21620	NC_003552.1	5060557	5061516	+	960	4291	4603	611	425	505
MA_RS21625	NC_003552.1	5061543	5061995	+	453	680	495	38	65	36
MA_RS21630	NC_003552.1	5062220	5063749	+	1530	3892	4131	147	99	102
MA_RS21635	NC_003552.1	5063968	5064426	+	459	574	389	18	4	9
MA_RS21640	NC_003552.1	5064612	5064696	-	85	111	56	0	4	3
MA_RS21645	NC_003552.1	5064764	5064835	-	72	124	82	3	5	4
MA_RS29860	NC_003552.1	5065945	5066049	+	105	410	232	33	16	11
MA_RS21650	NC_003552.1	5066075	5066455	+	381	2497	1977	136	96	82
MA_RS21655	NC_003552.1	5066431	5067318	+	888	3702	3630	892	460	576
MA_RS21660	NC_003552.1	5067457	5068638	+	1182	3639	2924	660	368	446
MA_RS21665	NC_003552.1	5069683	5070012	+	330	48349	46325	3931	3086	2862
MA_RS21670	NC_003552.1	5070005	5071951	+	1947	300580	333441	36168	15562	20918
MA_RS21675	NC_003552.1	5071956	5072204	+	249	6416	6635	1478	585	671
MA_RS21680	NC_003552.1	5072405	5072956	+	552	44927	58068	2200	1274	1097
MA_RS21685	NC_003552.1	5072963	5074045	+	1083	105843	109837	7321	2553	3560
MA_RS21690	NC_003552.1	5074045	5074350	+	306	4613	6067	556	252	338
MA_RS21695	NC_003552.1	5074341	5076077	+	1737	257463	306766	12212	6068	7885
MA_RS21700	NC_003552.1	5076080	5077462	+	1383	244536	317427	11567	5444	7190
MA_RS21705	NC_003552.1	5077468	5078097	+	630	107671	111304	1633	995	1087
MA_RS21710	NC_003552.1	5078583	5080907	+	2325	1996	1580	1094	636	711
MA_RS21715	NC_003552.1	5081050	5081514	+	465	842	506	253	120	145
MA_RS21720	NC_003552.1	5081539	5083230	-	1692	1628	1446	288	266	217
MA_RS21735	NC_003552.1	5084184	5084978	+	795	783	758	43	18	27
MA_RS21740	NC_003552.1	5085048	5086082	+	1035	658	837	54	84	69
MA_RS21745	NC_003552.1	5086340	5087707	+	1368	155	153	33	44	28
MA_RS29580	NC_003552.1	5088261	5088383	-	123	1993	1119	62	43	23
MA_RS21750	NC_003552.1	5088682	5089536	+	855	1335	1118	247	274	204
MA_RS21755	NC_003552.1	5090220	5090411	+	192	2298	1540	40	61	38
MA_RS21760	NC_003552.1	5091455	5091862	+	408	55121	43623	1685	1853	1295
MA_RS21765	NC_003552.1	5092840	5093718	-	879	1026	893	79	71	70
MA_RS21770	NC_003552.1	5093970	5094392	-	423	4469	2907	60	38	14
MA_RS21775	NC_003552.1	5094804	5095697	-	894	394	303	129	51	62
MA_RS21780	NC_003552.1	5096138	5096503	+	366	26	13	10	18	7
MA_RS21785	NC_003552.1	5097380	5098420	+	1041	30	24	10	11	6
MA_RS21790	NC_003552.1	5098421	5100175	+	1755	553	608	1385	520	896
MA_RS21795	NC_003552.1	5100180	5101046	+	867	238	241	934	493	802
MA_RS21800	NC_003552.1	5101057	5101446	+	390	957	681	335	163	252
MA_RS21805	NC_003552.1	5101449	5102750	+	1302	255	229	108	53	65
MA_RS27665	NC_003552.1	5103005	5103181	+	177	415	299	26	20	9
MA_RS21810	NC_003552.1	5103325	5103987	-	663	524	496	81	147	79
MA_RS21815	NC_003552.1	5103950	5104774	-	825	415	324	70	66	28
MA_RS29865	NC_003552.1	5105102	5105572	-	471	44	51	3	8	15
MA_RS26290	NC_003552.1	5105536	5105790	-	255	25	12	2	0	2
MA_RS21825	NC_003552.1	5105843	5107090	-	1248	1131	1089	323	303	334
MA_RS27670	NC_003552.1	5107126	5107311	-	186	117	99	9	12	4
MA_RS21830	NC_003552.1	5107594	5108508	-	915	1016	799	146	118	131
MA_RS21835	NC_003552.1	5108939	5109790	-	852	820	709	256	160	158
MA_RS29045	NC_003552.1	5110845	5111315	-	471	308	277	96	39	58
MA_RS29050	NC_003552.1	5111370	5111732	-	363	346	309	76	83	46
MA_RS21850	NC_003552.1	5112881	5113606	-	726	297	244	31	30	18
MA_RS21860	NC_003552.1	5114025	5114096	-	72	121	73	12	6	2
MA_RS21865	NC_003552.1	5114285	5114839	-	555	4331	5084	998	615	834
MA_RS21870	NC_003552.1	5114867	5115181	-	315	4039	3406	101	90	67
MA_RS21880	NC_003552.1	5115974	5116348	+	375	3562	2885	62	31	36
MA_RS21885	NC_003552.1	5116986	5117288	+	303	3118	2259	161	108	88
MA_RS21890	NC_003552.1	5117417	5118415	-	999	2071	1996	333	167	168
MA_RS21895	NC_003552.1	5118713	5118889	+	177	1041	748	243	87	143
MA_RS21900	NC_003552.1	5118988	5119959	-	972	6900	7724	870	493	662
MA_RS21905	NC_003552.1	5120172	5120525	-	354	640	406	176	60	151
MA_RS21910	NC_003552.1	5120652	5121419	-	768	1678	1992	827	333	814
MA_RS21915	NC_003552.1	5121420	5121980	-	561	1383	1499	196	138	231
MA_RS21920	NC_003552.1	5122105	5122800	-	696	1395	1371	229	152	221
MA_RS21925	NC_003552.1	5123013	5123513	+	501	3580	3176	56	72	65
MA_RS21930	NC_003552.1	5123731	5124153	+	423	177	157	20	1	26
MA_RS21935	NC_003552.1	5124165	5124866	-	702	1012	831	70	50	83
MA_RS21940	NC_003552.1	5125035	5126963	-	1929	6045	5774	1368	782	899
MA_RS21945	NC_003552.1	5127315	5128016	+	702	555	606	176	128	106
MA_RS21950	NC_003552.1	5128215	5129048	-	834	1032	953	235	196	119
MA_RS21955	NC_003552.1	5129045	5130046	-	1002	193	183	103	117	96
MA_RS21960	NC_003552.1	5130958	5132367	+	1410	2755	2887	321	206	272
MA_RS21965	NC_003552.1	5132369	5132716	+	348	500	407	35	28	22
MA_RS21970	NC_003552.1	5132804	5133235	+	432	1482	844	42	36	25
MA_RS21975	NC_003552.1	5133965	5134531	-	567	884	696	30	40	22
MA_RS21990	NC_003552.1	5136553	5136852	+	300	724	503	60	46	25
MA_RS21995	NC_003552.1	5136933	5137241	+	309	424	302	106	127	105
MA_RS22000	NC_003552.1	5137379	5137603	+	225	777	289	33	43	22
MA_RS22005	NC_003552.1	5137862	5138344	-	483	452	224	10	8	4
MA_RS22015	NC_003552.1	5138708	5140051	+	1344	11449	9697	7577	6470	4788
MA_RS22025	NC_003552.1	5140863	5141915	+	1053	4257	3847	1436	623	886
MA_RS22030	NC_003552.1	5141912	5143423	+	1512	3764	3508	3050	1313	2140
MA_RS22035	NC_003552.1	5143426	5144169	+	744	1230	1350	380	154	264
MA_RS22040	NC_003552.1	5144176	5145213	+	1038	4676	5526	1315	648	981
MA_RS22045	NC_003552.1	5145289	5145774	-	486	576	415	30	29	18
MA_RS22050	NC_003552.1	5145829	5146947	-	1119	825	542	80	70	48
MA_RS22055	NC_003552.1	5147328	5147864	+	537	329	183	16	23	14
MA_RS26090	NC_003552.1	5148264	5148946	-	683	373	385	19	18	9
MA_RS22070	NC_003552.1	5149194	5149964	+	771	563	320	41	42	39
MA_RS22075	NC_003552.1	5150148	5151632	-	1485	571	405	59	38	47
MA_RS22080	NC_003552.1	5151565	5152506	-	942	1167	1512	126	91	102
MA_RS27685	NC_003552.1	5153184	5153327	-	144	234	214	64	40	85
MA_RS22090	NC_003552.1	5153360	5153773	-	414	196	86	21	9	6
MA_RS22095	NC_003552.1	5153922	5154824	-	903	2465	2183	216	185	177
MA_RS26095	NC_003552.1	5155391	5155549	+	159	152	90	44	30	34
MA_RS22100	NC_003552.1	5155626	5156819	-	1194	2794	2499	449	390	365
MA_RS22105	NC_003552.1	5157331	5157870	+	540	293	227	20	16	14
MA_RS22110	NC_003552.1	5158022	5159614	-	1593	378	335	20	19	12
MA_RS22115	NC_003552.1	5160168	5160875	+	708	4377	3796	156	115	106
MA_RS22120	NC_003552.1	5161627	5162112	+	486	8447	10356	84	55	64
MA_RS22125	NC_003552.1	5162128	5163030	+	903	8907	13552	667	431	510
MA_RS22130	NC_003552.1	5163181	5163642	-	462	4488	4843	391	296	365
MA_RS22135	NC_003552.1	5163707	5164240	-	534	1443	1569	128	68	110
MA_RS22140	NC_003552.1	5164806	5165504	-	699	22882	24268	868	458	495
MA_RS22145	NC_003552.1	5165662	5166594	-	933	71261	74376	193	133	168
MA_RS22150	NC_003552.1	5166591	5167445	-	855	32047	41547	168	84	99
MA_RS22155	NC_003552.1	5167491	5167865	-	375	13974	17598	68	56	79
MA_RS22160	NC_003552.1	5167961	5168332	-	372	5912	7859	50	17	36
MA_RS22165	NC_003552.1	5168548	5168886	+	339	1666	1440	25	46	26
MA_RS22170	NC_003552.1	5168938	5169780	+	843	10526	12353	266	224	270
MA_RS22175	NC_003552.1	5170319	5171890	+	1572	10657	11105	1146	712	665
MA_RS22180	NC_003552.1	5172034	5172792	+	759	6586	5972	302	115	146
MA_RS22185	NC_003552.1	5172925	5173704	-	780	1950	1738	122	80	82
MA_RS22190	NC_003552.1	5174024	5174971	+	948	6099	4601	336	114	178
MA_RS22195	NC_003552.1	5174955	5175785	+	831	1439	1268	395	247	295
MA_RS22200	NC_003552.1	5175782	5176765	+	984	1664	1623	287	133	143
MA_RS22205	NC_003552.1	5176758	5177699	+	942	1048	738	38	20	42
MA_RS22210	NC_003552.1	5177955	5178440	+	486	10248	9040	2383	1619	1831
MA_RS22215	NC_003552.1	5178588	5179238	+	651	8220	7168	1724	723	1109
MA_RS22220	NC_003552.1	5179342	5179770	-	429	1106	813	98	102	63
MA_RS22225	NC_003552.1	5179835	5180281	-	447	1654	1077	153	117	116
MA_RS22230	NC_003552.1	5180615	5181337	-	723	2701	2665	3339	1735	2440
MA_RS22235	NC_003552.1	5181327	5182127	-	801	1579	1902	5234	2580	3746
MA_RS22240	NC_003552.1	5182096	5182452	-	357	795	679	314	244	231
MA_RS22245	NC_003552.1	5182525	5183037	-	513	737	577	1835	1009	1334
MA_RS22250	NC_003552.1	5183061	5183789	-	729	2972	2848	1384	837	892
MA_RS22255	NC_003552.1	5183807	5184415	-	609	1056	935	2217	1184	1387
MA_RS22260	NC_003552.1	5184506	5185060	-	555	721	525	1107	627	586
MA_RS22265	NC_003552.1	5185846	5187177	+	1332	5316	6213	918	542	451
MA_RS22270	NC_003552.1	5187268	5188296	-	1029	13095	13064	3037	1625	1935
MA_RS22275	NC_003552.1	5188650	5189492	+	843	962	1219	77	75	68
MA_RS22280	NC_003552.1	5189799	5190284	-	486	5124	4471	1139	649	904
MA_RS22285	NC_003552.1	5190315	5191640	+	1326	68885	71108	11331	7877	8811
MA_RS22290	NC_003552.1	5191775	5192365	+	591	537	744	38	27	43
MA_RS22295	NC_003552.1	5192362	5192592	+	231	43	37	0	0	4
MA_RS22300	NC_003552.1	5192880	5194004	+	1125	43283	50628	6815	4022	4588
MA_RS22305	NC_003552.1	5194431	5194646	+	216	9347	7265	616	423	401
MA_RS22310	NC_003552.1	5194643	5195101	+	459	21340	22619	1087	738	711
MA_RS22315	NC_003552.1	5195216	5195701	+	486	21193	21291	6419	5055	5492
MA_RS22320	NC_003552.1	5195933	5196574	+	642	33271	30064	7609	4943	5078
MA_RS22325	NC_003552.1	5196575	5197618	+	1044	38658	43266	29007	15012	21252
MA_RS22330	NC_003552.1	5197662	5197976	+	315	11009	7575	1571	1305	1825
MA_RS22335	NC_003552.1	5198467	5199267	-	801	1426	1371	106	70	119
MA_RS29870	NC_003552.1	5200311	5200466	+	156	2763	2377	27	24	21
MA_RS22340	NC_003552.1	5200517	5201509	+	993	2326	2457	74	58	38
MA_RS26105	NC_003552.1	5201813	5202082	-	270	686	529	127	100	140
MA_RS22345	NC_003552.1	5202101	5202388	-	288	316	262	27	26	26
MA_RS28110	NC_003552.1	5202388	5202543	-	156	207	187	2	5	6
MA_RS22350	NC_003552.1	5203040	5203213	-	174	9	6	0	0	0
MA_RS27695	NC_003552.1	5203506	5203649	-	144	3	1	0	0	0
MA_RS29585	NC_003552.1	5203679	5204062	-	384	82	22	2	6	8
MA_RS22360	NC_003552.1	5204663	5204854	+	192	139	80	41	34	24
MA_RS27700	NC_003552.1	5205054	5205176	-	123	0	8	0	0	0
MA_RS22365	NC_003552.1	5208153	5212328	+	4176	3587	3704	2022	1999	2331
MA_RS22370	NC_003552.1	5213634	5218865	+	5232	7746	9809	1891	1254	1901
MA_RS29590	NC_003552.1	5219872	5226369	+	6498	4843	5308	1589	1058	1462
MA_RS22385	NC_003552.1	5227553	5232757	+	5205	2747	3340	1016	626	983
MA_RS22390	NC_003552.1	5233948	5235249	+	1302	1940	1750	113	111	103
MA_RS22395	NC_003552.1	5235309	5241005	+	5697	11002	8590	903	519	571
MA_RS27730	NC_003552.1	5242069	5242233	-	165	122	58	20	14	10
MA_RS22400	NC_003552.1	5242439	5248462	+	6024	6640	8457	1664	1033	1655
MA_RS22415	NC_003552.1	5249161	5250288	-	1128	470	297	827	490	596
MA_RS22420	NC_003552.1	5250432	5251925	-	1494	630	515	748	574	624
MA_RS22425	NC_003552.1	5252544	5258900	-	6357	2113	2034	5534	3810	4497
MA_RS26120	NC_003552.1	5262623	5268076	+	5454	5452	6067	2959	2317	3068
MA_RS22440	NC_003552.1	5268189	5269091	+	903	435	344	220	169	168
MA_RS22445	NC_003552.1	5269127	5272654	+	3528	13136	14092	5490	2900	3783
MA_RS22455	NC_003552.1	5273285	5277154	+	3870	2124	2034	426	319	372
MA_RS22465	NC_003552.1	5277805	5279088	-	1284	7772	5619	1060	930	1063
MA_RS22470	NC_003552.1	5279626	5280378	+	753	2548	2000	2957	2961	2716
MA_RS22480	NC_003552.1	5282175	5288021	+	5847	5801	5831	3454	2114	2546
MA_RS22485	NC_003552.1	5289131	5292370	+	3240	10450	9075	3476	2252	2470
MA_RS22500	NC_003552.1	5293762	5297550	+	3789	2517	2854	659	300	486
MA_RS22510	NC_003552.1	5298435	5300219	+	1785	1084	1118	1192	1641	1721
MA_RS22520	NC_003552.1	5300960	5307049	+	6090	7254	7646	3242	1738	2331
MA_RS22530	NC_003552.1	5308010	5309686	+	1677	828	855	219	267	350
MA_RS24845	NC_003552.1	5309826	5314724	+	4899	7333	7598	1553	994	1242
MA_RS22545	NC_003552.1	5316590	5318104	-	1515	1304	1169	293	170	221
MA_RS22550	NC_003552.1	5318214	5319002	-	789	1640	1344	183	130	161
MA_RS22555	NC_003552.1	5319155	5319898	-	744	841	709	150	77	76
MA_RS29075	NC_003552.1	5319977	5320156	+	180	34	8	0	0	1
MA_RS22565	NC_003552.1	5320320	5321363	-	1044	2688	1981	850	455	444
MA_RS22570	NC_003552.1	5321353	5322153	-	801	1712	1419	130	121	97
MA_RS22575	NC_003552.1	5322426	5322896	-	471	808	403	30	30	23
MA_RS26125	NC_003552.1	5323196	5323408	+	213	105	59	4	2	2
MA_RS22585	NC_003552.1	5323950	5324468	-	519	199	121	43	47	8
MA_RS22590	NC_003552.1	5325191	5326297	+	1107	3787	4200	277	195	228
MA_RS22595	NC_003552.1	5326341	5327447	+	1107	2200	2610	348	129	158
MA_RS22600	NC_003552.1	5327491	5328585	+	1095	2328	2338	755	442	511
MA_RS22605	NC_003552.1	5328637	5329812	+	1176	1190	1216	421	319	383
MA_RS22610	NC_003552.1	5330038	5331324	-	1287	20015	18838	9172	4078	6574
MA_RS22615	NC_003552.1	5331776	5332693	-	918	5009	5725	518	313	282
MA_RS22620	NC_003552.1	5332823	5333374	-	552	12483	10976	1235	937	930
MA_RS22625	NC_003552.1	5333569	5334684	-	1116	4939	4794	406	177	247
MA_RS22630	NC_003552.1	5334730	5335815	-	1086	7481	7153	846	526	607
MA_RS22635	NC_003552.1	5335808	5339335	-	3528	24830	26454	2654	1448	1271
MA_RS22640	NC_003552.1	5339390	5340346	-	957	7836	7097	750	517	496
MA_RS22650	NC_003552.1	5341151	5341330	-	180	78675	64866	2674	3307	2498
MA_RS22660	NC_003552.1	5342219	5344198	-	1980	7243	6245	3761	1697	2425
MA_RS22665	NC_003552.1	5344243	5344908	-	666	2755	2577	594	343	367
MA_RS22670	NC_003552.1	5345170	5345625	-	456	2294	1772	496	338	454
MA_RS22675	NC_003552.1	5346020	5346094	-	75	121	72	23	10	13
MA_RS22685	NC_003552.1	5346561	5347124	+	564	1896	2234	98	42	97
MA_RS22690	NC_003552.1	5347197	5348021	+	825	3750	2979	107	53	64
MA_RS22695	NC_003552.1	5347997	5348848	+	852	762	676	93	72	54
MA_RS22700	NC_003552.1	5349005	5349778	+	774	1484	1233	251	110	117
MA_RS22705	NC_003552.1	5350223	5350570	+	348	1893	1292	102	44	39
MA_RS22710	NC_003552.1	5350567	5351934	+	1368	4049	4974	291	159	241
MA_RS22715	NC_003552.1	5352029	5352580	+	552	2167	2413	65	29	69
MA_RS22720	NC_003552.1	5352667	5353314	-	648	621	416	27	32	27
MA_RS22730	NC_003552.1	5354606	5354680	-	75	46	19	13	7	7
MA_RS22735	NC_003552.1	5355028	5355906	+	879	10775	12175	605	550	568
MA_RS22740	NC_003552.1	5356225	5358165	+	1941	2919	3003	605	379	484
MA_RS27745	NC_003552.1	5358450	5358617	+	168	20	20	1	4	4
MA_RS22745	NC_003552.1	5359324	5360418	+	1095	6121	5334	918	567	751
MA_RS22750	NC_003552.1	5360712	5362823	-	2112	1420	1083	222	135	167
MA_RS29085	NC_003552.1	5363064	5363714	-	651	42	74	4	4	2
MA_RS29090	NC_003552.1	5363711	5364037	-	327	80	61	6	2	0
MA_RS29095	NC_003552.1	5363953	5364243	-	291	190	168	21	13	4
MA_RS22760	NC_003552.1	5364476	5364667	+	192	260	158	29	6	12
MA_RS22765	NC_003552.1	5364709	5366466	-	1758	9108	6677	151	134	97
MA_RS22770	NC_003552.1	5366948	5368060	-	1113	208	184	52	43	39
MA_RS22780	NC_003552.1	5370305	5370377	+	73	84	27	10	11	0
MA_RS29100	NC_003552.1	5370797	5371207	-	411	465	332	78	52	56
MA_RS22790	NC_003552.1	5371270	5371992	-	723	227	161	65	52	36
MA_RS22795	NC_003552.1	5371985	5372614	-	630	745	414	111	89	120
MA_RS22800	NC_003552.1	5372836	5373828	-	993	1383	679	99	42	81
MA_RS22805	NC_003552.1	5373829	5374731	-	903	74	27	37	42	30
MA_RS22810	NC_003552.1	5374734	5375951	-	1218	119	69	48	32	44
MA_RS22815	NC_003552.1	5376449	5378020	+	1572	783	828	74	101	65
MA_RS22820	NC_003552.1	5378384	5380321	+	1938	976	1090	3249	1954	2089
MA_RS22825	NC_003552.1	5380318	5380962	+	645	267	387	263	263	244
MA_RS22830	NC_003552.1	5381639	5382892	-	1254	1975	1561	315	194	232
MA_RS22835	NC_003552.1	5382885	5383796	-	912	3848	3619	417	277	262
MA_RS22840	NC_003552.1	5383911	5384582	+	672	869	674	65	72	80
MA_RS22845	NC_003552.1	5385309	5387255	+	1947	3051	2291	538	185	326
MA_RS22850	NC_003552.1	5387252	5388193	+	942	1017	774	147	59	65
MA_RS22855	NC_003552.1	5388190	5388876	+	687	246	139	75	22	27
MA_RS22860	NC_003552.1	5388873	5390423	+	1551	1227	958	308	155	135
MA_RS22865	NC_003552.1	5390436	5392073	+	1638	1185	931	215	57	81
MA_RS22870	NC_003552.1	5392120	5392632	+	513	398	359	66	38	32
MA_RS22875	NC_003552.1	5392805	5393707	+	903	502	533	38	40	38
MA_RS27750	NC_003552.1	5393757	5393924	+	168	40	44	0	2	0
MA_RS22880	NC_003552.1	5394084	5394869	+	786	4007	4068	535	300	380
MA_RS22885	NC_003552.1	5395128	5395493	-	366	3647	3420	680	478	596
MA_RS22890	NC_003552.1	5395465	5398551	-	3087	1572	1377	254	170	164
MA_RS22895	NC_003552.1	5399129	5401918	-	2790	14226	13977	1732	952	1236
MA_RS22900	NC_003552.1	5402478	5403497	+	1020	4347	5484	14022	7244	10451
MA_RS22905	NC_003552.1	5403822	5405441	+	1620	2165	2934	1218	584	684
MA_RS22910	NC_003552.1	5406278	5407747	+	1470	1257	1322	6690	5366	4124
MA_RS22915	NC_003552.1	5408423	5409589	+	1167	2435	2295	1183	896	819
MA_RS22920	NC_003552.1	5409794	5410492	-	699	458	360	274	253	203
MA_RS22925	NC_003552.1	5411710	5413605	+	1896	1431	1952	86891	50779	67341
MA_RS22930	NC_003552.1	5413906	5414277	+	372	120	157	8139	3651	4308
MA_RS22935	NC_003552.1	5414799	5416406	+	1608	1264	1835	12875	9011	11671
MA_RS22945	NC_003552.1	5417074	5418177	+	1104	491	563	1891	1081	1213
MA_RS22955	NC_003552.1	5419261	5420037	+	777	3476	8828	5713	4510	4806
MA_RS22960	NC_003552.1	5420052	5421437	+	1386	7287	16689	58806	27456	41392
MA_RS22965	NC_003552.1	5421493	5422074	+	582	1079	2483	5584	2936	3760
MA_RS22970	NC_003552.1	5422491	5423459	+	969	116	240	363	273	252
MA_RS22975	NC_003552.1	5424079	5426094	+	2016	4283	5272	797	441	413
MA_RS22980	NC_003552.1	5426252	5428180	+	1929	16128	16721	1702	1101	1135
MA_RS22985	NC_003552.1	5428320	5429105	+	786	3279	3731	296	209	258
MA_RS22990	NC_003552.1	5429469	5430257	+	789	6753	5212	1667	1154	1057
MA_RS22995	NC_003552.1	5430882	5433299	-	2418	8742	8805	976	506	613
MA_RS23000	NC_003552.1	5433732	5434151	-	420	1290	1049	61	32	34
MA_RS23005	NC_003552.1	5434398	5434469	-	72	25	19	0	0	2
MA_RS23010	NC_003552.1	5434643	5435827	+	1185	2587	2834	146	78	80
MA_RS23015	NC_003552.1	5435952	5436626	+	675	1460	1475	74	78	71
MA_RS23020	NC_003552.1	5436633	5437160	+	528	609	580	14	16	17
MA_RS23025	NC_003552.1	5437758	5438732	+	975	10381	11721	1957	1025	1350
MA_RS23030	NC_003552.1	5438765	5439427	+	663	4009	3373	191	108	110
MA_RS23035	NC_003552.1	5439875	5440618	+	744	1905	2130	92	69	54
MA_RS23040	NC_003552.1	5440600	5441823	+	1224	1849	1842	300	227	219
MA_RS29105	NC_003552.1	5441996	5442148	+	153	658	493	570	834	809
MA_RS27760	NC_003552.1	5442176	5442340	+	165	41	38	0	0	3
MA_RS23045	NC_003552.1	5442559	5442918	+	360	3384	3070	58	22	29
MA_RS23050	NC_003552.1	5442924	5443541	+	618	1653	3187	73	57	45
MA_RS23055	NC_003552.1	5443811	5446861	+	3051	5634	7511	1109	555	807
MA_RS23060	NC_003552.1	5447513	5448121	-	609	2075	1991	174	190	128
MA_RS23065	NC_003552.1	5449038	5450669	+	1632	19624	20931	7011	5002	5221
MA_RS23070	NC_003552.1	5451040	5451429	-	390	1407	825	82	65	44
MA_RS23075	NC_003552.1	5451434	5452192	-	759	2708	2465	1123	984	690
MA_RS23080	NC_003552.1	5452624	5453211	+	588	1592	1985	155	144	141
MA_RS23085	NC_003552.1	5453482	5453775	-	294	1292	998	125	91	71
MA_RS29110	NC_003552.1	5453814	5454023	-	210	649	643	188	142	118
MA_RS23090	NC_003552.1	5454266	5454709	-	444	2068	1544	53	65	28
MA_RS23095	NC_003552.1	5454844	5456316	+	1473	8356	7149	2770	1068	1664
MA_RS23100	NC_003552.1	5456590	5457531	+	942	5276	5337	1750	558	1066
MA_RS23105	NC_003552.1	5457549	5458706	+	1158	943	831	297	191	233
MA_RS23110	NC_003552.1	5458893	5460032	+	1140	3539	3145	785	389	547
MA_RS24850	NC_003552.1	5460162	5460659	-	498	442	421	47	29	37
MA_RS23120	NC_003552.1	5465382	5469998	-	4617	19153	18552	2924	1597	1953
MA_RS23125	NC_003552.1	5470206	5470577	-	372	470	444	311	181	193
MA_RS23130	NC_003552.1	5470498	5471319	-	822	1691	1752	401	240	268
MA_RS23135	NC_003552.1	5471316	5471993	-	678	2818	2372	453	267	345
MA_RS23140	NC_003552.1	5472663	5473520	-	858	27538	29178	1961	1421	1519
MA_RS23145	NC_003552.1	5473561	5474256	-	696	11919	11148	4127	2901	3007
MA_RS23150	NC_003552.1	5474669	5475499	+	831	8376	8094	4235	3121	3289
MA_RS27765	NC_003552.1	5475474	5475641	-	168	118	95	126	116	48
MA_RS23155	NC_003552.1	5475714	5476154	-	441	5041	4130	566	525	563
MA_RS23160	NC_003552.1	5476219	5476881	-	663	1669	1544	205	134	136
MA_RS23165	NC_003552.1	5477043	5477663	+	621	1832	1752	301	143	222
MA_RS23170	NC_003552.1	5477773	5478045	-	273	3489	2653	78	77	62
MA_RS23175	NC_003552.1	5478183	5478920	-	738	1409	1040	357	212	241
MA_RS23180	NC_003552.1	5479033	5479737	+	705	6130	6055	773	620	625
MA_RS23185	NC_003552.1	5479856	5480425	+	570	2810	2244	923	502	638
MA_RS23190	NC_003552.1	5480808	5482556	-	1749	4148	2496	955	631	615
MA_RS23195	NC_003552.1	5483251	5484156	-	906	459	407	1818	1069	1125
MA_RS23205	NC_003552.1	5486734	5488488	+	1755	11546	12192	14597	10016	12097
MA_RS23210	NC_003552.1	5489742	5491823	+	2082	4432	4030	147	156	158
MA_RS23215	NC_003552.1	5492009	5492371	+	363	573	365	35	19	20
MA_RS23220	NC_003552.1	5492647	5494242	-	1596	1312	1063	752	622	613
MA_RS23225	NC_003552.1	5494923	5495126	+	204	175	101	0	0	0
MA_RS23230	NC_003552.1	5495669	5496604	+	936	389	304	52	72	68
MA_RS23235	NC_003552.1	5496815	5498752	+	1938	1208	729	89	63	45
MA_RS23240	NC_003552.1	5498846	5500306	+	1461	1454	835	361	172	263
MA_RS23245	NC_003552.1	5500491	5500781	-	291	150	131	23	24	42
MA_RS23250	NC_003552.1	5500850	5502064	-	1215	500	362	114	66	69
MA_RS23255	NC_003552.1	5502109	5503035	-	927	409	331	58	60	36
MA_RS23260	NC_003552.1	5503019	5504074	-	1056	145	139	95	72	70
MA_RS23265	NC_003552.1	5504058	5505131	-	1074	275	197	196	88	75
MA_RS23270	NC_003552.1	5505729	5506010	-	282	2092	1128	72	69	39
MA_RS23275	NC_003552.1	5506259	5507542	+	1284	5888	5664	1134	896	909
MA_RS23280	NC_003552.1	5507514	5507738	+	225	109	57	41	41	35
MA_RS23285	NC_003552.1	5507807	5508694	-	888	2803	2832	361	302	309
MA_RS23290	NC_003552.1	5508886	5509836	+	951	3509	3400	704	703	705
MA_RS23295	NC_003552.1	5510012	5511484	-	1473	2092	1828	173	193	166
MA_RS27770	NC_003552.1	5512656	5512808	+	153	45	38	2	2	2
MA_RS27775	NC_003552.1	5512950	5513123	+	174	47	40	0	0	0
MA_RS23305	NC_003552.1	5513764	5514681	-	918	495	473	2	6	4
MA_RS23310	NC_003552.1	5514764	5515660	-	897	876	699	540	304	385
MA_RS27780	NC_003552.1	5515811	5516053	+	243	463	193	75	42	56
MA_RS23315	NC_003552.1	5516195	5517082	+	888	1596	1065	452	301	351
MA_RS23320	NC_003552.1	5517084	5517959	+	876	908	649	285	133	154
MA_RS29115	NC_003552.1	5518244	5518495	+	252	23	25	22	17	25
MA_RS29120	NC_003552.1	5518498	5519031	+	534	36	25	16	10	13
MA_RS23330	NC_003552.1	5519140	5519904	+	765	381	292	170	106	125
MA_RS23335	NC_003552.1	5520335	5520676	+	342	541	563	66	90	65
MA_RS23340	NC_003552.1	5521340	5521534	+	195	4090	3475	1456	1337	1151
MA_RS23345	NC_003552.1	5521605	5522480	+	876	21147	23560	6220	3761	4829
MA_RS23350	NC_003552.1	5522477	5523268	+	792	10085	12966	11078	6889	8740
MA_RS23355	NC_003552.1	5523713	5524129	-	417	220	228	74	46	48
MA_RS23360	NC_003552.1	5524151	5524672	-	522	206	148	78	27	60
MA_RS23365	NC_003552.1	5524703	5525113	-	411	250	234	124	90	97
MA_RS27785	NC_003552.1	5525142	5525315	-	174	25	11	3	1	1
MA_RS23370	NC_003552.1	5525346	5526404	-	1059	1109	963	118	70	66
MA_RS23375	NC_003552.1	5526705	5527112	-	408	124	154	57	44	57
MA_RS23380	NC_003552.1	5527105	5528610	-	1506	916	896	495	433	527
MA_RS23385	NC_003552.1	5528744	5530627	-	1884	732	916	220	245	195
MA_RS23390	NC_003552.1	5531119	5531544	-	426	48	26	0	0	0
MA_RS23395	NC_003552.1	5531741	5532658	+	918	577	502	8	14	4
MA_RS23400	NC_003552.1	5533072	5533428	-	357	730	482	68	46	39
MA_RS23405	NC_003552.1	5533711	5534166	+	456	2437	2524	192	149	208
MA_RS23410	NC_003552.1	5534201	5534809	+	609	640	836	914	727	515
MA_RS23415	NC_003552.1	5534806	5535525	+	720	715	653	393	270	265
MA_RS23420	NC_003552.1	5535531	5536145	+	615	375	394	602	351	440
MA_RS23425	NC_003552.1	5536163	5536747	+	585	389	308	176	151	143
MA_RS23430	NC_003552.1	5536748	5537377	+	630	309	212	327	224	208
MA_RS23435	NC_003552.1	5537374	5538006	+	633	289	228	162	108	83
MA_RS23440	NC_003552.1	5538003	5538614	+	612	164	110	100	66	62
MA_RS23445	NC_003552.1	5538615	5539238	+	624	208	150	160	76	43
MA_RS23450	NC_003552.1	5539239	5539865	+	627	215	163	58	65	32
MA_RS23455	NC_003552.1	5539866	5540600	+	735	592	483	74	50	44
MA_RS23460	NC_003552.1	5540602	5541339	+	738	501	354	135	105	89
MA_RS23465	NC_003552.1	5541496	5542242	+	747	572	369	28	38	37
MA_RS23470	NC_003552.1	5542381	5543094	+	714	454	291	33	58	22
MA_RS23475	NC_003552.1	5543178	5543651	-	474	1384	1294	413	363	288
MA_RS23480	NC_003552.1	5543788	5544258	-	471	2519	2007	1121	765	849
MA_RS23485	NC_003552.1	5544255	5545181	-	927	12370	10678	2446	1338	1597
MA_RS23490	NC_003552.1	5545287	5545766	-	480	489	442	6	2	2
MA_RS23495	NC_003552.1	5546145	5547416	+	1272	2618	2943	135	152	121
MA_RS23500	NC_003552.1	5547697	5548491	+	795	611	400	141	82	124
MA_RS29125	NC_003552.1	5548793	5548948	+	156	18	10	4	4	2
MA_RS23510	NC_003552.1	5549375	5551633	-	2259	503	611	110	100	81
MA_RS23515	NC_003552.1	5551963	5554692	-	2730	13873	13389	2399	1316	1776
MA_RS23525	NC_003552.1	5556573	5556920	-	348	318	199	6	0	6
MA_RS23530	NC_003552.1	5557403	5558320	+	918	4740	3366	265	156	227
MA_RS23535	NC_003552.1	5558508	5559338	+	831	1014	807	103	91	67
MA_RS23540	NC_003552.1	5559546	5560586	+	1041	4075	3937	816	525	573
MA_RS23545	NC_003552.1	5560623	5561129	-	507	702	589	135	66	84
MA_RS23550	NC_003552.1	5561189	5562088	-	900	554	405	359	199	208
MA_RS23555	NC_003552.1	5562428	5562712	-	285	119522	101561	271	397	258
MA_RS23560	NC_003552.1	5563124	5564080	+	957	7628	5960	823	596	559
MA_RS23565	NC_003552.1	5564326	5564652	+	327	2304	1990	52	28	27
MA_RS23570	NC_003552.1	5564730	5566163	-	1434	5735	5322	296	185	187
MA_RS23575	NC_003552.1	5566780	5567943	+	1164	1297	1101	157	106	125
MA_RS23580	NC_003552.1	5568124	5568780	-	657	111	60	8	16	2
MA_RS23585	NC_003552.1	5569184	5569465	+	282	1767	1233	246	192	229
MA_RS23590	NC_003552.1	5569478	5570905	+	1428	7680	7370	1465	901	877
MA_RS23595	NC_003552.1	5570906	5572393	+	1488	7870	6946	2717	1478	1845
MA_RS23600	NC_003552.1	5572481	5573281	-	801	3718	3102	283	203	199
MA_RS23605	NC_003552.1	5573662	5574213	+	552	1832	1665	321	206	236
MA_RS29595	NC_003552.1	5574599	5574733	-	135	511	436	1417	1331	1372
MA_RS23615	NC_003552.1	5575241	5576014	-	774	175	172	15	16	10
MA_RS23625	NC_003552.1	5578136	5579431	-	1296	543	362	65	45	59
MA_RS23630	NC_003552.1	5579604	5580386	-	783	378	414	94	26	33
MA_RS23635	NC_003552.1	5580377	5581396	-	1020	483	444	132	39	62
MA_RS23640	NC_003552.1	5581389	5583155	-	1767	862	901	341	151	150
MA_RS23645	NC_003552.1	5583299	5583805	-	507	419	347	112	36	78
MA_RS23650	NC_003552.1	5583808	5584920	-	1113	1205	1228	467	169	245
MA_RS23655	NC_003552.1	5585398	5586486	-	1089	633	488	133	98	103
MA_RS23660	NC_003552.1	5586613	5587455	-	843	664	417	47	28	31
MA_RS24870	NC_003552.1	5587734	5587946	-	213	50	31	0	0	0
MA_RS24875	NC_003552.1	5587974	5588408	-	435	13	11	0	0	4
MA_RS23670	NC_003552.1	5588911	5589507	+	597	119	81	57	23	24
MA_RS23675	NC_003552.1	5589531	5590442	+	912	647	672	17	18	19
MA_RS23680	NC_003552.1	5591063	5591923	+	861	26396	33304	40417	33418	32449
MA_RS27790	NC_003552.1	5591865	5592143	-	279	14	12	8	8	4
MA_RS23685	NC_003552.1	5592477	5593130	+	654	1589	2216	400	225	245
MA_RS23690	NC_003552.1	5593231	5594523	+	1293	2848	2984	313	280	273
MA_RS23695	NC_003552.1	5595442	5596422	+	981	875	577	47	30	31
MA_RS23700	NC_003552.1	5596675	5598387	-	1713	413045	405130	116444	46478	72374
MA_RS23705	NC_003552.1	5598398	5599144	-	747	104108	112071	17255	8477	12158
MA_RS23710	NC_003552.1	5599146	5599766	-	621	41971	43147	33460	24360	24012
MA_RS23715	NC_003552.1	5599773	5600285	-	513	71419	76432	26065	14678	17454
MA_RS23720	NC_003552.1	5600310	5601614	-	1305	381862	373032	48672	23531	35234
MA_RS23725	NC_003552.1	5602034	5603269	+	1236	5680	5079	2658	1793	1904
MA_RS23730	NC_003552.1	5603630	5607067	-	3438	9703	10041	1353	791	1021
MA_RS23735	NC_003552.1	5607101	5607346	-	246	470	383	410	250	288
MA_RS23740	NC_003552.1	5607440	5608522	-	1083	2473	2536	2038	695	1191
MA_RS23745	NC_003552.1	5608659	5609945	-	1287	5501	5428	1436	796	1026
MA_RS29600	NC_003552.1	5610106	5610234	+	129	7	0	2	0	0
MA_RS23750	NC_003552.1	5610284	5611435	-	1152	444	456	100	24	38
MA_RS23755	NC_003552.1	5612118	5612507	-	390	230	218	34	8	20
MA_RS23765	NC_003552.1	5612969	5614909	-	1941	451	424	65	34	54
MA_RS27795	NC_003552.1	5615266	5615442	+	177	13	6	0	0	0
MA_RS23770	NC_003552.1	5615561	5616667	-	1107	751	835	168	156	131
MA_RS23775	NC_003552.1	5616747	5617538	-	792	249	264	22	20	25
MA_RS23780	NC_003552.1	5617561	5620557	-	2997	768	654	302	169	202
MA_RS23785	NC_003552.1	5620642	5622606	-	1965	785	786	198	83	128
MA_RS23790	NC_003552.1	5622844	5624799	-	1956	913	647	5012	2532	3372
MA_RS23795	NC_003552.1	5625260	5625952	-	693	1663	960	113	125	101
MA_RS23800	NC_003552.1	5626276	5626458	-	183	2878	2039	80	312	150
MA_RS23805	NC_003552.1	5626836	5627207	-	372	26770	26999	182	153	130
MA_RS23810	NC_003552.1	5627207	5627422	-	216	3405	3433	162	105	86
MA_RS23815	NC_003552.1	5627479	5627976	-	498	14958	15879	1062	640	683
MA_RS23820	NC_003552.1	5627973	5629541	-	1569	46540	43328	3754	1805	2462
MA_RS23825	NC_003552.1	5629538	5629963	-	426	8974	9614	552	266	284
MA_RS23830	NC_003552.1	5629956	5630411	-	456	7362	7348	865	507	466
MA_RS23835	NC_003552.1	5630411	5632831	-	2421	72196	80227	3865	1465	1902
MA_RS23845	NC_003552.1	5634197	5634694	-	498	7227	6519	635	536	440
MA_RS23850	NC_003552.1	5634728	5635252	-	525	7193	6868	73	100	80
MA_RS23855	NC_003552.1	5635412	5637673	-	2262	7729	9840	1730	945	900
MA_RS23860	NC_003552.1	5637670	5638362	-	693	2258	2974	695	369	380
MA_RS27800	NC_003552.1	5638496	5638666	-	171	77	97	14	19	14
MA_RS23865	NC_003552.1	5638852	5640279	+	1428	1676	1593	130	127	75
MA_RS23870	NC_003552.1	5640367	5641071	-	705	1225	816	198	184	216
MA_RS24880	NC_003552.1	5641088	5642140	-	1053	423	255	94	56	58
MA_RS23885	NC_003552.1	5642426	5642884	-	459	1499	1331	34	40	25
MA_RS27805	NC_003552.1	5643243	5643386	-	144	418	254	22	16	14
MA_RS23895	NC_003552.1	5643518	5644192	-	675	1656	1432	186	79	117
MA_RS23900	NC_003552.1	5644562	5645344	+	783	1495	1356	62	54	39
MA_RS23905	NC_003552.1	5645326	5645706	-	381	327	295	28	18	19
MA_RS23910	NC_003552.1	5645778	5646116	-	339	18	19	0	2	1
MA_RS23915	NC_003552.1	5646265	5647107	+	843	5579	4723	213	121	129
MA_RS29130	NC_003552.1	5647234	5647611	-	378	9996	7268	331	247	355
MA_RS23925	NC_003552.1	5648188	5648262	+	75	104	63	4	23	6
MA_RS23930	NC_003552.1	5648321	5648395	+	75	322	133	1	15	0
MA_RS23935	NC_003552.1	5648960	5650282	+	1323	5784	5011	720	410	477
MA_RS29135	NC_003552.1	5650614	5659469	-	8856	22017	30502	610	356	413
MA_RS29140	NC_003552.1	5660489	5664559	-	4071	9960	11786	435	292	302
MA_RS23955	NC_003552.1	5665776	5666345	-	570	3789	3096	317	259	251
MA_RS23960	NC_003552.1	5666859	5667656	+	798	3513	3419	307	204	176
MA_RS23965	NC_003552.1	5667764	5668906	+	1143	2334	1928	243	167	180
MA_RS23970	NC_003552.1	5669066	5669794	+	729	2201	2059	327	141	143
MA_RS23975	NC_003552.1	5669791	5670633	+	843	1608	1652	200	80	135
MA_RS23980	NC_003552.1	5670630	5672060	+	1431	2946	2898	466	303	428
MA_RS23985	NC_003552.1	5672228	5673673	+	1446	4205	3928	456	208	322
MA_RS23990	NC_003552.1	5673842	5674669	-	828	3136	2395	348	174	213
MA_RS23995	NC_003552.1	5674672	5675625	-	954	3600	3326	1230	557	869
MA_RS24000	NC_003552.1	5675625	5676449	-	825	4567	3637	966	430	605
MA_RS24005	NC_003552.1	5676452	5677450	-	999	6459	6176	2167	901	1182
MA_RS24010	NC_003552.1	5677467	5679218	-	1752	17606	18140	3979	2000	2582
MA_RS24015	NC_003552.1	5679220	5679873	-	654	2491	2479	1257	627	708
MA_RS24025	NC_003552.1	5680339	5681460	+	1122	5842	7875	202	152	169
MA_RS24030	NC_003552.1	5681476	5682543	+	1068	1644	1811	178	117	101
MA_RS24035	NC_003552.1	5682540	5683418	+	879	1526	1476	282	113	176
MA_RS24040	NC_003552.1	5683577	5684245	-	669	3993	3888	2805	1347	1606
MA_RS24045	NC_003552.1	5684306	5685484	-	1179	17313	19142	4076	2568	2903
MA_RS24050	NC_003552.1	5685710	5686324	-	615	963	737	532	355	366
MA_RS27820	NC_003552.1	5686501	5686572	-	72	22	7	0	0	0
MA_RS24055	NC_003552.1	5686644	5686715	-	72	25	11	0	0	0
MA_RS24060	NC_003552.1	5686878	5687486	-	609	2055	1429	237	147	138
MA_RS24065	NC_003552.1	5688069	5690120	+	2052	1068	1007	160	114	93
MA_RS24070	NC_003552.1	5690268	5690389	-	122	2936	1782	894	580	887
MA_RS24075	NC_003552.1	5690464	5693367	-	2904	1118921	1155515	10938658	9275649	9038403
MA_RS24080	NC_003552.1	5693557	5695034	-	1478	3496413	4324104	4476728	5925060	5289038
MA_RS24085	NC_003552.1	5695744	5697291	+	1548	32147	36949	13837	12279	13347
MA_RS24090	NC_003552.1	5697439	5698197	+	759	2541	2778	879	500	649
MA_RS24095	NC_003552.1	5698281	5698922	+	642	1051	1330	404	250	256
MA_RS24100	NC_003552.1	5699337	5701181	+	1845	3093	2957	1590	750	996
MA_RS24890	NC_003552.1	5701530	5702285	-	756	4133	3046	369	233	208
MA_RS24110	NC_003552.1	5702451	5703056	+	606	157	111	18	15	16
MA_RS24115	NC_003552.1	5703053	5704480	+	1428	789	556	69	69	52
MA_RS24120	NC_003552.1	5704594	5705016	+	423	346	218	11	38	41
MA_RS24125	NC_003552.1	5705259	5705462	-	204	891	926	31	25	15
MA_RS24130	NC_003552.1	5705567	5705824	-	258	1077	901	14	66	18
MA_RS24135	NC_003552.1	5706346	5706981	-	636	87	49	10	10	15
MA_RS24140	NC_003552.1	5707034	5708281	-	1248	953	895	224	140	195
MA_RS27825	NC_003552.1	5708317	5708502	-	186	71	95	12	12	4
MA_RS29605	NC_003552.1	5708785	5709069	-	285	254	256	16	20	11
MA_RS24145	NC_003552.1	5709066	5709695	-	630	508	396	124	75	107
MA_RS24150	NC_003552.1	5710125	5711000	-	876	714	476	161	114	129
MA_RS24155	NC_003552.1	5711892	5712449	-	558	654	460	41	64	32
MA_RS24160	NC_003552.1	5712868	5714019	-	1152	2469	2413	555	251	336
MA_RS24165	NC_003552.1	5714025	5715395	-	1371	2140	2105	567	258	305
MA_RS24170	NC_003552.1	5715639	5717516	+	1878	3696	4181	902	450	646
MA_RS24175	NC_003552.1	5717720	5718250	+	531	4122	4136	132	117	98
MA_RS24180	NC_003552.1	5718234	5718512	-	279	54517	27899	72	51	46
MA_RS24185	NC_003552.1	5718926	5720485	-	1560	22364	18837	1556	658	977
MA_RS24190	NC_003552.1	5722007	5723473	+	1467	1853	1735	126	65	97
MA_RS24195	NC_003552.1	5723568	5724635	+	1068	1319	1292	162	127	74
MA_RS24200	NC_003552.1	5724787	5725410	-	624	10575	7050	186	140	124
MA_RS24205	NC_003552.1	5726681	5727370	+	690	4675	3031	5113	2854	2984
MA_RS24210	NC_003552.1	5727367	5727996	+	630	2592	2417	11662	5899	6865
MA_RS24215	NC_003552.1	5728022	5728405	+	384	1962	1440	4314	2407	3420
MA_RS24220	NC_003552.1	5728534	5732778	+	4245	36069	25963	43697	22093	26318
MA_RS24225	NC_003552.1	5733216	5734280	-	1065	1916	1624	506	303	352
MA_RS24230	NC_003552.1	5735021	5736475	+	1455	3750	3524	390	270	260
MA_RS24240	NC_003552.1	5737506	5738135	+	630	2429	2524	210	165	136
MA_RS24245	NC_003552.1	5738490	5739284	+	795	3422	3968	231	161	185
MA_RS24250	NC_003552.1	5739655	5740656	+	1002	3996	4921	890	714	740
MA_RS24255	NC_003552.1	5741085	5741930	+	846	12794	13872	5932	3170	4186
MA_RS24260	NC_003552.1	5742241	5743017	+	777	26847	31633	2835	1874	1873
MA_RS24265	NC_003552.1	5743231	5744022	-	792	8933	9190	446	345	340
MA_RS24270	NC_003552.1	5744219	5745391	+	1173	2813	2716	288	187	186
MA_RS24275	NC_003552.1	5745796	5746848	+	1053	1494	1572	155	69	103
MA_RS24280	NC_003552.1	5746967	5747449	+	483	484	491	51	29	14
MA_RS24285	NC_003552.1	5747851	5748690	+	840	312	296	18	18	33
MA_RS27830	NC_003552.1	5748723	5748986	+	264	0	2	0	2	0
MA_RS24295	NC_003552.1	5748991	5749764	-	774	3529	2791	223	140	202
MA_RS24300	NC_003552.1	5750026	5750505	-	480	2151	1694	313	171	167
MA_RS24305	NC_003552.1	5750684	5751244	-	561	965	1055	261	132	170
