locus_tag,old_locus_tag,current_start_pos,current_codon,current_codon_noncanonical,n_candidates_upstream,upstream_limit_reason,rna_best_pos,rna_best_codon,rna_step_ratio,rna_step_ratio_exceeds_threshold,blast_best_species_hit,blast_qstart_aa,blast_pident,blast_supported_pos,blast_supported_codon,proposed_start_pos,proposed_codon,verdict
MA_RS00005,MA_0001,1510,ATG,False,0,stop_codon,1510,ATG,1.11,False,WP_048168916.1,1,99.275,1510,ATG,1510,ATG,現行アノテーションを支持
MA_RS00010,MA_0003,3805,ATG,False,0,stop_codon,3805,ATG,1.56,False,WP_048174385.1,1,94.358,3805,ATG,3805,ATG,現行アノテーションを支持
MA_RS00015,MA_0004,8134,ATG,False,0,stop_codon,8134,ATG,0.99,False,WP_048174208.1,1,91.051,8134,ATG,8134,ATG,現行アノテーションを支持
MA_RS00020,MA_0005,9375,ATG,False,0,stop_codon,9375,ATG,1.84,False,WP_048154708.1,1,81.25,9375,ATG,9375,ATG,現行アノテーションを支持
MA_RS00025,MA_0006,9571,ATG,False,0,stop_codon,9571,ATG,14.89,True,WP_048174384.1,1,92.911,9571,ATG,9571,ATG,現行アノテーションを支持
MA_RS00030,MA_0007,11359,ATG,False,0,stop_codon,11359,ATG,0.85,False,WP_048174383.1,1,95.604,11359,ATG,11359,ATG,現行アノテーションを支持
MA_RS00035,MA_0008,13031,ATG,False,0,stop_codon,13031,ATG,1.11,False,WP_048174328.1,1,95.322,13031,ATG,13031,ATG,現行アノテーションを支持
MA_RS00040,MA_0009,15084,ATG,False,0,stop_codon,15084,ATG,0.92,False,WP_082089096.1,1,82.474,15084,ATG,15084,ATG,現行アノテーションを支持
MA_RS00045,MA_0010,16337,ATG,False,0,stop_codon,16337,ATG,0.64,False,WP_048174329.1,1,96.296,16337,ATG,16337,ATG,現行アノテーションを支持
MA_RS00050,MA_0011,17538,ATG,False,1,stop_codon,17538,ATG,1.01,False,WP_048174330.1,1,90.566,17559,TTG,17559,TTG,中確信度: 上流への延長の可能性(片方の証拠のみ)
MA_RS00055,MA_0012,18310,ATG,False,0,stop_codon,18310,ATG,0.94,False,WP_048174331.1,1,89.423,18310,ATG,18310,ATG,現行アノテーションを支持
MA_RS00060,MA_0013,19551,ATG,False,0,stop_codon,19551,ATG,0.93,False,WP_048174332.1,103,90.357,19551,ATG,19551,ATG,現行アノテーションを支持
MA_RS00065,MA_0014,21523,ATG,False,1,stop_codon,21529,ATG,1.36,False,WP_011033271.1,1,68.209,21529,ATG,21529,ATG,中確信度: 上流への延長の可能性(片方の証拠のみ)
MA_RS00070,MA_0015,22783,ATG,False,1,stop_codon,22792,GTG,2.39,False,WP_048175162.1,4,93.838,22792,GTG,22792,GTG,中確信度: 上流への延長の可能性(片方の証拠のみ)
MA_RS00075,MA_0016,23492,ATG,False,1,stop_codon,23522,TTG,1.6,False,WP_048174334.1,11,99.174,23522,TTG,23522,TTG,中確信度: 上流への延長の可能性(片方の証拠のみ)
MA_RS26355,,24658,TTG,False,0,stop_codon,24658,TTG,0.51,False,,,,,,24658,TTG,現行アノテーションを支持
MA_RS00090,MA_0018,25197,ATG,False,0,stop_codon,25197,ATG,1.03,False,WP_048174335.1,1,96.825,25197,ATG,25197,ATG,現行アノテーションを支持
MA_RS00095,MA_0019,25854,ATG,False,1,stop_codon,25764,TTG,2.77,False,WP_231590166.1,31,92.918,25764,TTG,25764,TTG,中確信度: 上流への延長の可能性(片方の証拠のみ)
MA_RS00100,MA_0020,28098,ATG,False,0,stop_codon,28098,ATG,1.09,False,WP_048174336.1,1,94.022,28098,ATG,28098,ATG,現行アノテーションを支持
MA_RS00105,MA_0021,28677,ATG,False,1,neighbor_gene,28662,GTG,0.84,False,WP_048174337.1,6,85.366,28662,GTG,28662,GTG,中確信度: 上流への延長の可能性(片方の証拠のみ)
MA_RS00110,MA_0022,30256,ATG,False,1,stop_codon,30256,ATG,53.11,True,WP_048175166.1,14,96.774,30217,ATG,30217,ATG,中確信度: 上流への延長の可能性(片方の証拠のみ)
MA_RS00115,MA_0023,31065,ATG,False,0,stop_codon,31065,ATG,1.49,False,WP_048174338.1,1,88.696,31065,ATG,31065,ATG,現行アノテーションを支持
MA_RS00120,MA_0024,32254,ATG,False,0,stop_codon,32254,ATG,2.28,False,WP_048174339.1,1,95.669,32254,ATG,32254,ATG,現行アノテーションを支持
MA_RS00125,MA_0025,33066,ATG,False,0,stop_codon,33066,ATG,0.97,False,WP_048174340.1,1,94.526,33066,ATG,33066,ATG,現行アノテーションを支持
MA_RS00130,MA_0026,34650,ATG,False,0,stop_codon,34650,ATG,0.82,False,WP_048174341.1,1,98.013,34650,ATG,34650,ATG,現行アノテーションを支持
MA_RS00135,MA_0027,35473,ATG,False,0,stop_codon,35473,ATG,1.07,False,WP_011021898.1,1,99.299,35473,ATG,35473,ATG,現行アノテーションを支持
MA_RS00145,MA_0029,39249,ATG,False,0,stop_codon,39249,ATG,2.23,False,WP_082089098.1,1,82.366,39249,ATG,39249,ATG,現行アノテーションを支持
MA_RS00155,MA_0030,41054,ATG,False,1,stop_codon,41078,ATG,2.91,False,WP_048174344.1,9,91.154,41078,ATG,41078,ATG,中確信度: 上流への延長の可能性(片方の証拠のみ)
MA_RS00160,MA_0031,42199,ATG,False,0,stop_codon,42199,ATG,0.82,False,WP_048174345.1,1,96.622,42199,ATG,42199,ATG,現行アノテーションを支持
MA_RS00165,MA_0032,43407,ATG,False,0,stop_codon,43407,ATG,0.91,False,WP_048174346.1,1,94.293,43407,ATG,43407,ATG,現行アノテーションを支持
MA_RS00170,MA_0033,43667,ATG,False,0,stop_codon,43667,ATG,0.78,False,WP_048174347.1,1,91.86,43667,ATG,43667,ATG,現行アノテーションを支持
MA_RS00175,MA_0034,44212,ATG,False,0,stop_codon,44212,ATG,2.01,False,WP_048174348.1,1,96.703,44212,ATG,44212,ATG,現行アノテーションを支持
MA_RS00180,MA_0035,45743,ATG,False,0,stop_codon,45743,ATG,1.14,False,WP_048174350.1,1,92.57,45743,ATG,45743,ATG,現行アノテーションを支持
MA_RS00185,MA_0036,46686,ATG,False,0,stop_codon,46686,ATG,1.28,False,WP_048174351.1,1,97.297,46686,ATG,46686,ATG,現行アノテーションを支持
MA_RS00190,MA_0037,47351,ATG,False,1,stop_codon,47306,ATG,1.56,False,WP_048174352.1,16,80.144,47306,ATG,47306,ATG,中確信度: 上流への延長の可能性(片方の証拠のみ)
MA_RS00195,MA_0038,49629,ATG,False,0,stop_codon,49629,ATG,1.02,False,WP_048121175.1,1,90.21,49629,ATG,49629,ATG,現行アノテーションを支持
MA_RS00200,MA_0039,50071,ATG,False,0,neighbor_gene,50071,ATG,0.93,False,WP_048123961.1,1,87.633,50071,ATG,50071,ATG,現行アノテーションを支持
MA_RS00205,MA_0040,51146,ATG,False,0,stop_codon,51146,ATG,4.37,True,WP_048174353.1,1,94.493,51146,ATG,51146,ATG,現行アノテーションを支持
MA_RS00210,MA_0041,52826,ATG,False,0,stop_codon,52826,ATG,1.4,False,,,,,,52826,ATG,現行アノテーションを支持
MA_RS00215,MA_0042,53371,ATG,False,0,max_distance,53371,ATG,2.42,False,WP_048174354.1,1,98.072,53371,ATG,53371,ATG,現行アノテーションを支持
MA_RS00220,MA_0043,54803,TTG,False,0,stop_codon,54803,TTG,1.65,False,WP_048174355.1,1,94.903,54803,TTG,54803,TTG,現行アノテーションを支持
MA_RS00230,MA_0045,56958,TTG,False,1,stop_codon,56925,ATG,4.53,True,WP_048174356.1,1,92.537,56925,ATG,56925,ATG,高確信度: 上流への延長を提案(RNA-seq・BLAST一致)
MA_RS00235,MA_0046,57569,ATG,False,0,stop_codon,57569,ATG,1.2,False,WP_231590174.1,12,93.182,57569,ATG,57569,ATG,現行アノテーションを支持
MA_RS00240,MA_0047,58313,GTG,False,0,stop_codon,58313,GTG,0.57,False,WP_048123345.1,4,62.617,58313,GTG,58313,GTG,現行アノテーションを支持
MA_RS00245,MA_0048,59191,ATG,False,0,stop_codon,59191,ATG,9.68,True,WP_048122570.1,1,85.135,59191,ATG,59191,ATG,現行アノテーションを支持
MA_RS00250,MA_0049,59484,ATG,False,0,stop_codon,59484,ATG,1.57,False,WP_069575293.1,1,83.133,59484,ATG,59484,ATG,現行アノテーションを支持
MA_RS00255,MA_0050,59888,ATG,False,0,stop_codon,59888,ATG,9.86,True,WP_048174360.1,1,95.464,59888,ATG,59888,ATG,現行アノテーションを支持
MA_RS00260,MA_0051,63327,ATG,False,0,stop_codon,63327,ATG,0.96,False,WP_048142859.1,1,79.661,63327,ATG,63327,ATG,現行アノテーションを支持
MA_RS00270,MA_0053,64281,ATG,False,0,stop_codon,64281,ATG,17.7,True,WP_048174361.1,1,93.372,64281,ATG,64281,ATG,現行アノテーションを支持
MA_RS00275,MA_0054,65547,ATG,False,0,stop_codon,65547,ATG,1.13,False,WP_048174362.1,1,96.512,65547,ATG,65547,ATG,現行アノテーションを支持
MA_RS00280,MA_0055,67382,ATG,False,0,stop_codon,67382,ATG,2.16,False,WP_011020114.1,1,100.0,67382,ATG,67382,ATG,現行アノテーションを支持
MA_RS00290,MA_0056,68403,ATG,False,3,stop_codon,68286,GTG,1.5,False,WP_048175167.1,40,98.529,68286,GTG,68286,GTG,中確信度: 上流への延長の可能性(片方の証拠のみ)
MA_RS00295,MA_0057,68676,ATG,False,1,stop_codon,68676,ATG,1.28,False,WP_011033302.1,4,100.0,68667,ATG,68667,ATG,中確信度: 上流への延長の可能性(片方の証拠のみ)
MA_RS00300,MA_0058,68950,ATG,False,1,stop_codon,68941,ATG,1.89,False,WP_011033303.1,4,100.0,68941,ATG,68941,ATG,中確信度: 上流への延長の可能性(片方の証拠のみ)
MA_RS00305,MA_0059,69214,ATG,False,1,stop_codon,69205,ATG,1.31,False,WP_048122559.1,4,98.529,69205,ATG,69205,ATG,中確信度: 上流への延長の可能性(片方の証拠のみ)
MA_RS26360,,69650,ATG,False,1,neighbor_gene,69650,ATG,1.63,False,,,,,,69650,ATG,現行アノテーションを支持
MA_RS00310,MA_0060,70403,ATG,False,0,stop_codon,70403,ATG,0.86,False,WP_048172513.1,21,32.609,70403,ATG,70403,ATG,現行アノテーションを支持
MA_RS00315,MA_0061,71146,ATG,False,7,stop_codon,71215,TTG,1.33,False,WP_048174730.1,100,41.538,71347,ATG,71347,ATG,中確信度: 上流への延長の可能性(片方の証拠のみ)
MA_RS00320,MA_0062,71483,ATG,False,0,stop_codon,71483,ATG,1.43,False,WP_048174364.1,1,95.035,71483,ATG,71483,ATG,現行アノテーションを支持
MA_RS00325,MA_0063,72781,ATG,False,0,neighbor_gene,72781,ATG,1.13,False,WP_048174365.1,1,97.638,72781,ATG,72781,ATG,現行アノテーションを支持
MA_RS00330,MA_0064,73571,ATG,False,0,stop_codon,73571,ATG,1.55,False,WP_048174366.1,1,99.237,73571,ATG,73571,ATG,現行アノテーションを支持
MA_RS00335,MA_0065,74723,TTG,False,0,stop_codon,74723,TTG,2.26,False,WP_048174367.1,1,95.549,74723,TTG,74723,TTG,現行アノテーションを支持
MA_RS00345,MA_0067,75144,ATG,False,0,stop_codon,75144,ATG,1.73,False,WP_011020126.1,1,100.0,75144,ATG,75144,ATG,現行アノテーションを支持
MA_RS00350,MA_0068,79369,ATG,False,0,stop_codon,79369,ATG,1.39,False,WP_048174369.1,1,85.154,79369,ATG,79369,ATG,現行アノテーションを支持
MA_RS00355,MA_0069,80597,ATG,False,1,stop_codon,80603,ATG,0.89,False,WP_048175169.1,3,93.155,80603,ATG,80603,ATG,中確信度: 上流への延長の可能性(片方の証拠のみ)
MA_RS00365,MA_0071,81987,ATG,False,0,stop_codon,81987,ATG,0.99,False,WP_231590186.1,5,93.846,81987,ATG,81987,ATG,現行アノテーションを支持
MA_RS00370,MA_0072,84404,ATG,False,0,stop_codon,84404,ATG,1.22,False,WP_048174371.1,1,98.237,84404,ATG,84404,ATG,現行アノテーションを支持
MA_RS00375,,84743,ATG,False,0,stop_codon,84743,ATG,0.8,False,WP_048174372.1,1,96.386,84743,ATG,84743,ATG,現行アノテーションを支持
MA_RS00380,MA_0074,85487,ATC,True,2,stop_codon,85394,TTG,1.46,False,WP_331456174.1,2,97.368,85394,TTG,85394,TTG,中確信度: 上流への延長の可能性(片方の証拠のみ)
MA_RS00385,MA_0075,87507,ATG,False,0,stop_codon,87507,ATG,0.85,False,WP_048174373.1,1,97.541,87507,ATG,87507,ATG,現行アノテーションを支持
MA_RS00390,MA_0076,88183,ATG,False,2,stop_codon,88156,TTG,2.98,False,WP_048174374.1,10,95.28,88156,TTG,88156,TTG,中確信度: 上流への延長の可能性(片方の証拠のみ)
MA_RS00395,,89462,ATG,False,1,stop_codon,89462,ATG,2.49,False,WP_048064803.1,5,100.0,89450,GTG,89450,GTG,中確信度: 上流への延長の可能性(片方の証拠のみ)
MA_RS00400,MA_0077,89654,TTG,False,0,neighbor_gene,89654,TTG,0.85,False,WP_197080313.1,1,84.337,89654,TTG,89654,TTG,現行アノテーションを支持
MA_RS00405,MA_0078,90829,ATG,False,0,stop_codon,90829,ATG,1.6,False,WP_048174375.1,1,93.147,90829,ATG,90829,ATG,現行アノテーションを支持
MA_RS24315,MA_0079,92000,ATG,False,3,stop_codon,92000,ATG,1.04,False,WP_052721748.1,29,80.416,91916,TTG,91916,TTG,中確信度: 上流への延長の可能性(片方の証拠のみ)
MA_RS00415,MA_0080,94605,ATG,False,0,stop_codon,94605,ATG,6.05,True,WP_048174376.1,1,94.767,94605,ATG,94605,ATG,現行アノテーションを支持
MA_RS00420,MA_0081,97563,ATG,False,1,stop_codon,97554,GTG,1.44,False,WP_052721749.1,4,93.956,97554,GTG,97554,GTG,中確信度: 上流への延長の可能性(片方の証拠のみ)
MA_RS00425,MA_0083,100217,ATG,False,0,stop_codon,100217,ATG,1.09,False,WP_048174378.1,1,91.897,100217,ATG,100217,ATG,現行アノテーションを支持
MA_RS00430,MA_0084,104516,ATG,False,1,stop_codon,104516,ATG,1.52,False,WP_048142815.1,19,78.474,104570,TTG,104570,TTG,中確信度: 上流への延長の可能性(片方の証拠のみ)
MA_RS00435,MA_0085,105273,TTG,False,2,stop_codon,105132,GTG,1.59,False,WP_048142813.1,48,94.892,105132,GTG,105132,GTG,中確信度: 上流への延長の可能性(片方の証拠のみ)
MA_RS00440,MA_0086,108391,ATG,False,0,stop_codon,108391,ATG,2.09,False,WP_048174381.1,1,98.381,108391,ATG,108391,ATG,現行アノテーションを支持
MA_RS00445,MA_0087,109126,GTG,False,1,stop_codon,109117,TTG,1.73,False,WP_329957003.1,1,87.726,109117,TTG,109117,TTG,中確信度: 上流への延長の可能性(片方の証拠のみ)
MA_RS00450,MA_0088,110763,GTG,False,1,stop_codon,110727,TTG,1.44,False,WP_230633313.1,13,71.967,110727,TTG,110727,TTG,中確信度: 上流への延長の可能性(片方の証拠のみ)
MA_RS00455,MA_0089,112200,ATG,False,1,stop_codon,112200,ATG,1.04,False,WP_048169040.1,1,86.222,112209,ATG,112209,ATG,中確信度: 上流への延長の可能性(片方の証拠のみ)
MA_RS00460,MA_0090,113850,ATG,False,0,stop_codon,113850,ATG,1.96,False,WP_048169042.1,1,96.66,113850,ATG,113850,ATG,現行アノテーションを支持
MA_RS00465,MA_0091,114846,ATG,False,0,stop_codon,114846,ATG,2.69,False,WP_048169044.1,1,94.286,114846,ATG,114846,ATG,現行アノテーションを支持
MA_RS00470,MA_0092,115917,ATG,False,2,stop_codon,115938,TTG,18.15,True,WP_048064806.1,8,100.0,115938,TTG,115938,TTG,高確信度: 上流への延長を提案(RNA-seq・BLAST一致)
MA_RS00475,MA_0093,116164,ATG,False,1,stop_codon,116131,GTG,15.79,True,WP_048169048.1,12,85.398,116131,GTG,116131,GTG,高確信度: 上流への延長を提案(RNA-seq・BLAST一致)
MA_RS26365,,117672,ATG,False,0,stop_codon,117672,ATG,1.35,False,WP_048169051.1,1,50.943,117672,ATG,117672,ATG,現行アノテーションを支持
MA_RS00485,,117748,ATG,False,1,stop_codon,117730,TTG,6033.37,True,WP_048169053.1,7,95.0,117730,TTG,117730,TTG,高確信度: 上流への延長を提案(RNA-seq・BLAST一致)
MA_RS00490,MA_0095,119704,ATG,False,0,stop_codon,119704,ATG,1.54,False,WP_082088898.1,1,99.299,119704,ATG,119704,ATG,現行アノテーションを支持
MA_RS00495,MA_0096,122275,ATG,False,1,stop_codon,122311,ATG,2.16,False,WP_052721750.1,13,92.448,122311,ATG,122311,ATG,中確信度: 上流への延長の可能性(片方の証拠のみ)
MA_RS00500,MA_0097,124302,ATG,False,0,stop_codon,124302,ATG,1.61,False,WP_048169062.1,1,93.475,124302,ATG,124302,ATG,現行アノテーションを支持
MA_RS00505,MA_0098,124580,GTG,False,0,stop_codon,124580,GTG,4.19,True,WP_048156580.1,1,93.314,124580,GTG,124580,GTG,現行アノテーションを支持
MA_RS00510,,125616,ATG,False,0,neighbor_gene,125616,ATG,0.82,False,WP_048046507.1,3,42.222,125616,ATG,125616,ATG,現行アノテーションを支持
MA_RS00515,MA_0099,125996,ATG,False,0,stop_codon,125996,ATG,1.06,False,WP_048122500.1,1,80.583,125996,ATG,125996,ATG,現行アノテーションを支持
MA_RS00525,MA_0100,126603,ATG,False,0,stop_codon,126603,ATG,18.83,True,WP_048174392.1,17,96.667,126603,ATG,126603,ATG,現行アノテーションを支持
MA_RS00530,MA_0101,126920,ATG,False,0,stop_codon,126920,ATG,1.01,False,WP_239451299.1,5,53.636,126920,ATG,126920,ATG,現行アノテーションを支持
MA_RS00535,MA_0102,127336,GTG,False,2,neighbor_gene,127327,GTG,1.05,False,WP_261788927.1,19,69.512,127318,TTG,127318,TTG,中確信度: 上流への延長の可能性(片方の証拠のみ)
MA_RS00540,,128111,ATG,False,0,stop_codon,128111,ATG,0.63,False,WP_048178912.1,1,95.0,128111,ATG,128111,ATG,現行アノテーションを支持
MA_RS00545,MA_0103,129463,ATG,False,3,stop_codon,129463,ATG,1.17,False,WP_052721459.1,29,96.429,129547,TTG,129547,TTG,中確信度: 上流への延長の可能性(片方の証拠のみ)
MA_RS00550,MA_0104,129857,ATG,False,0,stop_codon,129857,ATG,38.96,True,WP_048142785.1,1,95.88,129857,ATG,129857,ATG,現行アノテーションを支持
MA_RS28020,,131086,ATG,False,0,stop_codon,131086,ATG,2.07,False,WP_187151838.1,1,92.453,131086,ATG,131086,ATG,現行アノテーションを支持
MA_RS00555,MA_0105,132203,ATG,False,0,stop_codon,132203,ATG,1.48,False,WP_048169074.1,1,93.713,132203,ATG,132203,ATG,現行アノテーションを支持
MA_RS00560,MA_0106,132513,ATG,False,2,stop_codon,132513,ATG,6.03,True,WP_048169077.1,20,96.355,132456,TTG,132456,TTG,中確信度: 上流への延長の可能性(片方の証拠のみ)
MA_RS00565,MA_0107,134850,ATG,False,0,stop_codon,134850,ATG,6.19,True,WP_048169078.1,1,94.902,134850,ATG,134850,ATG,現行アノテーションを支持
MA_RS00570,MA_0108,135133,ATG,False,1,stop_codon,135106,ATG,1.55,False,WP_048169080.1,10,91.558,135106,ATG,135106,ATG,中確信度: 上流への延長の可能性(片方の証拠のみ)
MA_RS00575,MA_0109,136748,ATG,False,0,neighbor_gene,136748,ATG,0.98,False,WP_048169083.1,1,96.697,136748,ATG,136748,ATG,現行アノテーションを支持
MA_RS00580,MA_0110,137493,ATG,False,0,stop_codon,137493,ATG,2.11,False,WP_048142775.1,1,97.959,137493,ATG,137493,ATG,現行アノテーションを支持
MA_RS00585,MA_0112,138120,ATG,False,2,stop_codon,138120,ATG,1.0,False,WP_048037443.1,8,96.154,138141,ATG,138141,ATG,中確信度: 上流への延長の可能性(片方の証拠のみ)
MA_RS00590,MA_0113,138514,ATG,False,0,stop_codon,138514,ATG,1.28,False,WP_048169089.1,1,94.203,138514,ATG,138514,ATG,現行アノテーションを支持
MA_RS00595,MA_0114,139482,ATG,False,0,stop_codon,139482,ATG,1.3,False,WP_048169091.1,1,95.156,139482,ATG,139482,ATG,現行アノテーションを支持
MA_RS00600,MA_0115,140357,ATG,False,0,neighbor_gene,140357,ATG,0.91,False,WP_048169093.1,1,95.192,140357,ATG,140357,ATG,現行アノテーションを支持
MA_RS00605,MA_0116,140985,ATG,False,0,neighbor_gene,140985,ATG,1.09,False,WP_231590252.1,1,97.571,140985,ATG,140985,ATG,現行アノテーションを支持
MA_RS00610,MA_0117,142032,TTG,False,0,stop_codon,142032,TTG,1.15,False,WP_048169096.1,1,96.61,142032,TTG,142032,TTG,現行アノテーションを支持
MA_RS00615,MA_0118,143543,ATG,False,1,stop_codon,143546,TTG,1.21,False,WP_048169098.1,2,92.623,143546,TTG,143546,TTG,中確信度: 上流への延長の可能性(片方の証拠のみ)
MA_RS00620,MA_0119,144711,TTG,False,1,stop_codon,144711,TTG,1.51,False,WP_048169100.1,11,94.684,144741,ATG,144741,ATG,中確信度: 上流への延長の可能性(片方の証拠のみ)
MA_RS00630,MA_0120,146253,ATG,False,1,stop_codon,146262,ATG,0.91,False,WP_231590254.1,4,94.512,146262,ATG,146262,ATG,中確信度: 上流への延長の可能性(片方の証拠のみ)
MA_RS00635,MA_0121,147269,ATG,False,0,stop_codon,147269,ATG,5.73,True,WP_048169107.1,1,93.711,147269,ATG,147269,ATG,現行アノテーションを支持
MA_RS00640,MA_0122,147571,TTG,False,1,stop_codon,147568,TTG,1.07,False,WP_048169111.1,2,93.207,147568,TTG,147568,TTG,中確信度: 上流への延長の可能性(片方の証拠のみ)
MA_RS00645,MA_0123,148799,TTG,False,0,stop_codon,148799,TTG,1.28,False,WP_048169113.1,1,92.778,148799,TTG,148799,TTG,現行アノテーションを支持
MA_RS00650,MA_0124,150169,TTG,False,1,stop_codon,150106,GTG,9.81,True,WP_048169115.1,22,95.213,150106,GTG,150106,GTG,高確信度: 上流への延長を提案(RNA-seq・BLAST一致)
MA_RS00655,MA_0125,151346,ATG,False,1,neighbor_gene,151346,ATG,1.35,False,WP_048169116.1,15,96.257,151304,TTG,151304,TTG,中確信度: 上流への延長の可能性(片方の証拠のみ)
MA_RS00665,MA_0126,152664,ATG,False,0,stop_codon,152664,ATG,1.35,False,WP_048169118.1,1,99.0,152664,ATG,152664,ATG,現行アノテーションを支持
MA_RS00670,MA_0127,154401,ATG,False,0,stop_codon,154401,ATG,15.36,True,WP_048169121.1,1,95.879,154401,ATG,154401,ATG,現行アノテーションを支持
MA_RS00675,MA_0128,154898,ATG,False,0,stop_codon,154898,ATG,0.78,False,WP_048169123.1,1,95.455,154898,ATG,154898,ATG,現行アノテーションを支持
MA_RS00680,MA_0129,155353,ATG,False,0,stop_codon,155353,ATG,1.01,False,WP_048169125.1,1,98.387,155353,ATG,155353,ATG,現行アノテーションを支持
MA_RS00685,MA_0130,156974,GTG,False,0,neighbor_gene,156974,GTG,1.19,False,WP_048174393.1,1,97.297,156974,GTG,156974,GTG,現行アノテーションを支持
MA_RS00690,MA_0131,158415,ATG,False,0,stop_codon,158415,ATG,1.22,False,WP_048174394.1,1,97.458,158415,ATG,158415,ATG,現行アノテーションを支持
MA_RS00695,MA_0132,158892,ATG,False,1,stop_codon,158874,TTG,2.21,False,WP_048174395.1,7,94.192,158874,TTG,158874,TTG,中確信度: 上流への延長の可能性(片方の証拠のみ)
MA_RS00700,MA_0133,160448,ATG,False,0,stop_codon,160448,ATG,2.75,False,WP_048169127.1,1,99.346,160448,ATG,160448,ATG,現行アノテーションを支持
MA_RS00705,MA_0134,161625,GTG,False,0,stop_codon,161625,GTG,58.63,True,WP_048169129.1,1,94.697,161625,GTG,161625,GTG,現行アノテーションを支持
MA_RS00710,MA_0135,162129,TTG,False,0,stop_codon,162129,TTG,1.79,False,WP_048169133.1,1,94.488,162129,TTG,162129,TTG,現行アノテーションを支持
MA_RS00715,MA_0136,163458,ATG,False,0,stop_codon,163458,ATG,2.08,False,WP_048169134.1,1,96.0,163458,ATG,163458,ATG,現行アノテーションを支持
MA_RS00720,MA_0137,164277,ATG,False,0,stop_codon,164277,ATG,27.89,True,WP_048169136.1,1,97.333,164277,ATG,164277,ATG,現行アノテーションを支持
MA_RS00725,MA_0138,164671,ATG,False,0,stop_codon,164671,ATG,0.76,False,WP_048169138.1,1,97.01,164671,ATG,164671,ATG,現行アノテーションを支持
MA_RS00730,MA_0139,165573,ATG,False,0,stop_codon,165573,ATG,0.94,False,WP_048169143.1,1,96.316,165573,ATG,165573,ATG,現行アノテーションを支持
MA_RS00735,MA_0140,167353,ATG,False,1,stop_codon,167353,ATG,1.1,False,WP_048169144.1,4,95.894,167344,GTG,167344,GTG,中確信度: 上流への延長の可能性(片方の証拠のみ)
MA_RS00740,MA_0141,169217,ATG,False,0,neighbor_gene,169217,ATG,1.02,False,WP_048169146.1,1,98.718,169217,ATG,169217,ATG,現行アノテーションを支持
MA_RS00745,MA_0142,169500,TTG,False,0,stop_codon,169500,TTG,0.68,False,WP_048169148.1,1,95.506,169500,TTG,169500,TTG,現行アノテーションを支持
MA_RS00750,MA_0143,170893,ATG,False,0,stop_codon,170893,ATG,1.91,False,WP_048169150.1,1,98.504,170893,ATG,170893,ATG,現行アノテーションを支持
MA_RS00765,MA_0145,173245,ATG,False,2,stop_codon,173245,ATG,0.99,False,WP_048169156.1,34,95.872,173344,GTG,173344,GTG,中確信度: 上流への延長の可能性(片方の証拠のみ)
MA_RS00775,MA_0146,175251,ATG,False,0,stop_codon,175251,ATG,5.37,True,WP_048169167.1,1,97.64,175251,ATG,175251,ATG,現行アノテーションを支持
MA_RS00780,MA_0147,175643,ATG,False,0,stop_codon,175643,ATG,2.83,False,WP_048169169.1,1,93.5,175643,ATG,175643,ATG,現行アノテーションを支持
MA_RS00785,MA_0148,176345,ATG,False,0,stop_codon,176345,ATG,1.16,False,WP_048142706.1,1,92.704,176345,ATG,176345,ATG,現行アノテーションを支持
MA_RS00790,MA_0149,177173,ATG,False,0,stop_codon,177173,ATG,1.19,False,WP_011032831.1,1,89.862,177173,ATG,177173,ATG,現行アノテーションを支持
MA_RS00795,MA_0150,178886,ATG,False,5,stop_codon,178775,TTG,15.86,True,WP_048169173.1,50,94.074,178739,ATG,,,要確認: RNA-seqとBLASTが異なる候補を支持
MA_RS24920,,180608,ATG,False,0,stop_codon,180608,ATG,1.09,False,WP_048154717.1,1,84.444,180608,ATG,180608,ATG,現行アノテーションを支持
MA_RS26380,,180778,GTG,False,0,neighbor_gene,180778,GTG,0.95,False,WP_048154717.1,6,72.093,180778,GTG,180778,GTG,現行アノテーションを支持
MA_RS24320,,181135,ATG,False,1,stop_codon,181135,ATG,0.99,False,WP_048154717.1,1,75.385,181120,GTG,181120,GTG,中確信度: 上流への延長の可能性(片方の証拠のみ)
MA_RS00805,MA_0151,182416,ATG,False,0,stop_codon,182416,ATG,0.84,False,WP_011033104.1,1,77.126,182416,ATG,182416,ATG,現行アノテーションを支持
MA_RS00810,MA_0152,183842,ATG,False,0,stop_codon,183842,ATG,1.16,False,WP_048169175.1,1,93.436,183842,ATG,183842,ATG,現行アノテーションを支持
MA_RS00815,MA_0153,185009,TTG,False,0,neighbor_gene,185009,TTG,0.89,False,WP_048142698.1,1,88.43,185009,TTG,185009,TTG,現行アノテーションを支持
MA_RS00820,MA_0154,186063,TTG,False,0,stop_codon,186063,TTG,0.78,False,WP_048169177.1,1,95.429,186063,TTG,186063,TTG,現行アノテーションを支持
MA_RS00825,MA_0155,187631,ATG,False,0,stop_codon,187631,ATG,0.71,False,WP_048169178.1,1,90.745,187631,ATG,187631,ATG,現行アノテーションを支持
MA_RS00835,MA_0156,188921,ATG,False,0,stop_codon,188921,ATG,3.85,True,WP_048169180.1,1,99.16,188921,ATG,188921,ATG,現行アノテーションを支持
MA_RS00840,MA_0157,189056,ATG,False,0,stop_codon,189056,ATG,132.48,True,WP_048169182.1,1,98.78,189056,ATG,189056,ATG,現行アノテーションを支持
MA_RS00845,MA_0158,189736,ATG,False,1,stop_codon,189727,TTG,1.18,False,WP_048169184.1,4,97.674,189727,TTG,189727,TTG,中確信度: 上流への延長の可能性(片方の証拠のみ)
MA_RS00850,MA_0159,190535,ATG,False,0,stop_codon,190535,ATG,1.56,False,WP_048169186.1,1,98.592,190535,ATG,190535,ATG,現行アノテーションを支持
MA_RS00855,MA_0160,190783,ATG,False,0,neighbor_gene,190783,ATG,0.75,False,WP_048174397.1,1,90.798,190783,ATG,190783,ATG,現行アノテーションを支持
MA_RS00860,MA_0161,192494,ATG,False,0,neighbor_gene,192494,ATG,0.84,False,WP_048169188.1,1,94.643,192494,ATG,192494,ATG,現行アノテーションを支持
MA_RS00865,MA_0162,193001,ATG,False,0,stop_codon,193001,ATG,7.37,True,WP_011020220.1,1,100.0,193001,ATG,193001,ATG,現行アノテーションを支持
MA_RS00870,MA_0163,193154,TTG,False,0,stop_codon,193154,TTG,25.53,True,WP_231590271.1,1,95.95,193154,TTG,193154,TTG,現行アノテーションを支持
MA_RS00875,,194116,ATG,False,0,stop_codon,194116,ATG,0.81,False,WP_048169192.1,1,92.941,194116,ATG,194116,ATG,現行アノテーションを支持
MA_RS00880,MA_0164,195154,ATG,False,1,stop_codon,195154,ATG,1.02,False,WP_231590285.1,5,94.064,195166,GTG,195166,GTG,中確信度: 上流への延長の可能性(片方の証拠のみ)
MA_RS00885,MA_0165,196425,ATG,False,1,stop_codon,196425,ATG,1.25,False,WP_048169196.1,7,95.519,196443,ATG,196443,ATG,中確信度: 上流への延長の可能性(片方の証拠のみ)
MA_RS00890,,196662,TTG,False,0,stop_codon,196662,TTG,2.11,False,WP_231590307.1,1,92.857,196662,TTG,196662,TTG,現行アノテーションを支持
MA_RS00900,MA_0166,198400,ATG,False,6,stop_codon,198136,ATG,3.46,True,WP_082089102.1,31,90.445,198136,ATG,198136,ATG,高確信度: 上流への延長を提案(RNA-seq・BLAST一致)
MA_RS00905,MA_0167,200788,CTG,True,0,stop_codon,200788,CTG,1.05,False,WP_048169204.1,1,94.118,200788,CTG,200788,CTG,現行アノテーションを支持
MA_RS00910,MA_0168,201678,ATG,False,1,stop_codon,201729,TTG,1.96,False,WP_048169206.1,18,94.444,201729,TTG,201729,TTG,中確信度: 上流への延長の可能性(片方の証拠のみ)
MA_RS00915,MA_0169,203218,ATG,False,0,stop_codon,203218,ATG,5.64,True,WP_082088833.1,1,96.222,203218,ATG,203218,ATG,現行アノテーションを支持
MA_RS00920,MA_0170,203500,ATG,False,0,stop_codon,203500,ATG,2.53,False,WP_048169211.1,1,88.542,203500,ATG,203500,ATG,現行アノテーションを支持
MA_RS00930,MA_0171,206095,ATG,False,0,stop_codon,206095,ATG,1.36,False,WP_048169213.1,1,97.154,206095,ATG,206095,ATG,現行アノテーションを支持
MA_RS00935,MA_0172,207555,ATG,False,0,stop_codon,207555,ATG,1.49,False,WP_187151840.1,1,98.398,207555,ATG,207555,ATG,現行アノテーションを支持
MA_RS00940,MA_0173,207902,ATG,False,0,stop_codon,207902,ATG,2.65,False,WP_048169217.1,1,95.522,207902,ATG,207902,ATG,現行アノテーションを支持
MA_RS28275,,208308,ATG,False,0,neighbor_gene,208308,ATG,1.5,False,WP_048169219.1,1,85.294,208308,ATG,208308,ATG,現行アノテーションを支持
MA_RS00945,MA_0174,208412,ATG,False,0,stop_codon,208412,ATG,1.02,False,WP_048142660.1,1,89.423,208412,ATG,208412,ATG,現行アノテーションを支持
MA_RS00950,MA_0175,209960,ATG,False,0,stop_codon,209960,ATG,3.76,True,WP_048169221.1,1,94.802,209960,ATG,209960,ATG,現行アノテーションを支持
MA_RS00955,MA_0176,211183,ATG,False,3,stop_codon,211216,TTG,1.88,False,WP_048171883.1,21,33.577,211216,TTG,211216,TTG,中確信度: 上流への延長の可能性(片方の証拠のみ)
MA_RS00960,MA_0177,211761,ATG,False,1,stop_codon,211761,ATG,1.76,False,WP_048167233.1,4,74.51,211770,TTG,211770,TTG,中確信度: 上流への延長の可能性(片方の証拠のみ)
MA_RS00965,MA_0178,212391,ATG,False,4,stop_codon,212475,ATG,1.16,False,WP_048141569.1,25,87.958,212475,ATG,212475,ATG,中確信度: 上流への延長の可能性(片方の証拠のみ)
MA_RS00970,MA_0179,213361,ATG,False,1,stop_codon,213373,ATG,1.07,False,WP_048122829.1,5,80.0,213373,ATG,213373,ATG,中確信度: 上流への延長の可能性(片方の証拠のみ)
MA_RS00975,MA_0180,213728,ATG,False,0,stop_codon,213728,ATG,1.38,False,WP_239451038.1,1,89.103,213728,ATG,213728,ATG,現行アノテーションを支持
MA_RS00980,MA_0181,214216,ATG,False,0,stop_codon,214216,ATG,2.8,False,WP_239451039.1,19,89.086,214216,ATG,214216,ATG,現行アノテーションを支持
MA_RS00985,MA_0182,216456,ATG,False,0,stop_codon,216456,ATG,1.21,False,WP_048169224.1,1,98.02,216456,ATG,216456,ATG,現行アノテーションを支持
MA_RS00990,MA_0183,217016,ATG,False,1,stop_codon,217016,ATG,1.77,False,WP_048169226.1,21,98.266,217076,GTG,217076,GTG,中確信度: 上流への延長の可能性(片方の証拠のみ)
MA_RS00995,MA_0184,218444,ATG,False,0,stop_codon,218444,ATG,1.78,False,WP_048169228.1,1,95.174,218444,ATG,218444,ATG,現行アノテーションを支持
MA_RS01000,MA_0185,220432,TTG,False,0,stop_codon,220432,TTG,0.97,False,WP_198146745.1,1,79.796,220432,TTG,220432,TTG,現行アノテーションを支持
MA_RS01005,MA_0186,220724,GTG,False,0,stop_codon,220724,GTG,0.93,False,WP_048142649.1,1,91.44,220724,GTG,220724,GTG,現行アノテーションを支持
MA_RS01010,MA_0187,221645,ATG,False,1,stop_codon,221645,ATG,1.49,False,WP_048174399.1,4,94.972,221636,GTG,221636,GTG,中確信度: 上流への延長の可能性(片方の証拠のみ)
MA_RS24325,MA_0188,225017,GTG,False,0,stop_codon,225017,GTG,2.18,False,WP_052712639.1,1,74.651,225017,GTG,225017,GTG,現行アノテーションを支持
MA_RS01020,MA_0189,225245,ATG,False,0,stop_codon,225245,ATG,24.69,True,WP_048169231.1,1,93.646,225245,ATG,225245,ATG,現行アノテーションを支持
MA_RS01025,MA_0190,228483,ATG,False,0,neighbor_gene,228483,ATG,1.03,False,WP_048169233.1,1,94.231,228483,ATG,228483,ATG,現行アノテーションを支持
MA_RS01030,MA_0191,230487,ATG,False,0,stop_codon,230487,ATG,1.32,False,WP_048169235.1,1,92.453,230487,ATG,230487,ATG,現行アノテーションを支持
MA_RS01035,MA_0192,230904,ATG,False,0,stop_codon,230904,ATG,1.23,False,WP_048142633.1,1,96.512,230904,ATG,230904,ATG,現行アノテーションを支持
MA_RS01040,MA_0193,231647,ATG,False,0,stop_codon,231647,ATG,0.92,False,,,,,,231647,ATG,現行アノテーションを支持
MA_RS01045,MA_0194,231952,ATG,False,0,stop_codon,231952,ATG,1.14,False,WP_048169238.1,1,96.0,231952,ATG,231952,ATG,現行アノテーションを支持
MA_RS01050,MA_0195,236253,GTG,False,3,stop_codon,236253,GTG,14.89,True,WP_231590309.1,54,95.415,236421,TTG,236421,TTG,中確信度: 上流への延長の可能性(片方の証拠のみ)
MA_RS01055,,236817,ATG,False,0,stop_codon,236817,ATG,1.24,False,WP_048142626.1,1,89.0,236817,ATG,236817,ATG,現行アノテーションを支持
MA_RS01060,MA_0197,237397,ATG,False,0,stop_codon,237397,ATG,0.88,False,WP_052730956.1,1,69.912,237397,ATG,237397,ATG,現行アノテーションを支持
MA_RS01065,MA_0198,238117,ATG,False,0,stop_codon,238117,ATG,0.9,False,WP_052730956.1,1,76.19,238117,ATG,238117,ATG,現行アノテーションを支持
MA_RS01070,MA_0199,239620,ATG,False,0,stop_codon,239620,ATG,1.43,False,WP_048142164.1,1,72.654,239620,ATG,239620,ATG,現行アノテーションを支持
MA_RS01075,MA_0200,240720,ATG,False,0,stop_codon,240720,ATG,1.18,False,WP_048169240.1,1,87.129,240720,ATG,240720,ATG,現行アノテーションを支持
MA_RS01080,MA_0201,242029,ATG,False,0,stop_codon,242029,ATG,1.04,False,WP_048169241.1,1,98.133,242029,ATG,242029,ATG,現行アノテーションを支持
MA_RS01085,MA_0202,242613,ATG,False,0,stop_codon,242613,ATG,1.36,False,WP_048142623.1,1,97.531,242613,ATG,242613,ATG,現行アノテーションを支持
MA_RS01090,MA_0203,243156,ATG,False,1,stop_codon,243126,TTG,1.39,False,WP_048169245.1,11,93.354,243126,TTG,243126,TTG,中確信度: 上流への延長の可能性(片方の証拠のみ)
MA_RS01095,MA_0204,248497,ATG,False,0,stop_codon,248497,ATG,3.26,True,WP_048169247.1,1,94.382,248497,ATG,248497,ATG,現行アノテーションを支持
MA_RS01100,MA_0205,249118,GTG,False,2,stop_codon,249109,GTG,1.7,False,WP_011033438.1,5,71.786,249106,GTG,249106,GTG,中確信度: 上流への延長の可能性(片方の証拠のみ)
MA_RS28280,,249965,GTG,False,0,stop_codon,249965,GTG,1.13,False,,,,,,249965,GTG,現行アノテーションを支持
MA_RS01105,MA_0206,251315,ATG,False,1,stop_codon,251351,GTG,20.72,True,WP_048142614.1,13,97.753,251351,GTG,251351,GTG,高確信度: 上流への延長を提案(RNA-seq・BLAST一致)
MA_RS01110,MA_0207,251515,ATG,False,0,stop_codon,251515,ATG,1.92,False,WP_048169251.1,1,89.79,251515,ATG,251515,ATG,現行アノテーションを支持
MA_RS01115,MA_0208,252510,ATG,False,0,neighbor_gene,252510,ATG,4.45,True,WP_048169253.1,1,97.026,252510,ATG,252510,ATG,現行アノテーションを支持
MA_RS01120,MA_0209,254801,ATG,False,0,stop_codon,254801,ATG,1.39,False,WP_048169255.1,1,95.402,254801,ATG,254801,ATG,現行アノテーションを支持
MA_RS01125,MA_0210,255385,ATG,False,1,stop_codon,255385,ATG,1.48,False,WP_048174403.1,8,93.684,255406,TTG,255406,TTG,中確信度: 上流への延長の可能性(片方の証拠のみ)
MA_RS01130,MA_0211,256229,TTG,False,0,stop_codon,256229,TTG,0.96,False,WP_048174404.1,4,79.545,256229,TTG,256229,TTG,現行アノテーションを支持
MA_RS01135,MA_0212,257170,ATG,False,0,stop_codon,257170,ATG,1.44,False,WP_048169257.1,1,94.257,257170,ATG,257170,ATG,現行アノテーションを支持
MA_RS01140,MA_0213,258555,ATG,False,0,stop_codon,258555,ATG,0.94,False,WP_048169259.1,1,91.282,258555,ATG,258555,ATG,現行アノテーションを支持
MA_RS01145,MA_0214,259343,ATG,False,0,stop_codon,259343,ATG,0.98,False,WP_048169261.1,11,77.619,259343,ATG,259343,ATG,現行アノテーションを支持
MA_RS01160,MA_0215,260214,ATG,False,0,stop_codon,260214,ATG,1.64,False,WP_048169263.1,1,97.321,260214,ATG,260214,ATG,現行アノテーションを支持
MA_RS01165,MA_0216,262409,ATG,False,0,stop_codon,262409,ATG,1.32,False,WP_048169264.1,1,97.487,262409,ATG,262409,ATG,現行アノテーションを支持
MA_RS01170,MA_0217,262974,ATG,False,0,stop_codon,262974,ATG,1.68,False,WP_048169266.1,1,96.54,262974,ATG,262974,ATG,現行アノテーションを支持
MA_RS01175,MA_0218,263960,ATG,False,1,stop_codon,263960,ATG,1.82,False,WP_015411867.1,5,88.163,263948,ATG,263948,ATG,中確信度: 上流への延長の可能性(片方の証拠のみ)
MA_RS01180,MA_0219,264755,ATG,False,0,stop_codon,264755,ATG,2.34,False,WP_048169271.1,1,96.859,264755,ATG,264755,ATG,現行アノテーションを支持
MA_RS01185,MA_0220,266245,ATG,False,0,stop_codon,266245,ATG,1.21,False,WP_048169273.1,1,93.776,266245,ATG,266245,ATG,現行アノテーションを支持
MA_RS24330,MA_0221,267910,ATG,False,0,stop_codon,267910,ATG,2.6,False,WP_052721464.1,1,89.21,267910,ATG,267910,ATG,現行アノテーションを支持
MA_RS01195,MA_0222,269016,ATG,False,0,neighbor_gene,269016,ATG,1.48,False,WP_048169276.1,1,80.456,269016,ATG,269016,ATG,現行アノテーションを支持
MA_RS01200,MA_0223,270074,GTG,False,1,stop_codon,270086,GTG,11.29,True,WP_048169278.1,5,90.179,270086,GTG,270086,GTG,高確信度: 上流への延長を提案(RNA-seq・BLAST一致)
MA_RS01205,MA_0224,270372,ATG,False,0,stop_codon,270372,ATG,1.36,False,WP_048169280.1,1,87.662,270372,ATG,270372,ATG,現行アノテーションを支持
MA_RS24335,MA_0225,271766,TTG,False,1,stop_codon,271766,TTG,1.36,False,WP_082089444.1,16,79.076,271721,TTG,271721,TTG,中確信度: 上流への延長の可能性(片方の証拠のみ)
MA_RS01215,MA_0226,273158,ATG,False,1,neighbor_gene,273158,ATG,0.74,False,,,,,,273158,ATG,現行アノテーションを支持
MA_RS01220,MA_0227,273911,ATG,False,0,stop_codon,273911,ATG,0.94,False,WP_048172513.1,21,32.609,273911,ATG,273911,ATG,現行アノテーションを支持
MA_RS01225,MA_0228,274729,ATG,False,3,stop_codon,274729,ATG,2.28,False,WP_048174730.1,63,41.538,274744,TTG,274744,TTG,中確信度: 上流への延長の可能性(片方の証拠のみ)
MA_RS01230,MA_0229,276009,ATG,False,0,neighbor_gene,276009,ATG,1.2,False,WP_048169284.1,1,92.459,276009,ATG,276009,ATG,現行アノテーションを支持
MA_RS24925,MA_0230,276950,TTG,False,1,stop_codon,277010,ATG,2.92,False,WP_082088835.1,21,90.492,277010,ATG,277010,ATG,中確信度: 上流への延長の可能性(片方の証拠のみ)
MA_RS01240,MA_0231,277403,TTG,False,0,stop_codon,277403,TTG,0.79,False,WP_052716893.1,2,38.168,277403,TTG,277403,TTG,現行アノテーションを支持
MA_RS01245,MA_0232,278014,ATG,False,0,neighbor_gene,278014,ATG,0.94,False,WP_052716893.1,1,49.689,278014,ATG,278014,ATG,現行アノテーションを支持
MA_RS01250,MA_0233,280012,ATG,False,0,neighbor_gene,280012,ATG,0.92,False,WP_048143741.1,1,88.066,280012,ATG,280012,ATG,現行アノテーションを支持
MA_RS01255,MA_0234,281699,ATG,False,0,stop_codon,281699,ATG,4.77,True,WP_048142575.1,1,91.935,281699,ATG,281699,ATG,現行アノテーションを支持
MA_RS01260,MA_0235,282728,ATG,False,0,stop_codon,282728,ATG,1.11,False,WP_197080319.1,68,64.13,282728,ATG,282728,ATG,現行アノテーションを支持
MA_RS01265,MA_0236,284033,ATG,False,0,stop_codon,284033,ATG,0.93,False,WP_048169291.1,1,94.898,284033,ATG,284033,ATG,現行アノテーションを支持
MA_RS01270,,284376,GTG,False,0,stop_codon,284376,GTG,1.36,False,WP_156157235.1,48,92.308,284376,GTG,284376,GTG,現行アノテーションを支持
MA_RS01275,MA_0238,285247,ATG,False,0,stop_codon,285247,ATG,1.08,False,WP_080503107.1,1,91.758,285247,ATG,285247,ATG,現行アノテーションを支持
MA_RS01280,MA_0239,285776,ATG,False,0,stop_codon,285776,ATG,0.97,False,WP_048169293.1,1,84.967,285776,ATG,285776,ATG,現行アノテーションを支持
MA_RS01285,MA_0240,286701,ATG,False,0,stop_codon,286701,ATG,1.44,False,WP_048169294.1,1,91.513,286701,ATG,286701,ATG,現行アノテーションを支持
MA_RS01290,MA_0241,287013,ATG,False,0,stop_codon,287013,ATG,2.68,False,WP_048169296.1,1,97.321,287013,ATG,287013,ATG,現行アノテーションを支持
MA_RS01295,MA_0242,290446,ATG,False,0,neighbor_gene,290446,ATG,0.95,False,WP_048174410.1,1,93.048,290446,ATG,290446,ATG,現行アノテーションを支持
MA_RS01300,MA_0243,291626,ATG,False,1,stop_codon,291638,GTG,1.64,False,WP_048169298.1,5,93.207,291638,GTG,291638,GTG,中確信度: 上流への延長の可能性(片方の証拠のみ)
MA_RS01305,MA_0244,292170,GTG,False,3,stop_codon,292266,TTG,0.99,False,WP_048169299.1,33,92.361,292266,TTG,292266,TTG,中確信度: 上流への延長の可能性(片方の証拠のみ)
MA_RS01310,MA_0245,293362,ATG,False,0,stop_codon,293362,ATG,1.23,False,WP_048169301.1,1,94.264,293362,ATG,293362,ATG,現行アノテーションを支持
MA_RS01315,MA_0246,294857,ATG,False,0,stop_codon,294857,ATG,1.7,False,WP_048169303.1,1,95.735,294857,ATG,294857,ATG,現行アノテーションを支持
MA_RS01320,MA_0247,295222,ATG,False,0,stop_codon,295222,ATG,1.5,False,WP_155400463.1,83,35.028,295222,ATG,295222,ATG,現行アノテーションを支持
MA_RS01325,MA_0248,297112,ATG,False,0,stop_codon,297112,ATG,0.85,False,,,,,,297112,ATG,現行アノテーションを支持
MA_RS01330,MA_0249,299268,ATG,False,0,stop_codon,299268,ATG,1.22,False,WP_048169305.1,1,93.803,299268,ATG,299268,ATG,現行アノテーションを支持
MA_RS01335,MA_0250,302484,ATG,False,1,stop_codon,302484,ATG,2.08,False,WP_048169307.1,8,95.391,302505,TTG,302505,TTG,中確信度: 上流への延長の可能性(片方の証拠のみ)
MA_RS01340,MA_0251,304429,ATG,False,1,stop_codon,304438,GTG,98.67,True,WP_048169309.1,4,90.196,304438,GTG,304438,GTG,高確信度: 上流への延長を提案(RNA-seq・BLAST一致)
MA_RS01345,MA_0252,304839,GTG,False,0,stop_codon,304839,GTG,1.52,False,WP_197080362.1,1,90.871,304839,GTG,304839,GTG,現行アノテーションを支持
MA_RS01350,MA_0253,307301,ATG,False,0,stop_codon,307301,ATG,1.01,False,WP_231590317.1,1,92.334,307301,ATG,307301,ATG,現行アノテーションを支持
MA_RS01355,MA_0254,308860,ATG,False,1,stop_codon,308860,ATG,1.34,False,WP_048169311.1,4,95.635,308869,TTG,308869,TTG,中確信度: 上流への延長の可能性(片方の証拠のみ)
MA_RS01360,MA_0255,309318,ATG,False,0,stop_codon,309318,ATG,1.25,False,WP_048169312.1,1,93.117,309318,ATG,309318,ATG,現行アノテーションを支持
MA_RS01365,MA_0256,310333,ATG,False,0,stop_codon,310333,ATG,1.92,False,WP_048169314.1,1,88.673,310333,ATG,310333,ATG,現行アノテーションを支持
MA_RS24930,,311375,ATT,True,0,stop_codon,311375,ATT,0.87,False,,,,,,311375,ATT,現行アノテーションを支持
MA_RS01370,MA_0257,311987,ATG,False,0,stop_codon,311987,ATG,0.55,False,WP_011032375.1,1,90.84,311987,ATG,311987,ATG,現行アノテーションを支持
MA_RS01375,MA_0258,312034,ATG,False,0,stop_codon,312034,ATG,46.79,True,WP_048036549.1,1,91.081,312034,ATG,312034,ATG,現行アノテーションを支持
MA_RS29250,,313483,ATG,False,0,stop_codon,313483,ATG,0.65,False,,,,,,313483,ATG,現行アノテーションを支持
MA_RS01380,MA_0259,314696,ATG,False,0,stop_codon,314696,ATG,0.95,False,WP_048169316.1,1,93.96,314696,ATG,314696,ATG,現行アノテーションを支持
MA_RS01385,MA_0260,315578,ATG,False,2,stop_codon,315557,TTG,2.62,False,WP_052712907.1,22,69.565,315515,TTG,315515,TTG,中確信度: 上流への延長の可能性(片方の証拠のみ)
MA_RS01390,MA_0261,316983,ATG,False,0,stop_codon,316983,ATG,1.12,False,WP_048142533.1,1,88.434,316983,ATG,316983,ATG,現行アノテーションを支持
MA_RS01395,MA_0262,319666,ATG,False,3,stop_codon,319693,TTG,1.51,False,WP_048142531.1,11,83.889,319696,ATG,319696,ATG,中確信度: 上流への延長の可能性(片方の証拠のみ)
MA_RS01405,MA_0263,320466,ATG,False,0,stop_codon,320466,ATG,1.82,False,WP_048169319.1,1,93.011,320466,ATG,320466,ATG,現行アノテーションを支持
MA_RS01410,MA_0264,321289,ATG,False,0,stop_codon,321289,ATG,0.92,False,WP_048169321.1,1,98.522,321289,ATG,321289,ATG,現行アノテーションを支持
MA_RS01415,MA_0265,322186,ATG,False,0,stop_codon,322186,ATG,3.23,True,WP_048169323.1,1,95.89,322186,ATG,322186,ATG,現行アノテーションを支持
MA_RS01420,MA_0266,322988,ATG,False,0,stop_codon,322988,ATG,1.25,False,WP_048169324.1,1,95.4,322988,ATG,322988,ATG,現行アノテーションを支持
MA_RS01425,MA_0267,325715,ATG,False,0,stop_codon,325715,ATG,1.1,False,WP_048169326.1,1,95.745,325715,ATG,325715,ATG,現行アノテーションを支持
MA_RS01430,MA_0269,328029,ATG,False,0,stop_codon,328029,ATG,1.37,False,WP_048169328.1,1,96.203,328029,ATG,328029,ATG,現行アノテーションを支持
MA_RS01435,MA_0270,328263,ATG,False,1,neighbor_gene,328278,TTG,1.0,False,WP_048174413.1,6,97.26,328278,TTG,328278,TTG,中確信度: 上流への延長の可能性(片方の証拠のみ)
MA_RS01440,MA_0271,328505,ATG,False,0,stop_codon,328505,ATG,0.79,False,WP_048142511.1,1,93.243,328505,ATG,328505,ATG,現行アノテーションを支持
MA_RS01445,MA_0272,329227,ATG,False,0,neighbor_gene,329227,ATG,1.21,False,WP_048169332.1,1,96.25,329227,ATG,329227,ATG,現行アノテーションを支持
MA_RS01450,MA_0273,329555,ATG,False,0,stop_codon,329555,ATG,0.99,False,WP_048142508.1,1,95.37,329555,ATG,329555,ATG,現行アノテーションを支持
MA_RS01455,MA_0274,330355,ATG,False,0,neighbor_gene,330355,ATG,0.97,False,WP_048169336.1,14,96.063,330355,ATG,330355,ATG,現行アノテーションを支持
MA_RS01460,MA_0275,331107,ATG,False,0,stop_codon,331107,ATG,1.02,False,WP_048169338.1,1,98.381,331107,ATG,331107,ATG,現行アノテーションを支持
MA_RS01465,MA_0276,332018,ATG,False,0,stop_codon,332018,ATG,1.45,False,WP_048169340.1,1,97.697,332018,ATG,332018,ATG,現行アノテーションを支持
MA_RS01475,MA_0277,332799,GTG,False,0,stop_codon,332799,GTG,5.03,True,WP_048169342.1,1,93.657,332799,GTG,332799,GTG,現行アノテーションを支持
MA_RS01480,MA_0278,333941,ATG,False,0,stop_codon,333941,ATG,1.47,False,WP_048169344.1,1,98.919,333941,ATG,333941,ATG,現行アノテーションを支持
MA_RS01485,MA_0279,336637,ATG,False,0,stop_codon,336637,ATG,1.38,False,WP_048169346.1,1,98.122,336637,ATG,336637,ATG,現行アノテーションを支持
MA_RS01490,MA_0280,337091,ATG,False,0,stop_codon,337091,ATG,247.16,True,WP_048169348.1,1,96.875,337091,ATG,337091,ATG,現行アノテーションを支持
MA_RS01495,MA_0281,338264,ATG,False,0,stop_codon,338264,ATG,0.97,False,WP_048169350.1,1,95.956,338264,ATG,338264,ATG,現行アノテーションを支持
MA_RS01500,MA_0282,339069,ATG,False,0,stop_codon,339069,ATG,1.12,False,WP_048169352.1,1,93.678,339069,ATG,339069,ATG,現行アノテーションを支持
MA_RS01505,MA_0283,340130,GTG,False,0,stop_codon,340130,GTG,0.94,False,WP_048169354.1,1,91.045,340130,GTG,340130,GTG,現行アノテーションを支持
MA_RS01510,MA_0284,341950,ATG,False,5,stop_codon,341980,ATG,1.29,False,WP_048169356.1,11,93.768,341980,ATG,341980,ATG,中確信度: 上流への延長の可能性(片方の証拠のみ)
MA_RS01515,MA_0285,343088,ATG,False,0,stop_codon,343088,ATG,0.92,False,WP_048169359.1,1,92.913,343088,ATG,343088,ATG,現行アノテーションを支持
MA_RS01520,MA_0286,345346,ATG,False,0,stop_codon,345346,ATG,1.18,False,WP_231590320.1,1,95.618,345346,ATG,345346,ATG,現行アノテーションを支持
MA_RS01525,MA_0287,345679,ATG,False,0,stop_codon,345679,ATG,12.4,True,WP_048169363.1,1,92.969,345679,ATG,345679,ATG,現行アノテーションを支持
MA_RS01530,MA_0288,346711,ATG,False,0,stop_codon,346711,ATG,3.17,True,WP_011021898.1,1,99.533,346711,ATG,346711,ATG,現行アノテーションを支持
MA_RS01535,MA_0289,348379,ATG,False,2,stop_codon,348361,GTG,1.41,False,WP_048169365.1,7,93.119,348361,GTG,348361,GTG,中確信度: 上流への延長の可能性(片方の証拠のみ)
MA_RS01540,MA_0290,349120,ATG,False,0,stop_codon,349120,ATG,1.15,False,WP_048169367.1,1,93.458,349120,ATG,349120,ATG,現行アノテーションを支持
MA_RS01545,MA_0291,349764,TTG,False,0,stop_codon,349764,TTG,1.35,False,WP_148704700.1,8,92.135,349764,TTG,349764,TTG,現行アノテーションを支持
MA_RS01550,MA_0292,350108,ATG,False,2,stop_codon,350108,ATG,2.7,False,WP_048174414.1,3,95.05,350114,ATG,350114,ATG,中確信度: 上流への延長の可能性(片方の証拠のみ)
MA_RS01555,MA_0293,350298,ATG,False,0,stop_codon,350298,ATG,5.39,True,WP_048169370.1,1,92.941,350298,ATG,350298,ATG,現行アノテーションを支持
MA_RS01560,MA_0294,350802,ATG,False,1,stop_codon,350802,ATG,1.41,False,WP_231590517.1,3,94.406,350796,GTG,350796,GTG,中確信度: 上流への延長の可能性(片方の証拠のみ)
MA_RS01565,MA_0295,351805,TTG,False,1,stop_codon,351772,GTG,1.03,False,WP_048169373.1,1,95.595,351772,GTG,351772,GTG,中確信度: 上流への延長の可能性(片方の証拠のみ)
MA_RS01570,MA_0296,353792,GTG,False,0,stop_codon,353792,GTG,0.3,False,WP_048169375.1,17,84.127,353792,GTG,353792,GTG,現行アノテーションを支持
MA_RS01575,MA_0297,355260,ATG,False,0,stop_codon,355260,ATG,1.01,False,WP_048169380.1,1,95.652,355260,ATG,355260,ATG,現行アノテーションを支持
MA_RS01580,MA_0298,355964,GTG,False,0,stop_codon,355964,GTG,0.94,False,WP_052721467.1,1,95.745,355964,GTG,355964,GTG,現行アノテーションを支持
MA_RS01585,MA_0299,356881,TTG,False,0,stop_codon,356881,TTG,0.86,False,WP_048169382.1,1,95.208,356881,TTG,356881,TTG,現行アノテーションを支持
MA_RS01590,MA_0300,357780,ATG,False,0,neighbor_gene,357780,ATG,0.95,False,WP_231590327.1,16,96.842,357780,ATG,357780,ATG,現行アノテーションを支持
MA_RS01595,MA_0301,358726,ATG,False,0,stop_codon,358726,ATG,0.85,False,WP_048120231.1,1,89.457,358726,ATG,358726,ATG,現行アノテーションを支持
MA_RS01600,MA_0302,360492,ATG,False,0,neighbor_gene,360492,ATG,0.83,False,WP_048174416.1,1,94.689,360492,ATG,360492,ATG,現行アノテーションを支持
MA_RS01605,MA_0303,361289,ATG,False,1,stop_codon,361289,ATG,10.42,True,WP_048169388.1,2,90.588,361292,TTG,361292,TTG,中確信度: 上流への延長の可能性(片方の証拠のみ)
MA_RS26400,,361842,TTG,False,0,stop_codon,361842,TTG,1.04,False,WP_158024051.1,5,54.762,361842,TTG,361842,TTG,現行アノテーションを支持
MA_RS01620,MA_0304,362830,ATG,False,4,stop_codon,362830,ATG,1.05,False,WP_231590329.1,34,94.18,362731,TTG,362731,TTG,中確信度: 上流への延長の可能性(片方の証拠のみ)
MA_RS01625,MA_0305,363418,ATG,False,0,stop_codon,363418,ATG,0.88,False,WP_048169394.1,1,95.376,363418,ATG,363418,ATG,現行アノテーションを支持
MA_RS01630,MA_0306,364459,ATG,False,0,neighbor_gene,364459,ATG,0.98,False,WP_011033512.1,1,94.349,364459,ATG,364459,ATG,現行アノテーションを支持
MA_RS01635,MA_0307,366218,ATG,False,0,neighbor_gene,366218,ATG,0.64,False,WP_048175075.1,1,98.264,366218,ATG,366218,ATG,現行アノテーションを支持
MA_RS01640,MA_0308,367095,ATG,False,1,neighbor_gene,367095,ATG,1.01,False,WP_048174417.1,4,95.349,367086,GTG,367086,GTG,中確信度: 上流への延長の可能性(片方の証拠のみ)
MA_RS01645,MA_0309,367487,ATG,False,0,neighbor_gene,367487,ATG,0.74,False,WP_048169397.1,1,99.307,367487,ATG,367487,ATG,現行アノテーションを支持
MA_RS01650,MA_0310,369250,ATG,False,1,stop_codon,369238,GTG,1.16,False,WP_048169405.1,3,57.55,369238,GTG,369238,GTG,中確信度: 上流への延長の可能性(片方の証拠のみ)
MA_RS01655,MA_0311,370777,ATG,False,2,stop_codon,370756,TTG,2.92,False,WP_048169399.1,8,95.181,370756,TTG,370756,TTG,中確信度: 上流への延長の可能性(片方の証拠のみ)
MA_RS01660,,372411,GTG,False,0,stop_codon,372411,GTG,0.91,False,WP_148704954.1,35,80.0,372411,GTG,372411,GTG,現行アノテーションを支持
MA_RS01665,MA_0313,373571,TTG,False,0,stop_codon,373571,TTG,1.21,False,WP_048174418.1,1,87.761,373571,TTG,373571,TTG,現行アノテーションを支持
MA_RS01670,MA_0314,374464,ATT,True,5,stop_codon,374512,GTG,2.05,False,WP_048174419.1,41,96.581,374584,GTG,374584,GTG,中確信度: 上流への延長の可能性(片方の証拠のみ)
MA_RS01675,MA_0315,375115,ATG,False,0,stop_codon,375115,ATG,1.29,False,WP_048169405.1,1,88.095,375115,ATG,375115,ATG,現行アノテーションを支持
MA_RS01680,MA_0316,376216,ATG,False,0,stop_codon,376216,ATG,0.83,False,WP_048169410.1,1,93.627,376216,ATG,376216,ATG,現行アノテーションを支持
MA_RS01700,MA_0320,378649,TTG,False,0,stop_codon,378649,TTG,0.75,False,WP_048123096.1,9,90.164,378649,TTG,378649,TTG,現行アノテーションを支持
MA_RS01705,MA_0321,380020,ATG,False,0,stop_codon,380020,ATG,1.14,False,WP_187151844.1,1,91.03,380020,ATG,380020,ATG,現行アノテーションを支持
MA_RS01710,MA_0322,380837,ATG,False,2,stop_codon,380852,TTG,1.19,False,WP_048169414.1,6,93.156,380852,TTG,380852,TTG,中確信度: 上流への延長の可能性(片方の証拠のみ)
MA_RS01715,MA_0323,382022,GTG,False,0,stop_codon,382022,GTG,0.85,False,WP_048169417.1,1,95.184,382022,GTG,382022,GTG,現行アノテーションを支持
MA_RS01720,MA_0324,382879,ATG,False,0,stop_codon,382879,ATG,1.16,False,WP_197080320.1,1,97.902,382879,ATG,382879,ATG,現行アノテーションを支持
MA_RS01725,MA_0325,383682,ATG,False,0,stop_codon,383682,ATG,3.64,True,WP_048169418.1,1,93.333,383682,ATG,383682,ATG,現行アノテーションを支持
MA_RS01730,MA_0326,384498,ATG,False,0,neighbor_gene,384498,ATG,1.91,False,WP_048169420.1,1,94.836,384498,ATG,384498,ATG,現行アノテーションを支持
MA_RS01735,MA_0327,385146,ATG,False,1,stop_codon,385146,ATG,1.41,False,WP_048169422.1,9,95.288,385170,ATG,385170,ATG,中確信度: 上流への延長の可能性(片方の証拠のみ)
MA_RS01740,MA_0328,385754,ATG,False,0,stop_codon,385754,ATG,0.78,False,WP_048142426.1,1,86.842,385754,ATG,385754,ATG,現行アノテーションを支持
MA_RS01745,MA_0329,386206,TTG,False,1,stop_codon,386206,TTG,0.82,False,WP_048037476.1,2,76.768,386218,TTG,386218,TTG,中確信度: 上流への延長の可能性(片方の証拠のみ)
MA_RS01750,MA_0330,386826,ATG,False,1,stop_codon,386841,ATG,1.11,False,WP_048142424.1,6,92.486,386841,ATG,386841,ATG,中確信度: 上流への延長の可能性(片方の証拠のみ)
MA_RS01755,MA_0331,387662,ATG,False,0,stop_codon,387662,ATG,1.44,False,WP_048169426.1,1,92.857,387662,ATG,387662,ATG,現行アノテーションを支持
MA_RS01760,MA_0332,388475,ATG,False,2,stop_codon,388475,ATG,1.13,False,WP_048169427.1,7,95.135,388493,TTG,388493,TTG,中確信度: 上流への延長の可能性(片方の証拠のみ)
MA_RS01765,MA_0333,388736,ATG,False,0,stop_codon,388736,ATG,4.95,True,WP_048169429.1,1,97.619,388736,ATG,388736,ATG,現行アノテーションを支持
MA_RS01770,MA_0334,390565,GTG,False,0,stop_codon,390565,GTG,1.6,False,WP_048169431.1,1,94.421,390565,GTG,390565,GTG,現行アノテーションを支持
MA_RS01775,MA_0335,391064,ATG,False,1,stop_codon,391031,TTG,1.13,False,WP_048169433.1,12,92.668,391031,TTG,391031,TTG,中確信度: 上流への延長の可能性(片方の証拠のみ)
MA_RS01780,MA_0336,396260,ATT,True,0,stop_codon,396260,ATT,0.98,False,WP_082089518.1,16,67.136,396260,ATT,396260,ATT,現行アノテーションを支持
MA_RS01785,MA_0337,397092,ATG,False,0,stop_codon,397092,ATG,1.75,False,WP_048169437.1,1,93.836,397092,ATG,397092,ATG,現行アノテーションを支持
MA_RS01790,MA_0338,397635,ATG,False,1,stop_codon,397635,ATG,0.91,False,WP_048169439.1,4,81.579,397626,TTG,397626,TTG,中確信度: 上流への延長の可能性(片方の証拠のみ)
MA_RS01795,MA_0339,398698,ATG,False,2,stop_codon,398698,ATG,1.4,False,WP_048174423.1,7,95.312,398680,ATG,398680,ATG,中確信度: 上流への延長の可能性(片方の証拠のみ)
MA_RS01800,MA_0340,399660,TTG,False,0,stop_codon,399660,TTG,0.96,False,WP_048169441.1,1,94.048,399660,TTG,399660,TTG,現行アノテーションを支持
MA_RS01805,MA_0341,400671,ATG,False,0,neighbor_gene,400671,ATG,1.06,False,WP_048142406.1,1,93.392,400671,ATG,400671,ATG,現行アノテーションを支持
MA_RS01810,MA_0342,401951,ATG,False,0,stop_codon,401951,ATG,3.28,True,WP_048169446.1,1,97.076,401951,ATG,401951,ATG,現行アノテーションを支持
MA_RS01815,MA_0343,402530,ATG,False,0,stop_codon,402530,ATG,47.39,True,WP_048169448.1,1,96.943,402530,ATG,402530,ATG,現行アノテーションを支持
MA_RS01820,MA_0344,403216,ATG,False,0,stop_codon,403216,ATG,1.33,False,WP_048142400.1,1,96.651,403216,ATG,403216,ATG,現行アノテーションを支持
MA_RS01825,MA_0345,403871,ATG,False,0,neighbor_gene,403871,ATG,1.13,False,WP_048169452.1,1,92.537,403871,ATG,403871,ATG,現行アノテーションを支持
MA_RS01830,MA_0346,404536,ATG,False,0,stop_codon,404536,ATG,1.09,False,WP_048169468.1,406,44.568,404536,ATG,404536,ATG,現行アノテーションを支持
MA_RS01840,MA_0348,410767,ATG,False,0,stop_codon,410767,ATG,1.03,False,WP_048169468.1,473,42.523,410767,ATG,410767,ATG,現行アノテーションを支持
MA_RS29255,,416955,ATG,False,0,stop_codon,416955,ATG,1.37,False,WP_155396475.1,1,92.857,416955,ATG,416955,ATG,現行アノテーションを支持
MA_RS01850,MA_0351,419550,GTG,False,0,neighbor_gene,419550,GTG,1.48,False,WP_082089262.1,1,91.118,419550,GTG,419550,GTG,現行アノテーションを支持
MA_RS01855,MA_0352,421036,ATG,False,2,stop_codon,421036,ATG,1.3,False,WP_052730952.1,4,53.282,421159,GTG,421159,GTG,中確信度: 上流への延長の可能性(片方の証拠のみ)
MA_RS28285,MA_0353,422128,TTG,False,0,stop_codon,422128,TTG,1.19,False,WP_048169490.1,3,74.59,422128,TTG,422128,TTG,現行アノテーションを支持
MA_RS28290,MA_0354,422331,ATG,False,0,stop_codon,422331,ATG,0.99,False,WP_048142374.1,1,84.211,422331,ATG,422331,ATG,現行アノテーションを支持
MA_RS01870,MA_0356,423671,GTG,False,1,stop_codon,423671,GTG,0.74,False,WP_048170155.1,1,39.827,423695,ATG,423695,ATG,中確信度: 上流への延長の可能性(片方の証拠のみ)
MA_RS01875,MA_0357,424020,ATG,False,3,stop_codon,424020,ATG,0.83,False,WP_048120431.1,24,66.667,424089,ATG,424089,ATG,中確信度: 上流への延長の可能性(片方の証拠のみ)
MA_RS29260,,424244,GTG,False,1,stop_codon,424250,ATG,1.07,False,WP_048172251.1,1,64.516,424250,ATG,424250,ATG,中確信度: 上流への延長の可能性(片方の証拠のみ)
MA_RS01880,,424459,GTG,False,0,stop_codon,424459,GTG,1.1,False,WP_080503078.1,1,59.184,424459,GTG,424459,GTG,現行アノテーションを支持
MA_RS01885,MA_0359,425420,ATG,False,0,stop_codon,425420,ATG,1.25,False,WP_048119140.1,1,64.865,425420,ATG,425420,ATG,現行アノテーションを支持
MA_RS01895,MA_0360,427939,ATG,False,0,stop_codon,427939,ATG,0.75,False,WP_197078808.1,1,77.66,427939,ATG,427939,ATG,現行アノテーションを支持
MA_RS29685,,428134,ATC,True,0,stop_codon,428134,ATC,0.71,False,,,,,,428134,ATC,現行アノテーションを支持
MA_RS01900,MA_0361,428664,ATG,False,0,stop_codon,428664,ATG,0.97,False,,,,,,428664,ATG,現行アノテーションを支持
MA_RS01905,MA_0362,430029,ATG,False,2,stop_codon,430029,ATG,1.98,False,WP_048171326.1,164,25.214,430101,ATG,430101,ATG,中確信度: 上流への延長の可能性(片方の証拠のみ)
MA_RS01910,MA_0363,430861,ATG,False,0,stop_codon,430861,ATG,0.64,False,,,,,,430861,ATG,現行アノテーションを支持
MA_RS01915,MA_0364,431496,ATG,False,0,stop_codon,431496,ATG,1.33,False,WP_048137817.1,11,24.272,431496,ATG,431496,ATG,現行アノテーションを支持
MA_RS01920,MA_0365,432943,ATG,False,1,neighbor_gene,432943,ATG,0.76,False,WP_231590336.1,5,90.769,432955,TTG,432955,TTG,中確信度: 上流への延長の可能性(片方の証拠のみ)
MA_RS01925,MA_0366,433868,ATG,False,0,stop_codon,433868,ATG,0.99,False,WP_048169492.1,1,95.0,433868,ATG,433868,ATG,現行アノテーションを支持
MA_RS01930,MA_0367,434928,ATG,False,0,stop_codon,434928,ATG,1.33,False,WP_052721474.1,1,76.338,434928,ATG,434928,ATG,現行アノテーションを支持
MA_RS01935,MA_0368,435737,ATG,False,0,stop_codon,435737,ATG,1.67,False,WP_048169490.1,1,93.229,435737,ATG,435737,ATG,現行アノテーションを支持
MA_RS01940,MA_0369,436552,ATG,False,2,stop_codon,436552,ATG,0.82,False,WP_239451406.1,4,91.71,436561,TTG,436561,TTG,中確信度: 上流への延長の可能性(片方の証拠のみ)
MA_RS01945,MA_0370,438486,TTG,False,0,stop_codon,438486,TTG,3.74,True,WP_052721473.1,1,98.992,438486,TTG,438486,TTG,現行アノテーションを支持
MA_RS01950,MA_0372,438790,ATG,False,0,stop_codon,438790,ATG,1.74,False,WP_048169487.1,1,96.567,438790,ATG,438790,ATG,現行アノテーションを支持
MA_RS01955,MA_0373,439678,TTG,False,0,stop_codon,439678,TTG,0.82,False,WP_048169485.1,1,92.857,439678,TTG,439678,TTG,現行アノテーションを支持
MA_RS01960,MA_0374,440932,ATG,False,0,stop_codon,440932,ATG,1.36,False,WP_048169483.1,1,98.652,440932,ATG,440932,ATG,現行アノテーションを支持
MA_RS01965,MA_0375,442147,ATG,False,0,stop_codon,442147,ATG,1.14,False,WP_082088842.1,1,97.849,442147,ATG,442147,ATG,現行アノテーションを支持
MA_RS01970,MA_0376,442416,ATG,False,0,stop_codon,442416,ATG,0.75,False,WP_048169479.1,1,95.402,442416,ATG,442416,ATG,現行アノテーションを支持
MA_RS01975,MA_0377,442881,ATG,False,2,stop_codon,442818,ATG,2.04,False,WP_394296906.1,22,94.515,442818,ATG,442818,ATG,中確信度: 上流への延長の可能性(片方の証拠のみ)
MA_RS01980,MA_0378,444149,ATG,False,0,stop_codon,444149,ATG,0.92,False,WP_048046820.1,1,85.714,444149,ATG,444149,ATG,現行アノテーションを支持
MA_RS01985,MA_0379,445136,ATG,False,0,stop_codon,445136,ATG,2.12,False,WP_048169477.1,1,94.137,445136,ATG,445136,ATG,現行アノテーションを支持
MA_RS01990,MA_0380,446003,ATG,False,0,stop_codon,446003,ATG,13.2,True,WP_048169475.1,1,91.985,446003,ATG,446003,ATG,現行アノテーションを支持
MA_RS02000,MA_0381,447488,CTG,True,0,stop_codon,447488,CTG,1.29,False,WP_082088841.1,1,95.266,447488,CTG,447488,CTG,現行アノテーションを支持
MA_RS02005,MA_0382,447990,ATG,False,1,stop_codon,447990,ATG,1.06,False,WP_048169472.1,5,96.528,447978,TTG,447978,TTG,中確信度: 上流への延長の可能性(片方の証拠のみ)
MA_RS02010,MA_0383,453072,GTG,False,4,stop_codon,453201,ATG,1.42,False,WP_231590334.1,61,97.029,453309,ATG,453309,ATG,中確信度: 上流への延長の可能性(片方の証拠のみ)
MA_RS02015,MA_0384,457996,ATG,False,0,stop_codon,457996,ATG,0.37,False,WP_048169468.1,1,96.44,457996,ATG,457996,ATG,現行アノテーションを支持
MA_RS02025,MA_0385,464422,ATG,False,4,stop_codon,464494,ATG,1.27,False,WP_231590332.1,25,95.732,464494,ATG,464494,ATG,中確信度: 上流への延長の可能性(片方の証拠のみ)
MA_RS02030,MA_0386,469318,ATG,False,2,stop_codon,469318,ATG,0.93,False,WP_048169467.1,15,96.592,469360,TTG,469360,TTG,中確信度: 上流への延長の可能性(片方の証拠のみ)
MA_RS02035,MA_0387,470503,ATG,False,0,stop_codon,470503,ATG,1.26,False,WP_048169454.1,1,93.333,470503,ATG,470503,ATG,現行アノテーションを支持
MA_RS02040,MA_0388,472120,ATG,False,0,stop_codon,472120,ATG,1.64,False,WP_011032831.1,1,89.631,472120,ATG,472120,ATG,現行アノテーションを支持
MA_RS02045,MA_0389,472290,ATG,False,0,stop_codon,472290,ATG,1.27,False,WP_011033545.1,2,65.957,472290,ATG,472290,ATG,現行アノテーションを支持
MA_RS02050,,472959,ATG,False,0,stop_codon,472959,ATG,1.61,False,WP_048169465.1,1,89.744,472959,ATG,472959,ATG,現行アノテーションを支持
MA_RS02055,,474240,ATG,False,1,stop_codon,474231,TTG,1.7,False,WP_048169461.1,4,89.516,474231,TTG,474231,TTG,中確信度: 上流への延長の可能性(片方の証拠のみ)
MA_RS02060,,474915,ATG,False,1,stop_codon,474879,TTG,3.89,True,WP_187151845.1,13,91.379,474879,TTG,474879,TTG,高確信度: 上流への延長を提案(RNA-seq・BLAST一致)
MA_RS02065,,475284,ATG,False,0,stop_codon,475284,ATG,1.88,False,WP_048169460.1,1,89.831,475284,ATG,475284,ATG,現行アノテーションを支持
MA_RS02070,MA_0393,475733,ATG,False,5,stop_codon,475733,ATG,1.06,False,WP_048174424.1,33,73.745,475637,TTG,475637,TTG,中確信度: 上流への延長の可能性(片方の証拠のみ)
MA_RS02075,MA_0394,476549,ATG,False,1,stop_codon,476540,TTG,1.23,False,WP_048169456.1,4,89.425,476540,TTG,476540,TTG,中確信度: 上流への延長の可能性(片方の証拠のみ)
MA_RS24965,,478141,GTG,False,0,stop_codon,478141,GTG,0.84,False,WP_052721470.1,1,78.378,478141,GTG,478141,GTG,現行アノテーションを支持
MA_RS26415,,478251,ATG,False,0,stop_codon,478251,ATG,0.63,False,WP_052721470.1,1,83.333,478251,ATG,478251,ATG,現行アノテーションを支持
MA_RS28135,MA_0396,478454,ATG,False,0,stop_codon,478454,ATG,0.95,False,WP_048169455.1,1,94.737,478454,ATG,478454,ATG,現行アノテーションを支持
MA_RS02090,MA_0398,481091,ATG,False,0,stop_codon,481091,ATG,0.95,False,WP_048119538.1,1,91.579,481091,ATG,481091,ATG,現行アノテーションを支持
MA_RS02100,MA_0399,482086,GTG,False,3,stop_codon,482026,ATG,3.18,True,WP_082089262.1,37,90.461,481978,ATG,,,要確認: RNA-seqとBLASTが異なる候補を支持
MA_RS02105,MA_0400,483000,GTG,False,1,stop_codon,483000,GTG,0.93,False,WP_080942096.1,13,56.679,482997,GTG,482997,GTG,中確信度: 上流への延長の可能性(片方の証拠のみ)
MA_RS02110,MA_0401,484225,ATG,False,0,stop_codon,484225,ATG,0.85,False,,,,,,484225,ATG,現行アノテーションを支持
MA_RS02115,MA_0402,484776,ATG,False,0,stop_codon,484776,ATG,1.04,False,WP_048154225.1,3,94.245,484776,ATG,484776,ATG,現行アノテーションを支持
MA_RS02120,MA_0403,485208,TTG,False,0,neighbor_gene,485208,TTG,0.79,False,WP_052721475.1,22,96.328,485208,TTG,485208,TTG,現行アノテーションを支持
MA_RS02125,MA_0404,486521,TTG,False,1,stop_codon,486506,ATG,1.54,False,WP_048169508.1,1,99.451,486506,ATG,486506,ATG,中確信度: 上流への延長の可能性(片方の証拠のみ)
MA_RS02135,MA_0406,488865,GTG,False,1,stop_codon,488865,GTG,1.04,False,WP_048169510.1,1,93.237,488862,TTG,488862,TTG,中確信度: 上流への延長の可能性(片方の証拠のみ)
MA_RS02140,MA_0407,489540,ATG,False,0,stop_codon,489540,ATG,1.06,False,WP_048120411.1,1,86.592,489540,ATG,489540,ATG,現行アノテーションを支持
MA_RS28295,,490985,ATT,True,9,max_distance,490985,ATT,1.2,False,WP_048169515.1,1,90.217,490715,GTG,490715,GTG,中確信度: 上流への延長の可能性(片方の証拠のみ)
MA_RS02150,MA_0409,491290,TTG,False,0,stop_codon,491290,TTG,0.83,False,WP_048169516.1,1,94.4,491290,TTG,491290,TTG,現行アノテーションを支持
MA_RS02155,MA_0410,492073,ATG,False,0,stop_codon,492073,ATG,1.04,False,WP_048120407.1,1,98.429,492073,ATG,492073,ATG,現行アノテーションを支持
MA_RS02165,MA_0413,493911,ATG,False,0,stop_codon,493911,ATG,1.31,False,WP_048169522.1,1,95.695,493911,ATG,493911,ATG,現行アノテーションを支持
MA_RS02170,MA_0414,495432,ATT,True,0,stop_codon,495432,ATT,1.11,False,WP_315968704.1,1,95.763,495432,ATT,495432,ATT,現行アノテーションを支持
MA_RS02175,MA_0415,496128,ATG,False,1,stop_codon,496128,ATG,1.25,False,WP_231590340.1,33,95.142,496059,GTG,496059,GTG,中確信度: 上流への延長の可能性(片方の証拠のみ)
MA_RS02180,MA_0416,497069,ATG,False,0,stop_codon,497069,ATG,1.02,False,WP_048169527.1,1,99.291,497069,ATG,497069,ATG,現行アノテーションを支持
MA_RS02185,MA_0417,497558,ATG,False,0,neighbor_gene,497558,ATG,1.42,False,WP_048169529.1,1,97.716,497558,ATG,497558,ATG,現行アノテーションを支持
MA_RS02190,MA_0418,499078,ATG,False,0,stop_codon,499078,ATG,2.23,False,WP_048169531.1,1,96.648,499078,ATG,499078,ATG,現行アノテーションを支持
MA_RS02195,MA_0419,499831,ATG,False,0,stop_codon,499831,ATG,3.07,True,WP_048120402.1,1,95.706,499831,ATG,499831,ATG,現行アノテーションを支持
MA_RS29265,,500884,ATG,False,1,stop_codon,500884,ATG,1.08,False,WP_261788985.1,1,87.179,500845,ATG,500845,ATG,中確信度: 上流への延長の可能性(片方の証拠のみ)
MA_RS29270,,501039,ATG,False,0,neighbor_gene,501039,ATG,0.96,False,WP_261788986.1,1,87.097,501039,ATG,501039,ATG,現行アノテーションを支持
MA_RS02205,MA_0421,501351,ATG,False,0,stop_codon,501351,ATG,1.92,False,WP_052727151.1,1,95.98,501351,ATG,501351,ATG,現行アノテーションを支持
MA_RS02210,MA_0422,502401,ATG,False,0,stop_codon,502401,ATG,0.94,False,WP_048169535.1,1,95.5,502401,ATG,502401,ATG,現行アノテーションを支持
MA_RS26425,MA_0423,503887,ATG,False,0,stop_codon,503887,ATG,0.89,False,,,,,,503887,ATG,現行アノテーションを支持
MA_RS02220,MA_0424,504673,ATG,False,0,stop_codon,504673,ATG,1.0,False,WP_082091094.1,1,68.056,504673,ATG,504673,ATG,現行アノテーションを支持
MA_RS02225,,505101,ATG,False,2,stop_codon,505074,ATG,1.17,False,,,,,,505101,ATG,現行アノテーションを支持
MA_RS02230,MA_0425,505885,ATG,False,5,stop_codon,505966,GTG,3.86,True,WP_048122562.1,40,63.2,505966,GTG,505966,GTG,高確信度: 上流への延長を提案(RNA-seq・BLAST一致)
MA_RS02235,MA_0426,506196,GTG,False,1,stop_codon,506196,GTG,1.21,False,WP_048120425.1,3,65.306,506187,GTG,506187,GTG,中確信度: 上流への延長の可能性(片方の証拠のみ)
MA_RS02240,MA_0427,506764,ATG,False,0,stop_codon,506764,ATG,1.32,False,WP_048169535.1,1,78.446,506764,ATG,506764,ATG,現行アノテーションを支持
MA_RS02245,MA_0428,508310,ATG,False,0,stop_codon,508310,ATG,1.4,False,WP_048169538.1,1,94.961,508310,ATG,508310,ATG,現行アノテーションを支持
MA_RS02250,MA_0429,509181,ATG,False,0,stop_codon,509181,ATG,1.05,False,WP_048169539.1,1,95.707,509181,ATG,509181,ATG,現行アノテーションを支持
MA_RS02255,MA_0430,511654,ATG,False,0,stop_codon,511654,ATG,1.56,False,WP_048169543.1,1,97.661,511654,ATG,511654,ATG,現行アノテーションを支持
MA_RS02260,MA_0431,511936,ATG,False,0,stop_codon,511936,ATG,1.33,False,WP_048169545.1,1,96.667,511936,ATG,511936,ATG,現行アノテーションを支持
MA_RS02265,MA_0432,512491,ATG,False,0,stop_codon,512491,ATG,2.02,False,WP_048169547.1,1,95.098,512491,ATG,512491,ATG,現行アノテーションを支持
MA_RS02270,MA_0433,513692,ATG,False,0,stop_codon,513692,ATG,1.18,False,WP_048174432.1,1,91.243,513692,ATG,513692,ATG,現行アノテーションを支持
MA_RS02275,MA_0434,514231,ATG,False,0,stop_codon,514231,ATG,1.43,False,WP_048169549.1,1,91.089,514231,ATG,514231,ATG,現行アノテーションを支持
MA_RS28300,MA_0435,515988,ATG,False,0,stop_codon,515988,ATG,4.91,True,WP_239451078.1,2,89.286,515988,ATG,515988,ATG,現行アノテーションを支持
MA_RS02285,MA_0436,516253,ATG,False,3,stop_codon,516199,ATG,8.91,True,WP_048169551.1,21,95.468,516193,GTG,,,要確認: RNA-seqとBLASTが異なる候補を支持
MA_RS02290,MA_0437,517343,GTG,False,0,stop_codon,517343,GTG,1.05,False,WP_048172434.1,1,94.834,517343,GTG,517343,GTG,現行アノテーションを支持
MA_RS02300,MA_0439,520196,ATG,False,0,stop_codon,520196,ATG,1.53,False,WP_048169555.1,1,98.876,520196,ATG,520196,ATG,現行アノテーションを支持
MA_RS02305,MA_0440,520823,ATG,False,1,stop_codon,520931,TTG,2.98,False,WP_048169556.1,37,95.322,520931,TTG,520931,TTG,中確信度: 上流への延長の可能性(片方の証拠のみ)
MA_RS02310,MA_0441,521099,ATG,False,0,stop_codon,521099,ATG,1.28,False,WP_048169558.1,1,90.159,521099,ATG,521099,ATG,現行アノテーションを支持
MA_RS02315,,523614,TTG,False,0,stop_codon,523614,TTG,1.31,False,,,,,,523614,TTG,現行アノテーションを支持
MA_RS02320,MA_0443,523963,TTG,False,0,stop_codon,523963,TTG,0.67,False,WP_048169561.1,1,88.235,523963,TTG,523963,TTG,現行アノテーションを支持
MA_RS02325,MA_0444,524887,ATT,True,0,stop_codon,524887,ATT,2.19,False,WP_269430140.1,1,96.517,524887,ATT,524887,ATT,現行アノテーションを支持
MA_RS02330,MA_0445,525616,ATG,False,1,stop_codon,525613,TTG,8.4,True,WP_048169563.1,1,93.989,525613,TTG,525613,TTG,高確信度: 上流への延長を提案(RNA-seq・BLAST一致)
MA_RS24975,MA_0446,526435,ATG,False,0,neighbor_gene,526435,ATG,0.88,False,WP_275425597.1,3,63.158,526435,ATG,526435,ATG,現行アノテーションを支持
MA_RS26430,,526626,ATG,False,0,stop_codon,526626,ATG,5.38,True,WP_275425597.1,1,60.976,526626,ATG,526626,ATG,現行アノテーションを支持
MA_RS02340,MA_0447,526764,ATG,False,0,stop_codon,526764,ATG,1.49,False,WP_048169567.1,1,96.526,526764,ATG,526764,ATG,現行アノテーションを支持
MA_RS02345,MA_0448,528495,ATG,False,1,stop_codon,528495,ATG,2.22,False,WP_048142331.1,6,76.51,528510,GTG,528510,GTG,中確信度: 上流への延長の可能性(片方の証拠のみ)
MA_RS02350,MA_0449,528705,CTG,True,2,stop_codon,528705,CTG,1.52,False,WP_048143697.1,11,87.857,528675,TTG,528675,TTG,中確信度: 上流への延長の可能性(片方の証拠のみ)
MA_RS24980,MA_0450,529351,ATG,False,0,stop_codon,529351,ATG,1.11,False,WP_015411972.1,4,73.77,529351,ATG,529351,ATG,現行アノテーションを支持
MA_RS02360,MA_0451,529870,ATG,False,0,stop_codon,529870,ATG,4.72,True,WP_048169573.1,1,96.33,529870,ATG,529870,ATG,現行アノテーションを支持
MA_RS02365,MA_0452,531747,ATG,False,0,neighbor_gene,531747,ATG,1.01,False,WP_048142326.1,1,91.293,531747,ATG,531747,ATG,現行アノテーションを支持
MA_RS02370,MA_0453,532971,ATG,False,3,stop_codon,532971,ATG,0.89,False,WP_048169582.1,38,92.268,533082,TTG,533082,TTG,中確信度: 上流への延長の可能性(片方の証拠のみ)
MA_RS02375,MA_0454,533783,ATG,False,2,stop_codon,533768,ATG,2.52,False,WP_082088845.1,6,93.675,533768,ATG,533768,ATG,中確信度: 上流への延長の可能性(片方の証拠のみ)
MA_RS02380,MA_0455,536229,ATG,False,0,stop_codon,536229,ATG,1.3,False,WP_048169584.1,1,97.397,536229,ATG,536229,ATG,現行アノテーションを支持
MA_RS02385,MA_0456,537016,ATG,False,0,stop_codon,537016,ATG,0.95,False,WP_048142319.1,1,94.574,537016,ATG,537016,ATG,現行アノテーションを支持
MA_RS02395,MA_0458,537533,TTG,False,1,stop_codon,537533,TTG,1.16,False,,,,,,537533,TTG,現行アノテーションを支持
MA_RS02400,MA_0459,537926,ATG,False,0,stop_codon,537926,ATG,1.15,False,WP_048169588.1,1,93.31,537926,ATG,537926,ATG,現行アノテーションを支持
MA_RS02405,MA_0460,539017,ATG,False,0,stop_codon,539017,ATG,1.71,False,WP_048169591.1,1,93.916,539017,ATG,539017,ATG,現行アノテーションを支持
MA_RS02410,MA_0461,541817,ATG,False,0,stop_codon,541817,ATG,9.21,True,WP_011033598.1,1,54.147,541817,ATG,541817,ATG,現行アノテーションを支持
MA_RS02415,MA_0462,541988,ATG,False,0,stop_codon,541988,ATG,1.19,False,WP_052721477.1,1,91.139,541988,ATG,541988,ATG,現行アノテーションを支持
MA_RS02420,MA_0463,542799,ATG,False,0,stop_codon,542799,ATG,1.23,False,WP_048169593.1,1,96.61,542799,ATG,542799,ATG,現行アノテーションを支持
MA_RS02425,MA_0464,544933,ATG,False,0,stop_codon,544933,ATG,8.22,True,WP_048142302.1,1,74.771,544933,ATG,544933,ATG,現行アノテーションを支持
MA_RS02430,MA_0465,546491,ATG,False,0,stop_codon,546491,ATG,8.2,True,WP_048142301.1,1,87.976,546491,ATG,546491,ATG,現行アノテーションを支持
MA_RS28305,,546882,ATG,False,0,stop_codon,546882,ATG,0.74,False,WP_048142299.1,2,82.927,546882,ATG,546882,ATG,現行アノテーションを支持
MA_RS28310,,546993,TTG,False,0,stop_codon,546993,TTG,0.93,False,,,,,,546993,TTG,現行アノテーションを支持
MA_RS28315,,547604,ATG,False,1,stop_codon,547604,ATG,1.52,False,WP_048142297.1,5,89.583,547592,ATG,547592,ATG,中確信度: 上流への延長の可能性(片方の証拠のみ)
MA_RS02440,MA_0467,547815,ATG,False,0,neighbor_gene,547815,ATG,1.06,False,WP_048142297.1,1,73.252,547815,ATG,547815,ATG,現行アノテーションを支持
MA_RS02445,MA_0468,549450,ATG,False,0,stop_codon,549450,ATG,2.15,False,,,,,,549450,ATG,現行アノテーションを支持
MA_RS02450,,549896,ATG,False,0,stop_codon,549896,ATG,1.11,False,,,,,,549896,ATG,現行アノテーションを支持
MA_RS02455,MA_0469,550418,ATG,False,0,stop_codon,550418,ATG,1.28,False,WP_048169595.1,1,90.444,550418,ATG,550418,ATG,現行アノテーションを支持
MA_RS02465,MA_0471,552436,ATG,False,0,stop_codon,552436,ATG,2.28,False,,,,,,552436,ATG,現行アノテーションを支持
MA_RS02470,MA_0472,554347,ATG,False,2,stop_codon,554347,ATG,3.75,True,WP_015411731.1,20,94.332,554404,TTG,554404,TTG,中確信度: 上流への延長の可能性(片方の証拠のみ)
MA_RS02475,MA_0473,554458,ATG,False,1,stop_codon,554458,ATG,0.85,False,WP_148704756.1,12,95.522,554425,TTG,554425,TTG,中確信度: 上流への延長の可能性(片方の証拠のみ)
MA_RS02480,MA_0474,554618,ATG,False,0,stop_codon,554618,ATG,1.27,False,WP_148704756.1,13,96.786,554618,ATG,554618,ATG,現行アノテーションを支持
MA_RS02485,MA_0475,555563,ATG,False,0,stop_codon,555563,ATG,1.05,False,WP_048169597.1,1,86.765,555563,ATG,555563,ATG,現行アノテーションを支持
MA_RS02490,MA_0476,556226,ATG,False,0,stop_codon,556226,ATG,0.98,False,WP_052721478.1,1,87.755,556226,ATG,556226,ATG,現行アノテーションを支持
MA_RS28320,,556816,ATC,True,0,stop_codon,556816,ATC,1.11,False,WP_048046804.1,1,80.282,556816,ATC,556816,ATC,現行アノテーションを支持
MA_RS02495,MA_0477,557862,ATG,False,2,stop_codon,557853,GTG,1.93,False,WP_048169600.1,10,93.496,557835,GTG,557835,GTG,中確信度: 上流への延長の可能性(片方の証拠のみ)
MA_RS29275,,558966,GTG,False,1,stop_codon,558948,TTG,0.98,False,WP_156158769.1,1,91.667,558948,TTG,558948,TTG,中確信度: 上流への延長の可能性(片方の証拠のみ)
MA_RS02500,MA_0479,560424,ATG,False,0,stop_codon,560424,ATG,1.56,False,WP_231590340.1,14,42.915,560424,ATG,560424,ATG,現行アノテーションを支持
MA_RS02505,MA_0480,561176,ATG,False,0,neighbor_gene,561176,ATG,1.12,False,WP_231590368.1,1,87.692,561176,ATG,561176,ATG,現行アノテーションを支持
MA_RS02510,MA_0481,561753,TTG,False,0,stop_codon,561753,TTG,1.25,False,WP_048169604.1,1,86.842,561753,TTG,561753,TTG,現行アノテーションを支持
MA_RS02520,,562271,ATG,False,3,stop_codon,562361,GTG,2.16,False,WP_048168984.1,54,54.217,562421,ATG,562421,ATG,中確信度: 上流への延長の可能性(片方の証拠のみ)
MA_RS02525,MA_0484,564046,ATG,False,0,stop_codon,564046,ATG,0.92,False,WP_048169608.1,1,93.921,564046,ATG,564046,ATG,現行アノテーションを支持
MA_RS29690,,564671,GTG,False,0,stop_codon,564671,GTG,0.91,False,,,,,,564671,GTG,現行アノテーションを支持
MA_RS29695,MA_0485,564629,ATT,True,0,stop_codon,564629,ATT,1.0,False,WP_048171609.1,1,79.091,564629,ATT,564629,ATT,現行アノテーションを支持
MA_RS02535,MA_0486,565790,ATG,False,0,stop_codon,565790,ATG,3.17,True,WP_048169613.1,1,91.085,565790,ATG,565790,ATG,現行アノテーションを支持
MA_RS02540,MA_0487,566070,ATG,False,0,stop_codon,566070,ATG,19.97,True,WP_052730946.1,1,73.66,566070,ATG,566070,ATG,現行アノテーションを支持
MA_RS24350,MA_0488,567850,ATG,False,1,stop_codon,567850,ATG,1.52,False,WP_048154376.1,288,50.0,567841,TTG,567841,TTG,中確信度: 上流への延長の可能性(片方の証拠のみ)
MA_RS02555,MA_0490,571167,ATG,False,0,stop_codon,571167,ATG,1.55,False,WP_048169615.1,1,96.934,571167,ATG,571167,ATG,現行アノテーションを支持
MA_RS02560,MA_0491,576203,ATG,False,0,stop_codon,576203,ATG,1.22,False,WP_239451049.1,33,78.169,576203,ATG,576203,ATG,現行アノテーションを支持
MA_RS02565,MA_0492,577233,ATG,False,0,stop_codon,577233,ATG,1.28,False,WP_197080327.1,1,87.402,577233,ATG,577233,ATG,現行アノテーションを支持
MA_RS02570,MA_0493,577531,ATG,False,0,stop_codon,577531,ATG,7.72,True,WP_048169617.1,1,92.593,577531,ATG,577531,ATG,現行アノテーションを支持
MA_RS02575,MA_0494,578794,ATG,False,0,stop_codon,578794,ATG,0.96,False,WP_048119082.1,1,62.676,578794,ATG,578794,ATG,現行アノテーションを支持
MA_RS02585,MA_0496,579515,ATG,False,0,stop_codon,579515,ATG,1.31,False,,,,,,579515,ATG,現行アノテーションを支持
MA_RS02590,MA_0497,582219,ATG,False,0,stop_codon,582219,ATG,1.12,False,WP_231590375.1,1,96.842,582219,ATG,582219,ATG,現行アノテーションを支持
MA_RS02595,MA_0499,582774,ATG,False,1,stop_codon,582771,TTG,7.47,True,WP_231590382.1,2,79.747,582771,TTG,582771,TTG,高確信度: 上流への延長を提案(RNA-seq・BLAST一致)
MA_RS24355,MA_0500,583586,ATG,False,0,stop_codon,583586,ATG,1.47,False,WP_052721481.1,1,90.857,583586,ATG,583586,ATG,現行アノテーションを支持
MA_RS02610,MA_0502,584723,ATG,False,6,stop_codon,584567,ATG,1.33,False,WP_048155381.1,17,63.348,584567,ATG,584567,ATG,中確信度: 上流への延長の可能性(片方の証拠のみ)
MA_RS02620,MA_0504,586307,GTG,False,0,stop_codon,586307,GTG,8.46,True,WP_052721482.1,1,97.222,586307,GTG,586307,GTG,現行アノテーションを支持
MA_RS02625,MA_0505,586505,ATG,False,2,stop_codon,586481,TTG,2.2,False,WP_048169626.1,12,99.592,586472,ATG,586472,ATG,中確信度: 上流への延長の可能性(片方の証拠のみ)
MA_RS02630,MA_0506,587255,ATG,False,0,neighbor_gene,587255,ATG,1.3,False,WP_048169629.1,1,95.098,587255,ATG,587255,ATG,現行アノテーションを支持
MA_RS02635,MA_0507,588926,GTG,False,0,stop_codon,588926,GTG,16.29,True,WP_048169631.1,1,98.83,588926,GTG,588926,GTG,現行アノテーションを支持
MA_RS02640,MA_0508,590259,TTG,False,0,stop_codon,590259,TTG,1.2,False,WP_048038924.1,1,80.195,590259,TTG,590259,TTG,現行アノテーションを支持
MA_RS02645,MA_0509,591371,ATG,False,1,stop_codon,591371,ATG,0.79,False,WP_048172445.1,5,81.513,591359,TTG,591359,TTG,中確信度: 上流への延長の可能性(片方の証拠のみ)
MA_RS02650,MA_0510,593230,GTG,False,0,stop_codon,593230,GTG,0.81,False,WP_141706327.1,1,71.429,593230,GTG,593230,GTG,現行アノテーションを支持
MA_RS02660,MA_0511,594609,ATG,False,0,stop_codon,594609,ATG,1.06,False,WP_048171921.1,1,77.5,594609,ATG,594609,ATG,現行アノテーションを支持
MA_RS02665,MA_0512,595359,ATG,False,0,stop_codon,595359,ATG,1.42,False,WP_048172674.1,12,84.444,595359,ATG,595359,ATG,現行アノテーションを支持
MA_RS02670,MA_0513,597652,ATG,False,1,stop_codon,597652,ATG,1.97,False,WP_214023877.1,6,89.691,597667,ATG,597667,ATG,中確信度: 上流への延長の可能性(片方の証拠のみ)
MA_RS02680,,598502,ATG,False,3,stop_codon,598712,TTG,3.17,True,WP_231590379.1,57,91.463,598712,TTG,598712,TTG,高確信度: 上流への延長を提案(RNA-seq・BLAST一致)
MA_RS02685,MA_0515,600484,ATG,False,0,stop_codon,600484,ATG,0.95,False,WP_231590381.1,1,97.241,600484,ATG,600484,ATG,現行アノテーションを支持
MA_RS02690,MA_0516,601283,ATG,False,1,stop_codon,601283,ATG,4.19,True,WP_231590382.1,2,82.911,601280,TTG,601280,TTG,中確信度: 上流への延長の可能性(片方の証拠のみ)
MA_RS02695,MA_0517,601897,ATG,False,0,stop_codon,601897,ATG,1.33,False,WP_011020566.1,1,100.0,601897,ATG,601897,ATG,現行アノテーションを支持
MA_RS02700,MA_0518,602172,ATG,False,0,stop_codon,602172,ATG,0.95,False,WP_015411177.1,1,71.552,602172,ATG,602172,ATG,現行アノテーションを支持
MA_RS02710,MA_0519,603202,ATG,False,0,stop_codon,603202,ATG,3.23,True,WP_048169666.1,1,93.574,603202,ATG,603202,ATG,現行アノテーションを支持
MA_RS02715,MA_0520,604648,ATG,False,0,stop_codon,604648,ATG,1.36,False,WP_048169670.1,12,95.652,604648,ATG,604648,ATG,現行アノテーションを支持
MA_RS02720,MA_0521,605800,ATG,False,0,stop_codon,605800,ATG,10.78,True,WP_048169671.1,1,96.165,605800,ATG,605800,ATG,現行アノテーションを支持
MA_RS02725,MA_0522,608416,ATG,False,0,stop_codon,608416,ATG,1.39,False,WP_048169673.1,1,92.237,608416,ATG,608416,ATG,現行アノテーションを支持
MA_RS02730,MA_0523,611318,ATG,False,0,stop_codon,611318,ATG,1.14,False,WP_048169675.1,1,95.889,611318,ATG,611318,ATG,現行アノテーションを支持
MA_RS28335,MA_0524,611840,ATG,False,0,stop_codon,611840,ATG,0.56,False,,,,,,611840,ATG,現行アノテーションを支持
MA_RS02745,MA_0525,613311,ATG,False,0,stop_codon,613311,ATG,1.35,False,WP_082089430.1,9,88.71,613311,ATG,613311,ATG,現行アノテーションを支持
MA_RS02750,MA_0526,613653,ATG,False,0,stop_codon,613653,ATG,5.39,True,WP_048169679.1,1,92.147,613653,ATG,613653,ATG,現行アノテーションを支持
MA_RS02760,MA_0527,615729,ATT,True,0,stop_codon,615729,ATT,0.53,False,WP_048142243.1,1,96.244,615729,ATT,615729,ATT,現行アノテーションを支持
MA_RS02775,MA_0529,617913,ATG,False,2,stop_codon,617913,ATG,1.56,False,WP_048142237.1,44,96.296,617784,ATG,617784,ATG,中確信度: 上流への延長の可能性(片方の証拠のみ)
MA_RS02780,MA_0530,619035,ATG,False,0,stop_codon,619035,ATG,0.79,False,WP_187151849.1,1,98.017,619035,ATG,619035,ATG,現行アノテーションを支持
MA_RS02785,MA_0531,620098,GTG,False,0,neighbor_gene,620098,GTG,1.19,False,WP_048169688.1,1,97.959,620098,GTG,620098,GTG,現行アノテーションを支持
MA_RS28040,,620413,ATG,False,0,neighbor_gene,620413,ATG,1.16,False,WP_187151850.1,1,95.918,620413,ATG,620413,ATG,現行アノテーションを支持
MA_RS02800,MA_0533,622779,GTG,False,0,stop_codon,622779,GTG,6.49,True,WP_048167815.1,1,64.078,622779,GTG,622779,GTG,現行アノテーションを支持
MA_RS02805,MA_0534,624104,ATG,False,2,stop_codon,624035,ATG,4.41,True,WP_048169693.1,24,95.522,624035,ATG,624035,ATG,高確信度: 上流への延長を提案(RNA-seq・BLAST一致)
MA_RS02810,MA_0535,625757,ATG,False,0,stop_codon,625757,ATG,1.01,False,WP_315968693.1,1,77.372,625757,ATG,625757,ATG,現行アノテーションを支持
MA_RS02815,MA_0536,626991,ATG,False,0,stop_codon,626991,ATG,24.34,True,WP_048142226.1,1,91.765,626991,ATG,626991,ATG,現行アノテーションを支持
MA_RS02820,MA_0537,627634,ATG,False,0,neighbor_gene,627634,ATG,0.69,False,WP_048169697.1,21,85.315,627634,ATG,627634,ATG,現行アノテーションを支持
MA_RS02825,MA_0538,630268,ATG,False,0,stop_codon,630268,ATG,0.95,False,WP_048169699.1,1,86.996,630268,ATG,630268,ATG,現行アノテーションを支持
MA_RS02830,MA_0539,630926,ATG,False,0,stop_codon,630926,ATG,3.32,True,WP_048169700.1,1,95.455,630926,ATG,630926,ATG,現行アノテーションを支持
MA_RS02835,MA_0540,631561,ATG,False,0,neighbor_gene,631561,ATG,1.05,False,WP_048169702.1,1,96.842,631561,ATG,631561,ATG,現行アノテーションを支持
MA_RS02840,MA_0541,632430,ATG,False,0,stop_codon,632430,ATG,6.4,True,WP_048169704.1,1,98.168,632430,ATG,632430,ATG,現行アノテーションを支持
MA_RS02845,MA_0542,633491,ATG,False,0,stop_codon,633491,ATG,1.83,False,WP_048169706.1,1,95.455,633491,ATG,633491,ATG,現行アノテーションを支持
MA_RS02850,MA_0543,634320,ATT,True,0,stop_codon,634320,ATT,1.66,False,WP_082089429.1,1,78.571,634320,ATT,634320,ATT,現行アノテーションを支持
MA_RS02855,MA_0544,635216,TTG,False,0,stop_codon,635216,TTG,1.22,False,WP_048169708.1,1,90.837,635216,TTG,635216,TTG,現行アノテーションを支持
MA_RS02860,MA_0545,635793,ATG,False,0,stop_codon,635793,ATG,11.29,True,WP_048169710.1,1,96.209,635793,ATG,635793,ATG,現行アノテーションを支持
MA_RS02870,MA_0546,636565,ATG,False,0,stop_codon,636565,ATG,68.43,True,WP_222702742.1,1,90.062,636565,ATG,636565,ATG,現行アノテーションを支持
MA_RS02875,MA_0547,636723,ATG,False,0,stop_codon,636723,ATG,200.15,True,WP_048169713.1,1,95.319,636723,ATG,636723,ATG,現行アノテーションを支持
MA_RS02880,MA_0548,637433,GTG,False,0,stop_codon,637433,GTG,1.09,False,WP_048169714.1,1,95.547,637433,GTG,637433,GTG,現行アノテーションを支持
MA_RS02885,MA_0549,638399,ATG,False,2,stop_codon,638354,GTG,2.45,False,WP_048169716.1,16,95.946,638354,GTG,638354,GTG,中確信度: 上流への延長の可能性(片方の証拠のみ)
MA_RS02890,MA_0550,639295,ATG,False,0,neighbor_gene,639295,ATG,3.77,True,WP_048169718.1,1,94.521,639295,ATG,639295,ATG,現行アノテーションを支持
MA_RS25000,MA_0551,640700,ATG,False,0,stop_codon,640700,ATG,0.94,False,WP_048143531.1,1,59.715,640700,ATG,640700,ATG,現行アノテーションを支持
MA_RS02905,MA_0552,645562,ATG,False,5,stop_codon,645382,ATG,1.9,False,WP_082088852.1,61,87.136,645382,ATG,645382,ATG,中確信度: 上流への延長の可能性(片方の証拠のみ)
MA_RS26440,,649767,ATG,False,0,stop_codon,649767,ATG,1.05,False,,,,,,649767,ATG,現行アノテーションを支持
MA_RS02915,MA_0554,649933,GTG,False,0,stop_codon,649933,GTG,1.06,False,WP_187151851.1,1,89.199,649933,GTG,649933,GTG,現行アノテーションを支持
MA_RS26445,,651143,ATG,False,0,stop_codon,651143,ATG,1.1,False,,,,,,651143,ATG,現行アノテーションを支持
MA_RS29280,,651359,TTG,False,0,neighbor_gene,651359,TTG,0.83,False,,,,,,651359,TTG,現行アノテーションを支持
MA_RS02920,MA_0555,651520,ATG,False,0,neighbor_gene,651520,ATG,1.37,False,WP_048169724.1,1,93.165,651520,ATG,651520,ATG,現行アノテーションを支持
MA_RS02925,MA_0556,652958,ATG,False,3,stop_codon,652832,TTG,1.28,False,WP_082089107.1,43,92.011,652832,TTG,652832,TTG,中確信度: 上流への延長の可能性(片方の証拠のみ)
MA_RS02930,MA_0557,655226,TTG,False,0,stop_codon,655226,TTG,0.82,False,WP_082089107.1,38,76.944,655226,TTG,655226,TTG,現行アノテーションを支持
MA_RS02935,MA_0558,657701,ATG,False,4,stop_codon,657563,TTG,1.39,False,WP_082089107.1,50,85.906,657563,TTG,657563,TTG,中確信度: 上流への延長の可能性(片方の証拠のみ)
MA_RS02940,MA_0559,660130,ATG,False,0,stop_codon,660130,ATG,1.46,False,WP_048169725.1,1,75.145,660130,ATG,660130,ATG,現行アノテーションを支持
MA_RS02945,MA_0560,661627,TTG,False,2,stop_codon,661579,GTG,3.48,True,WP_048174456.1,41,90.199,661579,GTG,661579,GTG,高確信度: 上流への延長を提案(RNA-seq・BLAST一致)
MA_RS02950,MA_0561,664051,TTG,False,1,stop_codon,664015,TTG,1.2,False,WP_048174457.1,13,86.521,664015,TTG,664015,TTG,中確信度: 上流への延長の可能性(片方の証拠のみ)
MA_RS02955,MA_0562,666579,GTG,False,0,stop_codon,666579,GTG,1.39,False,WP_048169725.1,1,91.071,666579,GTG,666579,GTG,現行アノテーションを支持
MA_RS02960,MA_0563,667157,ATG,False,1,stop_codon,667136,ATG,1.1,False,WP_048169727.1,8,93.112,667136,ATG,667136,ATG,中確信度: 上流への延長の可能性(片方の証拠のみ)
MA_RS02965,MA_0564,668702,ATG,False,0,stop_codon,668702,ATG,1.15,False,WP_048122939.1,5,71.635,668702,ATG,668702,ATG,現行アノテーションを支持
MA_RS02970,MA_0565,670086,ATG,False,0,stop_codon,670086,ATG,0.34,False,WP_231590386.1,16,89.806,670086,ATG,670086,ATG,現行アノテーションを支持
MA_RS26450,,671115,CTG,True,0,stop_codon,671115,CTG,0.64,False,WP_048169727.1,1,91.463,671115,CTG,671115,CTG,現行アノテーションを支持
MA_RS02975,MA_0566,671739,ATG,False,0,stop_codon,671739,ATG,1.4,False,WP_048169739.1,51,78.519,671739,ATG,671739,ATG,現行アノテーションを支持
MA_RS02980,MA_0567,672806,TTG,False,0,neighbor_gene,672806,TTG,1.44,False,WP_231590388.1,1,93.431,672806,TTG,672806,TTG,現行アノテーションを支持
MA_RS26455,,673473,ATG,False,0,stop_codon,673473,ATG,1.1,False,WP_231590387.1,1,81.818,673473,ATG,673473,ATG,現行アノテーションを支持
MA_RS02990,MA_0569,674025,ATG,False,0,stop_codon,674025,ATG,0.89,False,WP_048169744.1,1,94.118,674025,ATG,674025,ATG,現行アノテーションを支持
MA_RS03000,MA_0571,675365,ATG,False,0,stop_codon,675365,ATG,1.65,False,WP_048169747.1,1,96.0,675365,ATG,675365,ATG,現行アノテーションを支持
MA_RS03005,MA_0572,676154,ATG,False,0,stop_codon,676154,ATG,1.25,False,WP_048142198.1,1,81.884,676154,ATG,676154,ATG,現行アノテーションを支持
MA_RS03010,MA_0573,677229,ATG,False,0,stop_codon,677229,ATG,1.4,False,WP_048169751.1,1,97.708,677229,ATG,677229,ATG,現行アノテーションを支持
MA_RS03015,MA_0574,678275,ATG,False,0,stop_codon,678275,ATG,0.86,False,WP_230626443.1,6,95.055,678275,ATG,678275,ATG,現行アノテーションを支持
MA_RS03020,MA_0575,678843,ATG,False,0,neighbor_gene,678843,ATG,1.12,False,WP_048169753.1,1,96.711,678843,ATG,678843,ATG,現行アノテーションを支持
MA_RS03025,MA_0576,679496,ATG,False,1,stop_codon,679496,ATG,2.75,False,WP_048169755.1,29,95.0,679412,TTG,679412,TTG,中確信度: 上流への延長の可能性(片方の証拠のみ)
MA_RS03030,MA_0577,680300,GTG,False,0,stop_codon,680300,GTG,1.78,False,WP_048169757.1,1,94.493,680300,GTG,680300,GTG,現行アノテーションを支持
MA_RS03035,MA_0578,681830,ATG,False,1,neighbor_gene,681830,ATG,1.64,False,WP_048169759.1,47,95.37,681692,GTG,681692,GTG,中確信度: 上流への延長の可能性(片方の証拠のみ)
MA_RS03040,MA_0579,683303,GTG,False,0,stop_codon,683303,GTG,1.15,False,WP_082089262.1,1,90.789,683303,GTG,683303,GTG,現行アノテーションを支持
MA_RS26460,MA_0580,684341,TTG,False,0,stop_codon,684341,TTG,0.98,False,,,,,,684341,TTG,現行アノテーションを支持
MA_RS03050,MA_0581,685082,ATG,False,0,stop_codon,685082,ATG,1.58,False,WP_048169761.1,1,96.462,685082,ATG,685082,ATG,現行アノテーションを支持
MA_RS03055,MA_0582,686420,ATG,False,0,stop_codon,686420,ATG,1.06,False,WP_048169763.1,1,95.899,686420,ATG,686420,ATG,現行アノテーションを支持
MA_RS03060,MA_0583,687412,ATG,False,0,neighbor_gene,687412,ATG,1.06,False,WP_048169766.1,1,97.342,687412,ATG,687412,ATG,現行アノテーションを支持
MA_RS03065,MA_0584,688317,ATG,False,0,stop_codon,688317,ATG,1.46,False,WP_048169769.1,1,93.05,688317,ATG,688317,ATG,現行アノテーションを支持
MA_RS03070,MA_0585,689174,ATG,False,0,stop_codon,689174,ATG,1.16,False,WP_048169771.1,1,95.902,689174,ATG,689174,ATG,現行アノテーションを支持
MA_RS03075,MA_0586,689908,ATG,False,0,stop_codon,689908,ATG,1.03,False,WP_048169773.1,1,98.02,689908,ATG,689908,ATG,現行アノテーションを支持
MA_RS03080,MA_0587,690641,ATG,False,1,stop_codon,690617,TTG,2.1,False,WP_048169775.1,9,95.096,690617,TTG,690617,TTG,中確信度: 上流への延長の可能性(片方の証拠のみ)
MA_RS03085,MA_0588,693603,ATG,False,0,stop_codon,693603,ATG,1.38,False,WP_048174462.1,1,90.811,693603,ATG,693603,ATG,現行アノテーションを支持
MA_RS03095,MA_0590,694191,ATG,False,0,stop_codon,694191,ATG,3.4,True,WP_048169778.1,1,92.667,694191,ATG,694191,ATG,現行アノテーションを支持
MA_RS03100,MA_0591,695536,TTG,False,8,stop_codon,695473,TTG,1.16,False,WP_048169780.1,54,90.625,695377,TTG,695377,TTG,中確信度: 上流への延長の可能性(片方の証拠のみ)
MA_RS03105,MA_0592,696548,ATG,False,0,stop_codon,696548,ATG,2.35,False,WP_048169784.1,1,97.132,696548,ATG,696548,ATG,現行アノテーションを支持
MA_RS03110,MA_0593,698285,ATG,False,0,stop_codon,698285,ATG,1.62,False,WP_048169791.1,1,92.398,698285,ATG,698285,ATG,現行アノテーションを支持
MA_RS03115,MA_0594,700535,ATG,False,0,stop_codon,700535,ATG,0.81,False,WP_048142156.1,1,81.091,700535,ATG,700535,ATG,現行アノテーションを支持
MA_RS28340,,700574,TTG,False,1,stop_codon,700553,ATG,1.17,False,,,,,,700574,TTG,現行アノテーションを支持
MA_RS03125,MA_0595,701308,TTG,False,1,stop_codon,701308,TTG,1.31,False,WP_048142153.1,13,95.238,701272,GTG,701272,GTG,中確信度: 上流への延長の可能性(片方の証拠のみ)
MA_RS03130,MA_0596,701699,ATG,False,2,neighbor_gene,701699,ATG,0.97,False,WP_048169795.1,4,97.857,701690,GTG,701690,GTG,中確信度: 上流への延長の可能性(片方の証拠のみ)
MA_RS03135,MA_0597,702135,ATG,False,0,stop_codon,702135,ATG,1.08,False,WP_048169796.1,1,97.761,702135,ATG,702135,ATG,現行アノテーションを支持
MA_RS03140,MA_0598,702548,ATG,False,0,neighbor_gene,702548,ATG,0.92,False,WP_048169798.1,1,98.387,702548,ATG,702548,ATG,現行アノテーションを支持
MA_RS03150,MA_0599,702924,TTG,False,0,stop_codon,702924,TTG,0.93,False,WP_048169800.1,1,95.0,702924,TTG,702924,TTG,現行アノテーションを支持
MA_RS03155,MA_0600,703179,ATG,False,0,stop_codon,703179,ATG,1.19,False,WP_052721491.1,1,97.571,703179,ATG,703179,ATG,現行アノテーションを支持
MA_RS03160,MA_0601,703991,TTG,False,0,stop_codon,703991,TTG,1.01,False,WP_048169802.1,1,92.884,703991,TTG,703991,TTG,現行アノテーションを支持
MA_RS03165,MA_0602,705010,ATG,False,1,stop_codon,705010,ATG,1.33,False,WP_048154424.1,5,94.684,704998,TTG,704998,TTG,中確信度: 上流への延長の可能性(片方の証拠のみ)
MA_RS03170,MA_0603,706015,ATG,False,0,stop_codon,706015,ATG,1.4,False,WP_048169806.1,1,96.923,706015,ATG,706015,ATG,現行アノテーションを支持
MA_RS03175,MA_0604,706801,ATG,False,0,neighbor_gene,706801,ATG,1.4,False,WP_048169808.1,1,94.795,706801,ATG,706801,ATG,現行アノテーションを支持
MA_RS26465,,709231,ATG,False,0,stop_codon,709231,ATG,1.1,False,WP_156158777.1,1,100.0,709231,ATG,709231,ATG,現行アノテーションを支持
MA_RS03180,MA_0605,709310,ATG,False,0,stop_codon,709310,ATG,1.34,False,WP_048169811.1,1,97.987,709310,ATG,709310,ATG,現行アノテーションを支持
MA_RS03185,MA_0606,710692,ATG,False,2,stop_codon,710692,ATG,1.28,False,WP_048174464.1,4,94.081,710683,GTG,710683,GTG,中確信度: 上流への延長の可能性(片方の証拠のみ)
MA_RS03190,MA_0607,711909,ATG,False,0,stop_codon,711909,ATG,0.7,False,,,,,,711909,ATG,現行アノテーションを支持
MA_RS03195,MA_0608,714773,TTG,False,1,stop_codon,714800,ATG,1.5,False,WP_048142136.1,10,95.13,714800,ATG,714800,ATG,中確信度: 上流への延長の可能性(片方の証拠のみ)
MA_RS03200,MA_0609,715092,ATG,False,1,stop_codon,715092,ATG,1.52,False,WP_048174465.1,4,97.674,715083,GTG,715083,GTG,中確信度: 上流への延長の可能性(片方の証拠のみ)
MA_RS03205,MA_0610,715547,ATG,False,0,stop_codon,715547,ATG,2.62,False,WP_011020659.1,1,100.0,715547,ATG,715547,ATG,現行アノテーションを支持
MA_RS03210,MA_0611,716760,ATG,False,1,stop_codon,716754,TTG,1.96,False,WP_048169815.1,3,91.705,716754,TTG,716754,TTG,中確信度: 上流への延長の可能性(片方の証拠のみ)
MA_RS25010,,717903,GTG,False,0,stop_codon,717903,GTG,178.89,True,WP_239451068.1,1,78.322,717903,GTG,717903,GTG,現行アノテーションを支持
MA_RS03220,MA_0613,718050,ATG,False,0,stop_codon,718050,ATG,8.48,True,WP_048169818.1,1,92.857,718050,ATG,718050,ATG,現行アノテーションを支持
MA_RS03230,MA_0614,720950,TTG,False,0,stop_codon,720950,TTG,1.84,False,WP_203397921.1,1,72.917,720950,TTG,720950,TTG,現行アノテーションを支持
MA_RS03235,MA_0615,723159,ATG,False,0,stop_codon,723159,ATG,1.19,False,,,,,,723159,ATG,現行アノテーションを支持
MA_RS03240,MA_0616,724329,ATG,False,0,stop_codon,724329,ATG,2.99,False,WP_048142127.1,1,86.928,724329,ATG,724329,ATG,現行アノテーションを支持
MA_RS03245,MA_0617,725662,ATG,False,0,stop_codon,725662,ATG,2.38,False,WP_048142125.1,1,82.822,725662,ATG,725662,ATG,現行アノテーションを支持
MA_RS26470,,726015,TTG,False,0,stop_codon,726015,TTG,1.26,False,,,,,,726015,TTG,現行アノテーションを支持
MA_RS03250,,726759,ATC,True,0,neighbor_gene,726759,ATC,0.88,False,WP_048142123.1,22,85.915,726759,ATC,726759,ATC,現行アノテーションを支持
MA_RS03255,,727425,ATG,False,1,stop_codon,727437,TTG,3.38,True,WP_048169844.1,5,92.056,727437,TTG,727437,TTG,高確信度: 上流への延長を提案(RNA-seq・BLAST一致)
MA_RS26475,,727510,ATG,False,0,stop_codon,727510,ATG,1.5,False,,,,,,727510,ATG,現行アノテーションを支持
MA_RS03260,MA_0619,727859,GTG,False,0,stop_codon,727859,GTG,1.59,False,WP_048142120.1,1,77.473,727859,GTG,727859,GTG,現行アノテーションを支持
MA_RS03265,MA_0620,730368,ATC,True,0,stop_codon,730368,ATC,0.85,False,WP_048143651.1,1,79.848,730368,ATC,730368,ATC,現行アノテーションを支持
MA_RS03270,MA_0621,734000,TTG,False,0,stop_codon,734000,TTG,1.2,False,WP_048040300.1,1,72.386,734000,TTG,734000,TTG,現行アノテーションを支持
MA_RS03275,MA_0622,734439,ATG,False,1,stop_codon,734433,ATG,1.79,False,WP_048169850.1,1,86.38,734433,ATG,734433,ATG,中確信度: 上流への延長の可能性(片方の証拠のみ)
MA_RS03280,MA_0623,735572,ATG,False,0,stop_codon,735572,ATG,1.33,False,WP_048169852.1,1,91.388,735572,ATG,735572,ATG,現行アノテーションを支持
MA_RS03285,,736513,ATG,False,5,stop_codon,736555,TTG,8.43,True,WP_239451062.1,41,83.951,736660,ATG,,,要確認: RNA-seqとBLASTが異なる候補を支持
MA_RS03295,MA_0626,737081,ATG,False,1,stop_codon,737066,TTG,1.19,False,WP_048174468.1,6,91.321,737066,TTG,737066,TTG,中確信度: 上流への延長の可能性(片方の証拠のみ)
MA_RS03300,MA_0627,738028,ATG,False,1,stop_codon,738028,ATG,0.92,False,WP_048169858.1,3,94.648,738022,GTG,738022,GTG,中確信度: 上流への延長の可能性(片方の証拠のみ)
MA_RS03305,MA_0628,741168,ATG,False,0,neighbor_gene,741168,ATG,1.82,False,WP_048169859.1,1,93.931,741168,ATG,741168,ATG,現行アノテーションを支持
MA_RS03310,MA_0629,741669,ATG,False,0,stop_codon,741669,ATG,114.8,True,WP_048169861.1,1,97.037,741669,ATG,741669,ATG,現行アノテーションを支持
MA_RS03315,MA_0630,741925,GTG,False,2,stop_codon,741874,GTG,1.85,False,WP_048169863.1,18,96.739,741874,GTG,741874,GTG,中確信度: 上流への延長の可能性(片方の証拠のみ)
MA_RS03320,MA_0631,742329,ATG,False,0,stop_codon,742329,ATG,0.98,False,WP_048142108.1,1,95.709,742329,ATG,742329,ATG,現行アノテーションを支持
MA_RS03325,MA_0633,744374,ATG,False,1,stop_codon,744362,GTG,2.33,False,WP_231590390.1,1,92.115,744362,GTG,744362,GTG,中確信度: 上流への延長の可能性(片方の証拠のみ)
MA_RS03330,MA_0634,745333,ATG,False,0,stop_codon,745333,ATG,1.23,False,WP_048169869.1,1,93.392,745333,ATG,745333,ATG,現行アノテーションを支持
MA_RS03335,MA_0635,746169,ATG,False,1,stop_codon,746160,GTG,1.21,False,WP_048169871.1,4,91.469,746160,GTG,746160,GTG,中確信度: 上流への延長の可能性(片方の証拠のみ)
MA_RS03340,MA_0636,747109,ATG,False,0,stop_codon,747109,ATG,1.68,False,WP_048169872.1,1,95.939,747109,ATG,747109,ATG,現行アノテーションを支持
MA_RS03345,MA_0637,749592,ATA,True,0,stop_codon,749592,ATA,3.31,True,WP_048169875.1,12,83.862,749592,ATA,749592,ATA,現行アノテーションを支持
MA_RS03355,MA_0638,750596,TTG,False,0,stop_codon,750596,TTG,3.23,True,WP_048169877.1,1,91.386,750596,TTG,750596,TTG,現行アノテーションを支持
MA_RS26485,,751307,ATG,False,1,stop_codon,751328,TTG,2.15,False,WP_156157252.1,8,100.0,751328,TTG,751328,TTG,中確信度: 上流への延長の可能性(片方の証拠のみ)
MA_RS03360,MA_0639,752129,ATG,False,1,stop_codon,752162,GTG,3.94,True,WP_048169878.1,12,99.387,752162,GTG,752162,GTG,高確信度: 上流への延長を提案(RNA-seq・BLAST一致)
MA_RS03365,MA_0640,753082,ATG,False,0,stop_codon,753082,ATG,0.88,False,WP_239450995.1,1,88.281,753082,ATG,753082,ATG,現行アノテーションを支持
MA_RS03380,MA_0641,755989,ATG,False,0,stop_codon,755989,ATG,1.11,False,WP_048174469.1,1,94.647,755989,ATG,755989,ATG,現行アノテーションを支持
MA_RS03385,MA_0642,756878,ATG,False,0,neighbor_gene,756878,ATG,0.75,False,WP_048169886.1,1,96.484,756878,ATG,756878,ATG,現行アノテーションを支持
MA_RS25015,MA_0643,757043,TTG,False,0,neighbor_gene,757043,TTG,1.05,False,WP_082088859.1,1,98.039,757043,TTG,757043,TTG,現行アノテーションを支持
MA_RS03390,MA_0644,757856,ATG,False,1,stop_codon,757856,ATG,1.7,False,WP_048142083.1,4,97.015,757865,GTG,757865,GTG,中確信度: 上流への延長の可能性(片方の証拠のみ)
MA_RS03395,MA_0645,758117,ATG,False,0,neighbor_gene,758117,ATG,0.89,False,WP_011020692.1,1,100.0,758117,ATG,758117,ATG,現行アノテーションを支持
MA_RS03400,MA_0646,758402,ATG,False,0,stop_codon,758402,ATG,1.5,False,WP_048142081.1,1,97.826,758402,ATG,758402,ATG,現行アノテーションを支持
MA_RS03405,MA_0647,759527,ATG,False,2,stop_codon,759539,GTG,1.27,False,WP_048169892.1,5,92.531,759539,GTG,759539,GTG,中確信度: 上流への延長の可能性(片方の証拠のみ)
MA_RS03410,MA_0648,760737,ATG,False,0,stop_codon,760737,ATG,1.41,False,WP_048169894.1,1,96.135,760737,ATG,760737,ATG,現行アノテーションを支持
MA_RS03415,MA_0649,761249,ATG,False,0,stop_codon,761249,ATG,1.38,False,WP_048169900.1,1,80.719,761249,ATG,761249,ATG,現行アノテーションを支持
MA_RS03420,MA_0650,762428,ATG,False,0,stop_codon,762428,ATG,1.64,False,WP_011035009.1,4,37.054,762428,ATG,762428,ATG,現行アノテーションを支持
MA_RS03425,MA_0651,763478,ATG,False,0,stop_codon,763478,ATG,1.96,False,WP_048169901.1,1,88.198,763478,ATG,763478,ATG,現行アノテーションを支持
MA_RS03430,MA_0652,765841,ATG,False,0,stop_codon,765841,ATG,1.78,False,WP_048169903.1,1,96.857,765841,ATG,765841,ATG,現行アノテーションを支持
MA_RS03435,MA_0653,767242,TTG,False,4,stop_codon,767206,GTG,1.6,False,WP_231590391.1,13,93.964,767206,GTG,767206,GTG,中確信度: 上流への延長の可能性(片方の証拠のみ)
MA_RS03440,MA_0654,770496,ATG,False,1,stop_codon,770496,ATG,2.44,False,WP_048169908.1,18,93.724,770547,GTG,770547,GTG,中確信度: 上流への延長の可能性(片方の証拠のみ)
MA_RS03445,MA_0655,771519,ATA,True,0,stop_codon,771519,ATA,1.3,False,WP_048174470.1,1,95.876,771519,ATA,771519,ATA,現行アノテーションを支持
MA_RS03450,MA_0656,771947,CTG,True,1,stop_codon,771947,CTG,33.35,True,WP_082088860.1,1,94.022,771938,GTG,771938,GTG,中確信度: 上流への延長の可能性(片方の証拠のみ)
MA_RS03455,MA_0657,773713,ATG,False,0,stop_codon,773713,ATG,2.29,False,WP_048169910.1,1,92.604,773713,ATG,773713,ATG,現行アノテーションを支持
MA_RS03460,MA_0658,774913,ATG,False,1,stop_codon,774913,ATG,1.07,False,WP_048169914.1,4,95.372,774904,GTG,774904,GTG,中確信度: 上流への延長の可能性(片方の証拠のみ)
MA_RS03465,MA_0659,776411,GTG,False,0,neighbor_gene,776411,GTG,0.98,False,WP_231590392.1,1,93.379,776411,GTG,776411,GTG,現行アノテーションを支持
MA_RS03470,MA_0660,777724,ATG,False,0,stop_codon,777724,ATG,1.11,False,WP_048169916.1,1,96.181,777724,ATG,777724,ATG,現行アノテーションを支持
MA_RS03475,MA_0661,778583,ATG,False,0,stop_codon,778583,ATG,1.12,False,WP_048169918.1,1,93.617,778583,ATG,778583,ATG,現行アノテーションを支持
MA_RS03480,MA_0662,779151,ATG,False,0,neighbor_gene,779151,ATG,0.72,False,WP_048169919.1,1,98.049,779151,ATG,779151,ATG,現行アノテーションを支持
MA_RS03485,MA_0663,779770,ATG,False,0,neighbor_gene,779770,ATG,0.84,False,WP_048169921.1,1,98.98,779770,ATG,779770,ATG,現行アノテーションを支持
MA_RS03490,MA_0664,780362,GTG,False,0,neighbor_gene,780362,GTG,1.07,False,WP_315968705.1,1,93.487,780362,GTG,780362,GTG,現行アノテーションを支持
MA_RS03495,MA_0665,781197,ATG,False,0,stop_codon,781197,ATG,1.21,False,WP_048142048.1,1,90.991,781197,ATG,781197,ATG,現行アノテーションを支持
MA_RS03500,MA_0666,782240,ATG,False,0,stop_codon,782240,ATG,1.31,False,WP_231590393.1,1,87.273,782240,ATG,782240,ATG,現行アノテーションを支持
MA_RS03505,MA_0667,783465,ATG,False,1,stop_codon,783465,ATG,1.7,False,WP_048169928.1,6,95.143,783480,GTG,783480,GTG,中確信度: 上流への延長の可能性(片方の証拠のみ)
MA_RS03510,,784769,ATG,False,1,stop_codon,784787,TTG,1.45,False,WP_048169930.1,7,87.004,784787,TTG,784787,TTG,中確信度: 上流への延長の可能性(片方の証拠のみ)
MA_RS03515,MA_0669,785002,ATG,False,1,stop_codon,785002,ATG,33.44,True,WP_048169931.1,5,98.802,784990,GTG,784990,GTG,中確信度: 上流への延長の可能性(片方の証拠のみ)
MA_RS03520,MA_0670,786139,ATG,False,0,stop_codon,786139,ATG,2.54,False,WP_048169932.1,1,94.118,786139,ATG,786139,ATG,現行アノテーションを支持
MA_RS03525,MA_0671,786830,ATG,False,0,stop_codon,786830,ATG,1.34,False,WP_048169933.1,1,98.851,786830,ATG,786830,ATG,現行アノテーションを支持
MA_RS03530,MA_0672,787450,TTG,False,0,stop_codon,787450,TTG,4.92,True,WP_226990742.1,1,100.0,787450,TTG,787450,TTG,現行アノテーションを支持
MA_RS03535,MA_0673,787765,ATG,False,0,stop_codon,787765,ATG,49.72,True,WP_048169934.1,1,93.458,787765,ATG,787765,ATG,現行アノテーションを支持
MA_RS03540,MA_0674,789265,ATG,False,0,stop_codon,789265,ATG,0.78,False,WP_048169936.1,1,96.329,789265,ATG,789265,ATG,現行アノテーションを支持
MA_RS03545,MA_0675,791006,ATG,False,2,neighbor_gene,791006,ATG,1.33,False,WP_048174474.1,8,96.755,790985,TTG,790985,TTG,中確信度: 上流への延長の可能性(片方の証拠のみ)
MA_RS03550,MA_0676,792605,ATG,False,0,stop_codon,792605,ATG,2.26,False,WP_048169938.1,1,97.231,792605,ATG,792605,ATG,現行アノテーションを支持
MA_RS03555,MA_0677,793566,ATG,False,2,stop_codon,793566,ATG,0.83,False,WP_048169940.1,14,86.957,793527,ATG,793527,ATG,中確信度: 上流への延長の可能性(片方の証拠のみ)
MA_RS03560,MA_0678,795740,ATG,False,0,stop_codon,795740,ATG,1.06,False,WP_048169941.1,1,95.298,795740,ATG,795740,ATG,現行アノテーションを支持
MA_RS03565,MA_0679,796395,GTG,False,2,stop_codon,796395,GTG,1.72,False,WP_048174475.1,34,89.372,796494,ATG,796494,ATG,中確信度: 上流への延長の可能性(片方の証拠のみ)
MA_RS03570,MA_0680,796823,ATG,False,0,stop_codon,796823,ATG,2.89,False,WP_048169944.1,1,92.708,796823,ATG,796823,ATG,現行アノテーションを支持
MA_RS03575,MA_0681,799075,ATG,False,0,stop_codon,799075,ATG,1.64,False,WP_048169947.1,1,98.431,799075,ATG,799075,ATG,現行アノテーションを支持
MA_RS03580,MA_0682,799951,TTG,False,1,stop_codon,799951,TTG,2.18,False,WP_048169949.1,4,95.635,799960,TTG,799960,TTG,中確信度: 上流への延長の可能性(片方の証拠のみ)
MA_RS03585,MA_0683,800185,ATG,False,0,stop_codon,800185,ATG,1.58,False,WP_048169951.1,1,95.385,800185,ATG,800185,ATG,現行アノテーションを支持
MA_RS03590,MA_0684,800592,ATG,False,0,stop_codon,800592,ATG,40.56,True,WP_048169953.1,1,96.063,800592,ATG,800592,ATG,現行アノテーションを支持
MA_RS03595,MA_0685,801921,ATG,False,1,stop_codon,801921,ATG,0.9,False,WP_048169955.1,5,97.321,801909,GTG,801909,GTG,中確信度: 上流への延長の可能性(片方の証拠のみ)
MA_RS26490,,803107,GTG,False,1,stop_codon,803107,GTG,1.95,False,WP_156158779.1,12,75.862,803206,TTG,803206,TTG,中確信度: 上流への延長の可能性(片方の証拠のみ)
MA_RS03600,MA_0687,803364,ATG,False,0,stop_codon,803364,ATG,1.25,False,WP_048169958.1,1,97.308,803364,ATG,803364,ATG,現行アノテーションを支持
MA_RS03605,MA_0688,804148,ATG,False,0,neighbor_gene,804148,ATG,0.76,False,WP_048142008.1,1,94.132,804148,ATG,804148,ATG,現行アノテーションを支持
MA_RS03610,MA_0689,805491,ATG,False,0,stop_codon,805491,ATG,1.24,False,WP_048142006.1,1,96.209,805491,ATG,805491,ATG,現行アノテーションを支持
MA_RS03615,MA_0690,806119,ATG,False,0,stop_codon,806119,ATG,0.65,False,WP_048169964.1,1,94.286,806119,ATG,806119,ATG,現行アノテーションを支持
MA_RS03620,MA_0691,806927,ATG,False,1,stop_codon,806882,GTG,2.4,False,WP_048142000.1,16,85.561,806882,GTG,806882,GTG,中確信度: 上流への延長の可能性(片方の証拠のみ)
MA_RS03625,MA_0692,808279,ATG,False,0,stop_codon,808279,ATG,1.33,False,WP_048169969.1,1,95.373,808279,ATG,808279,ATG,現行アノテーションを支持
MA_RS03630,MA_0693,810326,ATG,False,0,stop_codon,810326,ATG,3.04,True,WP_048169971.1,1,96.57,810326,ATG,810326,ATG,現行アノテーションを支持
MA_RS03635,MA_0694,811452,ATG,False,0,stop_codon,811452,ATG,1.07,False,WP_048169973.1,1,92.486,811452,ATG,811452,ATG,現行アノテーションを支持
MA_RS03640,MA_0695,812489,TTG,False,0,stop_codon,812489,TTG,1.18,False,WP_048169975.1,1,90.566,812489,TTG,812489,TTG,現行アノテーションを支持
MA_RS03645,MA_0696,813275,ATG,False,0,stop_codon,813275,ATG,1.69,False,WP_048169977.1,1,98.326,813275,ATG,813275,ATG,現行アノテーションを支持
MA_RS03650,MA_0697,814775,ATG,False,1,stop_codon,814784,GTG,1.3,False,WP_231590394.1,4,87.719,814784,GTG,814784,GTG,中確信度: 上流への延長の可能性(片方の証拠のみ)
MA_RS03655,MA_0698,815719,ATG,False,0,stop_codon,815719,ATG,0.93,False,WP_048169982.1,2,92.722,815719,ATG,815719,ATG,現行アノテーションを支持
MA_RS03660,MA_0699,816687,ATG,False,0,stop_codon,816687,ATG,0.94,False,WP_048169984.1,1,93.498,816687,ATG,816687,ATG,現行アノテーションを支持
MA_RS03665,MA_0700,817631,ATG,False,1,stop_codon,817631,ATG,1.85,False,WP_048169987.1,3,95.541,817637,ATG,817637,ATG,中確信度: 上流への延長の可能性(片方の証拠のみ)
MA_RS03670,MA_0701,819624,ATG,False,0,stop_codon,819624,ATG,0.77,False,WP_048169993.1,1,95.659,819624,ATG,819624,ATG,現行アノテーションを支持
MA_RS03675,MA_0702,819984,ATG,False,0,stop_codon,819984,ATG,1.32,False,WP_148704835.1,7,71.429,819984,ATG,819984,ATG,現行アノテーションを支持
MA_RS03680,MA_0703,821221,ATG,False,0,stop_codon,821221,ATG,8.54,True,WP_187151855.1,1,98.204,821221,ATG,821221,ATG,現行アノテーションを支持
MA_RS03685,MA_0704,821430,ATG,False,0,stop_codon,821430,ATG,5.89,True,WP_048169996.1,1,92.727,821430,ATG,821430,ATG,現行アノテーションを支持
MA_RS03690,MA_0705,822155,ATG,False,1,stop_codon,822155,ATG,1.15,False,WP_048121572.1,15,79.295,822113,GTG,822113,GTG,中確信度: 上流への延長の可能性(片方の証拠のみ)
MA_RS03695,MA_0706,823576,TTG,False,1,stop_codon,823576,TTG,1.43,False,WP_048169997.1,2,76.667,823573,TTG,823573,TTG,中確信度: 上流への延長の可能性(片方の証拠のみ)
MA_RS03700,MA_0707,824927,ATG,False,0,stop_codon,824927,ATG,5.14,True,WP_048169998.1,1,94.898,824927,ATG,824927,ATG,現行アノテーションを支持
MA_RS03705,MA_0708,825331,ATG,False,0,stop_codon,825331,ATG,55.52,True,WP_048170001.1,1,96.413,825331,ATG,825331,ATG,現行アノテーションを支持
MA_RS03710,MA_0709,826637,ATG,False,0,stop_codon,826637,ATG,1.1,False,WP_048170003.1,9,92.394,826637,ATG,826637,ATG,現行アノテーションを支持
MA_RS03715,MA_0710,829517,ATG,False,0,stop_codon,829517,ATG,1.3,False,WP_048170005.1,1,90.141,829517,ATG,829517,ATG,現行アノテーションを支持
MA_RS03725,MA_0711,830638,ATG,False,0,stop_codon,830638,ATG,1.21,False,WP_048170007.1,1,94.536,830638,ATG,830638,ATG,現行アノテーションを支持
MA_RS03730,MA_0712,831018,TTG,False,0,neighbor_gene,831018,TTG,1.14,False,WP_048170010.1,1,88.889,831018,TTG,831018,TTG,現行アノテーションを支持
MA_RS03735,MA_0713,832241,ATG,False,0,stop_codon,832241,ATG,53.52,True,WP_048170012.1,1,94.5,832241,ATG,832241,ATG,現行アノテーションを支持
MA_RS03740,MA_0714,832366,ATG,False,2,stop_codon,832300,TTG,53.01,True,WP_048170014.1,23,95.44,832300,TTG,832300,TTG,高確信度: 上流への延長を提案(RNA-seq・BLAST一致)
MA_RS03745,MA_0715,833678,ATG,False,0,stop_codon,833678,ATG,1.9,False,WP_048170016.1,1,91.884,833678,ATG,833678,ATG,現行アノテーションを支持
MA_RS03755,MA_0717,836209,ATG,False,0,stop_codon,836209,ATG,0.87,False,WP_048039122.1,1,88.36,836209,ATG,836209,ATG,現行アノテーションを支持
MA_RS03760,MA_0718,836759,ATG,False,0,stop_codon,836759,ATG,0.88,False,WP_048170020.1,1,97.612,836759,ATG,836759,ATG,現行アノテーションを支持
MA_RS03765,MA_0719,837898,ATG,False,0,stop_codon,837898,ATG,1.08,False,WP_048170022.1,1,94.388,837898,ATG,837898,ATG,現行アノテーションを支持
MA_RS03770,MA_0720,839119,ATG,False,0,stop_codon,839119,ATG,1.22,False,WP_048141959.1,1,83.025,839119,ATG,839119,ATG,現行アノテーションを支持
MA_RS03775,MA_0721,840172,ATG,False,0,stop_codon,840172,ATG,0.95,False,WP_048170026.1,1,95.652,840172,ATG,840172,ATG,現行アノテーションを支持
MA_RS03780,MA_0722,840784,ATG,False,0,stop_codon,840784,ATG,1.02,False,WP_048170028.1,1,97.668,840784,ATG,840784,ATG,現行アノテーションを支持
MA_RS03785,MA_0723,842642,ATG,False,0,stop_codon,842642,ATG,1.26,False,WP_048170033.1,1,97.321,842642,ATG,842642,ATG,現行アノテーションを支持
MA_RS03790,MA_0724,843354,ATG,False,2,stop_codon,843414,TTG,1.26,False,WP_048170035.1,21,92.424,843414,TTG,843414,TTG,中確信度: 上流への延長の可能性(片方の証拠のみ)
MA_RS03795,MA_0725,843681,ATG,False,0,stop_codon,843681,ATG,5.84,True,WP_048170037.1,1,96.175,843681,ATG,843681,ATG,現行アノテーションを支持
MA_RS03800,MA_0726,845669,ATG,False,0,stop_codon,845669,ATG,1.31,False,WP_048170038.1,1,95.952,845669,ATG,845669,ATG,現行アノテーションを支持
MA_RS03805,MA_0727,847893,TTG,False,0,neighbor_gene,847893,TTG,1.5,False,WP_048170040.1,1,93.412,847893,TTG,847893,TTG,現行アノテーションを支持
MA_RS03810,MA_0728,849730,ATG,False,2,stop_codon,849730,ATG,1.06,False,WP_197080332.1,26,93.621,849805,ATG,849805,ATG,中確信度: 上流への延長の可能性(片方の証拠のみ)
MA_RS03820,MA_0729,850568,ATG,False,1,stop_codon,850568,ATG,17.22,True,WP_011034842.1,5,90.441,850580,ATG,850580,ATG,中確信度: 上流への延長の可能性(片方の証拠のみ)
MA_RS03825,MA_0730,851268,ATG,False,0,stop_codon,851268,ATG,1.09,False,WP_158024091.1,1,78.409,851268,ATG,851268,ATG,現行アノテーションを支持
MA_RS03830,MA_0731,851687,ATG,False,0,stop_codon,851687,ATG,1.22,False,WP_048139367.1,1,89.412,851687,ATG,851687,ATG,現行アノテーションを支持
MA_RS29620,,853438,ATG,False,0,stop_codon,853438,ATG,0.87,False,WP_048139369.1,1,79.31,853438,ATG,853438,ATG,現行アノテーションを支持
MA_RS28350,MA_0733,853879,ATG,False,0,stop_codon,853879,ATG,0.82,False,WP_048139369.1,1,80.597,853879,ATG,853879,ATG,現行アノテーションを支持
MA_RS03845,MA_0734,854297,ATG,False,2,neighbor_gene,854234,GTG,2.21,False,WP_052725502.1,1,77.253,854222,GTG,854222,GTG,中確信度: 上流への延長の可能性(片方の証拠のみ)
MA_RS03850,MA_0735,855461,ATG,False,1,stop_codon,855461,ATG,3.09,True,WP_082088867.1,7,95.0,855494,GTG,855494,GTG,中確信度: 上流への延長の可能性(片方の証拠のみ)
MA_RS03855,MA_0736,855803,ATG,False,0,stop_codon,855803,ATG,4.1,True,WP_052721499.1,1,96.018,855803,ATG,855803,ATG,現行アノテーションを支持
MA_RS28140,,856798,ATG,False,0,stop_codon,856798,ATG,1.31,False,WP_048170042.1,1,85.088,856798,ATG,856798,ATG,現行アノテーションを支持
MA_RS03870,MA_0739,859521,ATG,False,1,stop_codon,859557,TTG,1.33,False,WP_048170044.1,21,94.472,859557,TTG,859557,TTG,中確信度: 上流への延長の可能性(片方の証拠のみ)
MA_RS03875,MA_0740,860394,GTG,False,0,stop_codon,860394,GTG,1.67,False,WP_048170046.1,1,93.401,860394,GTG,860394,GTG,現行アノテーションを支持
MA_RS26500,,860878,ATG,False,0,stop_codon,860878,ATG,1.29,False,,,,,,860878,ATG,現行アノテーションを支持
MA_RS28355,,862620,ATG,False,0,stop_codon,862620,ATG,1.07,False,WP_048174481.1,1,95.833,862620,ATG,862620,ATG,現行アノテーションを支持
MA_RS28360,,862829,GTG,False,0,stop_codon,862829,GTG,1.4,False,WP_048174481.1,4,88.889,862829,GTG,862829,GTG,現行アノテーションを支持
MA_RS03885,MA_0743,863532,TTG,False,1,stop_codon,863532,TTG,2.56,False,WP_231590397.1,42,90.968,863655,GTG,863655,GTG,中確信度: 上流への延長の可能性(片方の証拠のみ)
MA_RS03890,MA_0744,864677,ATG,False,0,stop_codon,864677,ATG,1.24,False,WP_231590398.1,19,92.157,864677,ATG,864677,ATG,現行アノテーションを支持
MA_RS03895,MA_0745,864913,GTG,False,0,stop_codon,864913,GTG,1.29,False,,,,,,864913,GTG,現行アノテーションを支持
MA_RS03900,MA_0746,865857,TTG,False,2,stop_codon,865857,TTG,1.51,False,WP_231590399.1,16,90.441,865812,TTG,865812,TTG,中確信度: 上流への延長の可能性(片方の証拠のみ)
MA_RS03905,MA_0747,867484,ATG,False,0,stop_codon,867484,ATG,15.61,True,WP_011033782.1,1,67.771,867484,ATG,867484,ATG,現行アノテーションを支持
MA_RS03910,MA_0748,867686,ATG,False,3,stop_codon,867686,ATG,4.9,True,WP_048174482.1,39,92.386,867572,GTG,867572,GTG,中確信度: 上流への延長の可能性(片方の証拠のみ)
MA_RS03915,MA_0749,868435,ATG,False,1,stop_codon,868426,GTG,2.11,False,WP_048170054.1,4,93.446,868426,GTG,868426,GTG,中確信度: 上流への延長の可能性(片方の証拠のみ)
MA_RS03920,MA_0750,870740,ATG,False,0,stop_codon,870740,ATG,2.42,False,WP_048170057.1,1,92.58,870740,ATG,870740,ATG,現行アノテーションを支持
MA_RS03925,MA_0751,871621,ATG,False,1,stop_codon,871621,ATG,1.18,False,WP_048170059.1,39,70.073,871507,ATG,871507,ATG,中確信度: 上流への延長の可能性(片方の証拠のみ)
MA_RS03930,MA_0752,872268,ATG,False,0,stop_codon,872268,ATG,2.31,False,WP_048170061.1,1,97.039,872268,ATG,872268,ATG,現行アノテーションを支持
MA_RS03935,MA_0753,873486,GTG,False,2,stop_codon,873477,GTG,4.15,True,WP_231590400.1,76,66.154,873465,TTG,,,要確認: RNA-seqとBLASTが異なる候補を支持
MA_RS26505,,874617,TTG,False,0,stop_codon,874617,TTG,1.24,False,,,,,,874617,TTG,現行アノテーションを支持
MA_RS03940,MA_0754,874642,ATG,False,0,stop_codon,874642,ATG,0.88,False,,,,,,874642,ATG,現行アノテーションを支持
MA_RS03945,MA_0755,875043,ATG,False,0,stop_codon,875043,ATG,0.95,False,,,,,,875043,ATG,現行アノテーションを支持
MA_RS28365,,875876,GTG,False,0,neighbor_gene,875876,GTG,0.7,False,,,,,,875876,GTG,現行アノテーションを支持
MA_RS27845,,876190,GTG,False,0,stop_codon,876190,GTG,1.61,False,,,,,,876190,GTG,現行アノテーションを支持
MA_RS03955,MA_0757,876714,ATG,False,0,stop_codon,876714,ATG,1.51,False,WP_048170069.1,1,85.211,876714,ATG,876714,ATG,現行アノテーションを支持
MA_RS03960,MA_0758,877867,ATG,False,0,stop_codon,877867,ATG,1.39,False,WP_048170070.1,1,83.73,877867,ATG,877867,ATG,現行アノテーションを支持
MA_RS03965,MA_0759,881428,ATG,False,0,stop_codon,881428,ATG,1.83,False,WP_048122219.1,537,67.112,881428,ATG,881428,ATG,現行アノテーションを支持
MA_RS03975,MA_0760,885884,ATG,False,0,stop_codon,885884,ATG,1.04,False,WP_048170071.1,1,95.499,885884,ATG,885884,ATG,現行アノテーションを支持
MA_RS03980,MA_0761,887894,ATG,False,1,stop_codon,887882,GTG,2.38,False,WP_048174484.1,5,95.818,887882,GTG,887882,GTG,中確信度: 上流への延長の可能性(片方の証拠のみ)
MA_RS03985,MA_0762,890046,ATG,False,0,stop_codon,890046,ATG,2.7,False,WP_048170075.1,1,96.859,890046,ATG,890046,ATG,現行アノテーションを支持
MA_RS03990,MA_0763,896812,ATG,False,1,stop_codon,896848,ATG,15.53,True,WP_048156261.1,13,73.127,896848,ATG,896848,ATG,高確信度: 上流への延長を提案(RNA-seq・BLAST一致)
MA_RS03995,MA_0764,897256,TTG,False,2,stop_codon,897241,ATG,37.08,True,WP_230633283.1,3,87.368,897175,TTG,,,要確認: RNA-seqとBLASTが異なる候補を支持
MA_RS04000,MA_0765,897465,ATG,False,0,stop_codon,897465,ATG,0.87,False,WP_011033857.1,1,96.104,897465,ATG,897465,ATG,現行アノテーションを支持
MA_RS04005,MA_0766,897937,ATG,False,0,stop_codon,897937,ATG,2.72,False,WP_048170080.1,1,96.907,897937,ATG,897937,ATG,現行アノテーションを支持
MA_RS04010,MA_0767,898230,ATG,False,0,stop_codon,898230,ATG,1.03,False,WP_048156272.1,1,78.261,898230,ATG,898230,ATG,現行アノテーションを支持
MA_RS04015,MA_0768,898820,ATG,False,1,stop_codon,898814,GTG,2.53,False,WP_048170082.1,3,93.452,898814,GTG,898814,GTG,中確信度: 上流への延長の可能性(片方の証拠のみ)
MA_RS04020,MA_0769,900142,ATG,False,0,stop_codon,900142,ATG,1.47,False,WP_048170084.1,1,93.307,900142,ATG,900142,ATG,現行アノテーションを支持
MA_RS28370,,900424,ATG,False,1,stop_codon,900367,TTG,1.82,False,WP_239450996.1,41,61.404,900367,TTG,900367,TTG,中確信度: 上流への延長の可能性(片方の証拠のみ)
MA_RS04025,MA_0770,900679,GTG,False,0,neighbor_gene,900679,GTG,1.04,False,WP_232316244.1,3,67.249,900679,GTG,900679,GTG,現行アノテーションを支持
MA_RS04030,MA_0771,902511,ATG,False,1,stop_codon,902556,TTG,3.31,True,WP_048121714.1,19,28.614,902556,TTG,902556,TTG,高確信度: 上流への延長を提案(RNA-seq・BLAST一致)
MA_RS29700,,903121,CTG,True,0,stop_codon,903121,CTG,1.05,False,WP_052712925.1,1,43.478,903121,CTG,903121,CTG,現行アノテーションを支持
MA_RS26515,,903333,ATG,False,0,stop_codon,903333,ATG,2.17,False,WP_052712925.1,1,53.846,903333,ATG,903333,ATG,現行アノテーションを支持
MA_RS04040,MA_0772,904126,ATG,False,0,stop_codon,904126,ATG,1.29,False,WP_048170087.1,1,82.308,904126,ATG,904126,ATG,現行アノテーションを支持
MA_RS04045,MA_0773,905556,ATG,False,0,stop_codon,905556,ATG,0.62,False,WP_048170093.1,1,92.88,905556,ATG,905556,ATG,現行アノテーションを支持
MA_RS04050,MA_0774,906128,TTG,False,0,stop_codon,906128,TTG,2.69,False,WP_148704867.1,1,82.353,906128,TTG,906128,TTG,現行アノテーションを支持
MA_RS04055,MA_0775,907094,ATG,False,0,stop_codon,907094,ATG,6.7,True,WP_048170097.1,1,92.179,907094,ATG,907094,ATG,現行アノテーションを支持
MA_RS04060,MA_0776,907759,ATG,False,0,stop_codon,907759,ATG,0.91,False,WP_048170099.1,1,90.598,907759,ATG,907759,ATG,現行アノテーションを支持
MA_RS27855,,909054,GTG,False,1,stop_codon,909021,ATG,8.33,True,,,,,,909021,ATG,中確信度: 上流への延長の可能性(片方の証拠のみ)
MA_RS04070,MA_0777,910007,ATG,False,1,stop_codon,910007,ATG,1.07,False,WP_048170104.1,4,95.567,909998,TTG,909998,TTG,中確信度: 上流への延長の可能性(片方の証拠のみ)
MA_RS04075,MA_0778,911995,ATG,False,1,stop_codon,912076,GTG,13.16,True,WP_048141847.1,23,73.913,912076,GTG,912076,GTG,高確信度: 上流への延長を提案(RNA-seq・BLAST一致)
MA_RS26525,,912111,ATG,False,0,stop_codon,912111,ATG,2.79,False,WP_048170106.1,1,82.353,912111,ATG,912111,ATG,現行アノテーションを支持
MA_RS04080,MA_0779,912278,ATG,False,1,stop_codon,912263,ATG,3.09,True,WP_048170108.1,6,95.894,912263,ATG,912263,ATG,高確信度: 上流への延長を提案(RNA-seq・BLAST一致)
MA_RS04085,MA_0780,914269,ATG,False,0,stop_codon,914269,ATG,0.83,False,WP_048170110.1,1,91.975,914269,ATG,914269,ATG,現行アノテーションを支持
MA_RS04090,MA_0781,914377,ATG,False,0,stop_codon,914377,ATG,1.61,False,WP_048170113.1,1,86.008,914377,ATG,914377,ATG,現行アノテーションを支持
MA_RS04095,MA_0782,916171,ATG,False,0,stop_codon,916171,ATG,1.07,False,WP_048170115.1,1,88.112,916171,ATG,916171,ATG,現行アノテーションを支持
MA_RS04100,MA_0783,917382,TTG,False,0,stop_codon,917382,TTG,0.88,False,WP_048170117.1,1,95.467,917382,TTG,917382,TTG,現行アノテーションを支持
MA_RS04105,MA_0784,918232,ATG,False,0,stop_codon,918232,ATG,1.01,False,WP_048170119.1,1,90.722,918232,ATG,918232,ATG,現行アノテーションを支持
MA_RS28375,,918656,ATG,False,0,stop_codon,918656,ATG,1.23,False,WP_048170121.1,1,73.438,918656,ATG,918656,ATG,現行アノテーションを支持
MA_RS04115,MA_0787,919641,ATC,True,0,stop_codon,919641,ATC,1.0,False,WP_048170125.1,1,94.393,919641,ATC,919641,ATC,現行アノテーションを支持
MA_RS04125,MA_0790,921378,ATG,False,1,stop_codon,921378,ATG,7.08,True,WP_048170131.1,17,93.939,921330,ATG,921330,ATG,中確信度: 上流への延長の可能性(片方の証拠のみ)
MA_RS04130,MA_0791,922460,TTG,False,2,stop_codon,922313,TTG,0.94,False,WP_048141834.1,75,63.14,922313,TTG,922313,TTG,中確信度: 上流への延長の可能性(片方の証拠のみ)
MA_RS04135,MA_0792,924438,ATG,False,1,neighbor_gene,924438,ATG,1.29,False,WP_048170134.1,11,93.498,924468,ATG,924468,ATG,中確信度: 上流への延長の可能性(片方の証拠のみ)
MA_RS04140,MA_0793,925478,TTG,False,1,stop_codon,925478,TTG,0.9,False,WP_048170136.1,1,89.213,925502,GTG,925502,GTG,中確信度: 上流への延長の可能性(片方の証拠のみ)
MA_RS04145,MA_0794,926740,ATG,False,0,stop_codon,926740,ATG,1.02,False,WP_048170138.1,1,93.438,926740,ATG,926740,ATG,現行アノテーションを支持
MA_RS04150,MA_0795,926962,ATG,False,0,stop_codon,926962,ATG,116.17,True,WP_048141830.1,1,82.201,926962,ATG,926962,ATG,現行アノテーションを支持
MA_RS04155,MA_0796,928416,ATG,False,0,stop_codon,928416,ATG,1.23,False,WP_048141828.1,1,98.131,928416,ATG,928416,ATG,現行アノテーションを支持
MA_RS04160,MA_0797,929260,ATG,False,3,stop_codon,929347,TTG,1.02,False,WP_048170145.1,30,92.437,929347,TTG,929347,TTG,中確信度: 上流への延長の可能性(片方の証拠のみ)
MA_RS04165,MA_0798,930365,ATG,False,0,stop_codon,930365,ATG,1.0,False,WP_048170147.1,1,91.489,930365,ATG,930365,ATG,現行アノテーションを支持
MA_RS04170,MA_0799,931303,TTG,False,0,stop_codon,931303,TTG,1.43,False,WP_156158782.1,1,90.741,931303,TTG,931303,TTG,現行アノテーションを支持
MA_RS04175,MA_0800,933719,GTG,False,1,stop_codon,933815,ATG,9.93,True,WP_231590402.1,15,90.272,933815,ATG,933815,ATG,高確信度: 上流への延長を提案(RNA-seq・BLAST一致)
MA_RS04180,MA_0802,934184,ATG,False,1,stop_codon,934184,ATG,63.84,True,WP_048141817.1,14,95.96,934145,GTG,934145,GTG,中確信度: 上流への延長の可能性(片方の証拠のみ)
MA_RS04185,MA_0803,935609,ATG,False,0,stop_codon,935609,ATG,1.12,False,WP_048170157.1,1,92.042,935609,ATG,935609,ATG,現行アノテーションを支持
MA_RS26530,,936863,TTG,False,0,stop_codon,936863,TTG,1.08,False,WP_048170159.1,21,78.788,936863,TTG,936863,TTG,現行アノテーションを支持
MA_RS04190,MA_0804,937708,ATG,False,2,stop_codon,937750,GTG,2.09,False,WP_048170161.1,15,90.043,937750,GTG,937750,GTG,中確信度: 上流への延長の可能性(片方の証拠のみ)
MA_RS04195,,938292,ATG,False,0,stop_codon,938292,ATG,0.98,False,WP_231590403.1,1,91.111,938292,ATG,938292,ATG,現行アノテーションを支持
MA_RS04200,MA_0805,939161,ATG,False,1,stop_codon,939146,ATG,24.0,True,WP_048141810.1,6,86.082,939146,ATG,939146,ATG,高確信度: 上流への延長を提案(RNA-seq・BLAST一致)
MA_RS04205,MA_0806,941194,ATG,False,0,stop_codon,941194,ATG,1.0,False,WP_082089415.1,5,76.494,941194,ATG,941194,ATG,現行アノテーションを支持
MA_RS04210,MA_0807,941909,ATG,False,0,stop_codon,941909,ATG,0.85,False,WP_048174486.1,1,98.182,941909,ATG,941909,ATG,現行アノテーションを支持
MA_RS04215,MA_0808,943120,ATG,False,0,stop_codon,943120,ATG,1.08,False,WP_048170162.1,1,96.094,943120,ATG,943120,ATG,現行アノテーションを支持
MA_RS04220,MA_0809,943707,ATG,False,0,neighbor_gene,943707,ATG,0.76,False,WP_048170163.1,1,98.561,943707,ATG,943707,ATG,現行アノテーションを支持
MA_RS04225,MA_0810,943954,TTG,False,0,stop_codon,943954,TTG,1.06,False,WP_048170165.1,1,96.0,943954,TTG,943954,TTG,現行アノテーションを支持
MA_RS04230,MA_0811,944560,ATG,False,1,stop_codon,944560,ATG,1.25,False,WP_048170167.1,12,93.525,944593,GTG,944593,GTG,中確信度: 上流への延長の可能性(片方の証拠のみ)
MA_RS04235,MA_0812,944933,TTG,False,0,stop_codon,944933,TTG,1.41,False,WP_048141800.1,1,82.759,944933,TTG,944933,TTG,現行アノテーションを支持
MA_RS04240,MA_0813,947916,ATG,False,1,stop_codon,947916,ATG,0.86,False,WP_231590405.1,163,86.286,947937,GTG,947937,GTG,中確信度: 上流への延長の可能性(片方の証拠のみ)
MA_RS26535,,948390,TTG,False,0,stop_codon,948390,TTG,1.8,False,,,,,,948390,TTG,現行アノテーションを支持
MA_RS04245,MA_0814,950003,ATG,False,1,stop_codon,950012,GTG,2.5,False,WP_048170173.1,4,94.103,950012,GTG,950012,GTG,中確信度: 上流への延長の可能性(片方の証拠のみ)
MA_RS04250,MA_0815,951132,ATG,False,0,stop_codon,951132,ATG,1.44,False,WP_048170176.1,1,95.899,951132,ATG,951132,ATG,現行アノテーションを支持
MA_RS29705,MA_0816,951449,ATG,False,0,neighbor_gene,951449,ATG,1.44,False,WP_011033896.1,1,80.435,951449,ATG,951449,ATG,現行アノテーションを支持
MA_RS29710,MA_0817,951902,ATG,False,0,stop_codon,951902,ATG,1.25,False,WP_048141792.1,1,93.617,951902,ATG,951902,ATG,現行アノテーションを支持
MA_RS04260,MA_0818,952180,ATG,False,0,stop_codon,952180,ATG,2.5,False,WP_011020862.1,1,100.0,952180,ATG,952180,ATG,現行アノテーションを支持
MA_RS04265,MA_0819,953983,ATG,False,0,stop_codon,953983,ATG,0.85,False,WP_048170182.1,1,93.811,953983,ATG,953983,ATG,現行アノテーションを支持
MA_RS04270,MA_0820,954420,ATG,False,0,stop_codon,954420,ATG,8.31,True,WP_048170184.1,1,99.598,954420,ATG,954420,ATG,現行アノテーションを支持
MA_RS04275,MA_0821,955395,ATG,False,0,stop_codon,955395,ATG,1.08,False,WP_048170187.1,1,92.276,955395,ATG,955395,ATG,現行アノテーションを支持
MA_RS04285,MA_0822,956440,ATG,False,0,stop_codon,956440,ATG,5.39,True,WP_048174487.1,1,97.222,956440,ATG,956440,ATG,現行アノテーションを支持
MA_RS04290,MA_0823,958709,ATG,False,1,stop_codon,958709,ATG,1.15,False,WP_048170189.1,11,92.903,958739,ATG,958739,ATG,中確信度: 上流への延長の可能性(片方の証拠のみ)
MA_RS04295,MA_0824,959244,ATG,False,0,stop_codon,959244,ATG,2.17,False,WP_048170190.1,1,95.679,959244,ATG,959244,ATG,現行アノテーションを支持
MA_RS04300,,960123,ATG,False,1,stop_codon,960132,GTG,1.79,False,WP_011033905.1,4,96.183,960132,GTG,960132,GTG,中確信度: 上流への延長の可能性(片方の証拠のみ)
MA_RS04305,MA_0826,963212,ATG,False,0,stop_codon,963212,ATG,0.92,False,WP_048170192.1,1,96.527,963212,ATG,963212,ATG,現行アノテーションを支持
MA_RS04310,MA_0827,964304,TTG,False,0,stop_codon,964304,TTG,3.14,True,WP_048170194.1,1,97.382,964304,TTG,964304,TTG,現行アノテーションを支持
MA_RS04320,MA_0829,965341,ATG,False,0,stop_codon,965341,ATG,1.24,False,WP_048170195.1,1,88.707,965341,ATG,965341,ATG,現行アノテーションを支持
MA_RS04325,MA_0830,967529,ATG,False,0,stop_codon,967529,ATG,1.16,False,WP_048170197.1,1,90.674,967529,ATG,967529,ATG,現行アノテーションを支持
MA_RS04330,MA_0831,968396,ATG,False,0,stop_codon,968396,ATG,0.98,False,WP_048172680.1,42,33.621,968396,ATG,968396,ATG,現行アノテーションを支持
MA_RS04335,MA_0832,970507,ATG,False,0,neighbor_gene,970507,ATG,0.9,False,WP_011033910.1,1,92.063,970507,ATG,970507,ATG,現行アノテーションを支持
MA_RS04340,MA_0833,972226,ATG,False,0,neighbor_gene,972226,ATG,0.7,False,WP_048170201.1,1,96.853,972226,ATG,972226,ATG,現行アノテーションを支持
MA_RS04345,MA_0834,973532,ATG,False,0,stop_codon,973532,ATG,0.8,False,WP_011033912.1,1,96.074,973532,ATG,973532,ATG,現行アノテーションを支持
MA_RS04350,MA_0835,973993,ATG,False,0,stop_codon,973993,ATG,1.11,False,WP_048170204.1,1,96.063,973993,ATG,973993,ATG,現行アノテーションを支持
MA_RS04365,MA_0837,976697,ATG,False,0,stop_codon,976697,ATG,1.03,False,WP_048172513.1,21,32.609,976697,ATG,976697,ATG,現行アノテーションを支持
MA_RS04370,MA_0838,977515,ATG,False,3,stop_codon,977515,ATG,1.41,False,WP_048174730.1,63,41.538,977530,TTG,977530,TTG,中確信度: 上流への延長の可能性(片方の証拠のみ)
MA_RS04380,MA_0840,979079,ATG,False,0,stop_codon,979079,ATG,1.63,False,WP_048170206.1,1,96.625,979079,ATG,979079,ATG,現行アノテーションを支持
MA_RS04385,MA_0841,980748,ATG,False,3,stop_codon,980748,ATG,0.87,False,WP_048170208.1,17,92.657,980700,ATG,980700,ATG,中確信度: 上流への延長の可能性(片方の証拠のみ)
MA_RS04390,MA_0842,981636,ATG,False,0,neighbor_gene,981636,ATG,1.4,False,WP_048170210.1,1,96.012,981636,ATG,981636,ATG,現行アノテーションを支持
MA_RS04395,MA_0843,982633,ATG,False,0,neighbor_gene,982633,ATG,1.03,False,WP_048120112.1,1,89.937,982633,ATG,982633,ATG,現行アノテーションを支持
MA_RS04400,MA_0844,983574,ATG,False,0,neighbor_gene,983574,ATG,1.13,False,WP_048170214.1,1,96.335,983574,ATG,983574,ATG,現行アノテーションを支持
MA_RS04405,MA_0845,985457,ATG,False,2,stop_codon,985448,TTG,1.41,False,WP_048174489.1,7,97.879,985439,TTG,985439,TTG,中確信度: 上流への延長の可能性(片方の証拠のみ)
MA_RS04410,MA_0846,986446,ATG,False,0,stop_codon,986446,ATG,0.95,False,WP_048170216.1,1,96.85,986446,ATG,986446,ATG,現行アノテーションを支持
MA_RS04415,MA_0847,987383,ATG,False,1,stop_codon,987383,ATG,3.0,False,WP_048170218.1,36,96.369,987278,ATG,987278,ATG,中確信度: 上流への延長の可能性(片方の証拠のみ)
MA_RS04420,MA_0848,989232,GTG,False,0,stop_codon,989232,GTG,0.9,False,WP_048170220.1,30,80.132,989232,GTG,989232,GTG,現行アノテーションを支持
MA_RS04425,MA_0849,990883,ATG,False,0,stop_codon,990883,ATG,0.9,False,WP_048174490.1,1,93.428,990883,ATG,990883,ATG,現行アノテーションを支持
MA_RS28380,MA_0850,998273,ATG,False,0,stop_codon,998273,ATG,1.02,False,WP_048173608.1,987,45.608,998273,ATG,998273,ATG,現行アノテーションを支持
MA_RS29290,MA_0851,1006981,ATG,False,0,stop_codon,1006981,ATG,1.06,False,WP_048173608.1,985,89.359,1006981,ATG,1006981,ATG,現行アノテーションを支持
MA_RS04440,MA_0852,1008478,ATG,False,0,stop_codon,1008478,ATG,1.04,False,,,,,,1008478,ATG,現行アノテーションを支持
MA_RS04445,MA_0853,1009398,ATG,False,1,stop_codon,1009419,TTG,5.24,True,WP_239451004.1,12,40.654,1009419,TTG,1009419,TTG,高確信度: 上流への延長を提案(RNA-seq・BLAST一致)
MA_RS04450,MA_0854,1009640,ATG,False,2,stop_codon,1009640,ATG,0.99,False,WP_052730707.1,21,80.723,1009601,GTG,1009601,GTG,中確信度: 上流への延長の可能性(片方の証拠のみ)
MA_RS04460,MA_0856,1013631,ATG,False,0,stop_codon,1013631,ATG,0.83,False,WP_048170224.1,1,92.098,1013631,ATG,1013631,ATG,現行アノテーションを支持
MA_RS04465,MA_0857,1015928,ATG,False,0,stop_codon,1015928,ATG,1.49,False,WP_048170225.1,1,94.953,1015928,ATG,1015928,ATG,現行アノテーションを支持
MA_RS04470,MA_0858,1018281,ATG,False,1,stop_codon,1018281,ATG,0.9,False,WP_048170226.1,7,96.894,1018299,TTG,1018299,TTG,中確信度: 上流への延長の可能性(片方の証拠のみ)
MA_RS04475,MA_0859,1020910,ATG,False,2,stop_codon,1020925,TTG,1.4,False,WP_048170227.1,7,97.003,1020928,ATG,1020928,ATG,中確信度: 上流への延長の可能性(片方の証拠のみ)
MA_RS04480,MA_0860,1021409,TTG,False,0,stop_codon,1021409,TTG,3.58,True,WP_156158784.1,5,73.718,1021409,TTG,1021409,TTG,現行アノテーションを支持
MA_RS04485,MA_0861,1021908,ATG,False,0,neighbor_gene,1021908,ATG,0.71,False,WP_048170233.1,9,60.403,1021908,ATG,1021908,ATG,現行アノテーションを支持
MA_RS04490,MA_0862,1024522,ATG,False,0,stop_codon,1024522,ATG,1.04,False,WP_048170235.1,1,97.358,1024522,ATG,1024522,ATG,現行アノテーションを支持
MA_RS04495,MA_0863,1026891,GTG,False,0,neighbor_gene,1026891,GTG,1.0,False,WP_231590407.1,37,93.548,1026891,GTG,1026891,GTG,現行アノテーションを支持
MA_RS28395,MA_0864,1027569,ATG,False,0,stop_codon,1027569,ATG,1.25,False,WP_231590408.1,1,92.093,1027569,ATG,1027569,ATG,現行アノテーションを支持
MA_RS04510,MA_0866,1028464,ATT,True,0,stop_codon,1028464,ATT,2.85,False,WP_082088873.1,1,98.204,1028464,ATT,1028464,ATT,現行アノテーションを支持
MA_RS04515,MA_0867,1030539,ATG,False,0,stop_codon,1030539,ATG,0.94,False,WP_048170239.1,2,98.374,1030539,ATG,1030539,ATG,現行アノテーションを支持
MA_RS04520,MA_0868,1031306,GTG,False,0,stop_codon,1031306,GTG,1.18,False,WP_048170241.1,1,97.647,1031306,GTG,1031306,GTG,現行アノテーションを支持
MA_RS04525,MA_0869,1032196,ATG,False,0,stop_codon,1032196,ATG,1.01,False,WP_048170243.1,1,97.98,1032196,ATG,1032196,ATG,現行アノテーションを支持
MA_RS04530,MA_0870,1034123,ATG,False,1,neighbor_gene,1034147,TTG,1.0,False,WP_156158785.1,9,86.256,1034147,TTG,1034147,TTG,中確信度: 上流への延長の可能性(片方の証拠のみ)
MA_RS04535,MA_0871,1035734,ATG,False,0,neighbor_gene,1035734,ATG,0.72,False,WP_048174493.1,1,96.762,1035734,ATG,1035734,ATG,現行アノテーションを支持
MA_RS04540,MA_0872,1039659,ATG,False,0,neighbor_gene,1039659,ATG,0.95,False,WP_048170246.1,1,94.393,1039659,ATG,1039659,ATG,現行アノテーションを支持
MA_RS04545,MA_0873,1041381,ATG,False,0,neighbor_gene,1041381,ATG,0.8,False,WP_048170249.1,1,95.263,1041381,ATG,1041381,ATG,現行アノテーションを支持
MA_RS04550,MA_0874,1042909,ATG,False,0,neighbor_gene,1042909,ATG,0.79,False,WP_048170251.1,1,87.574,1042909,ATG,1042909,ATG,現行アノテーションを支持
MA_RS04555,MA_0875,1043542,ATG,False,0,stop_codon,1043542,ATG,40.21,True,WP_048170253.1,1,82.741,1043542,ATG,1043542,ATG,現行アノテーションを支持
MA_RS04560,MA_0876,1043905,ATG,False,0,stop_codon,1043905,ATG,4.45,True,WP_048170255.1,1,93.333,1043905,ATG,1043905,ATG,現行アノテーションを支持
MA_RS04565,MA_0877,1045683,ATG,False,0,stop_codon,1045683,ATG,0.87,False,WP_048170257.1,1,96.165,1045683,ATG,1045683,ATG,現行アノテーションを支持
MA_RS04570,MA_0878,1048803,ATG,False,0,stop_codon,1048803,ATG,1.11,False,WP_048170258.1,1,93.824,1048803,ATG,1048803,ATG,現行アノテーションを支持
MA_RS04575,MA_0879,1049737,ATG,False,0,stop_codon,1049737,ATG,0.93,False,WP_048170261.1,1,95.847,1049737,ATG,1049737,ATG,現行アノテーションを支持
MA_RS04580,MA_0880,1050588,TTG,False,0,stop_codon,1050588,TTG,0.92,False,WP_231590409.1,1,94.718,1050588,TTG,1050588,TTG,現行アノテーションを支持
MA_RS04590,,1051929,ATG,False,0,stop_codon,1051929,ATG,0.95,False,WP_048170267.1,1,87.368,1051929,ATG,1051929,ATG,現行アノテーションを支持
MA_RS04595,MA_0882,1055828,ATG,False,0,neighbor_gene,1055828,ATG,1.25,False,WP_048170269.1,1,96.077,1055828,ATG,1055828,ATG,現行アノテーションを支持
MA_RS04600,MA_0883,1057406,ATG,False,0,stop_codon,1057406,ATG,1.02,False,WP_048170271.1,1,93.13,1057406,ATG,1057406,ATG,現行アノテーションを支持
MA_RS04605,MA_0884,1058343,ATG,False,2,stop_codon,1058322,GTG,1.26,False,WP_052721506.1,8,93.38,1058322,GTG,1058322,GTG,中確信度: 上流への延長の可能性(片方の証拠のみ)
MA_RS04610,MA_0885,1060666,ATG,False,0,stop_codon,1060666,ATG,4.87,True,WP_048170273.1,1,93.262,1060666,ATG,1060666,ATG,現行アノテーションを支持
MA_RS04615,MA_0886,1063818,TTG,False,0,stop_codon,1063818,TTG,0.84,False,,,,,,1063818,TTG,現行アノテーションを支持
MA_RS04620,MA_0887,1064522,ATG,False,1,stop_codon,1064492,TTG,3.02,True,WP_048170275.1,11,95.765,1064492,TTG,1064492,TTG,高確信度: 上流への延長を提案(RNA-seq・BLAST一致)
MA_RS04625,MA_0888,1065477,ATG,False,0,neighbor_gene,1065477,ATG,0.67,False,WP_048170277.1,1,96.284,1065477,ATG,1065477,ATG,現行アノテーションを支持
MA_RS04630,MA_0889,1066370,ATG,False,0,neighbor_gene,1066370,ATG,0.72,False,WP_231590410.1,1,93.811,1066370,ATG,1066370,ATG,現行アノテーションを支持
MA_RS04635,MA_0890,1067344,ATG,False,0,stop_codon,1067344,ATG,1.23,False,WP_048170279.1,1,96.899,1067344,ATG,1067344,ATG,現行アノテーションを支持
MA_RS04640,MA_0891,1068127,ATG,False,0,neighbor_gene,1068127,ATG,1.17,False,WP_048174496.1,1,95.833,1068127,ATG,1068127,ATG,現行アノテーションを支持
MA_RS04645,MA_0892,1069061,ATG,False,0,stop_codon,1069061,ATG,0.85,False,WP_048170281.1,1,94.702,1069061,ATG,1069061,ATG,現行アノテーションを支持
MA_RS04650,MA_0893,1071044,ATG,False,0,stop_codon,1071044,ATG,0.86,False,WP_048170284.1,1,96.703,1071044,ATG,1071044,ATG,現行アノテーションを支持
MA_RS04655,MA_0894,1071829,ATG,False,0,neighbor_gene,1071829,ATG,0.85,False,WP_048170286.1,1,94.656,1071829,ATG,1071829,ATG,現行アノテーションを支持
MA_RS04660,MA_0895,1072160,CTG,True,0,stop_codon,1072160,CTG,1.35,False,WP_080929504.1,1,96.33,1072160,CTG,1072160,CTG,現行アノテーションを支持
MA_RS04680,MA_0901,1079521,ATG,False,0,stop_codon,1079521,ATG,1.06,False,WP_048141696.1,1,85.714,1079521,ATG,1079521,ATG,現行アノテーションを支持
MA_RS04685,MA_0902,1080471,ATG,False,0,stop_codon,1080471,ATG,1.06,False,WP_011033947.1,1,96.667,1080471,ATG,1080471,ATG,現行アノテーションを支持
MA_RS04690,MA_0903,1080876,ATG,False,0,stop_codon,1080876,ATG,3.18,True,WP_048170291.1,1,92.381,1080876,ATG,1080876,ATG,現行アノテーションを支持
MA_RS04695,MA_0904,1082313,ATG,False,1,stop_codon,1082313,ATG,4.94,True,WP_048170293.1,4,87.664,1082322,GTG,1082322,GTG,中確信度: 上流への延長の可能性(片方の証拠のみ)
MA_RS04700,MA_0905,1082474,ATG,False,1,stop_codon,1082474,ATG,70.6,True,WP_048170295.1,22,96.206,1082411,ATG,1082411,ATG,中確信度: 上流への延長の可能性(片方の証拠のみ)
MA_RS25080,MA_0906,1085227,GTG,False,0,stop_codon,1085227,GTG,0.93,False,WP_080943658.1,1,42.045,1085227,GTG,1085227,GTG,現行アノテーションを支持
MA_RS27875,MA_0907,1085580,ATG,False,0,stop_codon,1085580,ATG,1.34,False,WP_082089409.1,13,78.652,1085580,ATG,1085580,ATG,現行アノテーションを支持
MA_RS29715,,1085632,GTG,False,0,stop_codon,1085632,GTG,1.54,False,WP_082089409.1,1,79.31,1085632,GTG,1085632,GTG,現行アノテーションを支持
MA_RS04710,MA_0908,1085862,ATG,False,0,stop_codon,1085862,ATG,2.13,False,WP_048170297.1,1,95.0,1085862,ATG,1085862,ATG,現行アノテーションを支持
MA_RS04715,MA_0909,1086700,ATG,False,0,stop_codon,1086700,ATG,4.47,True,WP_048170298.1,1,97.188,1086700,ATG,1086700,ATG,現行アノテーションを支持
MA_RS04720,MA_0910,1088846,ATG,False,1,stop_codon,1088846,ATG,4.06,True,WP_048170301.1,7,91.579,1088837,ATG,1088837,ATG,中確信度: 上流への延長の可能性(片方の証拠のみ)
MA_RS28400,,1089821,ATG,False,0,stop_codon,1089821,ATG,1.44,False,,,,,,1089821,ATG,現行アノテーションを支持
MA_RS04725,MA_0911,1090528,ATG,False,0,neighbor_gene,1090528,ATG,1.31,False,WP_048170303.1,1,89.189,1090528,ATG,1090528,ATG,現行アノテーションを支持
MA_RS04730,MA_0912,1090906,ATG,False,5,stop_codon,1090999,ATG,1.93,False,WP_048170305.1,1,91.772,1091029,TTG,1091029,TTG,中確信度: 上流への延長の可能性(片方の証拠のみ)
MA_RS25085,,1091291,ATG,False,0,stop_codon,1091291,ATG,1.37,False,,,,,,1091291,ATG,現行アノテーションを支持
MA_RS04735,MA_0913,1091615,ATG,False,1,stop_codon,1091615,ATG,1.37,False,WP_048170307.1,6,93.564,1091600,TTG,1091600,TTG,中確信度: 上流への延長の可能性(片方の証拠のみ)
MA_RS04740,MA_0914,1092417,ATG,False,3,stop_codon,1092387,GTG,1.03,False,WP_048170309.1,11,96.396,1092387,GTG,1092387,GTG,中確信度: 上流への延長の可能性(片方の証拠のみ)
MA_RS04745,MA_0915,1095143,ATG,False,0,neighbor_gene,1095143,ATG,1.07,False,WP_048170310.1,1,94.009,1095143,ATG,1095143,ATG,現行アノテーションを支持
MA_RS04750,MA_0916,1095992,ATG,False,0,stop_codon,1095992,ATG,2.23,False,WP_048170312.1,5,93.13,1095992,ATG,1095992,ATG,現行アノテーションを支持
MA_RS04755,MA_0917,1096558,ATG,False,2,stop_codon,1096558,ATG,1.24,False,WP_048170314.1,5,97.606,1096546,GTG,1096546,GTG,中確信度: 上流への延長の可能性(片方の証拠のみ)
MA_RS29295,,1098931,GTG,False,0,neighbor_gene,1098931,GTG,0.94,False,,,,,,1098931,GTG,現行アノテーションを支持
MA_RS04760,MA_0918,1099403,ATG,False,0,stop_codon,1099403,ATG,1.14,False,WP_048170316.1,1,90.345,1099403,ATG,1099403,ATG,現行アノテーションを支持
MA_RS04765,MA_0919,1100187,ATG,False,0,stop_codon,1100187,ATG,1.27,False,WP_048170317.1,1,99.51,1100187,ATG,1100187,ATG,現行アノテーションを支持
MA_RS04770,MA_0920,1100861,ATG,False,1,stop_codon,1100861,ATG,1.23,False,WP_048143610.1,13,93.452,1100897,ATG,1100897,ATG,中確信度: 上流への延長の可能性(片方の証拠のみ)
MA_RS04775,MA_0921,1102056,ATG,False,1,stop_codon,1102089,TTG,3.64,True,WP_048170323.1,12,95.175,1102089,TTG,1102089,TTG,高確信度: 上流への延長を提案(RNA-seq・BLAST一致)
MA_RS04780,MA_0922,1102634,ATG,False,0,stop_codon,1102634,ATG,1.25,False,WP_048170325.1,1,96.296,1102634,ATG,1102634,ATG,現行アノテーションを支持
MA_RS04785,MA_0923,1103181,ATG,False,0,stop_codon,1103181,ATG,1.81,False,WP_048170327.1,1,96.8,1103181,ATG,1103181,ATG,現行アノテーションを支持
MA_RS04790,MA_0924,1103632,ATG,False,2,stop_codon,1103632,ATG,1.21,False,WP_048174498.1,6,97.546,1103617,GTG,1103617,GTG,中確信度: 上流への延長の可能性(片方の証拠のみ)
MA_RS04795,MA_0925,1104205,TTG,False,1,stop_codon,1104205,TTG,1.19,False,WP_048170329.1,9,94.148,1104181,ATG,1104181,ATG,中確信度: 上流への延長の可能性(片方の証拠のみ)
MA_RS04800,MA_0926,1106335,ATG,False,0,stop_codon,1106335,ATG,0.94,False,WP_048170331.1,1,98.496,1106335,ATG,1106335,ATG,現行アノテーションを支持
MA_RS04805,MA_0927,1106736,ATG,False,0,stop_codon,1106736,ATG,3.46,True,WP_048170334.1,1,95.154,1106736,ATG,1106736,ATG,現行アノテーションを支持
MA_RS28045,,1107658,ATG,False,0,neighbor_gene,1107658,ATG,2.44,False,WP_162829136.1,1,89.796,1107658,ATG,1107658,ATG,現行アノテーションを支持
MA_RS04810,MA_0928,1107970,ATG,False,0,stop_codon,1107970,ATG,1.16,False,WP_011033977.1,1,94.898,1107970,ATG,1107970,ATG,現行アノテーションを支持
MA_RS04820,MA_0931,1109794,ATG,False,0,stop_codon,1109794,ATG,0.52,False,WP_048117652.1,1,80.0,1109794,ATG,1109794,ATG,現行アノテーションを支持
MA_RS04845,MA_0934,1113955,ATG,False,0,neighbor_gene,1113955,ATG,0.52,False,WP_048039218.1,1,91.667,1113955,ATG,1113955,ATG,現行アノテーションを支持
MA_RS04850,,1114155,TTG,False,0,stop_codon,1114155,TTG,1.57,False,,,,,,1114155,TTG,現行アノテーションを支持
MA_RS04855,MA_0935,1114790,GTG,False,2,stop_codon,1114799,GTG,1.09,False,WP_315968696.1,6,90.909,1114805,ATG,1114805,ATG,中確信度: 上流への延長の可能性(片方の証拠のみ)
MA_RS04860,MA_0936,1115871,ATG,False,0,neighbor_gene,1115871,ATG,0.94,False,WP_011033986.1,1,95.938,1115871,ATG,1115871,ATG,現行アノテーションを支持
MA_RS04865,MA_0937,1116582,TTG,False,0,stop_codon,1116582,TTG,1.53,False,WP_048170341.1,1,96.596,1116582,TTG,1116582,TTG,現行アノテーションを支持
MA_RS04870,MA_0938,1117239,ATG,False,0,stop_codon,1117239,ATG,0.92,False,WP_048170343.1,1,95.567,1117239,ATG,1117239,ATG,現行アノテーションを支持
MA_RS04875,MA_0939,1118060,ATG,False,0,neighbor_gene,1118060,ATG,1.51,False,WP_048170346.1,1,96.403,1118060,ATG,1118060,ATG,現行アノテーションを支持
MA_RS04880,MA_0940,1118620,ATG,False,1,stop_codon,1118620,ATG,1.61,False,WP_048170348.1,4,95.0,1118629,GTG,1118629,GTG,中確信度: 上流への延長の可能性(片方の証拠のみ)
MA_RS04890,MA_0941,1119868,ATG,False,0,stop_codon,1119868,ATG,1.12,False,WP_048170350.1,1,95.298,1119868,ATG,1119868,ATG,現行アノテーションを支持
MA_RS04895,MA_0942,1121355,GTG,False,0,stop_codon,1121355,GTG,5.54,True,WP_048170352.1,1,93.145,1121355,GTG,1121355,GTG,現行アノテーションを支持
MA_RS04900,MA_0943,1121827,ATG,False,0,stop_codon,1121827,ATG,1.8,False,WP_048170354.1,1,96.368,1121827,ATG,1121827,ATG,現行アノテーションを支持
MA_RS04905,MA_0944,1124670,ATG,False,2,stop_codon,1124670,ATG,2.54,False,WP_015411731.1,20,94.332,1124727,TTG,1124727,TTG,中確信度: 上流への延長の可能性(片方の証拠のみ)
MA_RS28405,,1125467,ATG,False,0,stop_codon,1125467,ATG,1.01,False,WP_239451044.1,1,67.241,1125467,ATG,1125467,ATG,現行アノテーションを支持
MA_RS28410,MA_0945,1125466,ATG,False,0,stop_codon,1125466,ATG,0.98,False,WP_231590411.1,1,89.0,1125466,ATG,1125466,ATG,現行アノテーションを支持
MA_RS04920,MA_0946,1125765,ATG,False,0,stop_codon,1125765,ATG,0.7,False,WP_231590412.1,9,91.089,1125765,ATG,1125765,ATG,現行アノテーションを支持
MA_RS04925,MA_0947,1126372,TTG,False,1,stop_codon,1126372,TTG,0.93,False,WP_231590526.1,10,89.904,1126354,GTG,1126354,GTG,中確信度: 上流への延長の可能性(片方の証拠のみ)
MA_RS04930,MA_0948,1127122,GTG,False,3,stop_codon,1127044,GTG,1.01,False,WP_231590413.1,66,90.404,1127044,GTG,1127044,GTG,中確信度: 上流への延長の可能性(片方の証拠のみ)
MA_RS04935,MA_0949,1128668,ATG,False,0,stop_codon,1128668,ATG,0.76,False,WP_048170362.1,1,97.368,1128668,ATG,1128668,ATG,現行アノテーションを支持
MA_RS04940,MA_0950,1130084,ATA,True,0,stop_codon,1130084,ATA,1.08,False,WP_048170364.1,1,96.591,1130084,ATA,1130084,ATA,現行アノテーションを支持
MA_RS04945,MA_0951,1131151,GTG,False,0,neighbor_gene,1131151,GTG,0.86,False,WP_048170366.1,1,98.315,1131151,GTG,1131151,GTG,現行アノテーションを支持
MA_RS04950,MA_0952,1132378,ATG,False,0,stop_codon,1132378,ATG,80.84,True,WP_048170369.1,1,93.781,1132378,ATG,1132378,ATG,現行アノテーションを支持
MA_RS04955,MA_0953,1133958,TTG,False,2,neighbor_gene,1133988,GTG,0.96,False,WP_048170371.1,11,97.035,1133988,GTG,1133988,GTG,中確信度: 上流への延長の可能性(片方の証拠のみ)
MA_RS04960,MA_0954,1135282,GTG,False,0,stop_codon,1135282,GTG,0.91,False,WP_052721508.1,1,92.654,1135282,GTG,1135282,GTG,現行アノテーションを支持
MA_RS26555,,1136335,TTG,False,0,stop_codon,1136335,TTG,1.06,False,WP_048170372.1,6,53.659,1136335,TTG,1136335,TTG,現行アノテーションを支持
MA_RS04965,MA_0955,1137348,ATG,False,0,stop_codon,1137348,ATG,1.39,False,WP_048170374.1,1,93.863,1137348,ATG,1137348,ATG,現行アノテーションを支持
MA_RS04970,MA_0956,1137918,ATG,False,0,stop_codon,1137918,ATG,1.61,False,WP_048119255.1,1,84.426,1137918,ATG,1137918,ATG,現行アノテーションを支持
MA_RS25090,MA_0957,1142001,ATG,False,0,stop_codon,1142001,ATG,1.01,False,WP_052721509.1,1,93.317,1142001,ATG,1142001,ATG,現行アノテーションを支持
MA_RS04980,MA_0958,1142634,ATA,True,0,stop_codon,1142634,ATA,1.5,False,WP_082088878.1,1,92.989,1142634,ATA,1142634,ATA,現行アノテーションを支持
MA_RS04985,MA_0959,1143764,ATG,False,0,stop_codon,1143764,ATG,1.29,False,WP_048170378.1,1,96.382,1143764,ATG,1143764,ATG,現行アノテーションを支持
MA_RS24380,MA_0960,1146589,ATG,False,2,stop_codon,1146694,TTG,2.02,False,WP_275425592.1,308,70.776,1146694,TTG,1146694,TTG,中確信度: 上流への延長の可能性(片方の証拠のみ)
MA_RS04995,MA_0961,1147403,ATG,False,0,stop_codon,1147403,ATG,10.32,True,WP_048170381.1,1,94.118,1147403,ATG,1147403,ATG,現行アノテーションを支持
MA_RS05000,MA_0962,1149639,TTG,False,0,stop_codon,1149639,TTG,0.7,False,WP_048170382.1,1,95.854,1149639,TTG,1149639,TTG,現行アノテーションを支持
MA_RS05005,MA_0963,1150728,ATG,False,0,stop_codon,1150728,ATG,1.72,False,WP_048170384.1,1,98.381,1150728,ATG,1150728,ATG,現行アノテーションを支持
MA_RS05015,MA_0964,1151312,ATG,False,1,stop_codon,1151312,ATG,0.46,False,WP_231590415.1,5,95.139,1151300,ATG,1151300,ATG,中確信度: 上流への延長の可能性(片方の証拠のみ)
MA_RS05020,MA_0965,1152290,TTG,False,0,stop_codon,1152290,TTG,1.27,False,WP_048170386.1,1,89.147,1152290,TTG,1152290,TTG,現行アノテーションを支持
MA_RS28415,,1153779,TTG,False,0,stop_codon,1153779,TTG,0.8,False,WP_048141589.1,12,68.293,1153779,TTG,1153779,TTG,現行アノテーションを支持
MA_RS25095,MA_0967,1154141,GTG,False,0,stop_codon,1154141,GTG,1.16,False,WP_048141589.1,1,81.72,1154141,GTG,1154141,GTG,現行アノテーションを支持
MA_RS05040,MA_0968,1154663,ATG,False,0,stop_codon,1154663,ATG,3.47,True,WP_048170388.1,1,98.107,1154663,ATG,1154663,ATG,現行アノテーションを支持
MA_RS05045,MA_0969,1155621,ATG,False,1,neighbor_gene,1155618,TTG,1.45,False,WP_048170390.1,2,94.57,1155618,TTG,1155618,TTG,中確信度: 上流への延長の可能性(片方の証拠のみ)
MA_RS24390,MA_0970,1157351,ATG,False,1,stop_codon,1157294,TTG,1.77,False,WP_048119355.1,20,36.791,1157294,TTG,1157294,TTG,中確信度: 上流への延長の可能性(片方の証拠のみ)
MA_RS05055,MA_0971,1160659,ATG,False,0,stop_codon,1160659,ATG,6.52,True,WP_082089335.1,1,89.933,1160659,ATG,1160659,ATG,現行アノテーションを支持
MA_RS05060,MA_0972,1160915,ATG,False,1,stop_codon,1160915,ATG,0.72,False,WP_048154525.1,6,92.486,1160900,ATG,1160900,ATG,中確信度: 上流への延長の可能性(片方の証拠のみ)
MA_RS05065,,1163135,TTG,False,0,neighbor_gene,1163135,TTG,0.88,False,WP_048154528.1,1,67.241,1163135,TTG,1163135,TTG,現行アノテーションを支持
MA_RS05070,MA_0973,1163445,ATG,False,0,stop_codon,1163445,ATG,1.41,False,WP_082088898.1,1,99.533,1163445,ATG,1163445,ATG,現行アノテーションを支持
MA_RS05075,MA_0974,1165169,ATG,False,0,stop_codon,1165169,ATG,0.81,False,WP_181952234.1,1,64.773,1165169,ATG,1165169,ATG,現行アノテーションを支持
MA_RS05080,MA_0975,1165686,ATG,False,0,stop_codon,1165686,ATG,2.94,False,WP_048170477.1,3,96.491,1165686,ATG,1165686,ATG,現行アノテーションを支持
MA_RS05085,MA_0976,1167069,ATG,False,0,neighbor_gene,1167069,ATG,0.97,False,WP_176722069.1,1,93.711,1167069,ATG,1167069,ATG,現行アノテーションを支持
MA_RS05090,MA_0977,1167535,ATG,False,0,stop_codon,1167535,ATG,1.2,False,WP_048120548.1,1,92.537,1167535,ATG,1167535,ATG,現行アノテーションを支持
MA_RS05095,MA_0978,1168352,ATG,False,1,neighbor_gene,1168343,GTG,0.94,False,WP_048170472.1,4,92.784,1168343,GTG,1168343,GTG,中確信度: 上流への延長の可能性(片方の証拠のみ)
MA_RS05100,MA_0979,1170885,ATG,False,0,neighbor_gene,1170885,ATG,0.98,False,,,,,,1170885,ATG,現行アノテーションを支持
MA_RS05105,MA_0980,1172284,ATG,False,0,stop_codon,1172284,ATG,1.21,False,,,,,,1172284,ATG,現行アノテーションを支持
MA_RS05110,,1172801,ATG,False,0,stop_codon,1172801,ATG,5.24,True,WP_048167146.1,1,61.972,1172801,ATG,1172801,ATG,現行アノテーションを支持
MA_RS05115,MA_0981,1172985,ATG,False,0,stop_codon,1172985,ATG,0.91,False,WP_048118997.1,1,50.0,1172985,ATG,1172985,ATG,現行アノテーションを支持
MA_RS05120,,1173682,ATG,False,1,stop_codon,1173682,ATG,2.75,False,WP_048140239.1,4,94.03,1173673,TTG,1173673,TTG,中確信度: 上流への延長の可能性(片方の証拠のみ)
MA_RS05125,MA_0982,1173882,ATG,False,1,stop_codon,1173882,ATG,1.18,False,WP_052730865.1,4,96.46,1173873,TTG,1173873,TTG,中確信度: 上流への延長の可能性(片方の証拠のみ)
MA_RS05130,,1174621,ATG,False,0,stop_codon,1174621,ATG,1.73,False,WP_048140241.1,1,95.775,1174621,ATG,1174621,ATG,現行アノテーションを支持
MA_RS05140,MA_0984,1175397,ATG,False,0,stop_codon,1175397,ATG,0.95,False,WP_048172799.1,1,86.684,1175397,ATG,1175397,ATG,現行アノテーションを支持
MA_RS29625,,1177491,ATG,False,0,stop_codon,1177491,ATG,1.41,False,WP_048120249.1,2,75.0,1177491,ATG,1177491,ATG,現行アノテーションを支持
MA_RS05145,MA_0986,1178389,ATG,False,1,stop_codon,1178383,ATG,5.25,True,WP_232316134.1,3,94.979,1178383,ATG,1178383,ATG,高確信度: 上流への延長を提案(RNA-seq・BLAST一致)
MA_RS27880,,1179429,ATG,False,0,stop_codon,1179429,ATG,1.04,False,,,,,,1179429,ATG,現行アノテーションを支持
MA_RS28420,,1179624,GTG,False,0,stop_codon,1179624,GTG,1.18,False,WP_048140243.1,17,90.0,1179624,GTG,1179624,GTG,現行アノテーションを支持
MA_RS05155,MA_0987,1179874,ATG,False,0,stop_codon,1179874,ATG,0.65,False,WP_048155286.1,1,88.618,1179874,ATG,1179874,ATG,現行アノテーションを支持
MA_RS05160,MA_0988,1181283,ATG,False,2,stop_codon,1181337,TTG,1.0,False,WP_048173573.1,19,92.935,1181337,TTG,1181337,TTG,中確信度: 上流への延長の可能性(片方の証拠のみ)
MA_RS05165,MA_0989,1181616,ATG,False,1,stop_codon,1181616,ATG,2.71,False,WP_048173572.1,4,98.592,1181607,TTG,1181607,TTG,中確信度: 上流への延長の可能性(片方の証拠のみ)
MA_RS05170,MA_0990,1183333,ATG,False,0,stop_codon,1183333,ATG,0.84,False,WP_048174971.1,1,89.958,1183333,ATG,1183333,ATG,現行アノテーションを支持
MA_RS05175,MA_0991,1184234,ATG,False,0,stop_codon,1184234,ATG,0.76,False,WP_231589915.1,1,93.827,1184234,ATG,1184234,ATG,現行アノテーションを支持
MA_RS28425,MA_0992,1184641,ATG,False,3,stop_codon,1184653,ATG,2.02,False,WP_156158887.1,11,90.0,1184701,TTG,1184701,TTG,中確信度: 上流への延長の可能性(片方の証拠のみ)
MA_RS28430,,1184843,GTG,False,0,stop_codon,1184843,GTG,1.51,False,WP_156158887.1,26,82.353,1184843,GTG,1184843,GTG,現行アノテーションを支持
MA_RS05185,MA_0993,1185696,ATG,False,0,stop_codon,1185696,ATG,2.29,False,WP_048173570.1,1,96.691,1185696,ATG,1185696,ATG,現行アノテーションを支持
MA_RS05190,MA_0994,1186691,GTG,False,2,stop_codon,1186691,GTG,1.34,False,WP_015412704.1,65,27.193,1186790,TTG,1186790,TTG,中確信度: 上流への延長の可能性(片方の証拠のみ)
MA_RS05195,MA_0995,1187129,ATG,False,1,stop_codon,1187129,ATG,1.44,False,WP_048173569.1,2,96.8,1187126,TTG,1187126,TTG,中確信度: 上流への延長の可能性(片方の証拠のみ)
MA_RS05200,MA_0996,1188064,ATG,False,0,stop_codon,1188064,ATG,0.41,False,WP_048173568.1,1,96.748,1188064,ATG,1188064,ATG,現行アノテーションを支持
MA_RS28435,MA_0998,1189519,ATG,False,9,stop_codon,1189345,TTG,1.09,False,WP_231589914.1,130,90.0,1189345,TTG,1189345,TTG,中確信度: 上流への延長の可能性(片方の証拠のみ)
MA_RS05210,MA_0999,1190771,ATG,False,0,stop_codon,1190771,ATG,0.36,False,WP_048173567.1,1,95.932,1190771,ATG,1190771,ATG,現行アノテーションを支持
MA_RS24395,MA_1000,1191973,ATG,False,2,stop_codon,1191973,ATG,0.8,False,WP_158024216.1,92,35.78,1191940,TTG,1191940,TTG,中確信度: 上流への延長の可能性(片方の証拠のみ)
MA_RS05225,MA_1001,1194679,GTG,False,1,neighbor_gene,1194691,TTG,1.28,False,WP_148704582.1,31,42.641,1194691,TTG,1194691,TTG,中確信度: 上流への延長の可能性(片方の証拠のみ)
MA_RS05230,MA_1002,1195106,ATG,False,0,stop_codon,1195106,ATG,0.82,False,,,,,,1195106,ATG,現行アノテーションを支持
MA_RS05240,MA_1003,1196654,ATG,False,0,stop_codon,1196654,ATG,0.99,False,WP_048173566.1,4,91.736,1196654,ATG,1196654,ATG,現行アノテーションを支持
MA_RS05250,MA_1004,1198131,ATG,False,7,stop_codon,1198182,GTG,4.23,True,WP_082089044.1,45,95.149,1198263,ATG,,,要確認: RNA-seqとBLASTが異なる候補を支持
MA_RS05255,MA_1005,1199625,ATG,False,0,stop_codon,1199625,ATG,1.46,False,WP_048173564.1,1,97.81,1199625,ATG,1199625,ATG,現行アノテーションを支持
MA_RS05260,MA_1006,1200259,ATG,False,0,stop_codon,1200259,ATG,1.28,False,WP_048173563.1,1,96.347,1200259,ATG,1200259,ATG,現行アノテーションを支持
MA_RS05265,MA_1007,1201578,ATG,False,0,neighbor_gene,1201578,ATG,0.97,False,WP_048121208.1,1,87.896,1201578,ATG,1201578,ATG,現行アノテーションを支持
MA_RS05270,MA_1008,1202909,ATG,False,0,stop_codon,1202909,ATG,1.58,False,WP_048173561.1,1,86.024,1202909,ATG,1202909,ATG,現行アノテーションを支持
MA_RS05275,MA_1009,1205464,ATG,False,0,stop_codon,1205464,ATG,2.0,False,WP_048036549.1,1,90.541,1205464,ATG,1205464,ATG,現行アノテーションを支持
MA_RS05285,MA_1011,1207513,ATG,False,0,neighbor_gene,1207513,ATG,1.08,False,WP_048173560.1,1,97.436,1207513,ATG,1207513,ATG,現行アノテーションを支持
MA_RS05290,MA_1012,1208827,ATG,False,0,stop_codon,1208827,ATG,1.22,False,WP_048174969.1,1,98.624,1208827,ATG,1208827,ATG,現行アノテーションを支持
MA_RS05295,MA_1013,1209825,GTG,False,1,stop_codon,1209825,GTG,0.96,False,WP_048173699.1,18,97.233,1209876,GTG,1209876,GTG,中確信度: 上流への延長の可能性(片方の証拠のみ)
MA_RS05300,MA_1014,1211290,ATG,False,0,stop_codon,1211290,ATG,1.19,False,WP_048173698.1,1,95.319,1211290,ATG,1211290,ATG,現行アノテーションを支持
MA_RS05305,MA_1015,1211827,ATG,False,0,neighbor_gene,1211827,ATG,0.92,False,WP_048173556.1,1,94.706,1211827,ATG,1211827,ATG,現行アノテーションを支持
MA_RS05310,MA_1016,1214250,ATG,False,0,stop_codon,1214250,ATG,1.19,False,WP_048174086.1,1,98.015,1214250,ATG,1214250,ATG,現行アノテーションを支持
MA_RS29720,MA_1017,1217171,ATG,False,1,stop_codon,1217171,ATG,1.85,False,WP_048173554.1,2,94.611,1217168,TTG,1217168,TTG,中確信度: 上流への延長の可能性(片方の証拠のみ)
MA_RS05325,MA_1018,1218959,ATG,False,0,stop_codon,1218959,ATG,1.16,False,WP_048173553.1,1,95.522,1218959,ATG,1218959,ATG,現行アノテーションを支持
MA_RS05330,MA_1019,1220592,ATG,False,0,stop_codon,1220592,ATG,0.94,False,WP_048173552.1,1,91.031,1220592,ATG,1220592,ATG,現行アノテーションを支持
MA_RS05335,MA_1020,1222293,GTG,False,0,stop_codon,1222293,GTG,1.16,False,WP_052721695.1,1,93.766,1222293,GTG,1222293,GTG,現行アノテーションを支持
MA_RS05340,MA_1021,1222800,ATG,False,1,stop_codon,1222782,GTG,7.5,True,WP_048173550.1,7,96.578,1222782,GTG,1222782,GTG,高確信度: 上流への延長を提案(RNA-seq・BLAST一致)
MA_RS05345,MA_1022,1223996,ATG,False,3,stop_codon,1223981,GTG,1.22,False,WP_048173548.1,6,94.833,1223981,GTG,1223981,GTG,中確信度: 上流への延長の可能性(片方の証拠のみ)
MA_RS05350,MA_1023,1225795,ATG,False,0,stop_codon,1225795,ATG,1.06,False,WP_048173547.1,1,95.5,1225795,ATG,1225795,ATG,現行アノテーションを支持
MA_RS05360,MA_1027,1228492,ATG,False,0,stop_codon,1228492,ATG,1.31,False,WP_048141557.1,1,93.827,1228492,ATG,1228492,ATG,現行アノテーションを支持
MA_RS05365,MA_1028,1228753,ATG,False,1,neighbor_gene,1228753,ATG,1.1,False,WP_048167052.1,4,78.252,1228744,GTG,1228744,GTG,中確信度: 上流への延長の可能性(片方の証拠のみ)
MA_RS05370,MA_1029,1230212,ATG,False,0,stop_codon,1230212,ATG,0.92,False,WP_048141553.1,1,84.821,1230212,ATG,1230212,ATG,現行アノテーションを支持
MA_RS05375,MA_1030,1231307,ATG,False,1,stop_codon,1231307,ATG,1.33,False,WP_048118134.1,12,79.091,1231274,TTG,1231274,TTG,中確信度: 上流への延長の可能性(片方の証拠のみ)
MA_RS05380,MA_1031,1232572,ATG,False,0,stop_codon,1232572,ATG,1.31,False,WP_048141551.1,1,86.436,1232572,ATG,1232572,ATG,現行アノテーションを支持
MA_RS05385,MA_1032,1233847,ATG,False,0,stop_codon,1233847,ATG,2.52,False,WP_048141550.1,1,89.655,1233847,ATG,1233847,ATG,現行アノテーションを支持
MA_RS05390,MA_1033,1235254,ATG,False,2,stop_codon,1235329,TTG,31.07,True,WP_048141548.1,12,77.32,1235329,TTG,1235329,TTG,高確信度: 上流への延長を提案(RNA-seq・BLAST一致)
MA_RS05395,MA_1034,1235803,TTG,False,0,stop_codon,1235803,TTG,1.07,False,WP_082089262.1,19,90.175,1235803,TTG,1235803,TTG,現行アノテーションを支持
MA_RS05410,MA_1038,1238301,ATG,False,0,stop_codon,1238301,ATG,1.8,False,WP_011021898.1,1,99.299,1238301,ATG,1238301,ATG,現行アノテーションを支持
MA_RS05430,MA_1042,1243245,ATG,False,0,stop_codon,1243245,ATG,1.78,False,WP_048042563.1,19,48.394,1243245,ATG,1243245,ATG,現行アノテーションを支持
MA_RS05435,MA_1043,1244822,ATG,False,0,stop_codon,1244822,ATG,0.09,False,WP_239451157.1,65,35.393,1244822,ATG,1244822,ATG,現行アノテーションを支持
MA_RS29730,MA_1044,1246528,ATG,False,1,stop_codon,1246528,ATG,1.41,False,WP_048169639.1,2,90.816,1246525,TTG,1246525,TTG,中確信度: 上流への延長の可能性(片方の証拠のみ)
MA_RS05440,MA_1045,1248389,ATG,False,2,stop_codon,1248389,ATG,2.08,False,WP_015411731.1,20,94.332,1248446,TTG,1248446,TTG,中確信度: 上流への延長の可能性(片方の証拠のみ)
MA_RS29735,,1248532,ATC,True,0,stop_codon,1248532,ATC,1.62,False,WP_048138836.1,1,94.667,1248532,ATC,1248532,ATC,現行アノテーションを支持
MA_RS05470,MA_1049,1252886,ATG,False,0,stop_codon,1252886,ATG,1.06,False,WP_048174208.1,1,90.661,1252886,ATG,1252886,ATG,現行アノテーションを支持
MA_RS05485,MA_1053,1255168,ATG,False,0,stop_codon,1255168,ATG,2.07,False,WP_048118534.1,1,53.988,1255168,ATG,1255168,ATG,現行アノテーションを支持
MA_RS05490,MA_1054,1256865,ATG,False,0,stop_codon,1256865,ATG,0.83,False,WP_048136743.1,13,37.926,1256865,ATG,1256865,ATG,現行アノテーションを支持
MA_RS05495,MA_1055,1260984,ATG,False,0,stop_codon,1260984,ATG,6.84,True,WP_048170852.1,2,95.564,1260984,ATG,1260984,ATG,現行アノテーションを支持
MA_RS05505,MA_1057,1261729,ATG,False,0,stop_codon,1261729,ATG,1.38,False,WP_048154708.1,1,80.769,1261729,ATG,1261729,ATG,現行アノテーションを支持
MA_RS05520,MA_1059,1267617,ATG,False,1,stop_codon,1267617,ATG,0.55,False,WP_048141546.1,4,58.032,1267626,GTG,1267626,GTG,中確信度: 上流への延長の可能性(片方の証拠のみ)
MA_RS05525,MA_1060,1269998,ATG,False,0,stop_codon,1269998,ATG,8.48,True,WP_048170852.1,2,95.749,1269998,ATG,1269998,ATG,現行アノテーションを支持
MA_RS05530,MA_1061,1271657,GTG,False,0,neighbor_gene,1271657,GTG,0.75,False,WP_148704378.1,178,29.661,1271657,GTG,1271657,GTG,現行アノテーションを支持
MA_RS05535,MA_1062,1272832,ATG,False,0,neighbor_gene,1272832,ATG,1.03,False,WP_332310009.1,46,52.924,1272832,ATG,1272832,ATG,現行アノテーションを支持
MA_RS05540,MA_1063,1274172,ATG,False,0,stop_codon,1274172,ATG,0.96,False,WP_048173442.1,36,36.93,1274172,ATG,1274172,ATG,現行アノテーションを支持
MA_RS05545,MA_1064,1275240,ATG,False,0,stop_codon,1275240,ATG,1.0,False,WP_048174211.1,1,50.877,1275240,ATG,1275240,ATG,現行アノテーションを支持
MA_RS05550,MA_1065,1275986,GTG,False,0,stop_codon,1275986,GTG,1.1,False,WP_048123068.1,16,28.472,1275986,GTG,1275986,GTG,現行アノテーションを支持
MA_RS05555,MA_1066,1276759,ATG,False,0,stop_codon,1276759,ATG,1.19,False,WP_239451037.1,30,77.632,1276759,ATG,1276759,ATG,現行アノテーションを支持
MA_RS28160,MA_1067,1278596,ATG,False,0,stop_codon,1278596,ATG,1.13,False,WP_082089400.1,2,71.902,1278596,ATG,1278596,ATG,現行アノテーションを支持
MA_RS05570,MA_1068,1280232,ATG,False,1,stop_codon,1280232,ATG,1.05,False,WP_048141532.1,3,85.885,1280238,ATG,1280238,ATG,中確信度: 上流への延長の可能性(片方の証拠のみ)
MA_RS05575,MA_1069,1281584,GTG,False,2,stop_codon,1281584,GTG,1.05,False,WP_048141531.1,1,59.574,1281365,ATG,1281365,ATG,中確信度: 上流への延長の可能性(片方の証拠のみ)
MA_RS05580,MA_1070,1283295,ATG,False,0,stop_codon,1283295,ATG,1.04,False,WP_048173546.1,1,68.493,1283295,ATG,1283295,ATG,現行アノテーションを支持
MA_RS28060,,1284550,ATG,False,0,stop_codon,1284550,ATG,0.83,False,WP_187151779.1,1,86.275,1284550,ATG,1284550,ATG,現行アノテーションを支持
MA_RS05585,MA_1071,1284710,GTG,False,0,neighbor_gene,1284710,GTG,1.58,False,WP_048141525.1,4,68.182,1284710,GTG,1284710,GTG,現行アノテーションを支持
MA_RS05595,MA_1072,1285985,ATG,False,0,stop_codon,1285985,ATG,0.76,False,WP_048173529.1,1,97.329,1285985,ATG,1285985,ATG,現行アノテーションを支持
MA_RS05600,MA_1073,1287005,ATG,False,0,neighbor_gene,1287005,ATG,1.0,False,WP_048173528.1,1,99.209,1287005,ATG,1287005,ATG,現行アノテーションを支持
MA_RS05605,MA_1074,1287763,ATG,False,0,stop_codon,1287763,ATG,0.63,False,WP_011021103.1,1,100.0,1287763,ATG,1287763,ATG,現行アノテーションを支持
MA_RS05610,MA_1075,1288022,ATG,False,0,stop_codon,1288022,ATG,1.07,False,WP_048173527.1,1,97.479,1288022,ATG,1288022,ATG,現行アノテーションを支持
MA_RS05615,MA_1076,1288754,ATG,False,0,stop_codon,1288754,ATG,1.07,False,WP_048173526.1,1,96.324,1288754,ATG,1288754,ATG,現行アノテーションを支持
MA_RS05620,MA_1077,1289176,ATG,False,0,stop_codon,1289176,ATG,0.87,False,WP_048173525.1,1,98.013,1289176,ATG,1289176,ATG,現行アノテーションを支持
MA_RS05625,MA_1078,1289632,ATG,False,0,neighbor_gene,1289632,ATG,1.25,False,WP_048173524.1,1,94.688,1289632,ATG,1289632,ATG,現行アノテーションを支持
MA_RS05630,MA_1079,1290588,ATG,False,0,stop_codon,1290588,ATG,0.94,False,WP_011021108.1,1,100.0,1290588,ATG,1290588,ATG,現行アノテーションを支持
MA_RS05635,MA_1080,1290781,ATG,False,0,stop_codon,1290781,ATG,1.32,False,WP_048173522.1,1,98.182,1290781,ATG,1290781,ATG,現行アノテーションを支持
MA_RS05640,MA_1081,1291118,ATG,False,0,neighbor_gene,1291118,ATG,1.08,False,WP_011021110.1,1,100.0,1291118,ATG,1291118,ATG,現行アノテーションを支持
MA_RS05645,MA_1082,1291444,ATG,False,1,stop_codon,1291387,ATG,1.04,False,WP_011034065.1,20,97.727,1291387,ATG,1291387,ATG,中確信度: 上流への延長の可能性(片方の証拠のみ)
MA_RS05650,MA_1083,1291853,ATG,False,1,neighbor_gene,1291844,GTG,0.98,False,WP_048173519.1,4,96.552,1291844,GTG,1291844,GTG,中確信度: 上流への延長の可能性(片方の証拠のみ)
MA_RS05655,MA_1084,1292217,GTG,False,0,neighbor_gene,1292217,GTG,0.73,False,WP_048141507.1,1,96.567,1292217,GTG,1292217,GTG,現行アノテーションを支持
MA_RS05660,MA_1085,1292929,ATG,False,0,neighbor_gene,1292929,ATG,1.03,False,WP_048173517.1,1,96.97,1292929,ATG,1292929,ATG,現行アノテーションを支持
MA_RS05665,MA_1086,1293427,ATG,False,0,neighbor_gene,1293427,ATG,0.89,False,WP_048141505.1,1,94.0,1293427,ATG,1293427,ATG,現行アノテーションを支持
MA_RS05670,MA_1087,1293590,ATG,False,0,stop_codon,1293590,ATG,1.01,False,WP_048173515.1,1,97.692,1293590,ATG,1293590,ATG,現行アノテーションを支持
MA_RS05675,MA_1088,1293997,ATG,False,0,neighbor_gene,1293997,ATG,0.85,False,WP_048173514.1,1,96.023,1293997,ATG,1293997,ATG,現行アノテーションを支持
MA_RS05680,MA_1089,1294539,ATG,False,2,neighbor_gene,1294539,ATG,0.91,False,WP_048174950.1,4,91.772,1294530,GTG,1294530,GTG,中確信度: 上流への延長の可能性(片方の証拠のみ)
MA_RS05685,MA_1090,1295017,ATG,False,0,neighbor_gene,1295017,ATG,1.03,False,WP_048141501.1,1,97.333,1295017,ATG,1295017,ATG,現行アノテーションを支持
MA_RS05690,MA_1091,1295489,ATG,False,0,neighbor_gene,1295489,ATG,0.86,False,WP_048141499.1,1,94.828,1295489,ATG,1295489,ATG,現行アノテーションを支持
MA_RS05695,MA_1092,1296023,ATG,False,0,stop_codon,1296023,ATG,1.1,False,WP_011034075.1,1,99.522,1296023,ATG,1296023,ATG,現行アノテーションを支持
MA_RS05700,MA_1093,1296654,ATG,False,0,neighbor_gene,1296654,ATG,0.93,False,WP_048141495.1,1,96.732,1296654,ATG,1296654,ATG,現行アノテーションを支持
MA_RS05705,MA_1094,1297126,ATG,False,0,stop_codon,1297126,ATG,1.06,False,WP_048141493.1,1,97.857,1297126,ATG,1297126,ATG,現行アノテーションを支持
MA_RS05710,MA_1095,1297691,ATG,False,0,stop_codon,1297691,ATG,2.41,False,WP_048173508.1,1,96.741,1297691,ATG,1297691,ATG,現行アノテーションを支持
MA_RS05715,MA_1096,1299259,ATG,False,0,stop_codon,1299259,ATG,1.08,False,WP_048173507.1,1,96.744,1299259,ATG,1299259,ATG,現行アノテーションを支持
MA_RS05720,MA_1097,1300099,ATG,False,1,stop_codon,1300084,TTG,6.6,True,WP_048173506.1,6,95.652,1300084,TTG,1300084,TTG,高確信度: 上流への延長を提案(RNA-seq・BLAST一致)
MA_RS05725,MA_1098,1300970,ATG,False,0,stop_codon,1300970,ATG,1.14,False,WP_048173505.1,1,85.635,1300970,ATG,1300970,ATG,現行アノテーションを支持
MA_RS05730,MA_1100,1303281,ATG,False,0,stop_codon,1303281,ATG,1.27,False,WP_048173340.1,1,92.424,1303281,ATG,1303281,ATG,現行アノテーションを支持
MA_RS05735,MA_1101,1304091,ATG,False,0,stop_codon,1304091,ATG,0.96,False,,,,,,1304091,ATG,現行アノテーションを支持
MA_RS05740,MA_1102,1304760,ATG,False,0,stop_codon,1304760,ATG,0.91,False,WP_148705722.1,1,97.324,1304760,ATG,1304760,ATG,現行アノテーションを支持
MA_RS05745,MA_1103,1306088,TTG,False,0,stop_codon,1306088,TTG,1.37,False,WP_011021131.1,1,100.0,1306088,TTG,1306088,TTG,現行アノテーションを支持
MA_RS05750,MA_1104,1306708,ATG,False,0,stop_codon,1306708,ATG,1.05,False,WP_048173342.1,1,96.111,1306708,ATG,1306708,ATG,現行アノテーションを支持
MA_RS05755,MA_1105,1307563,ATG,False,0,stop_codon,1307563,ATG,0.92,False,WP_048173344.1,1,95.266,1307563,ATG,1307563,ATG,現行アノテーションを支持
MA_RS05765,MA_1106,1309343,ATG,False,1,stop_codon,1309343,ATG,1.0,False,WP_048173346.1,3,96.596,1309337,TTG,1309337,TTG,中確信度: 上流への延長の可能性(片方の証拠のみ)
MA_RS05770,MA_1107,1310037,ATG,False,1,stop_codon,1309983,ATG,1.41,False,WP_231589854.1,19,96.183,1309983,ATG,1309983,ATG,中確信度: 上流への延長の可能性(片方の証拠のみ)
MA_RS05775,MA_1108,1312030,ATG,False,2,stop_codon,1311970,TTG,4.63,True,WP_082089026.1,21,98.765,1311970,TTG,1311970,TTG,高確信度: 上流への延長を提案(RNA-seq・BLAST一致)
MA_RS05780,MA_1109,1312542,ATG,False,0,stop_codon,1312542,ATG,0.89,False,WP_048173347.1,1,96.33,1312542,ATG,1312542,ATG,現行アノテーションを支持
MA_RS05785,MA_1110,1313201,ATG,False,0,neighbor_gene,1313201,ATG,0.83,False,WP_011034088.1,1,99.206,1313201,ATG,1313201,ATG,現行アノテーションを支持
MA_RS05800,MA_1114,1318083,ATG,False,0,stop_codon,1318083,ATG,1.21,False,WP_048155265.1,21,82.68,1318083,ATG,1318083,ATG,現行アノテーションを支持
MA_RS26585,,1318958,TTG,False,0,stop_codon,1318958,TTG,0.89,False,,,,,,1318958,TTG,現行アノテーションを支持
MA_RS05810,MA_1116,1319865,GTG,False,0,stop_codon,1319865,GTG,1.57,False,WP_082089262.1,1,91.118,1319865,GTG,1319865,GTG,現行アノテーションを支持
MA_RS05825,MA_1117,1320776,ATG,False,0,stop_codon,1320776,ATG,1.61,False,WP_048173351.1,1,94.828,1320776,ATG,1320776,ATG,現行アノテーションを支持
MA_RS05830,MA_1118,1323128,ATG,False,0,neighbor_gene,1323128,ATG,1.3,False,WP_048173353.1,1,95.813,1323128,ATG,1323128,ATG,現行アノテーションを支持
MA_RS05835,MA_1119,1324597,ATG,False,0,neighbor_gene,1324597,ATG,1.51,False,WP_048171127.1,1,93.501,1324597,ATG,1324597,ATG,現行アノテーションを支持
MA_RS05840,MA_1120,1325545,ATG,False,0,stop_codon,1325545,ATG,1.35,False,WP_187151879.1,1,91.987,1325545,ATG,1325545,ATG,現行アノテーションを支持
MA_RS05845,MA_1121,1327145,ATG,False,0,stop_codon,1327145,ATG,0.94,False,WP_231589856.1,1,94.526,1327145,ATG,1327145,ATG,現行アノテーションを支持
MA_RS05850,MA_1122,1327623,ATG,False,1,stop_codon,1327641,ATG,1.48,False,WP_231589861.1,1,92.308,1327641,ATG,1327641,ATG,中確信度: 上流への延長の可能性(片方の証拠のみ)
MA_RS05855,MA_1123,1328311,ATG,False,0,stop_codon,1328311,ATG,1.26,False,WP_048141454.1,85,80.769,1328311,ATG,1328311,ATG,現行アノテーションを支持
MA_RS26590,MA_1124,1329593,ATG,False,1,stop_codon,1329575,TTG,8.54,True,WP_048119771.1,33,50.45,1329575,TTG,1329575,TTG,高確信度: 上流への延長を提案(RNA-seq・BLAST一致)
MA_RS05860,MA_1125,1330965,GTG,False,0,stop_codon,1330965,GTG,1.38,False,WP_082089262.1,1,91.118,1330965,GTG,1330965,GTG,現行アノテーションを支持
MA_RS24400,MA_1126,1331057,GTG,False,1,stop_codon,1331057,GTG,1.24,False,WP_048119771.1,27,55.243,1330931,ATG,1330931,ATG,中確信度: 上流への延長の可能性(片方の証拠のみ)
MA_RS05870,MA_1127,1334644,ATG,False,0,neighbor_gene,1334644,ATG,0.91,False,WP_082089505.1,2,87.226,1334644,ATG,1334644,ATG,現行アノテーションを支持
MA_RS05875,MA_1128,1335895,ATG,False,2,stop_codon,1335913,TTG,1.4,False,WP_052730906.1,7,89.706,1335913,TTG,1335913,TTG,中確信度: 上流への延長の可能性(片方の証拠のみ)
MA_RS05880,MA_1129,1337615,ATG,False,0,stop_codon,1337615,ATG,1.31,False,WP_239451031.1,40,70.439,1337615,ATG,1337615,ATG,現行アノテーションを支持
MA_RS05885,MA_1130,1337783,ATG,False,1,stop_codon,1337765,TTG,28.52,True,WP_052730905.1,7,81.279,1337765,TTG,1337765,TTG,高確信度: 上流への延長を提案(RNA-seq・BLAST一致)
MA_RS05890,MA_1131,1339430,ATG,False,1,stop_codon,1339430,ATG,1.01,False,WP_048143587.1,4,91.854,1339421,GTG,1339421,GTG,中確信度: 上流への延長の可能性(片方の証拠のみ)
MA_RS05895,MA_1132,1340505,ATG,False,0,stop_codon,1340505,ATG,0.98,False,WP_048141446.1,1,88.976,1340505,ATG,1340505,ATG,現行アノテーションを支持
MA_RS05900,MA_1133,1342183,TTG,False,1,stop_codon,1342198,ATG,1.16,False,WP_048141444.1,1,80.66,1342198,ATG,1342198,ATG,中確信度: 上流への延長の可能性(片方の証拠のみ)
MA_RS05905,MA_1134,1342816,ATG,False,0,stop_codon,1342816,ATG,0.79,False,WP_048141442.1,1,92.265,1342816,ATG,1342816,ATG,現行アノテーションを支持
MA_RS05910,,1343171,TTG,False,0,stop_codon,1343171,TTG,1.77,False,WP_239451030.1,6,71.667,1343171,TTG,1343171,TTG,現行アノテーションを支持
MA_RS05915,MA_1136,1344711,ATG,False,0,stop_codon,1344711,ATG,1.13,False,WP_048170752.1,1,97.989,1344711,ATG,1344711,ATG,現行アノテーションを支持
MA_RS05920,MA_1137,1345432,ATG,False,3,neighbor_gene,1345447,GTG,1.33,False,WP_048174546.1,6,94.619,1345447,GTG,1345447,GTG,中確信度: 上流への延長の可能性(片方の証拠のみ)
MA_RS05925,MA_1138,1346054,TTG,False,1,stop_codon,1346054,TTG,1.14,False,WP_048170750.1,52,91.729,1346207,GTG,1346207,GTG,中確信度: 上流への延長の可能性(片方の証拠のみ)
MA_RS05930,MA_1139,1347132,ATG,False,1,neighbor_gene,1347165,ATG,0.97,False,WP_231590437.1,1,91.935,1347165,ATG,1347165,ATG,中確信度: 上流への延長の可能性(片方の証拠のみ)
MA_RS05935,MA_1140,1347445,ATG,False,1,stop_codon,1347481,TTG,1.24,False,WP_048170747.1,13,91.304,1347481,TTG,1347481,TTG,中確信度: 上流への延長の可能性(片方の証拠のみ)
MA_RS05945,MA_1141,1348886,ATG,False,2,stop_codon,1348859,TTG,2.79,False,WP_197080370.1,10,98.172,1348859,TTG,1348859,TTG,中確信度: 上流への延長の可能性(片方の証拠のみ)
MA_RS05950,MA_1142,1350045,ATG,False,0,stop_codon,1350045,ATG,1.17,False,WP_048170745.1,1,96.975,1350045,ATG,1350045,ATG,現行アノテーションを支持
MA_RS05955,MA_1143,1351847,ATG,False,0,neighbor_gene,1351847,ATG,1.14,False,WP_048170743.1,1,97.037,1351847,ATG,1351847,ATG,現行アノテーションを支持
MA_RS05960,MA_1144,1352797,ATG,False,0,stop_codon,1352797,ATG,1.2,False,WP_048170739.1,1,91.304,1352797,ATG,1352797,ATG,現行アノテーションを支持
MA_RS05965,MA_1145,1354695,ATG,False,0,stop_codon,1354695,ATG,13.58,True,WP_048170737.1,1,87.5,1354695,ATG,1354695,ATG,現行アノテーションを支持
MA_RS05970,MA_1146,1355292,ATG,False,0,stop_codon,1355292,ATG,1.22,False,WP_048170735.1,1,96.641,1355292,ATG,1355292,ATG,現行アノテーションを支持
MA_RS05975,MA_1147,1356455,ATG,False,0,stop_codon,1356455,ATG,1.03,False,WP_048170733.1,1,94.295,1356455,ATG,1356455,ATG,現行アノテーションを支持
MA_RS05980,MA_1148,1358257,ATG,False,0,neighbor_gene,1358257,ATG,1.19,False,WP_048170732.1,1,92.126,1358257,ATG,1358257,ATG,現行アノテーションを支持
MA_RS05985,MA_1149,1362234,GTG,False,0,stop_codon,1362234,GTG,1.51,False,WP_231589887.1,1,89.448,1362234,GTG,1362234,GTG,現行アノテーションを支持
MA_RS05990,MA_1150,1362462,ATG,False,0,stop_codon,1362462,ATG,1.81,False,WP_394296896.1,1,93.182,1362462,ATG,1362462,ATG,現行アノテーションを支持
MA_RS05995,MA_1151,1363771,ATG,False,0,stop_codon,1363771,ATG,1.87,False,WP_048173418.1,1,91.129,1363771,ATG,1363771,ATG,現行アノテーションを支持
MA_RS06000,MA_1152,1364136,ATG,False,0,stop_codon,1364136,ATG,1.57,False,WP_048173419.1,1,97.79,1364136,ATG,1364136,ATG,現行アノテーションを支持
MA_RS06005,MA_1153,1365301,ATG,False,0,stop_codon,1365301,ATG,1.48,False,WP_048173420.1,1,94.7,1365301,ATG,1365301,ATG,現行アノテーションを支持
MA_RS06015,MA_1155,1366947,GTG,False,0,stop_codon,1366947,GTG,2.05,False,WP_048174919.1,1,91.709,1366947,GTG,1366947,GTG,現行アノテーションを支持
MA_RS06020,MA_1156,1371111,ATG,False,2,neighbor_gene,1371111,ATG,1.1,False,WP_048173421.1,5,95.025,1371099,TTG,1371099,TTG,中確信度: 上流への延長の可能性(片方の証拠のみ)
MA_RS06025,MA_1157,1372438,ATG,False,0,stop_codon,1372438,ATG,0.96,False,WP_048173422.1,1,97.253,1372438,ATG,1372438,ATG,現行アノテーションを支持
MA_RS06030,MA_1158,1373261,ATG,False,0,stop_codon,1373261,ATG,1.09,False,,,,,,1373261,ATG,現行アノテーションを支持
MA_RS06035,MA_1159,1373623,ATG,False,0,stop_codon,1373623,ATG,1.59,False,WP_239451226.1,1,76.471,1373623,ATG,1373623,ATG,現行アノテーションを支持
MA_RS29740,,1373919,TTG,False,0,stop_codon,1373919,TTG,0.88,False,,,,,,1373919,TTG,現行アノテーションを支持
MA_RS06045,MA_1161,1375692,GTG,False,0,stop_codon,1375692,GTG,0.95,False,WP_048173423.1,1,86.907,1375692,GTG,1375692,GTG,現行アノテーションを支持
MA_RS06050,MA_1162,1376558,ATG,False,0,stop_codon,1376558,ATG,1.15,False,WP_048173424.1,1,94.81,1376558,ATG,1376558,ATG,現行アノテーションを支持
MA_RS06055,MA_1163,1377048,ATG,False,0,stop_codon,1377048,ATG,2.54,False,WP_048173425.1,1,88.599,1377048,ATG,1377048,ATG,現行アノテーションを支持
MA_RS06060,MA_1164,1378889,GTG,False,0,stop_codon,1378889,GTG,1.13,False,WP_048173426.1,1,93.669,1378889,GTG,1378889,GTG,現行アノテーションを支持
MA_RS06065,MA_1165,1382947,ATG,False,1,stop_codon,1382953,TTG,1.7,False,WP_048173427.1,3,93.939,1382953,TTG,1382953,TTG,中確信度: 上流への延長の可能性(片方の証拠のみ)
MA_RS06070,MA_1166,1384272,ATG,False,0,neighbor_gene,1384272,ATG,4.16,True,WP_048173428.1,1,89.431,1384272,ATG,1384272,ATG,現行アノテーションを支持
MA_RS06075,MA_1167,1385185,TTG,False,0,stop_codon,1385185,TTG,2.39,False,WP_048173434.1,1,93.95,1385185,TTG,1385185,TTG,現行アノテーションを支持
MA_RS06080,MA_1168,1385749,GTG,False,1,stop_codon,1385758,GTG,1.22,False,WP_048141363.1,4,92.258,1385758,GTG,1385758,GTG,中確信度: 上流への延長の可能性(片方の証拠のみ)
MA_RS06085,,1386178,ATG,False,2,stop_codon,1386217,TTG,0.92,False,WP_048173436.1,14,96.721,1386217,TTG,1386217,TTG,中確信度: 上流への延長の可能性(片方の証拠のみ)
MA_RS06090,MA_1170,1387983,ATG,False,0,stop_codon,1387983,ATG,1.6,False,WP_048173437.1,1,91.0,1387983,ATG,1387983,ATG,現行アノテーションを支持
MA_RS06095,MA_1171,1388704,TTG,False,1,stop_codon,1388653,TTG,1.21,False,WP_048173438.1,18,98.156,1388653,TTG,1388653,TTG,中確信度: 上流への延長の可能性(片方の証拠のみ)
MA_RS06100,MA_1172,1392905,ATG,False,1,stop_codon,1392914,GTG,2.44,False,WP_048173439.1,12,90.424,1392914,GTG,1392914,GTG,中確信度: 上流への延長の可能性(片方の証拠のみ)
MA_RS06105,MA_1173,1394033,ATG,False,1,stop_codon,1394033,ATG,1.3,False,WP_048141354.1,4,93.567,1394042,GTG,1394042,GTG,中確信度: 上流への延長の可能性(片方の証拠のみ)
MA_RS06110,MA_1174,1395082,TTG,False,0,stop_codon,1395082,TTG,1.3,False,WP_048141352.1,1,90.882,1395082,TTG,1395082,TTG,現行アノテーションを支持
MA_RS06115,MA_1175,1395472,ATG,False,1,stop_codon,1395472,ATG,2.67,False,WP_048168166.1,5,68.436,1395460,ATG,1395460,ATG,中確信度: 上流への延長の可能性(片方の証拠のみ)
MA_RS06120,MA_1176,1396529,ATG,False,0,stop_codon,1396529,ATG,0.74,False,WP_052730903.1,2,83.398,1396529,ATG,1396529,ATG,現行アノテーションを支持
MA_RS06125,MA_1177,1397311,ATG,False,1,stop_codon,1397230,TTG,1.33,False,WP_048168168.1,28,72.993,1397230,TTG,1397230,TTG,中確信度: 上流への延長の可能性(片方の証拠のみ)
MA_RS24405,MA_1178,1398528,ATG,False,1,stop_codon,1398522,TTG,1.0,False,WP_052721896.1,20,55.94,1398522,TTG,1398522,TTG,中確信度: 上流への延長の可能性(片方の証拠のみ)
MA_RS06135,MA_1179,1399970,ATG,False,1,neighbor_gene,1399970,ATG,0.9,False,WP_148704378.1,4,33.9,1399961,GTG,1399961,GTG,中確信度: 上流への延長の可能性(片方の証拠のみ)
MA_RS06140,MA_1180,1402390,ATG,False,0,stop_codon,1402390,ATG,0.91,False,WP_048122533.1,1,46.392,1402390,ATG,1402390,ATG,現行アノテーションを支持
MA_RS06145,MA_1181,1406301,ATG,False,0,stop_codon,1406301,ATG,2.06,False,WP_232316099.1,8,66.942,1406301,ATG,1406301,ATG,現行アノテーションを支持
MA_RS06150,MA_1182,1407605,ATG,False,0,stop_codon,1407605,ATG,0.66,False,WP_158024221.1,1,85.312,1407605,ATG,1407605,ATG,現行アノテーションを支持
MA_RS06155,MA_1183,1409869,ATG,False,0,stop_codon,1409869,ATG,0.69,False,WP_048141331.1,1,85.106,1409869,ATG,1409869,ATG,現行アノテーションを支持
MA_RS06160,MA_1184,1410810,ATG,False,0,stop_codon,1410810,ATG,0.86,False,WP_048141328.1,1,85.623,1410810,ATG,1410810,ATG,現行アノテーションを支持
MA_RS06165,MA_1185,1411736,ATA,True,0,stop_codon,1411736,ATA,0.91,False,WP_239451024.1,9,84.416,1411736,ATA,1411736,ATA,現行アノテーションを支持
MA_RS06170,MA_1186,1413418,ATG,False,0,neighbor_gene,1413418,ATG,1.1,False,WP_048173452.1,1,87.824,1413418,ATG,1413418,ATG,現行アノテーションを支持
MA_RS06175,MA_1187,1414573,ATG,False,0,stop_codon,1414573,ATG,1.35,False,WP_261788869.1,7,97.867,1414573,ATG,1414573,ATG,現行アノテーションを支持
MA_RS06185,MA_1189,1414961,ATG,False,0,stop_codon,1414961,ATG,1.04,False,WP_048173454.1,1,91.787,1414961,ATG,1414961,ATG,現行アノテーションを支持
MA_RS06190,MA_1190,1416845,GTG,False,0,stop_codon,1416845,GTG,2.73,False,WP_082089035.1,1,93.333,1416845,GTG,1416845,GTG,現行アノテーションを支持
MA_RS06195,MA_1191,1419348,ATG,False,0,stop_codon,1419348,ATG,1.28,False,WP_048173455.1,1,95.172,1419348,ATG,1419348,ATG,現行アノテーションを支持
MA_RS06200,MA_1192,1420585,TTG,False,0,stop_codon,1420585,TTG,1.45,False,WP_048173456.1,1,93.541,1420585,TTG,1420585,TTG,現行アノテーションを支持
MA_RS06205,MA_1193,1421117,ATG,False,1,stop_codon,1421108,ATG,1.62,False,WP_048173457.1,4,95.527,1421108,ATG,1421108,ATG,中確信度: 上流への延長の可能性(片方の証拠のみ)
MA_RS06210,MA_1194,1422102,ATG,False,2,neighbor_gene,1422075,ATG,1.01,False,WP_156158876.1,12,92.558,1422069,TTG,1422069,TTG,中確信度: 上流への延長の可能性(片方の証拠のみ)
MA_RS06215,MA_1195,1425149,ATG,False,3,stop_codon,1425203,ATG,1.36,False,WP_048173458.1,27,87.174,1425227,ATG,1425227,ATG,中確信度: 上流への延長の可能性(片方の証拠のみ)
MA_RS06220,MA_1196,1425479,ATG,False,0,stop_codon,1425479,ATG,6.38,True,WP_048173459.1,1,91.4,1425479,ATG,1425479,ATG,現行アノテーションを支持
MA_RS06225,MA_1197,1428312,ATG,False,1,neighbor_gene,1428312,ATG,1.36,False,WP_052721685.1,6,94.413,1428327,ATG,1428327,ATG,中確信度: 上流への延長の可能性(片方の証拠のみ)
MA_RS06230,MA_1198,1429178,ATG,False,0,stop_codon,1429178,ATG,1.02,False,WP_048173461.1,1,95.385,1429178,ATG,1429178,ATG,現行アノテーションを支持
MA_RS06235,MA_1199,1430212,ATG,False,0,stop_codon,1430212,ATG,0.97,False,WP_048173462.1,1,97.406,1430212,ATG,1430212,ATG,現行アノテーションを支持
MA_RS06245,MA_1200,1431478,ATG,False,2,stop_codon,1431478,ATG,3.87,True,WP_231589889.1,91,93.827,1431637,ATG,1431637,ATG,中確信度: 上流への延長の可能性(片方の証拠のみ)
MA_RS28465,,1432029,ATG,False,1,stop_codon,1431981,TTG,1.24,False,WP_048173464.1,10,83.824,1431981,TTG,1431981,TTG,中確信度: 上流への延長の可能性(片方の証拠のみ)
MA_RS28470,,1432204,TTG,False,0,stop_codon,1432204,TTG,1.03,False,WP_048173469.1,2,78.947,1432204,TTG,1432204,TTG,現行アノテーションを支持
MA_RS06255,MA_1202,1433246,ATG,False,0,stop_codon,1433246,ATG,1.81,False,WP_048173465.1,1,94.355,1433246,ATG,1433246,ATG,現行アノテーションを支持
MA_RS06260,MA_1203,1434484,ATG,False,0,stop_codon,1434484,ATG,0.9,False,WP_048117393.1,1,79.07,1434484,ATG,1434484,ATG,現行アノテーションを支持
MA_RS06265,MA_1204,1436630,ATG,False,0,stop_codon,1436630,ATG,0.85,False,WP_048173466.1,1,93.635,1436630,ATG,1436630,ATG,現行アノテーションを支持
MA_RS06270,MA_1205,1437519,TTG,False,0,stop_codon,1437519,TTG,1.46,False,WP_011021227.1,1,100.0,1437519,TTG,1437519,TTG,現行アノテーションを支持
MA_RS06275,MA_1206,1438658,ATG,False,0,stop_codon,1438658,ATG,1.65,False,WP_048173469.1,1,98.305,1438658,ATG,1438658,ATG,現行アノテーションを支持
MA_RS06280,MA_1207,1439997,TTG,False,0,stop_codon,1439997,TTG,1.72,False,WP_048117393.1,1,63.679,1439997,TTG,1439997,TTG,現行アノテーションを支持
MA_RS06285,MA_1208,1441791,ATG,False,0,neighbor_gene,1441791,ATG,1.0,False,WP_048173470.1,1,98.052,1441791,ATG,1441791,ATG,現行アノテーションを支持
MA_RS06290,MA_1209,1442157,ATG,False,0,stop_codon,1442157,ATG,0.85,False,WP_048173471.1,1,98.276,1442157,ATG,1442157,ATG,現行アノテーションを支持
MA_RS06295,MA_1210,1443742,ATG,False,0,stop_codon,1443742,ATG,1.24,False,WP_048173472.1,1,99.038,1443742,ATG,1443742,ATG,現行アノテーションを支持
MA_RS06300,MA_1211,1444156,TTG,False,0,neighbor_gene,1444156,TTG,0.93,False,WP_231589891.1,1,99.206,1444156,TTG,1444156,TTG,現行アノテーションを支持
MA_RS06305,MA_1212,1444487,GTG,False,0,stop_codon,1444487,GTG,0.98,False,WP_048173473.1,1,99.048,1444487,GTG,1444487,GTG,現行アノテーションを支持
MA_RS06310,MA_1213,1446358,ATG,False,2,stop_codon,1446358,ATG,0.85,False,WP_011021227.1,12,100.0,1446325,ATG,1446325,ATG,中確信度: 上流への延長の可能性(片方の証拠のみ)
MA_RS06315,MA_1214,1447205,ATG,False,1,neighbor_gene,1447205,ATG,0.69,False,WP_011021235.1,5,100.0,1447193,GTG,1447193,GTG,中確信度: 上流への延長の可能性(片方の証拠のみ)
MA_RS06320,MA_1215,1447569,ATG,False,0,stop_codon,1447569,ATG,1.15,False,WP_048173474.1,1,99.187,1447569,ATG,1447569,ATG,現行アノテーションを支持
MA_RS06325,MA_1216,1447960,ATG,False,0,neighbor_gene,1447960,ATG,1.24,False,WP_048173475.1,1,99.792,1447960,ATG,1447960,ATG,現行アノテーションを支持
MA_RS06330,MA_1217,1449399,ATG,False,0,stop_codon,1449399,ATG,0.89,False,WP_011021238.1,1,100.0,1449399,ATG,1449399,ATG,現行アノテーションを支持
MA_RS06335,MA_1218,1449778,GTG,False,0,stop_codon,1449778,GTG,0.74,False,WP_048173476.1,1,97.614,1449778,GTG,1449778,GTG,現行アノテーションを支持
MA_RS06340,MA_1219,1451365,ATG,False,2,stop_codon,1451326,TTG,0.84,False,WP_048173477.1,14,95.481,1451326,TTG,1451326,TTG,中確信度: 上流への延長の可能性(片方の証拠のみ)
MA_RS06345,MA_1220,1452879,ATG,False,1,stop_codon,1452879,ATG,1.14,False,WP_048173478.1,12,92.601,1452846,TTG,1452846,TTG,中確信度: 上流への延長の可能性(片方の証拠のみ)
MA_RS06350,MA_1221,1454243,ATG,False,0,stop_codon,1454243,ATG,1.16,False,WP_048118404.1,60,68.254,1454243,ATG,1454243,ATG,現行アノテーションを支持
MA_RS06355,MA_1222,1455058,ATG,False,0,stop_codon,1455058,ATG,0.92,False,WP_048173479.1,1,95.068,1455058,ATG,1455058,ATG,現行アノテーションを支持
MA_RS06360,MA_1223,1456238,ATG,False,2,stop_codon,1456238,ATG,1.52,False,WP_048173480.1,4,94.512,1456229,GTG,1456229,GTG,中確信度: 上流への延長の可能性(片方の証拠のみ)
MA_RS06365,MA_1224,1457748,ATG,False,1,stop_codon,1457757,GTG,1.69,False,WP_048173481.1,4,96.474,1457757,GTG,1457757,GTG,中確信度: 上流への延長の可能性(片方の証拠のみ)
MA_RS06370,MA_1225,1458717,GTG,False,0,stop_codon,1458717,GTG,1.25,False,WP_048173482.1,1,96.886,1458717,GTG,1458717,GTG,現行アノテーションを支持
MA_RS06375,MA_1226,1459840,TTG,False,0,stop_codon,1459840,TTG,0.81,False,WP_048173483.1,1,94.681,1459840,TTG,1459840,TTG,現行アノテーションを支持
MA_RS06380,MA_1227,1460904,GTG,False,0,neighbor_gene,1460904,GTG,0.64,False,WP_080941587.1,1,49.245,1460904,GTG,1460904,GTG,現行アノテーションを支持
MA_RS06385,MA_1228,1461599,ATG,False,0,stop_codon,1461599,ATG,0.96,False,WP_048122698.1,1,60.965,1461599,ATG,1461599,ATG,現行アノテーションを支持
MA_RS06390,MA_1229,1462519,ATG,False,2,stop_codon,1462627,ATG,1.36,False,WP_156158877.1,1,95.472,1462627,ATG,1462627,ATG,中確信度: 上流への延長の可能性(片方の証拠のみ)
MA_RS06395,MA_1230,1463861,ATG,False,0,stop_codon,1463861,ATG,0.9,False,WP_048121186.1,1,79.67,1463861,ATG,1463861,ATG,現行アノテーションを支持
MA_RS06400,MA_1231,1465054,ATG,False,0,stop_codon,1465054,ATG,1.77,False,WP_048121186.1,1,84.722,1465054,ATG,1465054,ATG,現行アノテーションを支持
MA_RS06405,MA_1232,1466250,ATG,False,0,stop_codon,1466250,ATG,1.29,False,WP_048173484.1,1,96.409,1466250,ATG,1466250,ATG,現行アノテーションを支持
MA_RS06410,MA_1233,1467116,ATG,False,1,stop_codon,1467116,ATG,1.06,False,WP_048173485.1,34,95.42,1467215,GTG,1467215,GTG,中確信度: 上流への延長の可能性(片方の証拠のみ)
MA_RS06415,MA_1234,1468138,ATG,False,2,stop_codon,1468150,GTG,7.11,True,WP_048173486.1,20,97.085,1468195,TTG,,,要確認: RNA-seqとBLASTが異なる候補を支持
MA_RS29305,,1468788,TTG,False,0,stop_codon,1468788,TTG,0.73,False,,,,,,1468788,TTG,現行アノテーションを支持
MA_RS06420,MA_1235,1470485,ATG,False,0,stop_codon,1470485,ATG,0.77,False,WP_052721531.1,1,86.472,1470485,ATG,1470485,ATG,現行アノテーションを支持
MA_RS06425,MA_1236,1471159,ATG,False,0,stop_codon,1471159,ATG,1.04,False,WP_048170614.1,1,97.778,1471159,ATG,1471159,ATG,現行アノテーションを支持
MA_RS06430,MA_1237,1472118,ATG,False,0,stop_codon,1472118,ATG,1.47,False,WP_048170612.1,1,96.0,1472118,ATG,1472118,ATG,現行アノテーションを支持
MA_RS06435,MA_1238,1472814,ATG,False,0,stop_codon,1472814,ATG,1.42,False,WP_048170611.1,1,97.101,1472814,ATG,1472814,ATG,現行アノテーションを支持
MA_RS06440,MA_1239,1473314,ATG,False,2,stop_codon,1473332,TTG,1.98,False,WP_048170607.1,16,97.101,1473359,GTG,1473359,GTG,中確信度: 上流への延長の可能性(片方の証拠のみ)
MA_RS29310,,1473590,ATG,False,0,stop_codon,1473590,ATG,1.17,False,,,,,,1473590,ATG,現行アノテーションを支持
MA_RS06445,MA_1241,1473916,ATG,False,1,stop_codon,1473916,ATG,1.14,False,WP_048170605.1,3,96.296,1473910,GTG,1473910,GTG,中確信度: 上流への延長の可能性(片方の証拠のみ)
MA_RS28115,MA_1242,1476947,ATG,False,0,stop_codon,1476947,ATG,2.72,False,WP_048173500.1,1,98.043,1476947,ATG,1476947,ATG,現行アノテーションを支持
MA_RS06455,MA_1243,1477774,ATG,False,1,stop_codon,1477762,ATG,5.88,True,WP_080503047.1,5,62.338,1477762,ATG,1477762,ATG,高確信度: 上流への延長を提案(RNA-seq・BLAST一致)
MA_RS06460,MA_1244,1483501,ATG,False,0,stop_codon,1483501,ATG,1.1,False,WP_048170603.1,1,99.016,1483501,ATG,1483501,ATG,現行アノテーションを支持
MA_RS06465,MA_1245,1484432,ATG,False,0,neighbor_gene,1484432,ATG,0.81,False,WP_082088890.1,1,99.359,1484432,ATG,1484432,ATG,現行アノテーションを支持
MA_RS06470,MA_1246,1485273,ATG,False,1,stop_codon,1485273,ATG,1.09,False,WP_048170602.1,10,98.566,1485300,ATG,1485300,ATG,中確信度: 上流への延長の可能性(片方の証拠のみ)
MA_RS06475,MA_1247,1486207,ATG,False,0,neighbor_gene,1486207,ATG,0.97,False,WP_048170599.1,1,99.367,1486207,ATG,1486207,ATG,現行アノテーションを支持
MA_RS06480,MA_1248,1486931,ATG,False,0,stop_codon,1486931,ATG,1.11,False,WP_048170597.1,1,99.565,1486931,ATG,1486931,ATG,現行アノテーションを支持
MA_RS06485,MA_1249,1488505,ATG,False,2,stop_codon,1488505,ATG,1.27,False,WP_048170594.1,13,98.077,1488541,TTG,1488541,TTG,中確信度: 上流への延長の可能性(片方の証拠のみ)
MA_RS06490,MA_1250,1490296,ATG,False,2,stop_codon,1490305,TTG,5.79,True,WP_048170592.1,5,97.51,1490305,TTG,1490305,TTG,高確信度: 上流への延長を提案(RNA-seq・BLAST一致)
MA_RS06495,MA_1251,1491186,GTG,False,0,stop_codon,1491186,GTG,1.06,False,WP_231590429.1,48,99.163,1491186,GTG,1491186,GTG,現行アノテーションを支持
MA_RS06500,MA_1252,1492897,ATG,False,0,stop_codon,1492897,ATG,0.81,False,WP_052721529.1,1,96.957,1492897,ATG,1492897,ATG,現行アノテーションを支持
MA_RS06505,,1494282,ATG,False,1,stop_codon,1494252,TTG,1.46,False,WP_156158793.1,11,98.077,1494252,TTG,1494252,TTG,中確信度: 上流への延長の可能性(片方の証拠のみ)
MA_RS26610,,1494607,GTG,False,0,stop_codon,1494607,GTG,1.01,False,WP_052712701.1,1,61.905,1494607,GTG,1494607,GTG,現行アノテーションを支持
MA_RS26615,,1494775,ATG,False,0,neighbor_gene,1494775,ATG,1.1,False,WP_048137941.1,4,71.111,1494775,ATG,1494775,ATG,現行アノテーションを支持
MA_RS06510,MA_1255,1495909,ATG,False,0,neighbor_gene,1495909,ATG,1.08,False,WP_011021276.1,1,100.0,1495909,ATG,1495909,ATG,現行アノテーションを支持
MA_RS06515,MA_1256,1497216,ATG,False,0,stop_codon,1497216,ATG,1.85,False,WP_048170585.1,1,98.341,1497216,ATG,1497216,ATG,現行アノテーションを支持
MA_RS06520,MA_1257,1499736,ATG,False,0,stop_codon,1499736,ATG,1.29,False,WP_048170583.1,1,97.534,1499736,ATG,1499736,ATG,現行アノテーションを支持
MA_RS06525,MA_1258,1500378,ATG,False,0,stop_codon,1500378,ATG,0.99,False,WP_011034193.1,1,96.825,1500378,ATG,1500378,ATG,現行アノテーションを支持
MA_RS06530,MA_1259,1500803,ATG,False,0,stop_codon,1500803,ATG,0.99,False,WP_011034194.1,1,97.887,1500803,ATG,1500803,ATG,現行アノテーションを支持
MA_RS06535,MA_1260,1501332,TTG,False,0,neighbor_gene,1501332,TTG,1.07,False,WP_048170579.1,1,99.291,1501332,TTG,1501332,TTG,現行アノテーションを支持
MA_RS06540,MA_1261,1501643,ATG,False,2,stop_codon,1501652,TTG,1.44,False,WP_082088889.1,2,96.939,1501652,TTG,1501652,TTG,中確信度: 上流への延長の可能性(片方の証拠のみ)
MA_RS06545,MA_1262,1503107,ATG,False,0,stop_codon,1503107,ATG,0.82,False,WP_390175975.1,12,97.686,1503107,ATG,1503107,ATG,現行アノテーションを支持
MA_RS06550,MA_1263,1505746,ATG,False,0,stop_codon,1505746,ATG,0.75,False,WP_048170576.1,1,99.205,1505746,ATG,1505746,ATG,現行アノテーションを支持
MA_RS06555,MA_1264,1507575,ATG,False,0,stop_codon,1507575,ATG,1.03,False,WP_048170574.1,1,98.013,1507575,ATG,1507575,ATG,現行アノテーションを支持
MA_RS06560,MA_1265,1509184,GTG,False,0,stop_codon,1509184,GTG,1.08,False,WP_048170572.1,1,98.682,1509184,GTG,1509184,GTG,現行アノテーションを支持
MA_RS06565,MA_1266,1509634,TTG,False,0,stop_codon,1509634,TTG,0.71,False,WP_048170570.1,1,97.436,1509634,TTG,1509634,TTG,現行アノテーションを支持
MA_RS06580,MA_1267,1512242,ATG,False,0,neighbor_gene,1512242,ATG,0.9,False,WP_052727198.1,8,90.762,1512242,ATG,1512242,ATG,現行アノテーションを支持
MA_RS06585,MA_1268,1512720,ATG,False,0,stop_codon,1512720,ATG,1.2,False,WP_048170565.1,1,97.973,1512720,ATG,1512720,ATG,現行アノテーションを支持
MA_RS06590,MA_1269,1513219,ATG,False,0,stop_codon,1513219,ATG,1.2,False,WP_048170564.1,1,94.521,1513219,ATG,1513219,ATG,現行アノテーションを支持
MA_RS06595,MA_1270,1517687,ATG,False,0,stop_codon,1517687,ATG,0.94,False,WP_048170562.1,529,89.041,1517687,ATG,1517687,ATG,現行アノテーションを支持
MA_RS06600,MA_1271,1519002,ATG,False,0,stop_codon,1519002,ATG,1.06,False,WP_048122699.1,1,92.195,1519002,ATG,1519002,ATG,現行アノテーションを支持
MA_RS06605,MA_1272,1520231,GTG,False,0,stop_codon,1520231,GTG,1.37,False,WP_048122698.1,1,96.537,1520231,GTG,1520231,GTG,現行アノテーションを支持
MA_RS06610,MA_1273,1520928,TTG,False,0,neighbor_gene,1520928,TTG,1.01,False,WP_082088887.1,1,94.065,1520928,TTG,1520928,TTG,現行アノテーションを支持
MA_RS06615,MA_1274,1526139,ATG,False,0,stop_codon,1526139,ATG,0.97,False,WP_048170554.1,1,88.655,1526139,ATG,1526139,ATG,現行アノテーションを支持
MA_RS06620,MA_1275,1527823,ATG,False,0,stop_codon,1527823,ATG,1.18,False,WP_048170551.1,1,97.324,1527823,ATG,1527823,ATG,現行アノテーションを支持
MA_RS06625,MA_1276,1529509,ATG,False,1,stop_codon,1529539,TTG,1.05,False,WP_048170550.1,11,95.602,1529539,TTG,1529539,TTG,中確信度: 上流への延長の可能性(片方の証拠のみ)
MA_RS06630,MA_1277,1530674,ATG,False,0,neighbor_gene,1530674,ATG,1.06,False,WP_048138000.1,1,86.916,1530674,ATG,1530674,ATG,現行アノテーションを支持
MA_RS06635,MA_1278,1531438,ATG,False,0,stop_codon,1531438,ATG,1.71,False,WP_048166870.1,1,89.328,1531438,ATG,1531438,ATG,現行アノテーションを支持
MA_RS06640,MA_1279,1532600,ATG,False,3,stop_codon,1532600,ATG,1.08,False,WP_048138002.1,36,87.987,1532705,GTG,1532705,GTG,中確信度: 上流への延長の可能性(片方の証拠のみ)
MA_RS06645,MA_1280,1534015,ATG,False,1,stop_codon,1534045,TTG,1.89,False,WP_394296912.1,1,88.865,1534045,TTG,1534045,TTG,中確信度: 上流への延長の可能性(片方の証拠のみ)
MA_RS06650,MA_1281,1534612,ATG,False,0,stop_codon,1534612,ATG,1.44,False,WP_048170540.1,1,89.625,1534612,ATG,1534612,ATG,現行アノテーションを支持
MA_RS06655,MA_1282,1536571,ATG,False,1,stop_codon,1536571,ATG,1.94,False,WP_048170538.1,1,96.667,1536577,ATG,1536577,ATG,中確信度: 上流への延長の可能性(片方の証拠のみ)
MA_RS06660,MA_1283,1536969,ATG,False,1,stop_codon,1536969,ATG,1.0,False,,,,,,1536969,ATG,現行アノテーションを支持
MA_RS06665,MA_1284,1538199,GTG,False,0,stop_codon,1538199,GTG,1.24,False,WP_155400480.1,64,72.924,1538199,GTG,1538199,GTG,現行アノテーションを支持
MA_RS06670,MA_1285,1539406,ATG,False,3,stop_codon,1539289,ATG,1.39,False,WP_048170536.1,1,94.286,1539280,ATG,1539280,ATG,中確信度: 上流への延長の可能性(片方の証拠のみ)
MA_RS06675,MA_1286,1540190,ATG,False,0,stop_codon,1540190,ATG,1.14,False,WP_048142184.1,1,38.757,1540190,ATG,1540190,ATG,現行アノテーションを支持
MA_RS06680,MA_1287,1542160,ATG,False,0,stop_codon,1542160,ATG,1.41,False,WP_048170531.1,1,95.876,1542160,ATG,1542160,ATG,現行アノテーションを支持
MA_RS06685,MA_1288,1542668,ATG,False,0,stop_codon,1542668,ATG,3.47,True,WP_048138015.1,1,93.818,1542668,ATG,1542668,ATG,現行アノテーションを支持
MA_RS06690,MA_1289,1543709,TTG,False,1,stop_codon,1543700,GTG,2.52,False,WP_048170526.1,4,94.884,1543700,GTG,1543700,GTG,中確信度: 上流への延長の可能性(片方の証拠のみ)
MA_RS06695,MA_1290,1544708,ATG,False,0,stop_codon,1544708,ATG,11.05,True,WP_048169579.1,1,97.288,1544708,ATG,1544708,ATG,現行アノテーションを支持
MA_RS06700,MA_1291,1546595,TTG,False,1,stop_codon,1546586,GTG,1.28,False,WP_048036925.1,4,88.837,1546586,GTG,1546586,GTG,中確信度: 上流への延長の可能性(片方の証拠のみ)
MA_RS28475,MA_1292,1547653,GTG,False,0,stop_codon,1547653,GTG,1.48,False,WP_048170517.1,1,90.387,1547653,GTG,1547653,GTG,現行アノテーションを支持
MA_RS06710,MA_1293,1550911,ATG,False,0,stop_codon,1550911,ATG,2.08,False,WP_048138026.1,1,72.884,1550911,ATG,1550911,ATG,現行アノテーションを支持
MA_RS28480,MA_1294,1552974,TTG,False,0,stop_codon,1552974,TTG,1.29,False,,,,,,1552974,TTG,現行アノテーションを支持
MA_RS06720,MA_1295,1553631,ATG,False,1,stop_codon,1553631,ATG,1.35,False,WP_230633249.1,1,89.623,1553607,TTG,1553607,TTG,中確信度: 上流への延長の可能性(片方の証拠のみ)
MA_RS06725,MA_1296,1553924,ATG,False,0,stop_codon,1553924,ATG,0.83,False,WP_048170512.1,1,95.652,1553924,ATG,1553924,ATG,現行アノテーションを支持
MA_RS29745,,1554431,CTG,True,0,stop_codon,1554431,CTG,0.94,False,WP_231590425.1,13,87.5,1554431,CTG,1554431,CTG,現行アノテーションを支持
MA_RS29315,MA_1297,1554636,ATG,False,0,stop_codon,1554636,ATG,1.51,False,WP_231590425.1,1,72.368,1554636,ATG,1554636,ATG,現行アノテーションを支持
MA_RS06735,MA_1298,1556638,ATG,False,0,stop_codon,1556638,ATG,1.56,False,WP_048170510.1,1,96.589,1556638,ATG,1556638,ATG,現行アノテーションを支持
MA_RS06740,MA_1299,1559493,ATG,False,0,stop_codon,1559493,ATG,1.14,False,WP_231590426.1,1,93.13,1559493,ATG,1559493,ATG,現行アノテーションを支持
MA_RS26640,MA_1301,1561019,TTG,False,0,stop_codon,1561019,TTG,1.27,False,WP_148704954.1,1,98.413,1561019,TTG,1561019,TTG,現行アノテーションを支持
MA_RS06750,MA_1302,1562556,ATG,False,0,stop_codon,1562556,ATG,0.97,False,WP_048170508.1,1,99.327,1562556,ATG,1562556,ATG,現行アノテーションを支持
MA_RS06755,MA_1303,1563189,ATG,False,0,stop_codon,1563189,ATG,9.37,True,WP_148704952.1,1,98.246,1563189,ATG,1563189,ATG,現行アノテーションを支持
MA_RS06760,MA_1304,1563240,GTG,False,0,stop_codon,1563240,GTG,1.18,False,WP_156158790.1,1,96.552,1563240,GTG,1563240,GTG,現行アノテーションを支持
MA_RS06765,MA_1305,1564027,ATG,False,0,stop_codon,1564027,ATG,0.89,False,WP_048170504.1,1,92.857,1564027,ATG,1564027,ATG,現行アノテーションを支持
MA_RS29750,,1564898,ATC,True,0,stop_codon,1564898,ATC,0.83,False,WP_394296909.1,20,94.444,1564898,ATC,1564898,ATC,現行アノテーションを支持
MA_RS28490,,1565479,ATG,False,1,stop_codon,1565479,ATG,1.26,False,WP_048046562.1,27,77.778,1565533,GTG,1565533,GTG,中確信度: 上流への延長の可能性(片方の証拠のみ)
MA_RS06775,MA_1307,1566811,ATG,False,3,stop_codon,1566811,ATG,16.91,True,WP_231590425.1,55,95.178,1566973,TTG,1566973,TTG,中確信度: 上流への延長の可能性(片方の証拠のみ)
MA_RS06780,MA_1308,1566985,ATG,False,0,stop_codon,1566985,ATG,3.71,True,WP_048170493.1,1,96.087,1566985,ATG,1566985,ATG,現行アノテーションを支持
MA_RS06785,MA_1309,1569739,ATG,False,0,stop_codon,1569739,ATG,1.12,False,WP_048170491.1,1,96.209,1569739,ATG,1569739,ATG,現行アノテーションを支持
MA_RS06790,MA_1310,1571996,GTG,False,0,stop_codon,1571996,GTG,1.23,False,WP_231590424.1,9,93.707,1571996,GTG,1571996,GTG,現行アノテーションを支持
MA_RS06795,MA_1312,1572857,ATG,False,2,stop_codon,1572806,TTG,10.13,True,WP_048174512.1,18,91.667,1572806,TTG,1572806,TTG,高確信度: 上流への延長を提案(RNA-seq・BLAST一致)
MA_RS06800,MA_1313,1574242,ATG,False,3,neighbor_gene,1574242,ATG,1.0,False,WP_082089113.1,40,92.601,1574125,ATG,1574125,ATG,中確信度: 上流への延長の可能性(片方の証拠のみ)
MA_RS06815,MA_1316,1578873,ATG,False,1,stop_codon,1578873,ATG,0.89,False,WP_048172762.1,4,96.558,1578882,ATG,1578882,ATG,中確信度: 上流への延長の可能性(片方の証拠のみ)
MA_RS28075,,1579148,ATG,False,0,stop_codon,1579148,ATG,1.86,False,WP_187151745.1,1,92.308,1579148,ATG,1579148,ATG,現行アノテーションを支持
MA_RS06820,,1579488,TTG,False,0,stop_codon,1579488,TTG,1.02,False,,,,,,1579488,TTG,現行アノテーションを支持
MA_RS06825,MA_1317,1580910,ATG,False,0,stop_codon,1580910,ATG,1.65,False,WP_048172763.1,1,94.575,1580910,ATG,1580910,ATG,現行アノテーションを支持
MA_RS06830,MA_1318,1582653,ATG,False,0,stop_codon,1582653,ATG,3.77,True,WP_048172765.1,1,96.939,1582653,ATG,1582653,ATG,現行アノテーションを支持
MA_RS06835,MA_1319,1583090,ATG,False,0,stop_codon,1583090,ATG,0.93,False,WP_048141200.1,1,76.884,1583090,ATG,1583090,ATG,現行アノテーションを支持
MA_RS06840,MA_1320,1583735,ATG,False,0,stop_codon,1583735,ATG,0.96,False,WP_011034232.1,7,80.303,1583735,ATG,1583735,ATG,現行アノテーションを支持
MA_RS06845,MA_1321,1585299,ATG,False,2,stop_codon,1585332,GTG,2.55,False,WP_048172769.1,12,97.674,1585332,GTG,1585332,GTG,中確信度: 上流への延長の可能性(片方の証拠のみ)
MA_RS06850,MA_1322,1590092,ATG,False,1,stop_codon,1590092,ATG,0.93,False,WP_082088988.1,13,89.559,1590128,TTG,1590128,TTG,中確信度: 上流への延長の可能性(片方の証拠のみ)
MA_RS06865,MA_1323,1590819,ATG,False,2,stop_codon,1590798,TTG,0.87,False,WP_048166853.1,5,65.517,1590798,TTG,1590798,TTG,中確信度: 上流への延長の可能性(片方の証拠のみ)
MA_RS06870,MA_1324,1592343,ATG,False,0,stop_codon,1592343,ATG,1.51,False,WP_048172772.1,1,95.177,1592343,ATG,1592343,ATG,現行アノテーションを支持
MA_RS06875,MA_1325,1592549,ATG,False,0,stop_codon,1592549,ATG,116.75,True,WP_048172774.1,1,91.107,1592549,ATG,1592549,ATG,現行アノテーションを支持
MA_RS06880,MA_1326,1594327,TTG,False,0,stop_codon,1594327,TTG,0.97,False,WP_231589800.1,9,92.958,1594327,TTG,1594327,TTG,現行アノテーションを支持
MA_RS06885,MA_1327,1594806,GTG,False,0,stop_codon,1594806,GTG,0.5,False,WP_048172776.1,8,97.333,1594806,GTG,1594806,GTG,現行アノテーションを支持
MA_RS06890,MA_1328,1595636,ATG,False,1,stop_codon,1595612,ATG,0.75,False,WP_048172096.1,13,28.646,1595612,ATG,1595612,ATG,中確信度: 上流への延長の可能性(片方の証拠のみ)
MA_RS06895,MA_1329,1597555,ATG,False,0,stop_codon,1597555,ATG,1.07,False,WP_187151731.1,1,97.5,1597555,ATG,1597555,ATG,現行アノテーションを支持
MA_RS25175,MA_1330,1597712,ATG,False,0,stop_codon,1597712,ATG,1.3,False,WP_315968675.1,10,93.333,1597712,ATG,1597712,ATG,現行アノテーションを支持
MA_RS06905,MA_1331,1598918,ATG,False,0,stop_codon,1598918,ATG,1.35,False,WP_048172461.1,1,92.181,1598918,ATG,1598918,ATG,現行アノテーションを支持
MA_RS24415,MA_1332,1599389,TTG,False,0,stop_codon,1599389,TTG,1.29,False,WP_052721620.1,11,81.1,1599389,TTG,1599389,TTG,現行アノテーションを支持
MA_RS06915,MA_1333,1600296,ATG,False,0,neighbor_gene,1600296,ATG,0.85,False,WP_048172462.1,1,79.048,1600296,ATG,1600296,ATG,現行アノテーションを支持
MA_RS29320,,1600620,ATG,False,0,neighbor_gene,1600620,ATG,1.13,False,WP_048141177.1,1,51.163,1600620,ATG,1600620,ATG,現行アノテーションを支持
MA_RS25180,,1600834,ATG,False,1,stop_codon,1600834,ATG,3.28,True,WP_082088968.1,5,91.837,1600822,TTG,1600822,TTG,中確信度: 上流への延長の可能性(片方の証拠のみ)
MA_RS26655,,1600995,ATG,False,1,neighbor_gene,1600986,GTG,1.13,False,WP_158024214.1,4,52.941,1600986,GTG,1600986,GTG,中確信度: 上流への延長の可能性(片方の証拠のみ)
MA_RS06920,MA_1334,1601147,ATG,False,0,stop_codon,1601147,ATG,0.51,False,WP_048172464.1,1,89.969,1601147,ATG,1601147,ATG,現行アノテーションを支持
MA_RS06925,MA_1335,1602118,ATG,False,0,neighbor_gene,1602118,ATG,0.99,False,,,,,,1602118,ATG,現行アノテーションを支持
MA_RS25185,MA_1336,1602564,ATG,False,0,stop_codon,1602564,ATG,1.89,False,WP_261789147.1,1,84.0,1602564,ATG,1602564,ATG,現行アノテーションを支持
MA_RS25190,MA_1337,1602931,ATA,True,0,stop_codon,1602931,ATA,1.5,False,WP_261789147.1,1,95.238,1602931,ATA,1602931,ATA,現行アノテーションを支持
MA_RS06940,MA_1338,1603305,ATG,False,0,stop_codon,1603305,ATG,1.37,False,WP_231589841.1,1,96.923,1603305,ATG,1603305,ATG,現行アノテーションを支持
MA_RS06945,MA_1339,1604124,ATG,False,0,stop_codon,1604124,ATG,3.62,True,WP_048173227.1,1,97.345,1604124,ATG,1604124,ATG,現行アノテーションを支持
MA_RS06950,MA_1340,1604273,ATG,False,0,stop_codon,1604273,ATG,1.3,False,WP_048173229.1,1,96.85,1604273,ATG,1604273,ATG,現行アノテーションを支持
MA_RS06955,MA_1341,1605346,ATG,False,0,stop_codon,1605346,ATG,1.4,False,WP_048173230.1,7,95.261,1605346,ATG,1605346,ATG,現行アノテーションを支持
MA_RS06960,MA_1342,1606602,ATG,False,0,stop_codon,1606602,ATG,0.68,False,WP_048141148.1,1,83.773,1606602,ATG,1606602,ATG,現行アノテーションを支持
MA_RS06965,MA_1343,1609739,ATG,False,6,stop_codon,1609739,ATG,1.1,False,WP_048173235.1,30,91.566,1609652,ATG,1609652,ATG,中確信度: 上流への延長の可能性(片方の証拠のみ)
MA_RS06970,MA_1344,1610154,ATG,False,1,stop_codon,1610154,ATG,1.0,False,WP_231589842.1,4,87.179,1610103,ATG,1610103,ATG,中確信度: 上流への延長の可能性(片方の証拠のみ)
MA_RS26660,,1610427,ATG,False,0,stop_codon,1610427,ATG,0.83,False,,,,,,1610427,ATG,現行アノテーションを支持
MA_RS06975,MA_1345,1613214,ATG,False,0,stop_codon,1613214,ATG,1.32,False,WP_082089019.1,1,89.121,1613214,ATG,1613214,ATG,現行アノテーションを支持
MA_RS06980,MA_1346,1614606,ATG,False,0,stop_codon,1614606,ATG,1.82,False,WP_048141142.1,1,83.296,1614606,ATG,1614606,ATG,現行アノテーションを支持
MA_RS06985,,1614875,TTG,False,0,stop_codon,1614875,TTG,1.17,False,,,,,,1614875,TTG,現行アノテーションを支持
MA_RS06990,MA_1347,1615914,ATG,False,2,stop_codon,1615869,TTG,0.88,False,WP_048174868.1,25,85.022,1615842,TTG,1615842,TTG,中確信度: 上流への延長の可能性(片方の証拠のみ)
MA_RS06995,MA_1348,1617034,ATG,False,1,stop_codon,1617034,ATG,1.34,False,WP_048173242.1,2,95.37,1617037,TTG,1617037,TTG,中確信度: 上流への延長の可能性(片方の証拠のみ)
MA_RS07000,,1617611,GTG,False,0,stop_codon,1617611,GTG,1.26,False,WP_082089503.1,1,86.486,1617611,GTG,1617611,GTG,現行アノテーションを支持
MA_RS07005,MA_1350,1618145,ATG,False,2,stop_codon,1618106,ATG,1.72,False,WP_048174870.1,14,97.26,1618106,ATG,1618106,ATG,中確信度: 上流への延長の可能性(片方の証拠のみ)
MA_RS07010,MA_1351,1618984,ATG,False,0,stop_codon,1618984,ATG,1.41,False,WP_048173243.1,1,99.048,1618984,ATG,1618984,ATG,現行アノテーションを支持
MA_RS07015,,1619540,TTG,False,0,stop_codon,1619540,TTG,1.48,False,,,,,,1619540,TTG,現行アノテーションを支持
MA_RS07020,,1619802,ATG,False,0,stop_codon,1619802,ATG,0.78,False,WP_204245338.1,1,91.489,1619802,ATG,1619802,ATG,現行アノテーションを支持
MA_RS07025,,1620268,ATG,False,0,stop_codon,1620268,ATG,1.33,False,WP_048065096.1,1,100.0,1620268,ATG,1620268,ATG,現行アノテーションを支持
MA_RS07030,MA_1353,1621343,ATT,True,4,stop_codon,1621343,ATT,1.55,False,WP_082089383.1,36,88.793,1621220,ATG,1621220,ATG,中確信度: 上流への延長の可能性(片方の証拠のみ)
MA_RS07040,MA_1354,1623543,ATG,False,1,stop_codon,1623555,TTG,3.32,True,WP_048173250.1,5,94.485,1623555,TTG,1623555,TTG,高確信度: 上流への延長を提案(RNA-seq・BLAST一致)
MA_RS07045,MA_1355,1625123,ATG,False,0,stop_codon,1625123,ATG,1.73,False,WP_048173251.1,1,95.374,1625123,ATG,1625123,ATG,現行アノテーションを支持
MA_RS24425,MA_1356,1625372,ATG,False,0,stop_codon,1625372,ATG,3.54,True,WP_048173253.1,1,84.507,1625372,ATG,1625372,ATG,現行アノテーションを支持
MA_RS07055,MA_1357,1626327,ATG,False,1,stop_codon,1626327,ATG,1.95,False,WP_048141120.1,5,47.5,1626315,GTG,1626315,GTG,中確信度: 上流への延長の可能性(片方の証拠のみ)
MA_RS28495,MA_1358,1627226,ATG,False,0,stop_codon,1627226,ATG,2.16,False,WP_048171725.1,1,53.571,1627226,ATG,1627226,ATG,現行アノテーションを支持
MA_RS26670,,1628289,TTG,False,1,stop_codon,1628289,TTG,1.52,False,WP_048141116.1,11,78.723,1628292,TTG,1628292,TTG,中確信度: 上流への延長の可能性(片方の証拠のみ)
MA_RS07065,MA_1360,1628368,ATG,False,0,stop_codon,1628368,ATG,2.38,False,WP_048171727.1,1,96.085,1628368,ATG,1628368,ATG,現行アノテーションを支持
MA_RS07070,MA_1361,1630205,ATG,False,0,stop_codon,1630205,ATG,2.05,False,WP_048141116.1,1,93.96,1630205,ATG,1630205,ATG,現行アノテーションを支持
MA_RS07075,MA_1362,1631797,ATG,False,1,stop_codon,1631803,TTG,1.65,False,WP_048171729.1,3,91.709,1631803,TTG,1631803,TTG,中確信度: 上流への延長の可能性(片方の証拠のみ)
MA_RS07080,MA_1363,1632032,ATG,False,0,stop_codon,1632032,ATG,1.09,False,WP_048174628.1,33,91.903,1632032,ATG,1632032,ATG,現行アノテーションを支持
MA_RS07085,MA_1364,1634047,ATG,False,0,stop_codon,1634047,ATG,1.16,False,WP_048171731.1,1,98.63,1634047,ATG,1634047,ATG,現行アノテーションを支持
MA_RS26675,MA_1365,1634671,ATG,False,0,stop_codon,1634671,ATG,2.56,False,,,,,,1634671,ATG,現行アノテーションを支持
MA_RS07090,MA_1366,1635548,ATG,False,1,stop_codon,1635563,ATG,11.88,True,WP_048174629.1,6,85.882,1635563,ATG,1635563,ATG,高確信度: 上流への延長を提案(RNA-seq・BLAST一致)
MA_RS07100,MA_1367,1635794,ATG,False,1,stop_codon,1635785,ATG,2.55,False,WP_048171733.1,4,97.849,1635785,ATG,1635785,ATG,中確信度: 上流への延長の可能性(片方の証拠のみ)
MA_RS07105,MA_1368,1637338,ATG,False,2,neighbor_gene,1637356,TTG,0.65,False,WP_048171735.1,11,95.41,1637368,TTG,1637368,TTG,中確信度: 上流への延長の可能性(片方の証拠のみ)
MA_RS07110,MA_4683,1637633,ATG,False,0,stop_codon,1637633,ATG,4.81,True,WP_048171737.1,1,93.902,1637633,ATG,1637633,ATG,現行アノテーションを支持
MA_RS07115,MA_1370,1637798,ATG,False,0,stop_codon,1637798,ATG,7.24,True,WP_048171739.1,1,93.985,1637798,ATG,1637798,ATG,現行アノテーションを支持
MA_RS07120,MA_1371,1638685,ATG,False,2,stop_codon,1638664,ATG,1.41,False,WP_048171741.1,8,95.699,1638664,ATG,1638664,ATG,中確信度: 上流への延長の可能性(片方の証拠のみ)
MA_RS07125,MA_1372,1639566,ATG,False,0,stop_codon,1639566,ATG,1.4,False,WP_048141094.1,1,96.899,1639566,ATG,1639566,ATG,現行アノテーションを支持
MA_RS07130,MA_1373,1640202,ATG,False,0,stop_codon,1640202,ATG,1.28,False,WP_048171746.1,1,93.96,1640202,ATG,1640202,ATG,現行アノテーションを支持
MA_RS07135,MA_1374,1641232,ATG,False,1,stop_codon,1641226,ATG,1.63,False,WP_048174630.1,3,98.655,1641226,ATG,1641226,ATG,中確信度: 上流への延長の可能性(片方の証拠のみ)
MA_RS07140,MA_1376,1643823,ATG,False,0,neighbor_gene,1643823,ATG,0.96,False,WP_048171748.1,1,97.71,1643823,ATG,1643823,ATG,現行アノテーションを支持
MA_RS07145,MA_1377,1644132,TTG,False,1,stop_codon,1644132,TTG,1.24,False,WP_048171750.1,11,96.842,1644162,ATG,1644162,ATG,中確信度: 上流への延長の可能性(片方の証拠のみ)
MA_RS07150,MA_1378,1645009,ATG,False,2,neighbor_gene,1645009,ATG,2.85,False,WP_048171752.1,34,93.878,1645108,ATG,1645108,ATG,中確信度: 上流への延長の可能性(片方の証拠のみ)
MA_RS07155,MA_1379,1646030,GTG,False,0,stop_codon,1646030,GTG,1.27,False,WP_082089262.1,1,90.789,1646030,GTG,1646030,GTG,現行アノテーションを支持
MA_RS07160,MA_1380,1646304,GTG,False,0,stop_codon,1646304,GTG,1.49,False,WP_082088927.1,1,96.012,1646304,GTG,1646304,GTG,現行アノテーションを支持
MA_RS07165,MA_1381,1648366,ATG,False,2,stop_codon,1648333,TTG,1.47,False,WP_048171758.1,12,99.061,1648333,TTG,1648333,TTG,中確信度: 上流への延長の可能性(片方の証拠のみ)
MA_RS07170,MA_1382,1649013,ATG,False,0,neighbor_gene,1649013,ATG,0.9,False,WP_011021399.1,1,100.0,1649013,ATG,1649013,ATG,現行アノテーションを支持
MA_RS07175,MA_1383,1649388,ATG,False,1,neighbor_gene,1649388,ATG,1.15,False,WP_048171760.1,4,98.83,1649379,GTG,1649379,GTG,中確信度: 上流への延長の可能性(片方の証拠のみ)
MA_RS07180,MA_1384,1650249,ATG,False,1,stop_codon,1650213,TTG,1.28,False,WP_048171762.1,13,97.549,1650213,TTG,1650213,TTG,中確信度: 上流への延長の可能性(片方の証拠のみ)
MA_RS07185,MA_1385,1650983,TTG,False,0,stop_codon,1650983,TTG,1.75,False,WP_048171764.1,1,95.676,1650983,TTG,1650983,TTG,現行アノテーションを支持
MA_RS07195,MA_1388,1653968,ATG,False,3,stop_codon,1653968,ATG,1.04,False,WP_048174730.1,64,40.206,1653983,TTG,1653983,TTG,中確信度: 上流への延長の可能性(片方の証拠のみ)
MA_RS07200,MA_1389,1654362,ATG,False,1,stop_codon,1654362,ATG,1.0,False,WP_231590486.1,4,95.05,1654353,ATG,1654353,ATG,中確信度: 上流への延長の可能性(片方の証拠のみ)
MA_RS07205,MA_1390,1656380,ATG,False,0,stop_codon,1656380,ATG,1.13,False,WP_048171766.1,2,96.736,1656380,ATG,1656380,ATG,現行アノテーションを支持
MA_RS07210,MA_1391,1657067,ATG,False,0,stop_codon,1657067,ATG,1.35,False,WP_011034295.1,1,98.625,1657067,ATG,1657067,ATG,現行アノテーションを支持
MA_RS07215,MA_1392,1658603,ATG,False,0,stop_codon,1658603,ATG,1.23,False,WP_048141068.1,1,97.115,1658603,ATG,1658603,ATG,現行アノテーションを支持
MA_RS07220,MA_1393,1659940,ATG,False,2,stop_codon,1659964,ATG,7.73,True,WP_204245458.1,4,96.028,1659973,ATG,,,要確認: RNA-seqとBLASTが異なる候補を支持
MA_RS07225,MA_1394,1661032,ATG,False,1,stop_codon,1661032,ATG,1.0,False,WP_231590487.1,1,87.153,1661062,TTG,1661062,TTG,中確信度: 上流への延長の可能性(片方の証拠のみ)
MA_RS07230,MA_1395,1661702,ATG,False,3,stop_codon,1661678,TTG,32.01,True,WP_048171776.1,9,94.286,1661678,TTG,1661678,TTG,高確信度: 上流への延長を提案(RNA-seq・BLAST一致)
MA_RS07235,MA_1396,1662354,ATG,False,0,stop_codon,1662354,ATG,1.22,False,WP_048171778.1,1,99.401,1662354,ATG,1662354,ATG,現行アノテーションを支持
MA_RS07240,MA_1397,1663504,ATG,False,1,stop_codon,1663504,ATG,4.95,True,WP_048172822.1,3,84.91,1663498,ATG,1663498,ATG,中確信度: 上流への延長の可能性(片方の証拠のみ)
MA_RS07245,MA_1398,1664767,ATG,False,0,neighbor_gene,1664767,ATG,1.12,False,WP_048172820.1,4,62.069,1664767,ATG,1664767,ATG,現行アノテーションを支持
MA_RS07255,MA_1400,1667076,ATG,False,1,stop_codon,1667076,ATG,0.66,False,WP_048171782.1,3,96.192,1667082,GTG,1667082,GTG,中確信度: 上流への延長の可能性(片方の証拠のみ)
MA_RS07260,,1667771,TTG,False,0,stop_codon,1667771,TTG,1.9,False,WP_048141023.1,32,78.409,1667771,TTG,1667771,TTG,現行アノテーションを支持
MA_RS07270,,1668413,GTG,False,0,neighbor_gene,1668413,GTG,0.99,False,WP_048141023.1,1,88.353,1668413,GTG,1668413,GTG,現行アノテーションを支持
MA_RS07275,MA_1402,1669311,GTG,False,0,neighbor_gene,1669311,GTG,0.95,False,WP_048141023.1,1,66.026,1669311,GTG,1669311,GTG,現行アノテーションを支持
MA_RS07280,MA_1403,1670669,ATG,False,0,stop_codon,1670669,ATG,1.54,False,WP_048171786.1,1,89.796,1670669,ATG,1670669,ATG,現行アノテーションを支持
MA_RS07285,MA_1404,1671283,ATG,False,1,stop_codon,1671283,ATG,1.45,False,WP_048141019.1,2,76.774,1671280,TTG,1671280,TTG,中確信度: 上流への延長の可能性(片方の証拠のみ)
MA_RS07290,MA_1405,1671761,ATG,False,0,neighbor_gene,1671761,ATG,0.71,False,WP_048171789.1,1,93.989,1671761,ATG,1671761,ATG,現行アノテーションを支持
MA_RS07295,MA_1406,1672472,ATG,False,0,stop_codon,1672472,ATG,2.5,False,WP_156158827.1,1,83.871,1672472,ATG,1672472,ATG,現行アノテーションを支持
MA_RS26680,,1673358,ATG,False,0,stop_codon,1673358,ATG,1.42,False,,,,,,1673358,ATG,現行アノテーションを支持
MA_RS07300,MA_1407,1673872,GTG,False,0,stop_codon,1673872,GTG,1.46,False,WP_048141014.1,22,86.538,1673872,GTG,1673872,GTG,現行アノテーションを支持
MA_RS07305,MA_1408,1674572,ATG,False,2,stop_codon,1674467,ATG,1.42,False,WP_048171796.1,40,93.651,1674455,ATG,1674455,ATG,中確信度: 上流への延長の可能性(片方の証拠のみ)
MA_RS07310,MA_1409,1675776,ATG,False,0,stop_codon,1675776,ATG,1.26,False,WP_048171798.1,1,89.535,1675776,ATG,1675776,ATG,現行アノテーションを支持
MA_RS07315,MA_1410,1677038,ATG,False,0,stop_codon,1677038,ATG,3.47,True,,,,,,1677038,ATG,現行アノテーションを支持
MA_RS07320,MA_1411,1677383,ATG,False,0,stop_codon,1677383,ATG,1.27,False,WP_048171800.1,1,95.278,1677383,ATG,1677383,ATG,現行アノテーションを支持
MA_RS07325,MA_1412,1680032,ATG,False,1,stop_codon,1680032,ATG,1.24,False,WP_011034305.1,10,90.226,1680005,GTG,1680005,GTG,中確信度: 上流への延長の可能性(片方の証拠のみ)
MA_RS07330,MA_1413,1681001,TTG,False,0,stop_codon,1681001,TTG,1.11,False,WP_048134347.1,1,98.649,1681001,TTG,1681001,TTG,現行アノテーションを支持
MA_RS07335,MA_1414,1681265,ATG,False,1,stop_codon,1681253,GTG,0.92,False,WP_187151896.1,5,93.182,1681253,GTG,1681253,GTG,中確信度: 上流への延長の可能性(片方の証拠のみ)
MA_RS07350,MA_1416,1683542,ATG,False,2,max_distance,1683554,TTG,1.28,False,WP_048171804.1,89,85.479,1683806,ATG,1683806,ATG,中確信度: 上流への延長の可能性(片方の証拠のみ)
MA_RS07355,MA_1417,1683955,ATG,False,2,stop_codon,1683943,ATG,1.4,False,WP_048171806.1,5,96.552,1683943,ATG,1683943,ATG,中確信度: 上流への延長の可能性(片方の証拠のみ)
MA_RS07360,MA_1418,1684483,ATG,False,0,neighbor_gene,1684483,ATG,0.85,False,WP_048171808.1,1,89.205,1684483,ATG,1684483,ATG,現行アノテーションを支持
MA_RS07365,MA_1419,1686066,ATG,False,2,stop_codon,1686042,ATG,1.15,False,WP_048171810.1,9,92.72,1686042,ATG,1686042,ATG,中確信度: 上流への延長の可能性(片方の証拠のみ)
MA_RS28500,MA_1420,1688910,ATG,False,0,stop_codon,1688910,ATG,1.33,False,WP_082088929.1,1,91.146,1688910,ATG,1688910,ATG,現行アノテーションを支持
MA_RS07375,MA_1421,1689517,TTG,False,3,stop_codon,1689634,ATG,45.23,True,WP_231590490.1,46,95.556,1689646,ATG,,,要確認: RNA-seqとBLASTが異なる候補を支持
MA_RS07380,MA_1422,1692490,ATG,False,1,neighbor_gene,1692565,TTG,1.2,False,WP_048174634.1,26,97.091,1692565,TTG,1692565,TTG,中確信度: 上流への延長の可能性(片方の証拠のみ)
MA_RS07385,MA_1423,1693040,ATG,False,0,stop_codon,1693040,ATG,1.25,False,WP_048171814.1,1,97.351,1693040,ATG,1693040,ATG,現行アノテーションを支持
MA_RS07390,MA_1424,1693726,ATG,False,0,stop_codon,1693726,ATG,1.59,False,WP_048171815.1,1,96.354,1693726,ATG,1693726,ATG,現行アノテーションを支持
MA_RS07405,MA_1426,1696747,ATG,False,0,stop_codon,1696747,ATG,5.0,True,WP_048171817.1,1,92.603,1696747,ATG,1696747,ATG,現行アノテーションを支持
MA_RS07410,MA_1427,1697741,TTG,False,1,stop_codon,1697741,TTG,0.84,False,WP_230669112.1,13,57.692,1697777,ATG,1697777,ATG,中確信度: 上流への延長の可能性(片方の証拠のみ)
MA_RS07415,MA_1428,1698671,ATG,False,1,stop_codon,1698671,ATG,1.51,False,WP_048172424.1,4,94.515,1698680,GTG,1698680,GTG,中確信度: 上流への延長の可能性(片方の証拠のみ)
MA_RS07420,MA_1429,1699739,ATG,False,1,stop_codon,1699760,GTG,1.27,False,WP_048174708.1,8,98.23,1699760,GTG,1699760,GTG,中確信度: 上流への延長の可能性(片方の証拠のみ)
MA_RS07425,MA_1430,1700716,ATG,False,0,stop_codon,1700716,ATG,2.27,False,WP_048172426.1,1,91.139,1700716,ATG,1700716,ATG,現行アノテーションを支持
MA_RS07430,MA_1431,1701411,ATG,False,0,stop_codon,1701411,ATG,1.26,False,WP_197080261.1,1,93.617,1701411,ATG,1701411,ATG,現行アノテーションを支持
MA_RS07435,MA_1432,1702182,ATG,False,2,stop_codon,1702203,GTG,2.35,False,WP_239451006.1,2,82.326,1702203,GTG,1702203,GTG,中確信度: 上流への延長の可能性(片方の証拠のみ)
MA_RS07440,,1702755,ATG,False,1,stop_codon,1702755,ATG,21.1,True,WP_048172428.1,31,95.588,1702845,GTG,1702845,GTG,中確信度: 上流への延長の可能性(片方の証拠のみ)
MA_RS07445,MA_1433,1703824,ATG,False,1,stop_codon,1703824,ATG,4.95,True,WP_048140983.1,5,86.301,1703836,TTG,1703836,TTG,中確信度: 上流への延長の可能性(片方の証拠のみ)
MA_RS07450,MA_1434,1703964,GTG,False,0,stop_codon,1703964,GTG,1.58,False,WP_082089262.1,1,90.789,1703964,GTG,1703964,GTG,現行アノテーションを支持
MA_RS07455,MA_1435,1706412,ATG,False,0,stop_codon,1706412,ATG,2.25,False,WP_048172430.1,1,97.744,1706412,ATG,1706412,ATG,現行アノテーションを支持
MA_RS07460,MA_1436,1707139,TTG,False,0,stop_codon,1707139,TTG,0.99,False,WP_187151729.1,1,97.396,1707139,TTG,1707139,TTG,現行アノテーションを支持
MA_RS07465,MA_1437,1707762,ATG,False,0,stop_codon,1707762,ATG,16.07,True,WP_048172432.1,1,98.077,1707762,ATG,1707762,ATG,現行アノテーションを支持
MA_RS07480,MA_1439,1710256,ATG,False,0,stop_codon,1710256,ATG,5.76,True,WP_048171479.1,1,94.035,1710256,ATG,1710256,ATG,現行アノテーションを支持
MA_RS07485,MA_1440,1711064,ATG,False,0,neighbor_gene,1711064,ATG,0.91,False,WP_011034456.1,1,89.552,1711064,ATG,1711064,ATG,現行アノテーションを支持
MA_RS07490,MA_1441,1711877,CTG,True,0,stop_codon,1711877,CTG,1.91,False,WP_082088916.1,1,95.522,1711877,CTG,1711877,CTG,現行アノテーションを支持
MA_RS07495,MA_1442,1712896,ATG,False,1,stop_codon,1712896,ATG,2.11,False,WP_048174606.1,3,97.143,1712902,GTG,1712902,GTG,中確信度: 上流への延長の可能性(片方の証拠のみ)
MA_RS07500,MA_1444,1713608,ATG,False,0,stop_codon,1713608,ATG,1.3,False,WP_048174607.1,1,96.581,1713608,ATG,1713608,ATG,現行アノテーションを支持
MA_RS07505,MA_1446,1714359,ATG,False,0,stop_codon,1714359,ATG,1.62,False,WP_048171485.1,1,98.969,1714359,ATG,1714359,ATG,現行アノテーションを支持
MA_RS07510,MA_1447,1715888,ATG,False,0,stop_codon,1715888,ATG,1.35,False,WP_048171487.1,1,95.36,1715888,ATG,1715888,ATG,現行アノテーションを支持
MA_RS07515,MA_1448,1716876,ATG,False,1,stop_codon,1716933,GTG,4.08,True,WP_048174608.1,20,94.313,1716933,GTG,1716933,GTG,高確信度: 上流への延長を提案(RNA-seq・BLAST一致)
MA_RS07520,MA_1449,1717100,ATG,False,0,stop_codon,1717100,ATG,3.8,True,WP_048171489.1,1,95.413,1717100,ATG,1717100,ATG,現行アノテーションを支持
MA_RS07525,MA_1450,1718222,GTG,False,0,stop_codon,1718222,GTG,1.2,False,WP_048171491.1,1,93.462,1718222,GTG,1718222,GTG,現行アノテーションを支持
MA_RS07530,,1719626,ATG,False,0,stop_codon,1719626,ATG,0.76,False,,,,,,1719626,ATG,現行アノテーションを支持
MA_RS29325,,1720022,GTG,False,0,stop_codon,1720022,GTG,0.91,False,,,,,,1720022,GTG,現行アノテーションを支持
MA_RS07535,MA_1452,1720200,TTG,False,0,neighbor_gene,1720200,TTG,0.99,False,WP_239451050.1,1,48.718,1720200,TTG,1720200,TTG,現行アノテーションを支持
MA_RS07540,,1721040,ATG,False,1,stop_codon,1721028,GTG,1.63,False,WP_048171493.1,5,95.48,1721028,GTG,1721028,GTG,中確信度: 上流への延長の可能性(片方の証拠のみ)
MA_RS07545,MA_1454,1721996,GTG,False,1,stop_codon,1721996,GTG,1.3,False,WP_231590478.1,15,82.969,1721954,TTG,1721954,TTG,中確信度: 上流への延長の可能性(片方の証拠のみ)
MA_RS07550,MA_1455,1722674,ATG,False,0,stop_codon,1722674,ATG,8.97,True,WP_048171496.1,1,93.299,1722674,ATG,1722674,ATG,現行アノテーションを支持
MA_RS07555,MA_1456,1723965,ATG,False,0,stop_codon,1723965,ATG,1.57,False,WP_048171498.1,1,87.727,1723965,ATG,1723965,ATG,現行アノテーションを支持
MA_RS07560,MA_1457,1724667,ATG,False,0,stop_codon,1724667,ATG,0.98,False,WP_048171501.1,1,93.506,1724667,ATG,1724667,ATG,現行アノテーションを支持
MA_RS07565,MA_1458,1726284,ATG,False,0,stop_codon,1726284,ATG,100.71,True,WP_048171502.1,1,92.276,1726284,ATG,1726284,ATG,現行アノテーションを支持
MA_RS07575,MA_1460,1726936,ATG,False,1,stop_codon,1726912,TTG,0.94,False,WP_048140819.1,9,93.305,1726912,TTG,1726912,TTG,中確信度: 上流への延長の可能性(片方の証拠のみ)
MA_RS07580,MA_1461,1727679,ATG,False,0,neighbor_gene,1727679,ATG,0.88,False,WP_048171504.1,1,89.13,1727679,ATG,1727679,ATG,現行アノテーションを支持
MA_RS07585,MA_1462,1728721,ATG,False,0,stop_codon,1728721,ATG,8.5,True,WP_048171506.1,1,93.836,1728721,ATG,1728721,ATG,現行アノテーションを支持
MA_RS24430,MA_1463,1731026,GTG,False,0,stop_codon,1731026,GTG,2.64,False,WP_052730880.1,98,65.771,1731026,GTG,1731026,GTG,現行アノテーションを支持
MA_RS07595,MA_1464,1731303,TTG,False,0,stop_codon,1731303,TTG,4.15,True,WP_048171507.1,1,87.755,1731303,TTG,1731303,TTG,現行アノテーションを支持
MA_RS26685,,1732508,ATG,False,2,stop_codon,1732616,GTG,521.46,True,WP_156157324.1,41,96.491,1732628,TTG,,,要確認: RNA-seqとBLASTが異なる候補を支持
MA_RS07605,MA_1466,1732985,ATG,False,1,stop_codon,1732985,ATG,1.5,False,WP_048171511.1,27,94.66,1732907,ATG,1732907,ATG,中確信度: 上流への延長の可能性(片方の証拠のみ)
MA_RS07610,MA_1467,1734894,GTG,False,0,stop_codon,1734894,GTG,0.89,False,,,,,,1734894,GTG,現行アノテーションを支持
MA_RS07615,MA_1468,1735618,ATG,False,1,stop_codon,1735666,TTG,3.58,True,WP_048171515.1,17,76.378,1735666,TTG,1735666,TTG,高確信度: 上流への延長を提案(RNA-seq・BLAST一致)
MA_RS07620,MA_1469,1736373,ATG,False,0,stop_codon,1736373,ATG,0.57,False,WP_048171515.1,1,97.81,1736373,ATG,1736373,ATG,現行アノテーションを支持
MA_RS07625,MA_1470,1739570,ATG,False,0,stop_codon,1739570,ATG,1.06,False,WP_011034432.1,19,71.442,1739570,ATG,1739570,ATG,現行アノテーションを支持
MA_RS07635,MA_1471,1740859,ATG,False,0,stop_codon,1740859,ATG,0.93,False,WP_048140839.1,1,97.753,1740859,ATG,1740859,ATG,現行アノテーションを支持
MA_RS07640,MA_1472,1741122,ATG,False,0,stop_codon,1741122,ATG,1.05,False,WP_048171521.1,1,98.214,1741122,ATG,1741122,ATG,現行アノテーションを支持
MA_RS07645,MA_1473,1742003,ATG,False,0,stop_codon,1742003,ATG,1.34,False,WP_048171523.1,1,90.043,1742003,ATG,1742003,ATG,現行アノテーションを支持
MA_RS07650,MA_1474,1743124,ATG,False,0,stop_codon,1743124,ATG,0.9,False,WP_048174611.1,1,94.833,1743124,ATG,1743124,ATG,現行アノテーションを支持
MA_RS07655,MA_1475,1744220,ATG,False,0,stop_codon,1744220,ATG,17.84,True,WP_048171525.1,1,92.923,1744220,ATG,1744220,ATG,現行アノテーションを支持
MA_RS07660,MA_1476,1744592,TTG,False,3,stop_codon,1744544,TTG,32.74,True,WP_231590479.1,19,93.893,1744544,TTG,1744544,TTG,高確信度: 上流への延長を提案(RNA-seq・BLAST一致)
MA_RS07665,MA_1477,1745118,ATG,False,0,stop_codon,1745118,ATG,1.91,False,WP_048171534.1,1,89.952,1745118,ATG,1745118,ATG,現行アノテーションを支持
MA_RS07670,MA_1478,1746019,ATG,False,0,stop_codon,1746019,ATG,0.87,False,WP_048171537.1,1,96.11,1746019,ATG,1746019,ATG,現行アノテーションを支持
MA_RS07675,MA_1479,1747983,ATG,False,0,neighbor_gene,1747983,ATG,1.07,False,WP_048171539.1,1,97.12,1747983,ATG,1747983,ATG,現行アノテーションを支持
MA_RS07680,MA_1480,1749660,ATG,False,0,stop_codon,1749660,ATG,1.15,False,WP_048171541.1,1,95.312,1749660,ATG,1749660,ATG,現行アノテーションを支持
MA_RS07685,MA_1481,1751031,ATG,False,0,stop_codon,1751031,ATG,1.01,False,WP_011034420.1,1,84.244,1751031,ATG,1751031,ATG,現行アノテーションを支持
MA_RS07695,MA_1482,1753036,ATG,False,0,stop_codon,1753036,ATG,3.49,True,WP_048171543.1,1,97.098,1753036,ATG,1753036,ATG,現行アノテーションを支持
MA_RS07700,MA_1483,1754438,ATG,False,0,stop_codon,1754438,ATG,0.93,False,WP_048171545.1,1,97.689,1754438,ATG,1754438,ATG,現行アノテーションを支持
MA_RS07705,MA_1484,1757213,ATG,False,0,stop_codon,1757213,ATG,1.15,False,WP_048171547.1,1,96.314,1757213,ATG,1757213,ATG,現行アノテーションを支持
MA_RS07710,MA_1485,1757431,ATG,False,5,stop_codon,1757494,GTG,1.08,False,WP_269430817.1,31,88.889,1757518,ATG,1757518,ATG,中確信度: 上流への延長の可能性(片方の証拠のみ)
MA_RS07715,MA_1486,1759494,ATG,False,2,stop_codon,1759509,TTG,1.52,False,WP_048120523.1,10,79.76,1759521,TTG,1759521,TTG,中確信度: 上流への延長の可能性(片方の証拠のみ)
MA_RS07720,MA_1487,1760210,GTG,False,1,stop_codon,1760261,TTG,2.36,False,WP_048174612.1,18,80.788,1760261,TTG,1760261,TTG,中確信度: 上流への延長の可能性(片方の証拠のみ)
MA_RS07725,MA_1488,1761146,ATG,False,0,stop_codon,1761146,ATG,1.45,False,WP_048171550.1,1,94.712,1761146,ATG,1761146,ATG,現行アノテーションを支持
MA_RS07730,MA_1489,1762424,ATG,False,1,neighbor_gene,1762433,ATG,0.96,False,WP_048174613.1,4,94.271,1762433,ATG,1762433,ATG,中確信度: 上流への延長の可能性(片方の証拠のみ)
MA_RS07735,MA_1490,1763599,ATG,False,0,stop_codon,1763599,ATG,1.07,False,WP_048171552.1,1,94.933,1763599,ATG,1763599,ATG,現行アノテーションを支持
MA_RS07740,MA_1491,1764621,CTG,True,0,stop_codon,1764621,CTG,1.16,False,WP_048171554.1,2,92.353,1764621,CTG,1764621,CTG,現行アノテーションを支持
MA_RS07745,MA_1492,1765947,ATG,False,2,stop_codon,1765989,GTG,1.02,False,WP_048171556.1,18,92.706,1765998,ATG,1765998,ATG,中確信度: 上流への延長の可能性(片方の証拠のみ)
MA_RS07750,MA_1493,1766105,ATG,False,1,stop_codon,1766105,ATG,1.25,False,WP_048140871.1,4,100.0,1766114,GTG,1766114,GTG,中確信度: 上流への延長の可能性(片方の証拠のみ)
MA_RS07760,MA_1495,1767327,TTG,False,0,stop_codon,1767327,TTG,1.12,False,WP_239451000.1,1,100.0,1767327,TTG,1767327,TTG,現行アノテーションを支持
MA_RS07765,MA_1496,1767704,ATG,False,0,stop_codon,1767704,ATG,0.88,False,WP_048171563.1,1,98.913,1767704,ATG,1767704,ATG,現行アノテーションを支持
MA_RS07770,MA_1497,1768289,ATG,False,0,neighbor_gene,1768289,ATG,0.84,False,WP_048171565.1,1,95.57,1768289,ATG,1768289,ATG,現行アノテーションを支持
MA_RS07775,MA_1498,1768776,ATG,False,0,stop_codon,1768776,ATG,0.84,False,WP_048171566.1,1,97.861,1768776,ATG,1768776,ATG,現行アノテーションを支持
MA_RS07780,MA_1499,1769906,ATG,False,0,neighbor_gene,1769906,ATG,0.97,False,WP_048171568.1,1,97.971,1769906,ATG,1769906,ATG,現行アノテーションを支持
MA_RS07785,MA_1500,1770948,ATG,False,0,neighbor_gene,1770948,ATG,0.74,False,WP_048171569.1,1,97.059,1770948,ATG,1770948,ATG,現行アノテーションを支持
MA_RS29330,MA_1501,1771355,ATG,False,0,stop_codon,1771355,ATG,1.09,False,WP_048171571.1,1,95.833,1771355,ATG,1771355,ATG,現行アノテーションを支持
MA_RS29335,MA_1502,1771635,GTG,False,2,stop_codon,1771635,GTG,1.39,False,WP_048171573.1,15,97.59,1771593,TTG,1771593,TTG,中確信度: 上流への延長の可能性(片方の証拠のみ)
MA_RS07800,MA_1503,1771883,ATG,False,0,stop_codon,1771883,ATG,0.83,False,WP_048171576.1,1,99.02,1771883,ATG,1771883,ATG,現行アノテーションを支持
MA_RS07805,MA_1504,1772185,GTG,False,0,stop_codon,1772185,GTG,1.0,False,WP_048171578.1,1,98.065,1772185,GTG,1772185,GTG,現行アノテーションを支持
MA_RS07810,MA_1505,1774203,ATG,False,0,stop_codon,1774203,ATG,1.28,False,WP_048171579.1,1,96.566,1774203,ATG,1774203,ATG,現行アノテーションを支持
MA_RS07815,MA_1506,1775694,ATG,False,0,neighbor_gene,1775694,ATG,0.86,False,WP_048171581.1,1,96.933,1775694,ATG,1775694,ATG,現行アノテーションを支持
MA_RS07820,MA_1507,1777177,ATG,False,0,stop_codon,1777177,ATG,1.24,False,WP_048171583.1,1,95.833,1777177,ATG,1777177,ATG,現行アノテーションを支持
MA_RS24435,MA_1508,1778369,ATG,False,1,stop_codon,1778318,ATG,1.15,False,WP_162197646.1,14,91.478,1778318,ATG,1778318,ATG,中確信度: 上流への延長の可能性(片方の証拠のみ)
MA_RS25205,MA_1509,1780861,TTG,False,1,stop_codon,1780852,TTG,2.65,False,WP_048171583.1,8,91.549,1780852,TTG,1780852,TTG,中確信度: 上流への延長の可能性(片方の証拠のみ)
MA_RS24440,MA_1510,1781592,ATG,False,5,stop_codon,1781535,TTG,1.51,False,WP_011032345.1,5,53.538,1781526,GTG,1781526,GTG,中確信度: 上流への延長の可能性(片方の証拠のみ)
MA_RS07845,MA_1511,1788092,ATG,False,0,stop_codon,1788092,ATG,1.05,False,,,,,,1788092,ATG,現行アノテーションを支持
MA_RS25210,,1788750,GTG,False,0,stop_codon,1788750,GTG,1.36,False,WP_082088930.1,1,92.982,1788750,GTG,1788750,GTG,現行アノテーションを支持
MA_RS07850,MA_1512,1789391,ATG,False,1,stop_codon,1789391,ATG,3.12,True,WP_048171820.1,25,91.034,1789463,GTG,1789463,GTG,中確信度: 上流への延長の可能性(片方の証拠のみ)
MA_RS07855,MA_1513,1789942,ATG,False,1,stop_codon,1789903,ATG,2.68,False,WP_048116474.1,61,64.272,1789903,ATG,1789903,ATG,中確信度: 上流への延長の可能性(片方の証拠のみ)
MA_RS07860,MA_1514,1791919,ATG,False,0,stop_codon,1791919,ATG,1.4,False,WP_048140898.1,1,89.552,1791919,ATG,1791919,ATG,現行アノテーションを支持
MA_RS07865,MA_1515,1792158,ATG,False,0,neighbor_gene,1792158,ATG,0.98,False,WP_369323965.1,51,78.75,1792158,ATG,1792158,ATG,現行アノテーションを支持
MA_RS24445,MA_1516,1794234,ATG,False,0,stop_codon,1794234,ATG,1.26,False,WP_052721585.1,1,87.021,1794234,ATG,1794234,ATG,現行アノテーションを支持
MA_RS07880,MA_1517,1794367,ATG,False,0,stop_codon,1794367,ATG,4.13,True,WP_231590492.1,20,86.435,1794367,ATG,1794367,ATG,現行アノテーションを支持
MA_RS26690,,1796763,ATG,False,0,neighbor_gene,1796763,ATG,0.94,False,WP_148705256.1,1,97.143,1796763,ATG,1796763,ATG,現行アノテーションを支持
MA_RS07885,MA_1518,1798231,GTG,False,1,stop_codon,1798234,TTG,0.89,False,WP_231590540.1,2,96.721,1798234,TTG,1798234,TTG,中確信度: 上流への延長の可能性(片方の証拠のみ)
MA_RS07890,MA_1519,1798744,TTG,False,1,stop_codon,1798714,ATG,2.08,False,WP_048171844.1,1,86.117,1798714,ATG,1798714,ATG,中確信度: 上流への延長の可能性(片方の証拠のみ)
MA_RS07895,MA_1520,1800952,ATG,False,0,stop_codon,1800952,ATG,0.88,False,WP_048171846.1,1,93.607,1800952,ATG,1800952,ATG,現行アノテーションを支持
MA_RS07900,MA_1521,1801311,ATG,False,0,stop_codon,1801311,ATG,0.86,False,WP_048171848.1,1,99.167,1801311,ATG,1801311,ATG,現行アノテーションを支持
MA_RS07905,MA_1522,1801698,ATG,False,1,stop_codon,1801698,ATG,1.29,False,WP_011034384.1,4,98.63,1801689,GTG,1801689,GTG,中確信度: 上流への延長の可能性(片方の証拠のみ)
MA_RS07910,MA_1523,1801941,ATG,False,0,stop_codon,1801941,ATG,0.93,False,WP_048140918.1,1,98.387,1801941,ATG,1801941,ATG,現行アノテーションを支持
MA_RS07915,MA_1524,1802166,ATG,False,1,stop_codon,1802160,GTG,1.01,False,WP_048171850.1,3,99.329,1802160,GTG,1802160,GTG,中確信度: 上流への延長の可能性(片方の証拠のみ)
MA_RS07920,MA_1525,1802751,ATG,False,2,stop_codon,1802751,ATG,0.73,False,WP_048171852.1,7,97.8,1802733,ATG,1802733,ATG,中確信度: 上流への延長の可能性(片方の証拠のみ)
MA_RS07925,MA_1526,1804703,ATG,False,0,stop_codon,1804703,ATG,1.12,False,WP_011034380.1,1,96.324,1804703,ATG,1804703,ATG,現行アノテーションを支持
MA_RS29170,MA_1527,1805722,TTG,False,0,stop_codon,1805722,TTG,1.87,False,WP_239451003.1,7,65.421,1805722,TTG,1805722,TTG,現行アノテーションを支持
MA_RS07935,MA_1528,1806410,ATG,False,4,stop_codon,1806602,TTG,1.57,False,WP_052735108.1,36,70.968,1806602,TTG,1806602,TTG,中確信度: 上流への延長の可能性(片方の証拠のみ)
MA_RS07940,MA_1529,1807570,GTG,False,1,stop_codon,1807570,GTG,1.16,False,WP_048174618.1,16,90.588,1807615,GTG,1807615,GTG,中確信度: 上流への延長の可能性(片方の証拠のみ)
MA_RS07945,MA_1530,1809651,ATG,False,0,stop_codon,1809651,ATG,0.74,False,WP_048172182.1,1,86.491,1809651,ATG,1809651,ATG,現行アノテーションを支持
MA_RS07955,MA_1531,1810669,ATG,False,2,stop_codon,1810741,ATG,0.89,False,WP_048174618.1,17,83.137,1810741,ATG,1810741,ATG,中確信度: 上流への延長の可能性(片方の証拠のみ)
MA_RS07960,MA_1532,1810919,GTG,False,0,stop_codon,1810919,GTG,1.34,False,WP_048140941.1,1,92.941,1810919,GTG,1810919,GTG,現行アノテーションを支持
MA_RS07965,MA_1533,1811803,ATG,False,0,stop_codon,1811803,ATG,1.01,False,WP_048174208.1,1,91.051,1811803,ATG,1811803,ATG,現行アノテーションを支持
MA_RS07970,MA_1534,1813044,ATG,False,0,stop_codon,1813044,ATG,1.53,False,WP_048154708.1,1,81.25,1813044,ATG,1813044,ATG,現行アノテーションを支持
MA_RS07980,MA_1535,1815670,ATG,False,0,stop_codon,1815670,ATG,1.34,False,WP_048118889.1,1,80.093,1815670,ATG,1815670,ATG,現行アノテーションを支持
MA_RS07985,MA_1536,1816861,GTG,False,0,neighbor_gene,1816861,GTG,1.02,False,WP_048172187.1,1,96.348,1816861,GTG,1816861,GTG,現行アノテーションを支持
MA_RS07990,MA_1537,1818435,GTG,False,0,stop_codon,1818435,GTG,1.49,False,WP_048172189.1,1,98.088,1818435,GTG,1818435,GTG,現行アノテーションを支持
MA_RS07995,MA_1538,1819348,ATG,False,0,neighbor_gene,1819348,ATG,0.97,False,WP_048174681.1,1,99.02,1819348,ATG,1819348,ATG,現行アノテーションを支持
MA_RS08000,MA_1539,1820256,GTG,False,0,stop_codon,1820256,GTG,1.01,False,WP_048172191.1,1,99.664,1820256,GTG,1820256,GTG,現行アノテーションを支持
MA_RS08005,MA_1540,1822070,ATG,False,1,stop_codon,1822109,TTG,1.11,False,WP_048172193.1,14,99.008,1822109,TTG,1822109,TTG,中確信度: 上流への延長の可能性(片方の証拠のみ)
MA_RS28510,MA_1541,1822958,ATG,False,0,stop_codon,1822958,ATG,1.08,False,WP_048172187.1,1,94.964,1822958,ATG,1822958,ATG,現行アノテーションを支持
MA_RS28515,,1823155,ATC,True,0,stop_codon,1823155,ATC,0.84,False,WP_048172187.1,1,84.127,1823155,ATC,1823155,ATC,現行アノテーションを支持
MA_RS26695,MA_1542,1823937,TTG,False,0,stop_codon,1823937,TTG,0.93,False,WP_048140933.1,4,49.425,1823937,TTG,1823937,TTG,現行アノテーションを支持
MA_RS08015,MA_1543,1824301,ATG,False,1,stop_codon,1824301,ATG,0.69,False,WP_048121069.1,5,60.554,1824289,ATG,1824289,ATG,中確信度: 上流への延長の可能性(片方の証拠のみ)
MA_RS08020,MA_1544,1826024,GTG,False,0,neighbor_gene,1826024,GTG,0.93,False,WP_048172201.1,1,80.07,1826024,GTG,1826024,GTG,現行アノテーションを支持
MA_RS08025,MA_1545,1826897,GTG,False,0,neighbor_gene,1826897,GTG,0.95,False,WP_048172203.1,1,89.796,1826897,GTG,1826897,GTG,現行アノテーションを支持
MA_RS08030,MA_1546,1829235,ATG,False,0,neighbor_gene,1829235,ATG,1.01,False,WP_048172204.1,1,92.857,1829235,ATG,1829235,ATG,現行アノテーションを支持
MA_RS08035,MA_1547,1830146,GTG,False,0,stop_codon,1830146,GTG,1.22,False,WP_048172206.1,1,90.698,1830146,GTG,1830146,GTG,現行アノテーションを支持
MA_RS08040,MA_1548,1831765,ATG,False,2,stop_codon,1831765,ATG,1.12,False,WP_048172208.1,8,86.517,1831786,ATG,1831786,ATG,中確信度: 上流への延長の可能性(片方の証拠のみ)
MA_RS29630,MA_1549,1832680,TTG,False,0,stop_codon,1832680,TTG,0.75,False,WP_048172210.1,8,88.816,1832680,TTG,1832680,TTG,現行アノテーションを支持
MA_RS25220,MA_1550,1833943,TTG,False,0,stop_codon,1833943,TTG,2.41,False,WP_231590508.1,19,82.653,1833943,TTG,1833943,TTG,現行アノテーションを支持
MA_RS08050,MA_1551,1834797,TTG,False,0,neighbor_gene,1834797,TTG,0.85,False,WP_231590509.1,5,77.876,1834797,TTG,1834797,TTG,現行アノテーションを支持
MA_RS08055,MA_1552,1835329,ATG,False,3,stop_codon,1835329,ATG,3.5,True,WP_231590510.1,1,73.77,1835392,TTG,1835392,TTG,中確信度: 上流への延長の可能性(片方の証拠のみ)
MA_RS08060,MA_1553,1836408,ATG,False,3,stop_codon,1836438,TTG,4.32,True,WP_048172214.1,18,95.575,1836459,ATG,,,要確認: RNA-seqとBLASTが異なる候補を支持
MA_RS08065,MA_1554,1837393,ATG,False,2,stop_codon,1837402,GTG,5.07,True,WP_048172216.1,4,96.296,1837402,GTG,1837402,GTG,高確信度: 上流への延長を提案(RNA-seq・BLAST一致)
MA_RS08070,MA_1555,1837486,TTG,False,0,stop_codon,1837486,TTG,3.79,True,WP_048172217.1,61,97.531,1837486,TTG,1837486,TTG,現行アノテーションを支持
MA_RS26700,,1839456,ATG,False,1,stop_codon,1839456,ATG,1.15,False,,,,,,1839456,ATG,現行アノテーションを支持
MA_RS08085,MA_1556,1839824,ATG,False,0,stop_codon,1839824,ATG,1.48,False,WP_048122126.1,12,40.217,1839824,ATG,1839824,ATG,現行アノテーションを支持
MA_RS29340,,1842717,ATG,False,0,stop_codon,1842717,ATG,0.91,False,,,,,,1842717,ATG,現行アノテーションを支持
MA_RS08090,MA_1557,1843019,ATG,False,1,stop_codon,1843025,ATG,1.23,False,,,,,,1843019,ATG,現行アノテーションを支持
MA_RS08095,MA_1558,1843643,GTG,False,0,stop_codon,1843643,GTG,1.01,False,WP_048172220.1,28,96.078,1843643,GTG,1843643,GTG,現行アノテーションを支持
MA_RS08100,MA_1559,1844182,ATG,False,0,stop_codon,1844182,ATG,1.24,False,WP_048172221.1,1,99.371,1844182,ATG,1844182,ATG,現行アノテーションを支持
MA_RS08105,MA_1560,1846298,ATG,False,0,stop_codon,1846298,ATG,1.05,False,,,,,,1846298,ATG,現行アノテーションを支持
MA_RS08110,MA_1561,1846946,ATG,False,0,stop_codon,1846946,ATG,0.36,False,,,,,,1846946,ATG,現行アノテーションを支持
MA_RS08115,MA_1562,1847947,ATG,False,0,stop_codon,1847947,ATG,0.78,False,,,,,,1847947,ATG,現行アノテーションを支持
MA_RS24450,,1848682,TTG,False,0,stop_codon,1848682,TTG,1.16,False,WP_052721456.1,1,44.444,1848682,TTG,1848682,TTG,現行アノテーションを支持
MA_RS08125,MA_1563,1850524,ATG,False,0,stop_codon,1850524,ATG,2.1,False,,,,,,1850524,ATG,現行アノテーションを支持
MA_RS08130,MA_1564,1851088,TTG,False,0,stop_codon,1851088,TTG,1.0,False,,,,,,1851088,TTG,現行アノテーションを支持
MA_RS08135,MA_1565,1854280,ATG,False,1,stop_codon,1854316,ATG,3.2,True,,,,,,1854316,ATG,中確信度: 上流への延長の可能性(片方の証拠のみ)
MA_RS08140,MA_1566,1855406,ATG,False,2,stop_codon,1855415,GTG,1.22,False,WP_048172233.1,5,99.497,1855418,ATG,1855418,ATG,中確信度: 上流への延長の可能性(片方の証拠のみ)
MA_RS08145,MA_1567,1856569,ATG,False,4,stop_codon,1856725,TTG,1.97,False,WP_048172235.1,53,98.993,1856725,TTG,1856725,TTG,中確信度: 上流への延長の可能性(片方の証拠のみ)
MA_RS08150,MA_1568,1857296,ATG,False,0,stop_codon,1857296,ATG,1.45,False,WP_048172236.1,1,91.871,1857296,ATG,1857296,ATG,現行アノテーションを支持
MA_RS08155,MA_1569,1860430,TTG,False,1,stop_codon,1860430,TTG,1.35,False,WP_048172239.1,36,90.202,1860535,GTG,1860535,GTG,中確信度: 上流への延長の可能性(片方の証拠のみ)
MA_RS08160,MA_1570,1860781,TTG,False,0,stop_codon,1860781,TTG,2.89,False,WP_048172241.1,1,93.96,1860781,TTG,1860781,TTG,現行アノテーションを支持
MA_RS08165,MA_1571,1861660,ATG,False,0,stop_codon,1861660,ATG,1.06,False,WP_048172243.1,1,96.194,1861660,ATG,1861660,ATG,現行アノテーションを支持
MA_RS08170,MA_1572,1862802,ATG,False,0,stop_codon,1862802,ATG,2.77,False,WP_048172244.1,1,88.539,1862802,ATG,1862802,ATG,現行アノテーションを支持
MA_RS08175,MA_1573,1864340,ATG,False,0,stop_codon,1864340,ATG,1.01,False,WP_048172247.1,1,91.811,1864340,ATG,1864340,ATG,現行アノテーションを支持
MA_RS08180,MA_1574,1866321,ATG,False,1,stop_codon,1866321,ATG,0.91,False,WP_048174683.1,7,98.03,1866339,GTG,1866339,GTG,中確信度: 上流への延長の可能性(片方の証拠のみ)
MA_RS08185,MA_1575,1867153,GTG,False,1,stop_codon,1867108,TTG,3.05,True,WP_048120261.1,16,88.194,1867108,TTG,1867108,TTG,高確信度: 上流への延長を提案(RNA-seq・BLAST一致)
MA_RS08190,MA_1576,1867914,ATG,False,0,stop_codon,1867914,ATG,6.88,True,WP_048171945.1,1,92.593,1867914,ATG,1867914,ATG,現行アノテーションを支持
MA_RS08195,MA_1577,1869102,ATG,False,0,stop_codon,1869102,ATG,2.27,False,WP_048140963.1,1,58.418,1869102,ATG,1869102,ATG,現行アノテーションを支持
MA_RS08200,MA_1578,1871136,ATG,False,0,stop_codon,1871136,ATG,1.02,False,WP_048174208.1,1,91.051,1871136,ATG,1871136,ATG,現行アノテーションを支持
MA_RS08205,MA_1579,1872377,ATG,False,0,stop_codon,1872377,ATG,1.91,False,WP_048154708.1,1,81.25,1872377,ATG,1872377,ATG,現行アノテーションを支持
MA_RS08210,MA_1580,1872500,ATG,False,0,stop_codon,1872500,ATG,0.82,False,WP_048140963.1,1,73.899,1872500,ATG,1872500,ATG,現行アノテーションを支持
MA_RS08215,MA_1581,1874524,ATG,False,0,stop_codon,1874524,ATG,1.38,False,WP_048155492.1,1,87.646,1874524,ATG,1874524,ATG,現行アノテーションを支持
MA_RS08220,MA_1582,1878270,ATG,False,0,stop_codon,1878270,ATG,3.68,True,WP_048171940.1,1,93.904,1878270,ATG,1878270,ATG,現行アノテーションを支持
MA_RS08230,MA_1583,1881991,ATG,False,0,neighbor_gene,1881991,ATG,1.09,False,WP_231590495.1,1,90.919,1881991,ATG,1881991,ATG,現行アノテーションを支持
MA_RS08235,MA_1584,1883907,ATG,False,0,stop_codon,1883907,ATG,3.68,True,WP_048171936.1,1,95.426,1883907,ATG,1883907,ATG,現行アノテーションを支持
MA_RS08240,MA_1586,1885744,ATG,False,0,neighbor_gene,1885744,ATG,0.98,False,WP_048171934.1,1,97.051,1885744,ATG,1885744,ATG,現行アノテーションを支持
MA_RS08245,MA_1587,1887611,ATG,False,0,stop_codon,1887611,ATG,1.3,False,WP_048171932.1,1,97.101,1887611,ATG,1887611,ATG,現行アノテーションを支持
MA_RS08250,MA_1588,1888033,ATG,False,1,stop_codon,1888033,ATG,4.36,True,WP_048171929.1,4,97.368,1888042,GTG,1888042,GTG,中確信度: 上流への延長の可能性(片方の証拠のみ)
MA_RS08255,MA_1589,1889323,ATG,False,1,stop_codon,1889323,ATG,1.03,False,WP_048171921.1,4,94.5,1889332,GTG,1889332,GTG,中確信度: 上流への延長の可能性(片方の証拠のみ)
MA_RS08260,MA_1590,1890808,ATG,False,1,neighbor_gene,1890808,ATG,1.0,False,WP_082089039.1,21,66.59,1890838,TTG,1890838,TTG,中確信度: 上流への延長の可能性(片方の証拠のみ)
MA_RS08265,MA_1591,1892185,ATG,False,0,stop_codon,1892185,ATG,1.14,False,WP_052721689.1,1,88.063,1892185,ATG,1892185,ATG,現行アノテーションを支持
MA_RS08275,MA_1593,1893802,ATG,False,0,stop_codon,1893802,ATG,1.2,False,WP_048170991.1,17,77.457,1893802,ATG,1893802,ATG,現行アノテーションを支持
MA_RS08285,MA_1594,1895349,TTG,False,0,stop_codon,1895349,TTG,1.39,False,WP_082088919.1,2,94.286,1895349,TTG,1895349,TTG,現行アノテーションを支持
MA_RS08295,MA_1596,1896427,ATG,False,0,stop_codon,1896427,ATG,1.47,False,WP_048138258.1,1,97.484,1896427,ATG,1896427,ATG,現行アノテーションを支持
MA_RS08300,MA_1597,1897370,ATG,False,2,stop_codon,1897358,GTG,1.08,False,WP_048170987.1,5,98.431,1897358,GTG,1897358,GTG,中確信度: 上流への延長の可能性(片方の証拠のみ)
MA_RS08305,MA_1598,1898789,ATG,False,0,stop_codon,1898789,ATG,21.73,True,WP_048170989.1,1,93.506,1898789,ATG,1898789,ATG,現行アノテーションを支持
MA_RS08310,MA_1599,1899090,ATG,False,0,stop_codon,1899090,ATG,1.65,False,WP_048170991.1,17,85.89,1899090,ATG,1899090,ATG,現行アノテーションを支持
MA_RS08315,MA_1600,1899892,ATG,False,0,stop_codon,1899892,ATG,2.9,False,WP_048138418.1,1,98.611,1899892,ATG,1899892,ATG,現行アノテーションを支持
MA_RS08325,MA_1601,1901709,ATG,False,0,stop_codon,1901709,ATG,22.72,True,WP_011032225.1,1,90.625,1901709,ATG,1901709,ATG,現行アノテーションを支持
MA_RS08330,MA_1602,1901834,ATG,False,0,stop_codon,1901834,ATG,1.21,False,WP_048138250.1,1,87.121,1901834,ATG,1901834,ATG,現行アノテーションを支持
MA_RS08340,MA_1605,1905469,ATG,False,0,stop_codon,1905469,ATG,3.77,True,WP_048171007.1,1,95.464,1905469,ATG,1905469,ATG,現行アノテーションを支持
MA_RS08345,MA_1606,1908653,ATG,False,0,stop_codon,1908653,ATG,1.13,False,WP_048171010.1,1,91.964,1908653,ATG,1908653,ATG,現行アノテーションを支持
MA_RS08350,MA_1607,1909010,TTG,False,0,stop_codon,1909010,TTG,0.67,False,WP_048171012.1,1,97.273,1909010,TTG,1909010,TTG,現行アノテーションを支持
MA_RS08355,MA_1608,1910053,ATG,False,0,stop_codon,1910053,ATG,1.01,False,WP_048171014.1,1,94.595,1910053,ATG,1910053,ATG,現行アノテーションを支持
MA_RS08365,MA_1610,1911151,ATG,False,0,stop_codon,1911151,ATG,0.89,False,WP_048171016.1,1,97.037,1911151,ATG,1911151,ATG,現行アノテーションを支持
MA_RS08370,MA_1611,1912651,ATG,False,0,stop_codon,1912651,ATG,1.86,False,WP_048171019.1,1,97.503,1912651,ATG,1912651,ATG,現行アノテーションを支持
MA_RS08380,MA_1613,1922058,ATT,True,0,stop_codon,1922058,ATT,1.02,False,WP_231590451.1,1,87.114,1922058,ATT,1922058,ATT,現行アノテーションを支持
MA_RS08385,MA_1614,1923295,ATG,False,1,stop_codon,1923295,ATG,1.13,False,WP_048171023.1,22,86.207,1923358,ATG,1923358,ATG,中確信度: 上流への延長の可能性(片方の証拠のみ)
MA_RS08390,MA_1615,1923640,ATG,False,2,stop_codon,1923640,ATG,1.09,False,WP_048171026.1,9,94.1,1923616,TTG,1923616,TTG,中確信度: 上流への延長の可能性(片方の証拠のみ)
MA_RS08395,MA_1616,1926643,ATG,False,0,stop_codon,1926643,ATG,1.08,False,WP_048138490.1,1,94.143,1926643,ATG,1926643,ATG,現行アノテーションを支持
MA_RS08400,MA_1617,1927439,ATG,False,1,stop_codon,1927439,ATG,0.94,False,WP_187151875.1,12,98.462,1927472,ATG,1927472,ATG,中確信度: 上流への延長の可能性(片方の証拠のみ)
MA_RS08425,MA_1623,1934305,ATG,False,0,stop_codon,1934305,ATG,0.99,False,WP_048171034.1,1,89.5,1934305,ATG,1934305,ATG,現行アノテーションを支持
MA_RS08435,MA_1624,1935885,ATG,False,0,stop_codon,1935885,ATG,1.69,False,WP_048154294.1,1,59.857,1935885,ATG,1935885,ATG,現行アノテーションを支持
MA_RS08440,MA_1625,1938930,ATG,False,1,stop_codon,1938930,ATG,1.2,False,,,,,,1938930,ATG,現行アノテーションを支持
MA_RS24455,MA_1626,1939204,TTG,False,0,stop_codon,1939204,TTG,0.94,False,,,,,,1939204,TTG,現行アノテーションを支持
MA_RS08450,MA_1627,1941145,ATG,False,1,stop_codon,1941097,TTG,1.23,False,WP_048140464.1,125,60.377,1941097,TTG,1941097,TTG,中確信度: 上流への延長の可能性(片方の証拠のみ)
MA_RS08455,MA_1628,1944036,ATG,False,1,stop_codon,1944006,TTG,1.07,False,WP_048046923.1,11,78.111,1944006,TTG,1944006,TTG,中確信度: 上流への延長の可能性(片方の証拠のみ)
MA_RS08460,MA_1629,1948545,ATG,False,0,stop_codon,1948545,ATG,13.02,True,WP_048170852.1,2,95.933,1948545,ATG,1948545,ATG,現行アノテーションを支持
MA_RS08465,MA_1630,1948725,ATG,False,3,stop_codon,1948680,TTG,1.29,False,WP_048046360.1,16,66.038,1948680,TTG,1948680,TTG,中確信度: 上流への延長の可能性(片方の証拠のみ)
MA_RS08470,MA_1631,1952419,ATG,False,1,stop_codon,1952419,ATG,3.99,True,WP_048118409.1,7,36.134,1952407,ATG,1952407,ATG,中確信度: 上流への延長の可能性(片方の証拠のみ)
MA_RS08475,MA_1632,1953827,ATG,False,1,stop_codon,1953827,ATG,1.54,False,WP_048173478.1,38,40.233,1953779,TTG,1953779,TTG,中確信度: 上流への延長の可能性(片方の証拠のみ)
MA_RS08480,MA_1633,1955192,ATG,False,0,neighbor_gene,1955192,ATG,0.8,False,WP_048119883.1,2,49.474,1955192,ATG,1955192,ATG,現行アノテーションを支持
MA_RS08485,MA_1634,1956081,ATG,False,0,neighbor_gene,1956081,ATG,1.48,False,WP_048166423.1,17,32.487,1956081,ATG,1956081,ATG,現行アノテーションを支持
MA_RS08490,MA_1635,1956973,TTG,False,0,stop_codon,1956973,TTG,1.42,False,WP_239451245.1,1,87.786,1956973,TTG,1956973,TTG,現行アノテーションを支持
MA_RS08495,MA_1636,1959341,ATG,False,1,stop_codon,1959341,ATG,10.7,True,WP_048171040.1,8,97.095,1959362,ATG,1959362,ATG,中確信度: 上流への延長の可能性(片方の証拠のみ)
MA_RS08510,MA_1640,1964540,ATG,False,2,stop_codon,1964555,TTG,1.07,False,WP_050035715.1,7,89.409,1964558,ATG,1964558,ATG,中確信度: 上流への延長の可能性(片方の証拠のみ)
MA_RS08515,MA_1641,1967111,ATG,False,0,stop_codon,1967111,ATG,1.14,False,WP_048038674.1,1,86.078,1967111,ATG,1967111,ATG,現行アノテーションを支持
MA_RS08525,MA_1643,1969181,GTG,False,0,stop_codon,1969181,GTG,1.16,False,,,,,,1969181,GTG,現行アノテーションを支持
MA_RS08530,MA_1645,1969824,ATG,False,0,stop_codon,1969824,ATG,1.34,False,WP_082088902.1,126,78.913,1969824,ATG,1969824,ATG,現行アノテーションを支持
MA_RS08535,MA_1646,1973020,ATG,False,1,stop_codon,1973002,ATG,1.86,False,WP_048155430.1,7,84.301,1973002,ATG,1973002,ATG,中確信度: 上流への延長の可能性(片方の証拠のみ)
MA_RS08540,MA_1647,1976966,ATG,False,0,stop_codon,1976966,ATG,0.85,False,WP_048171051.1,1,98.19,1976966,ATG,1976966,ATG,現行アノテーションを支持
MA_RS08545,MA_1648,1977418,ATG,False,0,stop_codon,1977418,ATG,0.73,False,WP_048171053.1,1,98.701,1977418,ATG,1977418,ATG,現行アノテーションを支持
MA_RS08560,MA_1651,1978710,ATG,False,0,stop_codon,1978710,ATG,1.67,False,WP_048172782.1,1,87.189,1978710,ATG,1978710,ATG,現行アノテーションを支持
MA_RS08565,MA_1652,1981412,ATG,False,0,stop_codon,1981412,ATG,2.04,False,WP_048172780.1,1,94.538,1981412,ATG,1981412,ATG,現行アノテーションを支持
MA_RS08570,MA_1653,1982012,ATG,False,0,stop_codon,1982012,ATG,1.74,False,WP_048172402.1,1,94.26,1982012,ATG,1982012,ATG,現行アノテーションを支持
MA_RS08575,MA_1654,1984443,ATG,False,1,stop_codon,1984443,ATG,1.02,False,WP_048172400.1,11,94.413,1984413,TTG,1984413,TTG,中確信度: 上流への延長の可能性(片方の証拠のみ)
MA_RS08580,MA_1655,1985171,ATG,False,0,stop_codon,1985171,ATG,1.11,False,WP_048172398.1,1,92.832,1985171,ATG,1985171,ATG,現行アノテーションを支持
MA_RS08585,MA_1656,1988057,ATG,False,0,stop_codon,1988057,ATG,1.56,False,WP_048172397.1,1,97.051,1988057,ATG,1988057,ATG,現行アノテーションを支持
MA_RS08590,MA_1657,1988711,ATG,False,1,stop_codon,1988702,GTG,1.48,False,WP_048172395.1,4,92.786,1988702,GTG,1988702,GTG,中確信度: 上流への延長の可能性(片方の証拠のみ)
MA_RS08595,MA_1658,1990442,ATG,False,0,stop_codon,1990442,ATG,0.97,False,WP_261788790.1,1,95.05,1990442,ATG,1990442,ATG,現行アノテーションを支持
MA_RS08600,MA_1659,1990762,TTG,False,0,neighbor_gene,1990762,TTG,1.01,False,WP_048139562.1,1,89.011,1990762,TTG,1990762,TTG,現行アノテーションを支持
MA_RS29345,,1991624,ATG,False,1,stop_codon,1991615,GTG,1.39,False,,,,,,1991624,ATG,現行アノテーションを支持
MA_RS24460,MA_1660,1992185,ATG,False,2,stop_codon,1992185,ATG,1.29,False,WP_197080259.1,30,80.97,1992098,ATG,1992098,ATG,中確信度: 上流への延長の可能性(片方の証拠のみ)
MA_RS08610,MA_1661,1995881,ATG,False,0,stop_codon,1995881,ATG,1.27,False,WP_048139268.1,1,98.065,1995881,ATG,1995881,ATG,現行アノテーションを支持
MA_RS08620,MA_1663,1996878,GTG,False,0,stop_codon,1996878,GTG,4.99,True,WP_048171709.1,1,88.073,1996878,GTG,1996878,GTG,現行アノテーションを支持
MA_RS08630,MA_1664,1997406,ATG,False,0,stop_codon,1997406,ATG,1.66,False,WP_048174626.1,1,95.62,1997406,ATG,1997406,ATG,現行アノテーションを支持
MA_RS08635,MA_1665,1998360,ATG,False,0,stop_codon,1998360,ATG,1.31,False,WP_048171711.1,1,94.265,1998360,ATG,1998360,ATG,現行アノテーションを支持
MA_RS08640,MA_1666,2000194,ATG,False,0,stop_codon,2000194,ATG,10.23,True,WP_048139274.1,5,86.293,2000194,ATG,2000194,ATG,現行アノテーションを支持
MA_RS08645,MA_1667,2001638,ATG,False,2,stop_codon,2001638,ATG,2.1,False,WP_048171713.1,42,94.408,2001515,ATG,2001515,ATG,中確信度: 上流への延長の可能性(片方の証拠のみ)
MA_RS08650,MA_1668,2002736,ATG,False,0,stop_codon,2002736,ATG,6.02,True,WP_048171715.1,1,94.714,2002736,ATG,2002736,ATG,現行アノテーションを支持
MA_RS08655,MA_1669,2003430,ATG,False,0,neighbor_gene,2003430,ATG,0.8,False,WP_048171717.1,1,96.528,2003430,ATG,2003430,ATG,現行アノテーションを支持
MA_RS08660,MA_1670,2004011,TTG,False,1,stop_codon,2004011,TTG,1.16,False,WP_231588103.1,53,27.692,2003999,ATG,2003999,ATG,中確信度: 上流への延長の可能性(片方の証拠のみ)
MA_RS08665,MA_1671,2005264,ATG,False,0,stop_codon,2005264,ATG,23.39,True,WP_048139280.1,1,96.124,2005264,ATG,2005264,ATG,現行アノテーションを支持
MA_RS08670,MA_1672,2005904,ATG,False,1,stop_codon,2005901,ATG,3.41,True,WP_048139282.1,2,99.299,2005901,ATG,2005901,ATG,高確信度: 上流への延長を提案(RNA-seq・BLAST一致)
MA_RS08680,MA_1674,2008039,ATG,False,0,stop_codon,2008039,ATG,1.0,False,WP_048174875.1,1,96.658,2008039,ATG,2008039,ATG,現行アノテーションを支持
MA_RS08685,MA_1675,2010233,ATG,False,1,stop_codon,2010233,ATG,1.08,False,WP_048174873.1,3,92.593,2010239,ATG,2010239,ATG,中確信度: 上流への延長の可能性(片方の証拠のみ)
MA_RS08690,MA_1676,2010696,ATG,False,0,stop_codon,2010696,ATG,1.74,False,WP_048171723.1,1,97.196,2010696,ATG,2010696,ATG,現行アノテーションを支持
MA_RS08695,MA_1677,2011725,ATG,False,0,stop_codon,2011725,ATG,3.2,True,WP_048171722.1,4,93.272,2011725,ATG,2011725,ATG,現行アノテーションを支持
MA_RS28525,,2012721,ATG,False,0,neighbor_gene,2012721,ATG,0.98,False,WP_048171722.1,1,91.228,2012721,ATG,2012721,ATG,現行アノテーションを支持
MA_RS08700,MA_1678,2013419,ATG,False,2,stop_codon,2013404,GTG,2.59,False,WP_048171448.1,6,94.365,2013404,GTG,2013404,GTG,中確信度: 上流への延長の可能性(片方の証拠のみ)
MA_RS08705,MA_1679,2016050,ATG,False,0,stop_codon,2016050,ATG,1.92,False,WP_048038184.1,1,92.969,2016050,ATG,2016050,ATG,現行アノテーションを支持
MA_RS08715,MA_1682,2019360,ATG,False,0,stop_codon,2019360,ATG,1.05,False,WP_048171445.1,1,96.344,2019360,ATG,2019360,ATG,現行アノテーションを支持
MA_RS08725,MA_1683,2020448,ATG,False,0,stop_codon,2020448,ATG,0.78,False,WP_048171440.1,1,95.726,2020448,ATG,2020448,ATG,現行アノテーションを支持
MA_RS08730,MA_1684,2021872,ATG,False,0,stop_codon,2021872,ATG,2.23,False,WP_048171439.1,1,97.297,2021872,ATG,2021872,ATG,現行アノテーションを支持
MA_RS08735,MA_1685,2022308,GTG,False,1,stop_codon,2022284,TTG,1.68,False,WP_048139629.1,9,67.568,2022284,TTG,2022284,TTG,中確信度: 上流への延長の可能性(片方の証拠のみ)
MA_RS08740,,2022981,ATG,False,0,stop_codon,2022981,ATG,2.73,False,WP_048173104.1,1,97.674,2022981,ATG,2022981,ATG,現行アノテーションを支持
MA_RS08745,MA_1686,2023960,ATA,True,0,stop_codon,2023960,ATA,2.04,False,WP_082089028.1,1,95.902,2023960,ATA,2023960,ATA,現行アノテーションを支持
MA_RS25245,MA_1687,2025402,ATA,True,0,stop_codon,2025402,ATA,1.12,False,WP_082089027.1,1,90.61,2025402,ATA,2025402,ATA,現行アノテーションを支持
MA_RS26705,,2025661,ATG,False,0,stop_codon,2025661,ATG,1.33,False,WP_156158871.1,1,87.179,2025661,ATG,2025661,ATG,現行アノテーションを支持
MA_RS08760,,2026482,ATG,False,0,stop_codon,2026482,ATG,1.0,False,,,,,,2026482,ATG,現行アノテーションを支持
MA_RS08765,MA_1689,2026980,ATG,False,0,stop_codon,2026980,ATG,1.82,False,WP_231589877.1,12,93.728,2026980,ATG,2026980,ATG,現行アノテーションを支持
MA_RS08770,MA_1690,2029327,GTG,False,4,stop_codon,2029372,TTG,1.15,False,WP_015410849.1,1,79.481,2029372,TTG,2029372,TTG,中確信度: 上流への延長の可能性(片方の証拠のみ)
MA_RS08775,MA_1691,2031469,ATG,False,0,stop_codon,2031469,ATG,1.39,False,WP_048173382.1,17,96.652,2031469,ATG,2031469,ATG,現行アノテーションを支持
MA_RS24465,MA_1692,2031478,ATG,False,0,stop_codon,2031478,ATG,0.78,False,WP_048122120.1,1,51.437,2031478,ATG,2031478,ATG,現行アノテーションを支持
MA_RS08790,MA_1693,2033512,ATG,False,0,stop_codon,2033512,ATG,2.52,False,,,,,,2033512,ATG,現行アノテーションを支持
MA_RS08795,MA_1694,2033718,ATG,False,0,stop_codon,2033718,ATG,0.78,False,WP_239450983.1,29,92.0,2033718,ATG,2033718,ATG,現行アノテーションを支持
MA_RS08805,MA_1696,2034436,ATG,False,1,stop_codon,2034553,ATG,1.17,False,WP_204245328.1,1,53.097,2034553,ATG,2034553,ATG,中確信度: 上流への延長の可能性(片方の証拠のみ)
MA_RS08810,MA_1697,2035934,GTG,False,0,stop_codon,2035934,GTG,1.25,False,WP_048117198.1,3,55.208,2035934,GTG,2035934,GTG,現行アノテーションを支持
MA_RS08815,MA_1698,2036474,GTG,False,0,stop_codon,2036474,GTG,1.88,False,WP_052712638.1,14,41.441,2036474,GTG,2036474,GTG,現行アノテーションを支持
MA_RS24470,MA_1699,2037452,ATG,False,0,max_distance,2037452,ATG,1.1,False,WP_052727861.1,10,56.272,2037452,ATG,2037452,ATG,現行アノテーションを支持
MA_RS08825,,2038610,ATG,False,1,stop_codon,2038610,ATG,1.32,False,,,,,,2038610,ATG,現行アノテーションを支持
MA_RS08830,MA_1700,2039132,ATG,False,0,stop_codon,2039132,ATG,0.91,False,WP_048118726.1,1,78.652,2039132,ATG,2039132,ATG,現行アノテーションを支持
MA_RS08835,MA_1701,2039855,ATG,False,1,stop_codon,2039855,ATG,1.13,False,WP_048140775.1,15,91.133,2039813,TTG,2039813,TTG,中確信度: 上流への延長の可能性(片方の証拠のみ)
MA_RS08840,MA_1702,2040583,ATG,False,0,stop_codon,2040583,ATG,0.9,False,WP_048170901.1,1,91.549,2040583,ATG,2040583,ATG,現行アノテーションを支持
MA_RS08845,MA_1703,2041455,ATG,False,0,stop_codon,2041455,ATG,0.8,False,WP_231590445.1,1,93.301,2041455,ATG,2041455,ATG,現行アノテーションを支持
MA_RS08850,MA_1704,2044264,ATG,False,1,stop_codon,2044315,ATG,9.53,True,WP_231590444.1,8,89.749,2044315,ATG,2044315,ATG,高確信度: 上流への延長を提案(RNA-seq・BLAST一致)
MA_RS08855,MA_1705,2044430,ATG,False,1,stop_codon,2044406,ATG,141.02,True,WP_048170895.1,1,93.388,2044406,ATG,2044406,ATG,高確信度: 上流への延長を提案(RNA-seq・BLAST一致)
MA_RS08860,MA_1706,2045002,ATG,False,0,stop_codon,2045002,ATG,1.75,False,WP_226987623.1,1,83.571,2045002,ATG,2045002,ATG,現行アノテーションを支持
MA_RS08865,MA_1708,2046993,ATG,False,0,stop_codon,2046993,ATG,0.98,False,WP_048170891.1,1,92.641,2046993,ATG,2046993,ATG,現行アノテーションを支持
MA_RS08870,MA_1709,2048732,ATG,False,1,stop_codon,2048732,ATG,1.37,False,WP_048174558.1,10,94.221,2048705,ATG,2048705,ATG,中確信度: 上流への延長の可能性(片方の証拠のみ)
MA_RS08875,MA_1710,2050465,TTG,False,0,stop_codon,2050465,TTG,1.45,False,WP_048170890.1,1,98.131,2050465,TTG,2050465,TTG,現行アノテーションを支持
MA_RS08880,MA_1711,2051782,ATG,False,0,stop_codon,2051782,ATG,1.49,False,WP_048170888.1,1,93.506,2051782,ATG,2051782,ATG,現行アノテーションを支持
MA_RS08885,,2052728,ATG,False,0,stop_codon,2052728,ATG,1.72,False,WP_048170886.1,18,85.859,2052728,ATG,2052728,ATG,現行アノテーションを支持
MA_RS08890,MA_1712,2052893,ATG,False,1,stop_codon,2052881,GTG,9.13,True,WP_048170884.1,5,95.325,2052881,GTG,2052881,GTG,高確信度: 上流への延長を提案(RNA-seq・BLAST一致)
MA_RS08895,MA_1713,2054545,TTG,False,0,neighbor_gene,2054545,TTG,2.48,False,WP_048170882.1,1,85.106,2054545,TTG,2054545,TTG,現行アノテーションを支持
MA_RS08900,MA_1714,2056438,ATG,False,3,stop_codon,2056561,ATG,1.27,False,WP_048170880.1,42,90.445,2056561,ATG,2056561,ATG,中確信度: 上流への延長の可能性(片方の証拠のみ)
MA_RS08905,MA_1715,2057468,ATG,False,0,stop_codon,2057468,ATG,1.99,False,WP_048170878.1,1,93.281,2057468,ATG,2057468,ATG,現行アノテーションを支持
MA_RS08910,MA_1716,2058400,ATG,False,0,stop_codon,2058400,ATG,2.23,False,WP_082088852.1,20,60.345,2058400,ATG,2058400,ATG,現行アノテーションを支持
MA_RS08915,MA_1717,2058677,ATG,False,0,stop_codon,2058677,ATG,1.56,False,WP_048170876.1,1,91.646,2058677,ATG,2058677,ATG,現行アノテーションを支持
MA_RS08920,MA_1718,2061168,GTG,False,0,stop_codon,2061168,GTG,0.91,False,WP_204245327.1,1,78.896,2061168,GTG,2061168,GTG,現行アノテーションを支持
MA_RS08925,MA_1719,2061899,ATG,False,0,stop_codon,2061899,ATG,3.02,True,WP_048140458.1,1,88.259,2061899,ATG,2061899,ATG,現行アノテーションを支持
MA_RS08930,MA_1721,2063610,GTG,False,0,stop_codon,2063610,GTG,5.59,True,WP_048140456.1,1,80.899,2063610,GTG,2063610,GTG,現行アノテーションを支持
MA_RS08935,MA_1722,2063894,ATG,False,1,stop_codon,2063894,ATG,1.99,False,WP_048172933.1,40,98.039,2063777,ATG,2063777,ATG,中確信度: 上流への延長の可能性(片方の証拠のみ)
MA_RS08940,MA_1723,2065405,TTG,False,0,stop_codon,2065405,TTG,1.16,False,WP_048172932.1,1,84.694,2065405,TTG,2065405,TTG,現行アノテーションを支持
MA_RS08950,MA_1724,2068408,ATG,False,1,stop_codon,2068408,ATG,51.84,True,WP_048172930.1,1,90.501,2068396,ATG,2068396,ATG,中確信度: 上流への延長の可能性(片方の証拠のみ)
MA_RS08960,MA_1725,2071011,ATG,False,0,neighbor_gene,2071011,ATG,1.07,False,WP_048172929.1,1,95.402,2071011,ATG,2071011,ATG,現行アノテーションを支持
MA_RS08965,MA_1726,2071629,ATG,False,0,stop_codon,2071629,ATG,1.14,False,WP_048172927.1,1,92.118,2071629,ATG,2071629,ATG,現行アノテーションを支持
MA_RS08970,MA_1727,2073485,TTG,False,0,stop_codon,2073485,TTG,1.28,False,WP_048172925.1,1,94.669,2073485,TTG,2073485,TTG,現行アノテーションを支持
MA_RS08975,MA_1728,2074213,ATG,False,0,stop_codon,2074213,ATG,0.97,False,WP_158024092.1,4,70.321,2074213,ATG,2074213,ATG,現行アノテーションを支持
MA_RS08980,MA_1729,2075733,ATG,False,0,stop_codon,2075733,ATG,1.24,False,WP_048172376.1,1,51.429,2075733,ATG,2075733,ATG,現行アノテーションを支持
MA_RS08985,MA_1730,2077593,GTG,False,0,stop_codon,2077593,GTG,1.25,False,WP_048138026.1,1,43.779,2077593,GTG,2077593,GTG,現行アノテーションを支持
MA_RS08990,MA_1731,2077902,ATG,False,0,stop_codon,2077902,ATG,2.02,False,WP_048172376.1,1,86.782,2077902,ATG,2077902,ATG,現行アノテーションを支持
MA_RS08995,MA_1732,2078864,ATG,False,0,stop_codon,2078864,ATG,1.17,False,WP_048172374.1,1,94.444,2078864,ATG,2078864,ATG,現行アノテーションを支持
MA_RS09000,MA_1733,2079856,ATG,False,0,stop_codon,2079856,ATG,1.18,False,WP_048172373.1,1,90.222,2079856,ATG,2079856,ATG,現行アノテーションを支持
MA_RS09005,MA_1734,2080131,ATG,False,0,stop_codon,2080131,ATG,18.65,True,WP_048172371.1,1,81.707,2080131,ATG,2080131,ATG,現行アノテーションを支持
MA_RS09010,MA_1735,2081935,ATG,False,0,stop_codon,2081935,ATG,0.84,False,WP_082088961.1,1,94.615,2081935,ATG,2081935,ATG,現行アノテーションを支持
MA_RS09015,MA_1736,2082495,ATG,False,1,stop_codon,2082495,ATG,2.69,False,WP_048172369.1,30,97.71,2082408,TTG,2082408,TTG,中確信度: 上流への延長の可能性(片方の証拠のみ)
MA_RS28080,,2083217,ATG,False,4,stop_codon,2083118,TTG,32.19,True,WP_015412686.1,74,96.491,2082998,ATG,,,要確認: RNA-seqとBLASTが異なる候補を支持
MA_RS09025,MA_1738,2086681,GTG,False,0,stop_codon,2086681,GTG,1.17,False,WP_048046560.1,1,67.868,2086681,GTG,2086681,GTG,現行アノテーションを支持
MA_RS09030,MA_1739,2089254,GTG,False,1,stop_codon,2089254,GTG,2.56,False,WP_048140620.1,15,77.374,2089290,TTG,2089290,TTG,中確信度: 上流への延長の可能性(片方の証拠のみ)
MA_RS09035,MA_1740,2089865,TTG,False,0,stop_codon,2089865,TTG,0.87,False,WP_048172814.1,1,90.123,2089865,TTG,2089865,TTG,現行アノテーションを支持
MA_RS09040,MA_1741,2090470,ATG,False,0,stop_codon,2090470,ATG,1.28,False,WP_231589803.1,1,91.083,2090470,ATG,2090470,ATG,現行アノテーションを支持
MA_RS09045,MA_1742,2094267,ATG,False,0,stop_codon,2094267,ATG,1.29,False,WP_048172820.1,1,90.609,2094267,ATG,2094267,ATG,現行アノテーションを支持
MA_RS09050,MA_1743,2095883,ATG,False,0,stop_codon,2095883,ATG,2.62,False,WP_048172822.1,1,92.327,2095883,ATG,2095883,ATG,現行アノテーションを支持
MA_RS09055,MA_1744,2096298,GTG,False,1,stop_codon,2096295,TTG,1.71,False,WP_231589807.1,2,93.25,2096295,TTG,2096295,TTG,中確信度: 上流への延長の可能性(片方の証拠のみ)
MA_RS09060,MA_1745,2097561,GTG,False,0,neighbor_gene,2097561,GTG,0.98,False,WP_231589808.1,1,93.871,2097561,GTG,2097561,GTG,現行アノテーションを支持
MA_RS09065,MA_1746,2098570,ATG,False,0,stop_codon,2098570,ATG,0.98,False,WP_048172824.1,1,92.954,2098570,ATG,2098570,ATG,現行アノテーションを支持
MA_RS09070,MA_1747,2101502,ATG,False,0,stop_codon,2101502,ATG,11.89,True,WP_048172826.1,1,91.909,2101502,ATG,2101502,ATG,現行アノテーションを支持
MA_RS09075,MA_1748,2101613,TTG,False,1,stop_codon,2101580,TTG,20.14,True,WP_048172827.1,12,94.774,2101580,TTG,2101580,TTG,高確信度: 上流への延長を提案(RNA-seq・BLAST一致)
MA_RS09080,MA_1749,2103844,ATG,False,2,stop_codon,2103868,GTG,1.8,False,WP_148705545.1,3,86.062,2103868,GTG,2103868,GTG,中確信度: 上流への延長の可能性(片方の証拠のみ)
MA_RS09085,MA_1750,2104499,ATG,False,0,stop_codon,2104499,ATG,1.29,False,WP_048172829.1,1,94.286,2104499,ATG,2104499,ATG,現行アノテーションを支持
MA_RS09090,MA_1751,2106255,ATG,False,1,stop_codon,2106255,ATG,1.04,False,WP_048172830.1,8,95.413,2106234,TTG,2106234,TTG,中確信度: 上流への延長の可能性(片方の証拠のみ)
MA_RS09095,MA_1752,2107279,ATG,False,0,neighbor_gene,2107279,ATG,0.97,False,WP_048172832.1,1,90.135,2107279,ATG,2107279,ATG,現行アノテーションを支持
MA_RS09100,MA_1753,2112743,ATG,False,0,stop_codon,2112743,ATG,1.23,False,WP_082088993.1,357,89.401,2112743,ATG,2112743,ATG,現行アノテーションを支持
MA_RS09105,MA_1754,2117077,GTG,False,1,stop_codon,2117083,ATG,1.31,False,WP_052712825.1,18,62.876,2117083,ATG,2117083,ATG,中確信度: 上流への延長の可能性(片方の証拠のみ)
MA_RS09120,MA_1756,2125040,ATG,False,0,stop_codon,2125040,ATG,1.22,False,WP_082088993.1,1,81.478,2125040,ATG,2125040,ATG,現行アノテーションを支持
MA_RS09130,MA_1757,2125596,GTG,False,0,stop_codon,2125596,GTG,1.45,False,WP_052727998.1,1,89.167,2125596,GTG,2125596,GTG,現行アノテーションを支持
MA_RS09135,MA_1758,2127875,ATG,False,1,stop_codon,2127875,ATG,1.9,False,WP_048172834.1,6,68.491,2127890,TTG,2127890,TTG,中確信度: 上流への延長の可能性(片方の証拠のみ)
MA_RS09140,MA_1759,2131132,GTG,False,0,stop_codon,2131132,GTG,0.83,False,WP_231589809.1,1,91.264,2131132,GTG,2131132,GTG,現行アノテーションを支持
MA_RS09145,MA_1760,2132844,ATG,False,0,stop_codon,2132844,ATG,1.01,False,WP_048172837.1,1,89.792,2132844,ATG,2132844,ATG,現行アノテーションを支持
MA_RS26720,,2133593,ATG,False,0,stop_codon,2133593,ATG,0.44,False,,,,,,2133593,ATG,現行アノテーションを支持
MA_RS28170,MA_1761,2136817,ATG,False,0,stop_codon,2136817,ATG,1.42,False,WP_082088993.1,195,82.103,2136817,ATG,2136817,ATG,現行アノテーションを支持
MA_RS28535,MA_1762,2149776,ATG,False,0,stop_codon,2149776,ATG,1.19,False,WP_048173608.1,2670,68.696,2149776,ATG,2149776,ATG,現行アノテーションを支持
MA_RS09160,MA_1763,2151432,ATG,False,1,stop_codon,2151447,TTG,4.45,True,WP_048172843.1,6,95.0,2151447,TTG,2151447,TTG,高確信度: 上流への延長を提案(RNA-seq・BLAST一致)
MA_RS24475,MA_1764,2155154,ATG,False,1,stop_codon,2155154,ATG,1.22,False,WP_048174009.1,6,85.345,2155169,ATG,2155169,ATG,中確信度: 上流への延長の可能性(片方の証拠のみ)
MA_RS09170,MA_1765,2156110,TTG,False,0,stop_codon,2156110,TTG,1.12,False,WP_048174008.1,1,87.908,2156110,TTG,2156110,TTG,現行アノテーションを支持
MA_RS28540,MA_1766,2161430,GTG,False,1,stop_codon,2161430,GTG,1.0,False,WP_449288712.1,5,89.897,2161466,TTG,2161466,TTG,中確信度: 上流への延長の可能性(片方の証拠のみ)
MA_RS28185,MA_1767,2166249,ATG,False,0,stop_codon,2166249,ATG,1.17,False,WP_231589810.1,55,88.609,2166249,ATG,2166249,ATG,現行アノテーションを支持
MA_RS09185,MA_1768,2170228,TTG,False,1,stop_codon,2170234,TTG,1.36,False,WP_048172847.1,1,91.423,2170234,TTG,2170234,TTG,中確信度: 上流への延長の可能性(片方の証拠のみ)
MA_RS09195,MA_1769,2174655,ATG,False,1,neighbor_gene,2174655,ATG,1.19,False,WP_197080345.1,11,91.156,2174685,ATG,2174685,ATG,中確信度: 上流への延長の可能性(片方の証拠のみ)
MA_RS09200,MA_1770,2175498,ATG,False,0,stop_codon,2175498,ATG,1.32,False,WP_048171421.1,1,91.353,2175498,ATG,2175498,ATG,現行アノテーションを支持
MA_RS09205,MA_1771,2176199,ATG,False,2,stop_codon,2176199,ATG,1.45,False,WP_048140126.1,15,93.75,2176241,ATG,2176241,ATG,中確信度: 上流への延長の可能性(片方の証拠のみ)
MA_RS24485,,2176574,ATG,False,0,neighbor_gene,2176574,ATG,0.8,False,WP_048139859.1,2,86.517,2176574,ATG,2176574,ATG,現行アノテーションを支持
MA_RS24490,,2177097,GTG,False,2,stop_codon,2177238,GTG,1.07,False,WP_048139859.1,1,83.333,2177238,GTG,2177238,GTG,中確信度: 上流への延長の可能性(片方の証拠のみ)
MA_RS09215,MA_1773,2178213,ATG,False,1,stop_codon,2178213,ATG,1.58,False,WP_048166691.1,34,36.429,2178114,ATG,2178114,ATG,中確信度: 上流への延長の可能性(片方の証拠のみ)
MA_RS09220,MA_1774,2179415,ATG,False,1,stop_codon,2179415,ATG,3.09,True,WP_082089365.1,1,86.425,2179355,TTG,2179355,TTG,中確信度: 上流への延長の可能性(片方の証拠のみ)
MA_RS25375,MA_4672,2180370,ATG,False,0,stop_codon,2180370,ATG,0.92,False,WP_011021777.1,1,100.0,2180370,ATG,2180370,ATG,現行アノテーションを支持
MA_RS09225,MA_1775,2180684,ATG,False,0,stop_codon,2180684,ATG,1.25,False,WP_048173220.1,1,97.872,2180684,ATG,2180684,ATG,現行アノテーションを支持
MA_RS09230,MA_1776,2181650,GTG,False,0,stop_codon,2181650,GTG,1.09,False,WP_048140629.1,1,96.241,2181650,GTG,2181650,GTG,現行アノテーションを支持
MA_RS09235,,2183244,ATG,False,0,stop_codon,2183244,ATG,1.53,False,WP_048173217.1,1,89.508,2183244,ATG,2183244,ATG,現行アノテーションを支持
MA_RS09240,MA_1777,2184105,ATG,False,0,neighbor_gene,2184105,ATG,1.53,False,WP_048173215.1,1,98.077,2184105,ATG,2184105,ATG,現行アノテーションを支持
MA_RS09245,MA_1778,2184809,ATG,False,0,stop_codon,2184809,ATG,1.34,False,WP_048140636.1,1,98.261,2184809,ATG,2184809,ATG,現行アノテーションを支持
MA_RS09250,MA_1779,2185637,ATG,False,0,stop_codon,2185637,ATG,0.88,False,WP_048140638.1,1,98.394,2185637,ATG,2185637,ATG,現行アノテーションを支持
MA_RS09255,MA_1781,2187986,TTG,False,0,stop_codon,2187986,TTG,1.21,False,WP_048172908.1,1,85.606,2187986,TTG,2187986,TTG,現行アノテーションを支持
MA_RS09260,MA_1782,2188702,TTG,False,0,stop_codon,2188702,TTG,0.87,False,WP_048172910.1,1,93.724,2188702,TTG,2188702,TTG,現行アノテーションを支持
MA_RS09265,MA_1783,2189120,ATG,False,0,neighbor_gene,2189120,ATG,0.71,False,WP_048172912.1,1,96.454,2189120,ATG,2189120,ATG,現行アノテーションを支持
MA_RS09270,MA_1784,2189725,TTG,False,2,stop_codon,2189737,TTG,1.44,False,WP_048172913.1,5,98.469,2189737,TTG,2189737,TTG,中確信度: 上流への延長の可能性(片方の証拠のみ)
MA_RS09275,MA_1785,2190122,ATG,False,2,stop_codon,2190110,GTG,0.85,False,WP_048172914.1,5,95.531,2190110,GTG,2190110,GTG,中確信度: 上流への延長の可能性(片方の証拠のみ)
MA_RS09285,MA_1787,2192255,ATG,False,0,stop_codon,2192255,ATG,3.03,True,WP_048173500.1,1,97.456,2192255,ATG,2192255,ATG,現行アノテーションを支持
MA_RS09300,MA_1789,2198878,ATG,False,0,stop_codon,2198878,ATG,1.03,False,WP_048172579.1,1,94.069,2198878,ATG,2198878,ATG,現行アノテーションを支持
MA_RS09305,MA_1790,2199790,ATG,False,0,stop_codon,2199790,ATG,1.62,False,WP_048172577.1,1,97.664,2199790,ATG,2199790,ATG,現行アノテーションを支持
MA_RS09310,MA_1791,2202583,ATG,False,1,stop_codon,2202586,TTG,1.06,False,WP_048172576.1,2,88.782,2202586,TTG,2202586,TTG,中確信度: 上流への延長の可能性(片方の証拠のみ)
MA_RS09315,MA_1792,2203149,ATG,False,0,stop_codon,2203149,ATG,1.81,False,WP_048172574.1,1,96.364,2203149,ATG,2203149,ATG,現行アノテーションを支持
MA_RS09320,MA_1793,2204153,ATG,False,3,stop_codon,2204171,TTG,1.95,False,WP_048172572.1,28,88.889,2204234,GTG,2204234,GTG,中確信度: 上流への延長の可能性(片方の証拠のみ)
MA_RS09330,MA_1794,2204499,ATG,False,0,stop_codon,2204499,ATG,1.99,False,WP_048174737.1,1,95.01,2204499,ATG,2204499,ATG,現行アノテーションを支持
MA_RS09335,,2206166,ATG,False,0,stop_codon,2206166,ATG,1.52,False,,,,,,2206166,ATG,現行アノテーションを支持
MA_RS09340,MA_1796,2206902,ATG,False,1,stop_codon,2206887,GTG,8.15,True,WP_048172568.1,6,98.519,2206887,GTG,2206887,GTG,高確信度: 上流への延長を提案(RNA-seq・BLAST一致)
MA_RS09345,MA_1797,2207949,GTG,False,0,stop_codon,2207949,GTG,2.1,False,WP_048172566.1,1,93.962,2207949,GTG,2207949,GTG,現行アノテーションを支持
MA_RS09350,MA_1798,2208861,ATG,False,0,neighbor_gene,2208861,ATG,0.94,False,WP_048172565.1,1,77.381,2208861,ATG,2208861,ATG,現行アノテーションを支持
MA_RS09355,MA_1799,2210061,TTG,False,0,stop_codon,2210061,TTG,1.11,False,WP_048172563.1,1,95.973,2210061,TTG,2210061,TTG,現行アノテーションを支持
MA_RS09360,MA_1800,2212032,ATG,False,0,stop_codon,2212032,ATG,0.66,False,WP_048143248.1,1,83.816,2212032,ATG,2212032,ATG,現行アノテーションを支持
MA_RS09365,MA_1801,2213947,ATG,False,0,stop_codon,2213947,ATG,9.77,True,WP_048119776.1,1,66.917,2213947,ATG,2213947,ATG,現行アノテーションを支持
MA_RS09370,MA_1802,2214810,ATG,False,0,stop_codon,2214810,ATG,3.41,True,WP_048172558.1,1,96.203,2214810,ATG,2214810,ATG,現行アノテーションを支持
MA_RS09375,,2217664,ATG,False,0,stop_codon,2217664,ATG,1.6,False,WP_048172556.1,1,95.763,2217664,ATG,2217664,ATG,現行アノテーションを支持
MA_RS09380,MA_1804,2219534,ATG,False,2,stop_codon,2219555,GTG,1.48,False,WP_048172554.1,11,93.871,2219564,TTG,2219564,TTG,中確信度: 上流への延長の可能性(片方の証拠のみ)
MA_RS09385,MA_1805,2220385,CTG,True,0,stop_codon,2220385,CTG,1.19,False,WP_082088978.1,1,89.848,2220385,CTG,2220385,CTG,現行アノテーションを支持
MA_RS09390,MA_1806,2221239,ATG,False,2,stop_codon,2221239,ATG,2.56,False,WP_048172550.1,45,95.088,2221371,GTG,2221371,GTG,中確信度: 上流への延長の可能性(片方の証拠のみ)
MA_RS09395,MA_1807,2221503,GTG,False,0,stop_codon,2221503,GTG,1.3,False,,,,,,2221503,GTG,現行アノテーションを支持
MA_RS26775,,2221850,TTG,False,0,neighbor_gene,2221850,TTG,0.85,False,,,,,,2221850,TTG,現行アノテーションを支持
MA_RS09400,MA_1808,2222568,GTG,False,0,stop_codon,2222568,GTG,1.57,False,,,,,,2222568,GTG,現行アノテーションを支持
MA_RS26780,,2223238,TTG,False,3,stop_codon,2223238,TTG,1.42,False,WP_048138696.1,3,78.333,2223214,TTG,2223214,TTG,中確信度: 上流への延長の可能性(片方の証拠のみ)
MA_RS09405,,2223707,GTG,False,0,stop_codon,2223707,GTG,1.19,False,,,,,,2223707,GTG,現行アノテーションを支持
MA_RS09410,MA_1809,2223702,ATG,False,0,stop_codon,2223702,ATG,0.89,False,WP_048138696.1,1,73.846,2223702,ATG,2223702,ATG,現行アノテーションを支持
MA_RS09415,MA_1810,2224422,ATG,False,1,stop_codon,2224422,ATG,2.56,False,WP_048172543.1,6,86.513,2224407,TTG,2224407,TTG,中確信度: 上流への延長の可能性(片方の証拠のみ)
MA_RS26785,,2226869,ATG,False,0,stop_codon,2226869,ATG,1.32,False,,,,,,2226869,ATG,現行アノテーションを支持
MA_RS09430,MA_1811,2228279,TTG,False,0,stop_codon,2228279,TTG,3.6,True,WP_231589775.1,1,99.057,2228279,TTG,2228279,TTG,現行アノテーションを支持
MA_RS09435,MA_1812,2229030,ATG,False,0,stop_codon,2229030,ATG,0.9,False,WP_048172542.1,1,93.519,2229030,ATG,2229030,ATG,現行アノテーションを支持
MA_RS09440,MA_1813,2229799,TTG,False,0,stop_codon,2229799,TTG,3.25,True,WP_048172539.1,1,97.513,2229799,TTG,2229799,TTG,現行アノテーションを支持
MA_RS09445,MA_1814,2233731,ATG,False,0,stop_codon,2233731,ATG,2.09,False,WP_082088898.1,1,99.533,2233731,ATG,2233731,ATG,現行アノテーションを支持
MA_RS09450,MA_1815,2234162,ATG,False,0,stop_codon,2234162,ATG,8.87,True,WP_048138319.1,1,95.187,2234162,ATG,2234162,ATG,現行アノテーションを支持
MA_RS09455,MA_1816,2235047,ATG,False,1,stop_codon,2235047,ATG,1.23,False,WP_048171963.1,9,94.778,2235023,TTG,2235023,TTG,中確信度: 上流への延長の可能性(片方の証拠のみ)
MA_RS09460,MA_1817,2236289,ATG,False,0,stop_codon,2236289,ATG,1.25,False,WP_048171962.1,1,98.701,2236289,ATG,2236289,ATG,現行アノテーションを支持
MA_RS09465,MA_1818,2236794,ATG,False,0,stop_codon,2236794,ATG,0.98,False,WP_011032198.1,1,99.254,2236794,ATG,2236794,ATG,現行アノテーションを支持
MA_RS09470,MA_1819,2237254,ATG,False,0,stop_codon,2237254,ATG,0.98,False,WP_048171961.1,1,98.421,2237254,ATG,2237254,ATG,現行アノテーションを支持
MA_RS09475,MA_1820,2238951,ATG,False,0,stop_codon,2238951,ATG,1.11,False,WP_048171959.1,1,92.715,2238951,ATG,2238951,ATG,現行アノテーションを支持
MA_RS09480,MA_1821,2239282,ATG,False,0,stop_codon,2239282,ATG,4.01,True,WP_048171957.1,1,97.8,2239282,ATG,2239282,ATG,現行アノテーションを支持
MA_RS09485,MA_1822,2240787,ATG,False,0,neighbor_gene,2240787,ATG,0.92,False,WP_048171956.1,1,99.219,2240787,ATG,2240787,ATG,現行アノテーションを支持
MA_RS09490,MA_1824,2242194,ATG,False,0,stop_codon,2242194,ATG,0.88,False,WP_048171955.1,1,95.149,2242194,ATG,2242194,ATG,現行アノテーションを支持
MA_RS09495,MA_1825,2244069,ATG,False,0,stop_codon,2244069,ATG,1.85,False,WP_048171954.1,1,82.186,2244069,ATG,2244069,ATG,現行アノテーションを支持
MA_RS09500,MA_1826,2244278,ATG,False,1,stop_codon,2244239,ATG,9.07,True,WP_048171951.1,14,95.833,2244239,ATG,2244239,ATG,高確信度: 上流への延長を提案(RNA-seq・BLAST一致)
MA_RS09505,MA_1827,2245699,ATG,False,1,stop_codon,2245699,ATG,1.28,False,WP_048171950.1,16,94.203,2245744,TTG,2245744,TTG,中確信度: 上流への延長の可能性(片方の証拠のみ)
MA_RS09510,MA_1828,2245929,ATG,False,0,stop_codon,2245929,ATG,5.59,True,WP_048122120.1,19,48.0,2245929,ATG,2245929,ATG,現行アノテーションを支持
MA_RS26790,,2247947,ATG,False,0,stop_codon,2247947,ATG,1.34,False,WP_011021898.1,1,100.0,2247947,ATG,2247947,ATG,現行アノテーションを支持
MA_RS09515,MA_1829,2248670,TTG,False,1,stop_codon,2248622,TTG,1.12,False,WP_011021898.1,1,99.648,2248622,TTG,2248622,TTG,中確信度: 上流への延長の可能性(片方の証拠のみ)
MA_RS28190,MA_1830,2249916,ATG,False,0,stop_codon,2249916,ATG,0.7,False,WP_082088950.1,1,71.429,2249916,ATG,2249916,ATG,現行アノテーションを支持
MA_RS09525,MA_1831,2251068,ATA,True,0,stop_codon,2251068,ATA,1.55,False,WP_261789134.1,1,97.059,2251068,ATA,2251068,ATA,現行アノテーションを支持
MA_RS09530,,2252310,ATG,False,0,stop_codon,2252310,ATG,1.07,False,WP_048065234.1,1,100.0,2252310,ATG,2252310,ATG,現行アノテーションを支持
MA_RS09535,,2252961,ATG,False,0,stop_codon,2252961,ATG,1.57,False,WP_048134822.1,1,98.333,2252961,ATG,2252961,ATG,現行アノテーションを支持
MA_RS25400,MA_1833,2253391,ATT,True,0,stop_codon,2253391,ATT,1.45,False,WP_082088951.1,1,96.33,2253391,ATT,2253391,ATT,現行アノテーションを支持
MA_RS09545,MA_1834,2255127,ATG,False,1,stop_codon,2255136,GTG,1.54,False,WP_187151747.1,4,97.046,2255136,GTG,2255136,GTG,中確信度: 上流への延長の可能性(片方の証拠のみ)
MA_RS09550,MA_1835,2255404,ATG,False,0,stop_codon,2255404,ATG,1.75,False,WP_048172755.1,1,94.946,2255404,ATG,2255404,ATG,現行アノテーションを支持
MA_RS09555,MA_1836,2256750,ATG,False,2,stop_codon,2256669,TTG,1.71,False,WP_048139116.1,28,79.583,2256669,TTG,2256669,TTG,中確信度: 上流への延長の可能性(片方の証拠のみ)
MA_RS09565,MA_1837,2258170,ATG,False,1,stop_codon,2258170,ATG,11.07,True,WP_239451319.1,3,89.568,2258164,ATG,2258164,ATG,中確信度: 上流への延長の可能性(片方の証拠のみ)
MA_RS25405,,2259198,GTG,False,1,stop_codon,2259204,GTG,1.04,False,WP_069575262.1,1,93.103,2259204,GTG,2259204,GTG,中確信度: 上流への延長の可能性(片方の証拠のみ)
MA_RS09570,MA_1838,2262081,GTG,False,0,stop_codon,2262081,GTG,1.28,False,WP_231588122.1,1,76.156,2262081,GTG,2262081,GTG,現行アノテーションを支持
MA_RS09575,,2262709,ATA,True,0,stop_codon,2262709,ATA,0.87,False,WP_048174617.1,7,76.271,2262709,ATA,2262709,ATA,現行アノテーションを支持
MA_RS09580,MA_1839,2267143,ATG,False,0,stop_codon,2267143,ATG,1.67,False,WP_048121910.1,1,51.486,2267143,ATG,2267143,ATG,現行アノテーションを支持
MA_RS09585,MA_1840,2268239,ATG,False,4,stop_codon,2268239,ATG,1.44,False,WP_231590480.1,29,94.898,2268323,GTG,2268323,GTG,中確信度: 上流への延長の可能性(片方の証拠のみ)
MA_RS09590,MA_1841,2270247,ATG,False,0,stop_codon,2270247,ATG,1.24,False,WP_048171647.1,1,92.823,2270247,ATG,2270247,ATG,現行アノテーションを支持
MA_RS09600,MA_1842,2270783,GTG,False,0,stop_codon,2270783,GTG,0.98,False,WP_197080359.1,1,98.451,2270783,GTG,2270783,GTG,現行アノテーションを支持
MA_RS09605,MA_4669,2272588,ATG,False,0,stop_codon,2272588,ATG,0.99,False,WP_048172088.1,1,96.899,2272588,ATG,2272588,ATG,現行アノテーションを支持
MA_RS24495,MA_1844,2276755,ATG,False,0,stop_codon,2276755,ATG,0.95,False,WP_052721604.1,112,92.126,2276755,ATG,2276755,ATG,現行アノテーションを支持
MA_RS09625,MA_1846,2278043,ATG,False,0,stop_codon,2278043,ATG,1.09,False,,,,,,2278043,ATG,現行アノテーションを支持
MA_RS09630,MA_1847,2279406,TTG,False,0,stop_codon,2279406,TTG,0.67,False,WP_048139824.1,1,88.827,2279406,TTG,2279406,TTG,現行アノテーションを支持
MA_RS09635,,2279782,ATG,False,0,neighbor_gene,2279782,ATG,1.01,False,WP_158024134.1,8,73.585,2279782,ATG,2279782,ATG,現行アノテーションを支持
MA_RS09640,MA_1848,2280470,ATG,False,0,stop_codon,2280470,ATG,1.35,False,WP_048139820.1,2,89.806,2280470,ATG,2280470,ATG,現行アノテーションを支持
MA_RS09645,MA_1849,2281251,ATG,False,0,neighbor_gene,2281251,ATG,1.1,False,WP_048139818.1,1,72.835,2281251,ATG,2281251,ATG,現行アノテーションを支持
MA_RS09650,MA_1850,2282517,ATG,False,0,neighbor_gene,2282517,ATG,1.31,False,WP_048139816.1,26,85.533,2282517,ATG,2282517,ATG,現行アノテーションを支持
MA_RS09655,MA_1851,2283137,ATG,False,3,stop_codon,2283137,ATG,0.86,False,WP_048139815.1,44,73.039,2283266,TTG,2283266,TTG,中確信度: 上流への延長の可能性(片方の証拠のみ)
MA_RS09665,MA_1852,2284369,ATG,False,0,stop_codon,2284369,ATG,0.84,False,WP_048039608.1,1,52.174,2284369,ATG,2284369,ATG,現行アノテーションを支持
MA_RS09670,MA_1853,2284809,ATG,False,2,stop_codon,2284830,TTG,2.09,False,WP_048136800.1,1,64.052,2284830,TTG,2284830,TTG,中確信度: 上流への延長の可能性(片方の証拠のみ)
MA_RS28550,,2285812,TTG,False,1,stop_codon,2285806,GTG,1.16,False,,,,,,2285812,TTG,現行アノテーションを支持
MA_RS09675,MA_1854,2286323,ATG,False,1,stop_codon,2286320,TTG,1.46,False,WP_048172082.1,2,96.382,2286320,TTG,2286320,TTG,中確信度: 上流への延長の可能性(片方の証拠のみ)
MA_RS09680,MA_1855,2288221,GTG,False,0,stop_codon,2288221,GTG,1.17,False,WP_048140089.1,1,94.787,2288221,GTG,2288221,GTG,現行アノテーションを支持
MA_RS09685,MA_1856,2289125,ATG,False,0,stop_codon,2289125,ATG,1.94,False,WP_011035020.1,1,86.742,2289125,ATG,2289125,ATG,現行アノテーションを支持
MA_RS09690,MA_1857,2290275,ATG,False,0,stop_codon,2290275,ATG,3.1,True,WP_048140090.1,1,75.29,2290275,ATG,2290275,ATG,現行アノテーションを支持
MA_RS09695,MA_1858,2290647,TTG,False,1,stop_codon,2290647,TTG,2.35,False,WP_231590458.1,26,95.63,2290572,ATG,2290572,ATG,中確信度: 上流への延長の可能性(片方の証拠のみ)
MA_RS26805,,2291870,ATG,False,1,neighbor_gene,2291852,GTG,1.03,False,WP_080503093.1,7,74.286,2291852,GTG,2291852,GTG,中確信度: 上流への延長の可能性(片方の証拠のみ)
MA_RS09700,MA_1859,2292249,ATG,False,0,stop_codon,2292249,ATG,1.15,False,WP_048171180.1,1,88.746,2292249,ATG,2292249,ATG,現行アノテーションを支持
MA_RS09705,MA_1860,2294344,ATG,False,0,stop_codon,2294344,ATG,1.03,False,WP_048171178.1,1,96.347,2294344,ATG,2294344,ATG,現行アノテーションを支持
MA_RS09710,MA_1861,2294660,ATG,False,1,stop_codon,2294660,ATG,1.69,False,WP_048171175.1,1,98.748,2294630,ATG,2294630,ATG,中確信度: 上流への延長の可能性(片方の証拠のみ)
MA_RS09715,MA_1862,2298853,ATG,False,0,stop_codon,2298853,ATG,1.66,False,WP_048171172.1,1,91.217,2298853,ATG,2298853,ATG,現行アノテーションを支持
MA_RS09720,MA_1863,2299374,ATG,False,0,stop_codon,2299374,ATG,10.09,True,WP_048171170.1,1,94.964,2299374,ATG,2299374,ATG,現行アノテーションを支持
MA_RS09725,MA_1864,2300902,ATT,True,0,stop_codon,2300902,ATT,0.72,False,WP_011032144.1,62,33.721,2300902,ATT,2300902,ATT,現行アノテーションを支持
MA_RS09730,MA_1865,2301480,TTG,False,2,stop_codon,2301480,TTG,0.93,False,,,,,,2301480,TTG,現行アノテーションを支持
MA_RS24500,MA_1866,2303333,ATG,False,0,stop_codon,2303333,ATG,1.59,False,WP_167829501.1,347,34.043,2303333,ATG,2303333,ATG,現行アノテーションを支持
MA_RS09740,MA_1867,2303665,ATG,False,0,stop_codon,2303665,ATG,1.25,False,WP_226987640.1,1,86.047,2303665,ATG,2303665,ATG,現行アノテーションを支持
MA_RS09745,MA_1868,2305713,ATG,False,2,stop_codon,2305713,ATG,6.74,True,WP_048171167.1,44,91.608,2305842,GTG,2305842,GTG,中確信度: 上流への延長の可能性(片方の証拠のみ)
MA_RS09750,MA_1869,2306332,ATG,False,0,stop_codon,2306332,ATG,2.08,False,WP_048171162.1,1,98.529,2306332,ATG,2306332,ATG,現行アノテーションを支持
MA_RS09755,MA_1870,2306715,ATG,False,0,stop_codon,2306715,ATG,1.03,False,WP_048140103.1,3,89.638,2306715,ATG,2306715,ATG,現行アノテーションを支持
MA_RS09765,MA_1872,2309457,ATG,False,0,stop_codon,2309457,ATG,1.79,False,WP_082089118.1,2,97.015,2309457,ATG,2309457,ATG,現行アノテーションを支持
MA_RS09770,MA_1873,2309699,ATG,False,0,stop_codon,2309699,ATG,1.19,False,WP_048171159.1,1,89.822,2309699,ATG,2309699,ATG,現行アノテーションを支持
MA_RS09775,MA_1874,2312816,ATG,False,0,stop_codon,2312816,ATG,10.32,True,WP_048171157.1,4,97.253,2312816,ATG,2312816,ATG,現行アノテーションを支持
MA_RS09780,,2313315,ATG,False,0,stop_codon,2313315,ATG,1.23,False,,,,,,2313315,ATG,現行アノテーションを支持
MA_RS09785,MA_1876,2313706,ATG,False,0,stop_codon,2313706,ATG,39.1,True,WP_048046485.1,3,41.538,2313706,ATG,2313706,ATG,現行アノテーションを支持
MA_RS29350,,2314078,ATG,False,1,stop_codon,2314045,TTG,0.93,False,,,,,,2314078,ATG,現行アノテーションを支持
MA_RS09790,MA_1877,2314519,ATG,False,0,stop_codon,2314519,ATG,1.26,False,WP_048138852.1,1,77.083,2314519,ATG,2314519,ATG,現行アノテーションを支持
MA_RS09795,MA_1878,2316282,ATG,False,0,stop_codon,2316282,ATG,1.54,False,WP_052730877.1,186,63.476,2316282,ATG,2316282,ATG,現行アノテーションを支持
MA_RS09810,MA_1881,2317769,TTG,False,0,stop_codon,2317769,TTG,0.59,False,WP_048173500.1,1,96.532,2317769,TTG,2317769,TTG,現行アノテーションを支持
MA_RS09815,MA_1882,2318374,ATG,False,0,stop_codon,2318374,ATG,1.43,False,WP_048154708.1,1,81.25,2318374,ATG,2318374,ATG,現行アノテーションを支持
MA_RS09820,MA_1883,2319615,ATG,False,0,stop_codon,2319615,ATG,1.07,False,WP_048174208.1,1,91.051,2319615,ATG,2319615,ATG,現行アノテーションを支持
MA_RS26810,,2320609,TTG,False,0,stop_codon,2320609,TTG,1.72,False,,,,,,2320609,TTG,現行アノテーションを支持
MA_RS09825,MA_1884,2322065,TTG,False,1,stop_codon,2322065,TTG,0.83,False,,,,,,2322065,TTG,現行アノテーションを支持
MA_RS09830,MA_1885,2322276,TTG,False,1,stop_codon,2322273,TTG,3.42,True,WP_141706400.1,61,32.331,2322273,TTG,2322273,TTG,高確信度: 上流への延長を提案(RNA-seq・BLAST一致)
MA_RS09835,MA_1886,2323674,ATG,False,0,stop_codon,2323674,ATG,0.91,False,,,,,,2323674,ATG,現行アノテーションを支持
MA_RS09840,MA_1887,2324554,TTG,False,0,stop_codon,2324554,TTG,1.16,False,,,,,,2324554,TTG,現行アノテーションを支持
MA_RS09845,MA_1888,2325100,ATG,False,1,stop_codon,2325100,ATG,4.14,True,,,,,,2325100,ATG,現行アノテーションを支持
MA_RS09850,MA_1889,2325429,TTG,False,0,neighbor_gene,2325429,TTG,1.0,False,,,,,,2325429,TTG,現行アノテーションを支持
MA_RS09855,MA_1890,2327163,GTG,False,0,stop_codon,2327163,GTG,1.16,False,WP_082089262.1,1,91.118,2327163,GTG,2327163,GTG,現行アノテーションを支持
MA_RS09860,MA_1891,2329837,ATG,False,1,stop_codon,2329837,ATG,1.15,False,,,,,,2329837,ATG,現行アノテーションを支持
MA_RS26235,MA_1892,2331954,ATG,False,0,stop_codon,2331954,ATG,1.28,False,WP_052721645.1,284,44.528,2331954,ATG,2331954,ATG,現行アノテーションを支持
MA_RS09870,MA_1893,2332805,ATG,False,0,stop_codon,2332805,ATG,1.29,False,,,,,,2332805,ATG,現行アノテーションを支持
MA_RS09875,MA_1894,2333113,TTG,False,0,stop_codon,2333113,TTG,1.27,False,,,,,,2333113,TTG,現行アノテーションを支持
MA_RS09880,MA_1895,2336368,ATG,False,0,stop_codon,2336368,ATG,1.38,False,WP_048118431.1,2,21.901,2336368,ATG,2336368,ATG,現行アノテーションを支持
MA_RS09885,MA_1896,2337906,ATG,False,0,neighbor_gene,2337906,ATG,3.24,True,WP_011021898.1,1,99.299,2337906,ATG,2337906,ATG,現行アノテーションを支持
MA_RS09890,MA_1897,2338687,ATG,False,0,stop_codon,2338687,ATG,0.72,False,,,,,,2338687,ATG,現行アノテーションを支持
MA_RS09895,MA_1898,2339133,ATG,False,1,stop_codon,2339142,GTG,2.28,False,,,,,,2339133,ATG,現行アノテーションを支持
MA_RS09900,MA_1899,2339674,ATG,False,0,stop_codon,2339674,ATG,0.87,False,,,,,,2339674,ATG,現行アノテーションを支持
MA_RS09905,MA_1900,2341579,ATG,False,0,stop_codon,2341579,ATG,5.57,True,WP_011021898.1,1,100.0,2341579,ATG,2341579,ATG,現行アノテーションを支持
MA_RS09910,MA_1901,2341803,ATG,False,1,stop_codon,2341794,GTG,2.49,False,WP_048172170.1,4,95.751,2341794,GTG,2341794,GTG,中確信度: 上流への延長の可能性(片方の証拠のみ)
MA_RS09915,MA_1902,2343944,ATG,False,2,stop_codon,2343983,TTG,1.14,False,WP_082088950.1,17,94.937,2343983,TTG,2343983,TTG,中確信度: 上流への延長の可能性(片方の証拠のみ)
MA_RS29355,,2344430,ATT,True,0,stop_codon,2344430,ATT,1.94,False,WP_048131895.1,1,59.375,2344430,ATT,2344430,ATT,現行アノテーションを支持
MA_RS09920,MA_1903,2344950,ATG,False,0,stop_codon,2344950,ATG,0.61,False,WP_052721606.1,1,92.57,2344950,ATG,2344950,ATG,現行アノテーションを支持
MA_RS24510,,2346274,GTG,False,0,stop_codon,2346274,GTG,0.91,False,,,,,,2346274,GTG,現行アノテーションを支持
MA_RS09925,MA_1904,2352052,ATG,False,2,stop_codon,2352145,ATG,1.13,False,WP_048172168.1,32,95.681,2352145,ATG,2352145,ATG,中確信度: 上流への延長の可能性(片方の証拠のみ)
MA_RS26815,,2352577,TTG,False,1,stop_codon,2352583,GTG,0.74,False,,,,,,2352577,TTG,現行アノテーションを支持
MA_RS09940,MA_1905,2354145,ATG,False,0,stop_codon,2354145,ATG,1.4,False,WP_048118300.1,1,86.596,2354145,ATG,2354145,ATG,現行アノテーションを支持
MA_RS09945,MA_1906,2354917,ATG,False,0,stop_codon,2354917,ATG,2.21,False,WP_048172161.1,1,91.111,2354917,ATG,2354917,ATG,現行アノテーションを支持
MA_RS09950,MA_1907,2355387,ATG,False,0,stop_codon,2355387,ATG,2.27,False,WP_048142617.1,1,76.052,2355387,ATG,2355387,ATG,現行アノテーションを支持
MA_RS26820,,2357866,ATG,False,0,stop_codon,2357866,ATG,1.55,False,WP_048172159.1,1,78.947,2357866,ATG,2357866,ATG,現行アノテーションを支持
MA_RS09955,MA_1909,2358143,ATG,False,0,stop_codon,2358143,ATG,0.63,False,WP_048172158.1,1,97.238,2358143,ATG,2358143,ATG,現行アノテーションを支持
MA_RS09960,MA_1910,2359665,ATG,False,0,stop_codon,2359665,ATG,1.0,False,WP_048172142.1,1,94.03,2359665,ATG,2359665,ATG,現行アノテーションを支持
MA_RS09965,MA_1911,2360632,ATG,False,0,stop_codon,2360632,ATG,0.55,False,WP_048172141.1,1,95.077,2360632,ATG,2360632,ATG,現行アノテーションを支持
MA_RS09970,MA_1912,2361599,ATG,False,0,stop_codon,2361599,ATG,1.05,False,WP_048172139.1,1,97.544,2361599,ATG,2361599,ATG,現行アノテーションを支持
MA_RS09975,MA_1913,2362588,GTG,False,0,stop_codon,2362588,GTG,1.49,False,WP_048172137.1,1,95.455,2362588,GTG,2362588,GTG,現行アノテーションを支持
MA_RS09980,MA_1914,2364442,TTG,False,0,stop_codon,2364442,TTG,0.94,False,WP_231590503.1,17,93.511,2364442,TTG,2364442,TTG,現行アノテーションを支持
MA_RS09985,MA_1915,2366373,TTG,False,0,stop_codon,2366373,TTG,1.12,False,WP_156158841.1,1,94.575,2366373,TTG,2366373,TTG,現行アノテーションを支持
MA_RS09990,MA_1916,2368582,ATG,False,0,stop_codon,2368582,ATG,1.14,False,WP_048167733.1,27,58.918,2368582,ATG,2368582,ATG,現行アノテーションを支持
MA_RS09995,MA_1917,2369966,GTG,False,1,stop_codon,2369966,GTG,1.32,False,,,,,,2369966,GTG,現行アノテーションを支持
MA_RS25435,MA_1918,2370274,ATA,True,0,neighbor_gene,2370274,ATA,0.87,False,WP_048166746.1,10,36.082,2370274,ATA,2370274,ATA,現行アノテーションを支持
MA_RS10005,MA_1919,2372037,ATG,False,0,stop_codon,2372037,ATG,1.28,False,WP_048167983.1,4,39.905,2372037,ATG,2372037,ATG,現行アノテーションを支持
MA_RS24515,MA_1920,2373553,ATG,False,1,stop_codon,2373562,TTG,1.31,False,WP_048154963.1,20,34.848,2373562,TTG,2373562,TTG,中確信度: 上流への延長の可能性(片方の証拠のみ)
MA_RS10015,MA_1921,2374146,ATG,False,0,stop_codon,2374146,ATG,3.17,True,WP_048171187.1,1,76.842,2374146,ATG,2374146,ATG,現行アノテーションを支持
MA_RS10020,MA_1922,2374818,ATG,False,0,stop_codon,2374818,ATG,1.56,False,WP_080942066.1,1,76.744,2374818,ATG,2374818,ATG,現行アノテーションを支持
MA_RS10025,MA_1923,2376100,ATG,False,0,stop_codon,2376100,ATG,1.99,False,WP_048139465.1,1,86.087,2376100,ATG,2376100,ATG,現行アノテーションを支持
MA_RS10030,MA_1924,2376203,ATG,False,0,stop_codon,2376203,ATG,1.84,False,WP_449405453.1,53,88.889,2376203,ATG,2376203,ATG,現行アノテーションを支持
MA_RS10035,MA_1925,2376742,ATG,False,0,stop_codon,2376742,ATG,6.77,True,WP_048171187.1,1,88.83,2376742,ATG,2376742,ATG,現行アノテーションを支持
MA_RS10040,MA_1926,2377891,ATG,False,1,stop_codon,2377882,GTG,1.26,False,WP_082089311.1,1,87.861,2377882,GTG,2377882,GTG,中確信度: 上流への延長の可能性(片方の証拠のみ)
MA_RS10045,MA_1928,2381380,ATG,False,1,stop_codon,2381368,TTG,5.94,True,WP_048172073.1,4,60.181,2381368,TTG,2381368,TTG,高確信度: 上流への延長を提案(RNA-seq・BLAST一致)
MA_RS10050,MA_1929,2382671,ATG,False,1,stop_codon,2382671,ATG,1.63,False,,,,,,2382671,ATG,現行アノテーションを支持
MA_RS10055,MA_1930,2384331,GTG,False,4,stop_codon,2384331,GTG,1.49,False,WP_082089262.1,57,90.789,2384499,ATG,2384499,ATG,中確信度: 上流への延長の可能性(片方の証拠のみ)
MA_RS10060,MA_1931,2384297,ATG,False,0,stop_codon,2384297,ATG,0.76,False,,,,,,2384297,ATG,現行アノテーションを支持
MA_RS10065,MA_1932,2386213,ATG,False,0,stop_codon,2386213,ATG,1.38,False,,,,,,2386213,ATG,現行アノテーションを支持
MA_RS10070,MA_1933,2386714,ATG,False,0,neighbor_gene,2386714,ATG,1.37,False,WP_197080354.1,26,29.474,2386714,ATG,2386714,ATG,現行アノテーションを支持
MA_RS10075,MA_1934,2387483,ATG,False,0,stop_codon,2387483,ATG,0.9,False,,,,,,2387483,ATG,現行アノテーションを支持
MA_RS10080,MA_1935,2388553,ATG,False,0,stop_codon,2388553,ATG,0.8,False,,,,,,2388553,ATG,現行アノテーションを支持
MA_RS24520,MA_1936,2389751,ATG,False,0,stop_codon,2389751,ATG,0.81,False,WP_048039014.1,782,43.416,2389751,ATG,2389751,ATG,現行アノテーションを支持
MA_RS10090,MA_1937,2393013,ATG,False,0,stop_codon,2393013,ATG,1.07,False,WP_048039014.1,190,43.985,2393013,ATG,2393013,ATG,現行アノテーションを支持
MA_RS10095,MA_1938,2394924,ATG,False,2,stop_codon,2394873,ATG,0.94,False,WP_048140023.1,47,72.152,2394786,TTG,2394786,TTG,中確信度: 上流への延長の可能性(片方の証拠のみ)
MA_RS10105,MA_1939,2395375,ATG,False,0,stop_codon,2395375,ATG,3.47,True,WP_048172050.1,1,95.122,2395375,ATG,2395375,ATG,現行アノテーションを支持
MA_RS10110,,2395669,ATG,False,0,stop_codon,2395669,ATG,0.7,False,WP_048174666.1,1,97.297,2395669,ATG,2395669,ATG,現行アノテーションを支持
MA_RS10115,MA_1940,2396108,ATG,False,0,stop_codon,2396108,ATG,4.01,True,WP_048172047.1,1,95.625,2396108,ATG,2396108,ATG,現行アノテーションを支持
MA_RS10120,MA_1941,2396988,ATG,False,0,stop_codon,2396988,ATG,2.0,False,WP_048172043.1,1,96.349,2396988,ATG,2396988,ATG,現行アノテーションを支持
MA_RS10125,,2398746,ATG,False,6,max_distance,2398965,TTG,1.65,False,WP_148705313.1,1,78.125,2398965,TTG,2398965,TTG,中確信度: 上流への延長の可能性(片方の証拠のみ)
MA_RS10130,MA_1943,2400803,ATG,False,0,stop_codon,2400803,ATG,1.12,False,WP_048172041.1,1,85.843,2400803,ATG,2400803,ATG,現行アノテーションを支持
MA_RS10135,MA_1944,2401255,ATG,False,0,stop_codon,2401255,ATG,7.7,True,WP_048172039.1,1,89.189,2401255,ATG,2401255,ATG,現行アノテーションを支持
MA_RS10140,MA_1945,2402769,ATG,False,0,stop_codon,2402769,ATG,2.35,False,WP_052721599.1,1,87.234,2402769,ATG,2402769,ATG,現行アノテーションを支持
MA_RS10145,MA_1946,2403835,ATG,False,0,stop_codon,2403835,ATG,1.12,False,WP_048143364.1,2,86.076,2403835,ATG,2403835,ATG,現行アノテーションを支持
MA_RS10150,MA_1947,2405989,ATG,False,0,stop_codon,2405989,ATG,1.6,False,WP_048172037.1,1,96.209,2405989,ATG,2405989,ATG,現行アノテーションを支持
MA_RS10165,MA_1949,2408838,ATG,False,0,stop_codon,2408838,ATG,1.42,False,WP_048174663.1,6,95.043,2408838,ATG,2408838,ATG,現行アノテーションを支持
MA_RS10170,MA_1950,2410466,ATG,False,1,stop_codon,2410466,ATG,0.96,False,WP_048120304.1,6,79.961,2410451,ATG,2410451,ATG,中確信度: 上流への延長の可能性(片方の証拠のみ)
MA_RS10175,MA_1951,2413065,TTG,False,1,stop_codon,2413179,GTG,2.6,False,WP_231590497.1,73,90.377,2413179,GTG,2413179,GTG,中確信度: 上流への延長の可能性(片方の証拠のみ)
MA_RS10180,MA_1953,2414299,ATG,False,0,stop_codon,2414299,ATG,1.67,False,WP_048172028.1,1,89.773,2414299,ATG,2414299,ATG,現行アノテーションを支持
MA_RS10185,MA_1954,2415902,ATG,False,0,stop_codon,2415902,ATG,2.62,False,WP_338037929.1,1,75.299,2415902,ATG,2415902,ATG,現行アノテーションを支持
MA_RS10190,MA_1955,2416068,ATG,False,0,stop_codon,2416068,ATG,1.56,False,WP_048172022.1,1,89.904,2416068,ATG,2416068,ATG,現行アノテーションを支持
MA_RS10195,MA_1956,2418417,ATG,False,0,stop_codon,2418417,ATG,2.87,False,WP_048043452.1,1,93.578,2418417,ATG,2418417,ATG,現行アノテーションを支持
MA_RS10200,MA_1957,2420151,ATG,False,0,stop_codon,2420151,ATG,1.0,False,WP_052730925.1,107,42.051,2420151,ATG,2420151,ATG,現行アノテーションを支持
MA_RS10205,MA_1958,2422434,ATG,False,0,neighbor_gene,2422434,ATG,1.03,False,WP_197080353.1,1,92.624,2422434,ATG,2422434,ATG,現行アノテーションを支持
MA_RS29360,,2422566,ATG,False,1,stop_codon,2422566,ATG,7.05,True,,,,,,2422566,ATG,現行アノテーションを支持
MA_RS10210,MA_1959,2423163,ATG,False,0,stop_codon,2423163,ATG,1.3,False,WP_048172018.1,1,95.045,2423163,ATG,2423163,ATG,現行アノテーションを支持
MA_RS10220,MA_1961,2425154,ATG,False,1,stop_codon,2425154,ATG,1.94,False,WP_048172016.1,13,89.831,2425190,GTG,2425190,GTG,中確信度: 上流への延長の可能性(片方の証拠のみ)
MA_RS29765,,2425528,ATG,False,0,stop_codon,2425528,ATG,0.82,False,,,,,,2425528,ATG,現行アノテーションを支持
MA_RS10225,MA_1962,2426721,ATG,False,0,stop_codon,2426721,ATG,1.26,False,WP_048172014.1,1,93.571,2426721,ATG,2426721,ATG,現行アノテーションを支持
MA_RS10230,MA_1963,2427603,ATG,False,0,stop_codon,2427603,ATG,0.93,False,WP_048172013.1,1,96.121,2427603,ATG,2427603,ATG,現行アノテーションを支持
MA_RS10235,MA_1964,2427945,ATG,False,1,stop_codon,2427945,ATG,1.35,False,WP_048174661.1,6,98.795,2427960,TTG,2427960,TTG,中確信度: 上流への延長の可能性(片方の証拠のみ)
MA_RS10240,,2428350,ATG,False,0,stop_codon,2428350,ATG,1.51,False,WP_048172012.1,1,93.421,2428350,ATG,2428350,ATG,現行アノテーションを支持
MA_RS10245,MA_1966,2429336,ATG,False,0,stop_codon,2429336,ATG,2.09,False,WP_048172010.1,1,88.166,2429336,ATG,2429336,ATG,現行アノテーションを支持
MA_RS10250,MA_1967,2431127,ATT,True,0,stop_codon,2431127,ATT,2.15,False,WP_082088944.1,1,98.855,2431127,ATT,2431127,ATT,現行アノテーションを支持
MA_RS10255,MA_1968,2432700,ATG,False,0,stop_codon,2432700,ATG,1.03,False,WP_048172007.1,1,95.812,2432700,ATG,2432700,ATG,現行アノテーションを支持
MA_RS10260,MA_1969,2434565,ATG,False,3,stop_codon,2434565,ATG,1.46,False,WP_052721595.1,32,94.424,2434658,GTG,2434658,GTG,中確信度: 上流への延長の可能性(片方の証拠のみ)
MA_RS10265,MA_1970,2435926,ATG,False,1,stop_codon,2435929,TTG,1.68,False,WP_048172005.1,2,89.433,2435929,TTG,2435929,TTG,中確信度: 上流への延長の可能性(片方の証拠のみ)
MA_RS10270,MA_1971,2436710,ATG,False,0,stop_codon,2436710,ATG,1.43,False,WP_048172004.1,1,87.356,2436710,ATG,2436710,ATG,現行アノテーションを支持
MA_RS10275,MA_1972,2437172,ATG,False,1,stop_codon,2437163,GTG,1.23,False,WP_048172002.1,4,95.816,2437163,GTG,2437163,GTG,中確信度: 上流への延長の可能性(片方の証拠のみ)
MA_RS10280,MA_1973,2439371,GTG,False,0,stop_codon,2439371,GTG,2.15,False,WP_048171999.1,1,93.074,2439371,GTG,2439371,GTG,現行アノテーションを支持
MA_RS10285,MA_1974,2441040,ATG,False,0,stop_codon,2441040,ATG,1.3,False,WP_048171995.1,1,96.689,2441040,ATG,2441040,ATG,現行アノテーションを支持
MA_RS10290,MA_1975,2443659,ATG,False,1,stop_codon,2443659,ATG,1.09,False,WP_231590496.1,50,87.059,2443668,TTG,2443668,TTG,中確信度: 上流への延長の可能性(片方の証拠のみ)
MA_RS26835,,2443807,ATG,False,0,stop_codon,2443807,ATG,1.58,False,WP_156158833.1,1,94.118,2443807,ATG,2443807,ATG,現行アノテーションを支持
MA_RS10295,MA_1976,2443895,ATG,False,0,stop_codon,2443895,ATG,1.14,False,WP_048171991.1,1,84.456,2443895,ATG,2443895,ATG,現行アノテーションを支持
MA_RS26840,,2444898,ATG,False,0,stop_codon,2444898,ATG,1.95,False,,,,,,2444898,ATG,現行アノテーションを支持
MA_RS10300,MA_1977,2446206,ATG,False,0,stop_codon,2446206,ATG,1.02,False,WP_048171989.1,1,91.892,2446206,ATG,2446206,ATG,現行アノテーションを支持
MA_RS10305,MA_1978,2447102,ATG,False,1,stop_codon,2447102,ATG,7.92,True,WP_048171986.1,2,95.324,2447105,TTG,2447105,TTG,中確信度: 上流への延長の可能性(片方の証拠のみ)
MA_RS10310,MA_1979,2447423,ATG,False,0,stop_codon,2447423,ATG,1.74,False,WP_048171984.1,1,96.507,2447423,ATG,2447423,ATG,現行アノテーションを支持
MA_RS10315,MA_1980,2448478,ATG,False,1,stop_codon,2448469,TTG,1.36,False,WP_048171983.1,4,96.875,2448469,TTG,2448469,TTG,中確信度: 上流への延長の可能性(片方の証拠のみ)
MA_RS10320,MA_1981,2449255,ATG,False,0,stop_codon,2449255,ATG,1.11,False,WP_048138930.1,1,91.014,2449255,ATG,2449255,ATG,現行アノテーションを支持
MA_RS10325,MA_1982,2450366,ATG,False,0,stop_codon,2450366,ATG,1.06,False,WP_082088943.1,6,87.703,2450366,ATG,2450366,ATG,現行アノテーションを支持
MA_RS10330,MA_1983,2454303,TTG,False,1,stop_codon,2454303,TTG,0.36,False,WP_148704936.1,5,86.408,2454291,GTG,2454291,GTG,中確信度: 上流への延長の可能性(片方の証拠のみ)
MA_RS10335,MA_1984,2454831,TTG,False,3,stop_codon,2454801,TTG,0.85,False,WP_048170424.1,13,90.435,2454801,TTG,2454801,TTG,中確信度: 上流への延長の可能性(片方の証拠のみ)
MA_RS10340,MA_1985,2456933,ATG,False,3,stop_codon,2456933,ATG,0.89,False,WP_082088881.1,1,93.248,2456945,ATG,2456945,ATG,中確信度: 上流への延長の可能性(片方の証拠のみ)
MA_RS10345,MA_1986,2459321,ATG,False,0,stop_codon,2459321,ATG,2.65,False,WP_015411731.1,1,88.032,2459321,ATG,2459321,ATG,現行アノテーションを支持
MA_RS10350,MA_1988,2460279,ATG,False,0,stop_codon,2460279,ATG,1.2,False,,,,,,2460279,ATG,現行アノテーションを支持
MA_RS10360,MA_1989,2461449,ATG,False,0,stop_codon,2461449,ATG,1.13,False,WP_048170414.1,1,87.821,2461449,ATG,2461449,ATG,現行アノテーションを支持
MA_RS24525,MA_1991,2468424,ATG,False,2,stop_codon,2468460,GTG,2.19,False,WP_052721513.1,13,86.695,2468460,GTG,2468460,GTG,中確信度: 上流への延長の可能性(片方の証拠のみ)
MA_RS10375,MA_1992,2468741,ATG,False,0,stop_codon,2468741,ATG,1.12,False,,,,,,2468741,ATG,現行アノテーションを支持
MA_RS10380,MA_1993,2469807,ATG,False,1,stop_codon,2469834,TTG,0.86,False,WP_048139166.1,10,81.994,2469834,TTG,2469834,TTG,中確信度: 上流への延長の可能性(片方の証拠のみ)
MA_RS10385,MA_1994,2470273,ATG,False,0,stop_codon,2470273,ATG,1.15,False,WP_048124026.1,1,80.233,2470273,ATG,2470273,ATG,現行アノテーションを支持
MA_RS26850,,2470499,TTG,False,0,stop_codon,2470499,TTG,1.48,False,WP_231590418.1,8,85.714,2470499,TTG,2470499,TTG,現行アノテーションを支持
MA_RS10390,MA_1995,2470849,ATG,False,0,stop_codon,2470849,ATG,1.14,False,WP_048170405.1,1,93.573,2470849,ATG,2470849,ATG,現行アノテーションを支持
MA_RS28555,MA_1996,2472463,ATG,False,0,stop_codon,2472463,ATG,3.28,True,WP_197080335.1,1,90.945,2472463,ATG,2472463,ATG,現行アノテーションを支持
MA_RS10400,MA_1997,2473620,ATG,False,2,stop_codon,2473596,TTG,1.32,False,WP_148704930.1,4,76.147,2473596,TTG,2473596,TTG,中確信度: 上流への延長の可能性(片方の証拠のみ)
MA_RS10405,MA_1998,2474741,ATG,False,0,stop_codon,2474741,ATG,1.94,False,WP_048170404.1,1,93.333,2474741,ATG,2474741,ATG,現行アノテーションを支持
MA_RS10410,MA_1999,2475187,ATG,False,0,stop_codon,2475187,ATG,0.99,False,WP_048117402.1,1,77.758,2475187,ATG,2475187,ATG,現行アノテーションを支持
MA_RS10415,MA_2000,2479162,TTG,False,0,stop_codon,2479162,TTG,0.88,False,WP_048170401.1,1,94.282,2479162,TTG,2479162,TTG,現行アノテーションを支持
MA_RS10420,MA_2001,2482654,ATG,False,0,stop_codon,2482654,ATG,0.58,False,WP_048172938.1,1,92.219,2482654,ATG,2482654,ATG,現行アノテーションを支持
MA_RS10425,MA_2002,2483259,ATG,False,1,stop_codon,2483253,TTG,1.59,False,WP_048172942.1,138,88.462,2483253,TTG,2483253,TTG,中確信度: 上流への延長の可能性(片方の証拠のみ)
MA_RS10430,MA_2003,2485674,ATG,False,3,stop_codon,2485704,TTG,159.66,True,WP_048172944.1,21,97.799,2485734,ATG,,,要確認: RNA-seqとBLASTが異なる候補を支持
MA_RS10435,MA_2004,2486124,ATG,False,2,stop_codon,2486124,ATG,2.15,False,WP_048172946.1,39,99.115,2486010,TTG,2486010,TTG,中確信度: 上流への延長の可能性(片方の証拠のみ)
MA_RS10440,MA_2005,2486764,TTG,False,2,stop_codon,2486764,TTG,1.12,False,WP_082089005.1,57,97.748,2486716,TTG,2486716,TTG,中確信度: 上流への延長の可能性(片方の証拠のみ)
MA_RS28195,MA_2006,2488752,GTG,False,1,stop_codon,2488758,TTG,1.61,False,WP_048139611.1,3,63.585,2488758,TTG,2488758,TTG,中確信度: 上流への延長の可能性(片方の証拠のみ)
MA_RS10450,MA_2007,2489499,ATG,False,0,stop_codon,2489499,ATG,5.23,True,WP_048170852.1,2,95.564,2489499,ATG,2489499,ATG,現行アノテーションを支持
MA_RS10455,MA_2008,2491412,ATG,False,0,stop_codon,2491412,ATG,1.46,False,WP_048172947.1,1,92.0,2491412,ATG,2491412,ATG,現行アノテーションを支持
MA_RS10460,MA_2009,2493169,ATG,False,0,stop_codon,2493169,ATG,1.65,False,WP_331454386.1,129,87.879,2493169,ATG,2493169,ATG,現行アノテーションを支持
MA_RS10465,MA_2010,2493982,ATG,False,0,stop_codon,2493982,ATG,1.08,False,WP_048172949.1,1,90.222,2493982,ATG,2493982,ATG,現行アノテーションを支持
MA_RS10470,MA_2011,2494344,ATG,False,0,stop_codon,2494344,ATG,4.19,True,WP_048138351.1,1,76.423,2494344,ATG,2494344,ATG,現行アノテーションを支持
MA_RS10475,MA_2012,2495230,GTG,False,0,neighbor_gene,2495230,GTG,0.62,False,WP_048143253.1,1,71.2,2495230,GTG,2495230,GTG,現行アノテーションを支持
MA_RS10480,MA_2013,2498282,GTG,False,0,stop_codon,2498282,GTG,1.11,False,WP_052730747.1,6,68.577,2498282,GTG,2498282,GTG,現行アノテーションを支持
MA_RS10485,MA_2014,2499508,ATG,False,0,stop_codon,2499508,ATG,3.69,True,WP_048172952.1,1,91.429,2499508,ATG,2499508,ATG,現行アノテーションを支持
MA_RS28560,MA_2015,2500613,ATG,False,0,stop_codon,2500613,ATG,1.23,False,WP_052730676.1,1,83.333,2500613,ATG,2500613,ATG,現行アノテーションを支持
MA_RS27905,,2501567,ATG,False,2,stop_codon,2501630,TTG,1.06,False,,,,,,2501567,ATG,現行アノテーションを支持
MA_RS10495,MA_2016,2501464,ATG,False,0,stop_codon,2501464,ATG,0.99,False,WP_048172799.1,1,86.945,2501464,ATG,2501464,ATG,現行アノテーションを支持
MA_RS24535,MA_2017,2506369,ATG,False,2,stop_codon,2506369,ATG,1.81,False,WP_231589819.1,5,89.512,2506381,GTG,2506381,GTG,中確信度: 上流への延長の可能性(片方の証拠のみ)
MA_RS10505,MA_2019,2508275,TTG,False,2,stop_codon,2508326,TTG,1.46,False,WP_048171947.1,18,91.059,2508326,TTG,2508326,TTG,中確信度: 上流への延長の可能性(片方の証拠のみ)
MA_RS10510,MA_2020,2508974,GTG,False,6,stop_codon,2508905,ATG,3.55,True,WP_082089262.1,56,90.461,2508809,TTG,,,要確認: RNA-seqとBLASTが異なる候補を支持
MA_RS10515,MA_2021,2511102,ATG,False,4,stop_codon,2511102,ATG,1.35,False,WP_048122562.1,1,63.739,2511171,ATG,2511171,ATG,中確信度: 上流への延長の可能性(片方の証拠のみ)
MA_RS10520,MA_2022,2512900,ATG,False,0,stop_codon,2512900,ATG,1.09,False,,,,,,2512900,ATG,現行アノテーションを支持
MA_RS10525,MA_2023,2513521,ATG,False,2,stop_codon,2513443,TTG,17.44,True,,,,,,2513443,TTG,中確信度: 上流への延長の可能性(片方の証拠のみ)
MA_RS10535,MA_2025,2515729,ATG,False,0,stop_codon,2515729,ATG,0.97,False,,,,,,2515729,ATG,現行アノテーションを支持
MA_RS10540,MA_2026,2517231,ATG,False,0,stop_codon,2517231,ATG,0.81,False,WP_230628769.1,1,63.934,2517231,ATG,2517231,ATG,現行アノテーションを支持
MA_RS10550,MA_2028,2518586,ATG,False,0,stop_codon,2518586,ATG,0.97,False,WP_048174208.1,1,91.051,2518586,ATG,2518586,ATG,現行アノテーションを支持
MA_RS10560,,2520505,TTG,False,0,stop_codon,2520505,TTG,0.62,False,WP_048120956.1,4,66.071,2520505,TTG,2520505,TTG,現行アノテーションを支持
MA_RS10565,MA_2030,2520749,GTG,False,0,neighbor_gene,2520749,GTG,0.81,False,WP_048120956.1,8,65.882,2520749,GTG,2520749,GTG,現行アノテーションを支持
MA_RS10570,MA_2032,2521860,GTG,False,0,stop_codon,2521860,GTG,1.35,False,WP_048171371.1,1,93.51,2521860,GTG,2521860,GTG,現行アノテーションを支持
MA_RS10575,MA_2033,2524124,TTG,False,0,stop_codon,2524124,TTG,0.84,False,WP_048171373.1,1,89.327,2524124,TTG,2524124,TTG,現行アノテーションを支持
MA_RS26860,,2525418,TTG,False,1,neighbor_gene,2525412,TTG,0.66,False,,,,,,2525418,TTG,現行アノテーションを支持
MA_RS10580,,2525800,ATG,False,0,stop_codon,2525800,ATG,1.02,False,,,,,,2525800,ATG,現行アノテーションを支持
MA_RS10585,MA_2034,2526960,ATG,False,1,stop_codon,2526951,ATG,1.3,False,WP_048172436.1,4,95.341,2526951,ATG,2526951,ATG,中確信度: 上流への延長の可能性(片方の証拠のみ)
MA_RS29770,,2528003,ATG,False,0,stop_codon,2528003,ATG,0.99,False,WP_156158830.1,1,73.333,2528003,ATG,2528003,ATG,現行アノテーションを支持
MA_RS26865,MA_2035,2528227,ATG,False,0,stop_codon,2528227,ATG,1.15,False,WP_052721587.1,1,90.0,2528227,ATG,2528227,ATG,現行アノテーションを支持
MA_RS10595,MA_2036,2528797,GTG,False,5,neighbor_gene,2528833,ATG,1.35,False,,,,,,2528797,GTG,現行アノテーションを支持
MA_RS10600,MA_2037,2529566,TTG,False,0,stop_codon,2529566,TTG,0.8,False,WP_052721587.1,1,82.883,2529566,TTG,2529566,TTG,現行アノテーションを支持
MA_RS10605,MA_2038,2530686,ATG,False,0,neighbor_gene,2530686,ATG,1.39,False,,,,,,2530686,ATG,現行アノテーションを支持
MA_RS10610,MA_2039,2530986,ATG,False,0,stop_codon,2530986,ATG,0.94,False,,,,,,2530986,ATG,現行アノテーションを支持
MA_RS10615,MA_2040,2531278,ATG,False,0,stop_codon,2531278,ATG,0.61,False,,,,,,2531278,ATG,現行アノテーションを支持
MA_RS24540,MA_2041,2531972,ATG,False,0,stop_codon,2531972,ATG,1.21,False,WP_052721587.1,1,54.701,2531972,ATG,2531972,ATG,現行アノテーションを支持
MA_RS10625,MA_2042,2532488,ATG,False,1,stop_codon,2532488,ATG,1.32,False,,,,,,2532488,ATG,現行アノテーションを支持
MA_RS24545,MA_2043,2533435,ATG,False,0,max_distance,2533435,ATG,1.02,False,WP_052721587.1,1,79.856,2533435,ATG,2533435,ATG,現行アノテーションを支持
MA_RS10640,MA_2044,2534476,ATG,False,1,neighbor_gene,2534476,ATG,0.95,False,WP_048171862.1,4,97.727,2534485,GTG,2534485,GTG,中確信度: 上流への延長の可能性(片方の証拠のみ)
MA_RS10645,MA_2045,2541131,ATG,False,1,stop_codon,2541131,ATG,1.49,False,WP_048141466.1,24,77.039,2541140,ATG,2541140,ATG,中確信度: 上流への延長の可能性(片方の証拠のみ)
MA_RS10650,MA_2046,2542069,ATG,False,0,stop_codon,2542069,ATG,1.18,False,WP_048171873.1,1,92.256,2542069,ATG,2542069,ATG,現行アノテーションを支持
MA_RS10655,MA_2047,2543043,ATG,False,0,stop_codon,2543043,ATG,1.3,False,WP_048171875.1,1,93.333,2543043,ATG,2543043,ATG,現行アノテーションを支持
MA_RS10660,,2543575,ATG,False,0,stop_codon,2543575,ATG,1.17,False,WP_048171878.1,1,97.638,2543575,ATG,2543575,ATG,現行アノテーションを支持
MA_RS28085,,2544289,ATG,False,0,stop_codon,2544289,ATG,2.14,False,WP_187151907.1,1,98.113,2544289,ATG,2544289,ATG,現行アノテーションを支持
MA_RS10665,MA_2050,2545891,ATG,False,0,neighbor_gene,2545891,ATG,1.01,False,WP_048171882.1,1,95.299,2545891,ATG,2545891,ATG,現行アノテーションを支持
MA_RS10670,MA_2051,2546374,ATG,False,1,stop_codon,2546389,ATG,1.09,False,WP_048171883.1,6,89.542,2546389,ATG,2546389,ATG,中確信度: 上流への延長の可能性(片方の証拠のみ)
MA_RS10675,MA_2052,2546592,ATG,False,0,stop_codon,2546592,ATG,8.39,True,WP_048171885.1,1,92.408,2546592,ATG,2546592,ATG,現行アノテーションを支持
MA_RS29365,,2547740,ATG,False,0,stop_codon,2547740,ATG,0.79,False,WP_269430820.1,1,70.455,2547740,ATG,2547740,ATG,現行アノテーションを支持
MA_RS10680,MA_2053,2547871,ATG,False,0,stop_codon,2547871,ATG,0.82,False,WP_048171887.1,1,87.958,2547871,ATG,2547871,ATG,現行アノテーションを支持
MA_RS10690,MA_2055,2549202,ATG,False,0,stop_codon,2549202,ATG,1.28,False,WP_048171891.1,1,94.444,2549202,ATG,2549202,ATG,現行アノテーションを支持
MA_RS10695,MA_2056,2550188,ATA,True,0,stop_codon,2550188,ATA,0.89,False,WP_048171892.1,1,93.368,2550188,ATA,2550188,ATA,現行アノテーションを支持
MA_RS10700,MA_2057,2552690,ATG,False,0,stop_codon,2552690,ATG,1.03,False,WP_048171895.1,1,93.396,2552690,ATG,2552690,ATG,現行アノテーションを支持
MA_RS10705,MA_2058,2554262,ATG,False,0,stop_codon,2554262,ATG,1.43,False,WP_048171896.1,1,92.063,2554262,ATG,2554262,ATG,現行アノテーションを支持
MA_RS10710,MA_2059,2554530,ATG,False,0,stop_codon,2554530,ATG,88.11,True,WP_048171898.1,1,94.118,2554530,ATG,2554530,ATG,現行アノテーションを支持
MA_RS24550,MA_2060,2555167,GTG,False,0,stop_codon,2555167,GTG,0.83,False,WP_015413095.1,1,70.769,2555167,GTG,2555167,GTG,現行アノテーションを支持
MA_RS10720,MA_2061,2555964,ATG,False,1,stop_codon,2555931,ATG,0.93,False,WP_222702755.1,12,92.683,2555931,ATG,2555931,ATG,中確信度: 上流への延長の可能性(片方の証拠のみ)
MA_RS10725,MA_2063,2556847,ATG,False,0,stop_codon,2556847,ATG,1.34,False,WP_048171902.1,38,97.354,2556847,ATG,2556847,ATG,現行アノテーションを支持
MA_RS10730,MA_2064,2558626,ATG,False,0,stop_codon,2558626,ATG,17.13,True,WP_048171904.1,1,83.041,2558626,ATG,2558626,ATG,現行アノテーションを支持
MA_RS10735,MA_2065,2559097,TTG,False,0,stop_codon,2559097,TTG,0.95,False,WP_048117672.1,1,63.208,2559097,TTG,2559097,TTG,現行アノテーションを支持
MA_RS10740,MA_2066,2559494,ATG,False,0,stop_codon,2559494,ATG,1.08,False,WP_048139381.1,1,51.754,2559494,ATG,2559494,ATG,現行アノテーションを支持
MA_RS10745,MA_2067,2560580,ATG,False,1,neighbor_gene,2560580,ATG,2.17,False,WP_048139381.1,1,44.828,2560562,TTG,2560562,TTG,中確信度: 上流への延長の可能性(片方の証拠のみ)
MA_RS10750,,2561022,ATG,False,0,stop_codon,2561022,ATG,0.82,False,WP_048139381.1,1,84.375,2561022,ATG,2561022,ATG,現行アノテーションを支持
MA_RS10755,MA_2069,2561769,ATG,False,0,stop_codon,2561769,ATG,0.96,False,,,,,,2561769,ATG,現行アノテーションを支持
MA_RS10760,MA_2070,2562950,ATG,False,2,stop_codon,2562950,ATG,1.1,False,,,,,,2562950,ATG,現行アノテーションを支持
MA_RS10770,MA_2073,2565097,ATG,False,0,stop_codon,2565097,ATG,1.51,False,WP_048171906.1,1,92.644,2565097,ATG,2565097,ATG,現行アノテーションを支持
MA_RS10775,MA_2074,2566780,ATG,False,0,stop_codon,2566780,ATG,2.12,False,WP_048117034.1,1,49.621,2566780,ATG,2566780,ATG,現行アノテーションを支持
MA_RS24555,MA_2075,2568427,ATG,False,1,stop_codon,2568418,GTG,1.52,False,WP_148705276.1,4,89.272,2568418,GTG,2568418,GTG,中確信度: 上流への延長の可能性(片方の証拠のみ)
MA_RS10785,MA_2076,2571915,ATG,False,0,stop_codon,2571915,ATG,1.58,False,WP_048171909.1,1,91.716,2571915,ATG,2571915,ATG,現行アノテーションを支持
MA_RS10790,MA_2077,2572415,ATG,False,0,stop_codon,2572415,ATG,1.28,False,WP_048171910.1,1,95.349,2572415,ATG,2572415,ATG,現行アノテーションを支持
MA_RS10795,MA_2078,2573860,ATG,False,2,stop_codon,2573869,TTG,1.6,False,WP_048138633.1,7,69.006,2573878,ATG,2573878,ATG,中確信度: 上流への延長の可能性(片方の証拠のみ)
MA_RS10800,MA_2079,2574803,ATG,False,0,stop_codon,2574803,ATG,0.97,False,WP_048174208.1,1,87.938,2574803,ATG,2574803,ATG,現行アノテーションを支持
MA_RS10805,MA_2080,2576044,ATG,False,0,stop_codon,2576044,ATG,1.2,False,WP_048154708.1,1,80.769,2576044,ATG,2576044,ATG,現行アノテーションを支持
MA_RS10815,MA_2082,2580782,ATG,False,0,stop_codon,2580782,ATG,1.65,False,WP_052721591.1,1,94.699,2580782,ATG,2580782,ATG,現行アノテーションを支持
MA_RS10820,MA_2083,2581221,ATG,False,0,stop_codon,2581221,ATG,2.18,False,WP_011021898.1,1,99.766,2581221,ATG,2581221,ATG,現行アノテーションを支持
MA_RS10825,MA_2084,2583128,ATG,False,1,stop_codon,2583071,ATG,1.83,False,WP_231590539.1,1,93.229,2583071,ATG,2583071,ATG,中確信度: 上流への延長の可能性(片方の証拠のみ)
MA_RS10830,MA_2085,2583770,TTG,False,1,stop_codon,2583749,ATG,1.59,False,WP_048155999.1,1,53.041,2583749,ATG,2583749,ATG,中確信度: 上流への延長の可能性(片方の証拠のみ)
MA_RS10835,MA_2086,2585279,ATG,False,2,stop_codon,2585276,TTG,1.69,False,WP_226987641.1,1,82.857,2585240,ATG,2585240,ATG,中確信度: 上流への延長の可能性(片方の証拠のみ)
MA_RS10840,MA_2087,2587158,ATG,False,0,stop_codon,2587158,ATG,2.58,False,WP_011032831.1,1,89.862,2587158,ATG,2587158,ATG,現行アノテーションを支持
MA_RS10845,MA_2088,2587478,GTG,False,3,stop_codon,2587478,GTG,1.12,False,WP_226987641.1,1,83.333,2587313,TTG,2587313,TTG,中確信度: 上流への延長の可能性(片方の証拠のみ)
MA_RS29785,,2589862,ATG,False,0,stop_codon,2589862,ATG,0.88,False,,,,,,2589862,ATG,現行アノテーションを支持
MA_RS10850,MA_2089,2589982,ATG,False,0,stop_codon,2589982,ATG,0.87,False,WP_048172673.1,34,98.561,2589982,ATG,2589982,ATG,現行アノテーションを支持
MA_RS10860,MA_2091,2591563,ATG,False,0,stop_codon,2591563,ATG,1.18,False,WP_048166258.1,1,34.884,2591563,ATG,2591563,ATG,現行アノテーションを支持
MA_RS10865,MA_2092,2591856,ATG,False,0,neighbor_gene,2591856,ATG,1.12,False,,,,,,2591856,ATG,現行アノテーションを支持
MA_RS10870,MA_2093,2592428,ATG,False,0,stop_codon,2592428,ATG,1.75,False,,,,,,2592428,ATG,現行アノテーションを支持
MA_RS10875,MA_2094,2593346,GTG,False,0,stop_codon,2593346,GTG,1.02,False,,,,,,2593346,GTG,現行アノテーションを支持
MA_RS10880,MA_2095,2593637,ATG,False,0,stop_codon,2593637,ATG,0.61,False,WP_011035043.1,1,91.892,2593637,ATG,2593637,ATG,現行アノテーションを支持
MA_RS10885,MA_2096,2595973,ATG,False,1,stop_codon,2595979,ATG,1.85,False,WP_048171837.1,1,93.245,2595979,ATG,2595979,ATG,中確信度: 上流への延長の可能性(片方の証拠のみ)
MA_RS10890,MA_2097,2596200,ATG,False,0,stop_codon,2596200,ATG,1.99,False,WP_048171836.1,1,95.97,2596200,ATG,2596200,ATG,現行アノテーションを支持
MA_RS29790,,2597852,ATG,False,0,neighbor_gene,2597852,ATG,0.88,False,WP_011035045.1,1,84.615,2597852,ATG,2597852,ATG,現行アノテーションを支持
MA_RS10895,MA_2098,2598364,ATG,False,0,stop_codon,2598364,ATG,4.96,True,WP_011035045.1,1,98.193,2598364,ATG,2598364,ATG,現行アノテーションを支持
MA_RS10900,MA_2099,2598834,ATG,False,3,stop_codon,2598834,ATG,1.39,False,WP_226987641.1,7,67.174,2598777,GTG,2598777,GTG,中確信度: 上流への延長の可能性(片方の証拠のみ)
MA_RS10905,MA_2100,2601180,ATG,False,0,stop_codon,2601180,ATG,1.1,False,WP_011035043.1,1,93.243,2601180,ATG,2601180,ATG,現行アノテーションを支持
MA_RS10910,,2601714,ATG,False,0,stop_codon,2601714,ATG,10.34,True,WP_048138638.1,1,96.825,2601714,ATG,2601714,ATG,現行アノテーションを支持
MA_RS28585,MA_2101,2601892,ATG,False,0,stop_codon,2601892,ATG,1.72,False,,,,,,2601892,ATG,現行アノテーションを支持
MA_RS24560,MA_2102,2604769,GTG,False,4,stop_codon,2604769,GTG,1.3,False,,,,,,2604769,GTG,現行アノテーションを支持
MA_RS10920,MA_2103,2606204,GTG,False,2,stop_codon,2606231,TTG,2.26,False,WP_048037616.1,26,35.401,2606231,TTG,2606231,TTG,中確信度: 上流への延長の可能性(片方の証拠のみ)
MA_RS10925,MA_2104,2606340,ATG,False,0,stop_codon,2606340,ATG,3.37,True,WP_011021898.1,1,99.299,2606340,ATG,2606340,ATG,現行アノテーションを支持
MA_RS10930,MA_2105,2608148,ATG,False,0,stop_codon,2608148,ATG,0.84,False,WP_011032383.1,4,34.653,2608148,ATG,2608148,ATG,現行アノテーションを支持
MA_RS10935,MA_2106,2611021,ATG,False,1,stop_codon,2611027,GTG,7.62,True,WP_048046430.1,3,94.544,2611027,GTG,2611027,GTG,高確信度: 上流への延長を提案(RNA-seq・BLAST一致)
MA_RS10940,MA_2107,2611392,ATG,False,0,stop_codon,2611392,ATG,0.92,False,WP_048171590.1,1,93.645,2611392,ATG,2611392,ATG,現行アノテーションを支持
MA_RS10945,MA_2108,2613066,ATG,False,4,stop_codon,2613108,ATG,3.05,True,WP_048171592.1,24,97.115,2613135,TTG,,,要確認: RNA-seqとBLASTが異なる候補を支持
MA_RS10950,MA_2109,2614003,TTG,False,0,stop_codon,2614003,TTG,1.08,False,WP_048171595.1,1,99.2,2614003,TTG,2614003,TTG,現行アノテーションを支持
MA_RS10955,MA_2110,2614803,ATG,False,0,stop_codon,2614803,ATG,1.63,False,WP_048171597.1,1,97.378,2614803,ATG,2614803,ATG,現行アノテーションを支持
MA_RS10960,MA_2111,2615350,ATG,False,0,stop_codon,2615350,ATG,1.12,False,WP_048171601.1,1,97.619,2615350,ATG,2615350,ATG,現行アノテーションを支持
MA_RS10965,,2616265,ATG,False,0,neighbor_gene,2616265,ATG,0.74,False,,,,,,2616265,ATG,現行アノテーションを支持
MA_RS10970,MA_2113,2616562,ATG,False,0,stop_codon,2616562,ATG,1.48,False,WP_048171603.1,1,96.585,2616562,ATG,2616562,ATG,現行アノテーションを支持
MA_RS10975,MA_2114,2617346,ATG,False,0,stop_codon,2617346,ATG,2.57,False,WP_048171605.1,1,94.318,2617346,ATG,2617346,ATG,現行アノテーションを支持
MA_RS10980,MA_2115,2619246,ATT,True,0,stop_codon,2619246,ATT,1.42,False,WP_338037943.1,11,78.778,2619246,ATT,2619246,ATT,現行アノテーションを支持
MA_RS10985,MA_2116,2621001,ATG,False,0,neighbor_gene,2621001,ATG,0.95,False,WP_048171609.1,1,97.992,2621001,ATG,2621001,ATG,現行アノテーションを支持
MA_RS27915,MA_2117,2621385,TTG,False,0,neighbor_gene,2621385,TTG,1.09,False,WP_048046802.1,2,87.5,2621385,TTG,2621385,TTG,現行アノテーションを支持
MA_RS10995,MA_2118,2622738,ATG,False,0,stop_codon,2622738,ATG,0.93,False,WP_230629294.1,358,79.775,2622738,ATG,2622738,ATG,現行アノテーションを支持
MA_RS11000,MA_2119,2624855,ATG,False,0,stop_codon,2624855,ATG,2.1,False,WP_162198104.1,460,38.889,2624855,ATG,2624855,ATG,現行アノテーションを支持
MA_RS25475,MA_2120,2626351,ATG,False,0,stop_codon,2626351,ATG,1.67,False,WP_239451072.1,21,45.745,2626351,ATG,2626351,ATG,現行アノテーションを支持
MA_RS11010,MA_2121,2627856,ATG,False,1,stop_codon,2627856,ATG,0.78,False,WP_158024244.1,3,81.169,2627862,GTG,2627862,GTG,中確信度: 上流への延長の可能性(片方の証拠のみ)
MA_RS11015,MA_2122,2630717,ATG,False,0,stop_codon,2630717,ATG,1.09,False,WP_048171615.1,1,97.601,2630717,ATG,2630717,ATG,現行アノテーションを支持
MA_RS26875,,2631408,ATG,False,0,stop_codon,2631408,ATG,1.77,False,WP_187151901.1,1,95.745,2631408,ATG,2631408,ATG,現行アノテーションを支持
MA_RS11030,MA_2123,2631809,ATG,False,1,stop_codon,2631809,ATG,0.96,False,,,,,,2631809,ATG,現行アノテーションを支持
MA_RS11035,MA_2124,2632107,ATG,False,2,stop_codon,2632107,ATG,1.42,False,WP_156158820.1,1,93.851,2632077,TTG,2632077,TTG,中確信度: 上流への延長の可能性(片方の証拠のみ)
MA_RS11040,MA_2125,2634019,ATG,False,0,stop_codon,2634019,ATG,1.4,False,WP_048171620.1,1,93.151,2634019,ATG,2634019,ATG,現行アノテーションを支持
MA_RS26880,,2634127,ATG,False,2,stop_codon,2634112,TTG,1.08,False,WP_082089305.1,7,84.615,2634073,TTG,2634073,TTG,中確信度: 上流への延長の可能性(片方の証拠のみ)
MA_RS11045,MA_2126,2634392,ATG,False,2,stop_codon,2634392,ATG,1.03,False,WP_082089305.1,1,85.185,2634380,GTG,2634380,GTG,中確信度: 上流への延長の可能性(片方の証拠のみ)
MA_RS29380,,2635137,ATG,False,5,max_distance,2634960,TTG,2.93,False,,,,,,2635137,ATG,現行アノテーションを支持
MA_RS11060,MA_2129,2635884,ATG,False,0,stop_codon,2635884,ATG,0.88,False,WP_048139067.1,1,96.262,2635884,ATG,2635884,ATG,現行アノテーションを支持
MA_RS11065,MA_2130,2636461,ATG,False,0,neighbor_gene,2636461,ATG,1.12,False,WP_239451299.1,1,92.784,2636461,ATG,2636461,ATG,現行アノテーションを支持
MA_RS11070,MA_2131,2636821,ATG,False,0,stop_codon,2636821,ATG,2.85,False,WP_048139086.1,1,94.059,2636821,ATG,2636821,ATG,現行アノテーションを支持
MA_RS11075,,2636991,ATG,False,0,stop_codon,2636991,ATG,4.29,True,WP_048172751.1,1,94.828,2636991,ATG,2636991,ATG,現行アノテーションを支持
MA_RS11080,MA_2132,2637380,GTG,False,0,stop_codon,2637380,GTG,13.79,True,WP_226987653.1,1,91.509,2637380,GTG,2637380,GTG,現行アノテーションを支持
MA_RS29385,,2637697,ATG,False,1,stop_codon,2637697,ATG,1.03,False,WP_239451297.1,22,91.176,2637634,ATG,2637634,ATG,中確信度: 上流への延長の可能性(片方の証拠のみ)
MA_RS11085,MA_2133,2638824,ATG,False,2,stop_codon,2638824,ATG,55.73,True,WP_052721643.1,17,91.29,2638872,TTG,2638872,TTG,中確信度: 上流への延長の可能性(片方の証拠のみ)
MA_RS11090,MA_2134,2639274,ATG,False,0,stop_codon,2639274,ATG,3.49,True,WP_048172741.1,1,93.421,2639274,ATG,2639274,ATG,現行アノテーションを支持
MA_RS11095,MA_2135,2639527,ATG,False,0,stop_codon,2639527,ATG,1.08,False,WP_048172740.1,1,98.438,2639527,ATG,2639527,ATG,現行アノテーションを支持
MA_RS11100,MA_2136,2639725,ATG,False,0,neighbor_gene,2639725,ATG,0.84,False,WP_048139069.1,1,98.75,2639725,ATG,2639725,ATG,現行アノテーションを支持
MA_RS11105,MA_2137,2640925,TTG,False,0,stop_codon,2640925,TTG,1.08,False,WP_048139112.1,52,80.513,2640925,TTG,2640925,TTG,現行アノテーションを支持
MA_RS11110,MA_2138,2643239,ATG,False,3,stop_codon,2643302,GTG,0.97,False,,,,,,2643239,ATG,現行アノテーションを支持
MA_RS11115,MA_2139,2644134,ATG,False,1,stop_codon,2644101,ATG,2.83,False,WP_167829501.1,308,25.743,2644101,ATG,2644101,ATG,中確信度: 上流への延長の可能性(片方の証拠のみ)
MA_RS11120,MA_2140,2646157,ATG,False,1,stop_codon,2646124,ATG,1.04,False,WP_011032144.1,31,25.407,2646124,ATG,2646124,ATG,中確信度: 上流への延長の可能性(片方の証拠のみ)
MA_RS11125,MA_2142,2649435,ATG,False,0,stop_codon,2649435,ATG,1.61,False,WP_048172731.1,1,99.239,2649435,ATG,2649435,ATG,現行アノテーションを支持
MA_RS11130,MA_2143,2653130,ATG,False,0,stop_codon,2653130,ATG,1.02,False,WP_048172730.1,1,97.57,2653130,ATG,2653130,ATG,現行アノテーションを支持
MA_RS11135,MA_2144,2654236,ATG,False,2,stop_codon,2654236,ATG,2.96,False,WP_048174757.1,12,98.098,2654269,ATG,2654269,ATG,中確信度: 上流への延長の可能性(片方の証拠のみ)
MA_RS11140,MA_2145,2654921,ATG,False,0,stop_codon,2654921,ATG,1.03,False,WP_048172728.1,1,93.186,2654921,ATG,2654921,ATG,現行アノテーションを支持
MA_RS11145,MA_2146,2656390,ATG,False,0,stop_codon,2656390,ATG,1.14,False,WP_048172727.1,1,88.043,2656390,ATG,2656390,ATG,現行アノテーションを支持
MA_RS11150,MA_2147,2657425,TTG,False,0,stop_codon,2657425,TTG,1.24,False,WP_048172724.1,1,92.089,2657425,TTG,2657425,TTG,現行アノテーションを支持
MA_RS11155,MA_2148,2658984,ATG,False,4,stop_codon,2658984,ATG,0.94,False,WP_048140187.1,6,86.198,2658876,GTG,2658876,GTG,中確信度: 上流への延長の可能性(片方の証拠のみ)
MA_RS11160,MA_2149,2660075,ATG,False,1,neighbor_gene,2660075,ATG,1.28,False,WP_048140185.1,9,88.761,2660051,GTG,2660051,GTG,中確信度: 上流への延長の可能性(片方の証拠のみ)
MA_RS11165,MA_2150,2661115,GTG,False,1,stop_codon,2661115,GTG,1.0,False,WP_048140183.1,2,92.453,2661112,TTG,2661112,TTG,中確信度: 上流への延長の可能性(片方の証拠のみ)
MA_RS11170,MA_2151,2661915,ATG,False,0,neighbor_gene,2661915,ATG,0.78,False,WP_052730860.1,1,87.259,2661915,ATG,2661915,ATG,現行アノテーションを支持
MA_RS11175,MA_2152,2662711,ATG,False,0,stop_codon,2662711,ATG,1.25,False,WP_048140180.1,1,85.2,2662711,ATG,2662711,ATG,現行アノテーションを支持
MA_RS11180,MA_2153,2663662,GTG,False,0,stop_codon,2663662,GTG,1.45,False,WP_048140178.1,1,62.169,2663662,GTG,2663662,GTG,現行アノテーションを支持
MA_RS11185,MA_2154,2664798,ATG,False,1,stop_codon,2664795,GTG,0.94,False,,,,,,2664798,ATG,現行アノテーションを支持
MA_RS24565,MA_2155,2665118,ATG,False,0,stop_codon,2665118,ATG,0.92,False,WP_052730744.1,3,44.595,2665118,ATG,2665118,ATG,現行アノテーションを支持
MA_RS11195,MA_2156,2666416,ATG,False,0,stop_codon,2666416,ATG,8.48,True,WP_048118386.1,7,76.627,2666416,ATG,2666416,ATG,現行アノテーションを支持
MA_RS26885,,2667907,TTG,False,0,stop_codon,2667907,TTG,2.17,False,,,,,,2667907,TTG,現行アノテーションを支持
MA_RS11205,MA_2158,2668473,GTG,False,1,stop_codon,2668473,GTG,1.38,False,WP_048140779.1,12,78.182,2668440,GTG,2668440,GTG,中確信度: 上流への延長の可能性(片方の証拠のみ)
MA_RS11210,MA_2159,2668880,ATG,False,2,stop_codon,2668880,ATG,5.03,True,WP_011034466.1,11,64.103,2668859,ATG,2668859,ATG,中確信度: 上流への延長の可能性(片方の証拠のみ)
MA_RS11230,,2670452,GTG,False,0,stop_codon,2670452,GTG,1.27,False,,,,,,2670452,GTG,現行アノテーションを支持
MA_RS11235,MA_2163,2670598,ATG,False,0,stop_codon,2670598,ATG,2.4,False,WP_048172721.1,1,93.275,2670598,ATG,2670598,ATG,現行アノテーションを支持
MA_RS11240,MA_2164,2672909,ATG,False,0,stop_codon,2672909,ATG,0.5,False,,,,,,2672909,ATG,現行アノテーションを支持
MA_RS26890,,2673414,ATG,False,3,neighbor_gene,2673420,ATG,1.29,False,,,,,,2673414,ATG,現行アノテーションを支持
MA_RS26895,,2673767,TTG,False,0,stop_codon,2673767,TTG,0.97,False,,,,,,2673767,TTG,現行アノテーションを支持
MA_RS25490,MA_2166,2674040,ATA,True,0,stop_codon,2674040,ATA,1.07,False,WP_048172721.1,3,90.0,2674040,ATA,2674040,ATA,現行アノテーションを支持
MA_RS11245,MA_2167,2674984,ATG,False,0,stop_codon,2674984,ATG,1.17,False,WP_048172861.1,1,91.457,2674984,ATG,2674984,ATG,現行アノテーションを支持
MA_RS11255,MA_2169,2675838,TTG,False,0,stop_codon,2675838,TTG,4.37,True,WP_048172717.1,1,97.516,2675838,TTG,2675838,TTG,現行アノテーションを支持
MA_RS11260,MA_2170,2676934,ATG,False,0,stop_codon,2676934,ATG,0.97,False,WP_048172715.1,1,84.286,2676934,ATG,2676934,ATG,現行アノテーションを支持
MA_RS11265,MA_2171,2678066,ATG,False,3,stop_codon,2678024,GTG,1.12,False,WP_048172864.1,18,94.521,2678015,TTG,2678015,TTG,中確信度: 上流への延長の可能性(片方の証拠のみ)
MA_RS11270,MA_2172,2678446,GTG,False,0,stop_codon,2678446,GTG,0.85,False,WP_048172866.1,20,63.462,2678446,GTG,2678446,GTG,現行アノテーションを支持
MA_RS11275,MA_2173,2678967,TTG,False,0,stop_codon,2678967,TTG,1.36,False,WP_231590554.1,8,65.067,2678967,TTG,2678967,TTG,現行アノテーションを支持
MA_RS29795,MA_2174,2680159,TTG,False,0,stop_codon,2680159,TTG,0.98,False,WP_048118516.1,11,50.0,2680159,TTG,2680159,TTG,現行アノテーションを支持
MA_RS11285,MA_2175,2680792,ATG,False,0,stop_codon,2680792,ATG,0.99,False,WP_048172869.1,1,72.127,2680792,ATG,2680792,ATG,現行アノテーションを支持
MA_RS11290,MA_2176,2682018,GTG,False,0,stop_codon,2682018,GTG,0.99,False,WP_048172871.1,1,68.807,2682018,GTG,2682018,GTG,現行アノテーションを支持
MA_RS11295,MA_2177,2682900,ATG,False,3,stop_codon,2682900,ATG,0.99,False,WP_197080271.1,49,37.059,2682840,TTG,2682840,TTG,中確信度: 上流への延長の可能性(片方の証拠のみ)
MA_RS11300,MA_2178,2683653,ATG,False,0,stop_codon,2683653,ATG,1.11,False,WP_048136748.1,3,55.612,2683653,ATG,2683653,ATG,現行アノテーションを支持
MA_RS11305,MA_2179,2685164,TTG,False,4,stop_codon,2685062,ATG,1.16,False,WP_048136747.1,22,47.44,2685032,ATG,2685032,ATG,中確信度: 上流への延長の可能性(片方の証拠のみ)
MA_RS11310,MA_2180,2687120,ATG,False,1,stop_codon,2687120,ATG,0.98,False,WP_048141544.1,2,38.517,2687117,GTG,2687117,GTG,中確信度: 上流への延長の可能性(片方の証拠のみ)
MA_RS11315,MA_2181,2689510,ATG,False,0,stop_codon,2689510,ATG,1.01,False,WP_048136750.1,16,62.866,2689510,ATG,2689510,ATG,現行アノテーションを支持
MA_RS11320,MA_2182,2690681,ATG,False,2,stop_codon,2690696,TTG,0.88,False,WP_048118576.1,23,43.988,2690729,TTG,2690729,TTG,中確信度: 上流への延長の可能性(片方の証拠のみ)
MA_RS11325,MA_2183,2691686,ATG,False,0,stop_codon,2691686,ATG,1.07,False,WP_048043774.1,1,92.5,2691686,ATG,2691686,ATG,現行アノテーションを支持
MA_RS11330,MA_2184,2692488,GTG,False,0,stop_codon,2692488,GTG,1.21,False,WP_230633318.1,3,93.697,2692488,GTG,2692488,GTG,現行アノテーションを支持
MA_RS11335,MA_2185,2693722,ATG,False,0,stop_codon,2693722,ATG,0.9,False,WP_158024238.1,7,51.143,2693722,ATG,2693722,ATG,現行アノテーションを支持
MA_RS11340,MA_2186,2694796,TTG,False,1,stop_codon,2694805,GTG,2.47,False,WP_048046269.1,4,90.566,2694805,GTG,2694805,GTG,中確信度: 上流への延長の可能性(片方の証拠のみ)
MA_RS28590,,2695109,ATG,False,0,stop_codon,2695109,ATG,1.89,False,WP_048040693.1,31,85.185,2695109,ATG,2695109,ATG,現行アノテーションを支持
MA_RS11350,MA_2188,2695963,ATG,False,0,stop_codon,2695963,ATG,3.69,True,WP_048169579.1,1,97.288,2695963,ATG,2695963,ATG,現行アノテーションを支持
MA_RS11360,MA_2190,2698556,TTG,False,0,stop_codon,2698556,TTG,1.24,False,WP_048172859.1,4,72.093,2698556,TTG,2698556,TTG,現行アノテーションを支持
MA_RS11365,MA_2191,2699579,ATG,False,0,stop_codon,2699579,ATG,14.99,True,WP_048172861.1,1,88.832,2699579,ATG,2699579,ATG,現行アノテーションを支持
MA_RS11375,MA_2193,2700208,ATG,False,0,stop_codon,2700208,ATG,1.16,False,WP_048172878.1,1,92.143,2700208,ATG,2700208,ATG,現行アノテーションを支持
MA_RS11380,MA_2194,2701395,ATG,False,0,stop_codon,2701395,ATG,2.64,False,WP_048172879.1,1,91.544,2701395,ATG,2701395,ATG,現行アノテーションを支持
MA_RS24570,MA_2196,2702383,GTG,False,0,stop_codon,2702383,GTG,2.07,False,WP_148705599.1,1,86.066,2702383,GTG,2702383,GTG,現行アノテーションを支持
MA_RS11390,MA_2197,2703782,ATG,False,1,stop_codon,2703791,GTG,2.88,False,WP_048172881.1,4,91.447,2703791,GTG,2703791,GTG,中確信度: 上流への延長の可能性(片方の証拠のみ)
MA_RS11395,MA_2198,2704355,ATG,False,0,stop_codon,2704355,ATG,1.34,False,WP_048154912.1,1,92.735,2704355,ATG,2704355,ATG,現行アノテーションを支持
MA_RS11400,MA_2199,2707067,GTG,False,0,stop_codon,2707067,GTG,0.89,False,WP_082088998.1,1,92.245,2707067,GTG,2707067,GTG,現行アノテーションを支持
MA_RS11405,MA_2200,2708830,CTG,True,0,stop_codon,2708830,CTG,1.99,False,WP_394296915.1,1,91.456,2708830,CTG,2708830,CTG,現行アノテーションを支持
MA_RS11410,MA_2201,2709945,ATG,False,0,stop_codon,2709945,ATG,1.07,False,WP_048174208.1,1,87.938,2709945,ATG,2709945,ATG,現行アノテーションを支持
MA_RS11415,MA_2202,2711186,ATG,False,0,stop_codon,2711186,ATG,1.15,False,WP_048154708.1,1,80.769,2711186,ATG,2711186,ATG,現行アノテーションを支持
MA_RS11420,MA_2203,2712964,ATG,False,3,stop_codon,2713015,TTG,1.03,False,,,,,,2712964,ATG,現行アノテーションを支持
MA_RS11425,MA_2204,2713772,ATG,False,0,neighbor_gene,2713772,ATG,0.56,False,,,,,,2713772,ATG,現行アノテーションを支持
MA_RS11430,MA_2205,2714475,TTG,False,3,stop_codon,2714517,ATG,23.41,True,,,,,,2714517,ATG,中確信度: 上流への延長の可能性(片方の証拠のみ)
MA_RS11435,MA_2206,2714940,ATG,False,0,stop_codon,2714940,ATG,1.18,False,WP_048172248.1,1,89.441,2714940,ATG,2714940,ATG,現行アノテーションを支持
MA_RS11440,MA_2207,2715542,ATG,False,0,stop_codon,2715542,ATG,1.14,False,WP_048172250.1,1,84.298,2715542,ATG,2715542,ATG,現行アノテーションを支持
MA_RS11445,MA_2208,2716221,ATG,False,0,stop_codon,2716221,ATG,0.9,False,WP_048172251.1,13,91.169,2716221,ATG,2716221,ATG,現行アノテーションを支持
MA_RS11450,MA_2209,2718792,ATG,False,0,stop_codon,2718792,ATG,3.22,True,WP_048172254.1,1,91.02,2718792,ATG,2718792,ATG,現行アノテーションを支持
MA_RS11455,MA_2210,2720421,ATG,False,0,stop_codon,2720421,ATG,2.97,False,WP_048172256.1,1,93.023,2720421,ATG,2720421,ATG,現行アノテーションを支持
MA_RS11460,MA_2211,2721755,ATG,False,0,stop_codon,2721755,ATG,1.31,False,WP_048139312.1,5,91.139,2721755,ATG,2721755,ATG,現行アノテーションを支持
MA_RS11465,MA_2212,2722379,ATG,False,1,stop_codon,2722379,ATG,1.18,False,WP_048172257.1,6,92.437,2722364,ATG,2722364,ATG,中確信度: 上流への延長の可能性(片方の証拠のみ)
MA_RS11475,,2724165,ATG,False,0,stop_codon,2724165,ATG,1.5,False,WP_181952266.1,1,51.111,2724165,ATG,2724165,ATG,現行アノテーションを支持
MA_RS11480,MA_2213,2724350,ATG,False,0,stop_codon,2724350,ATG,0.88,False,,,,,,2724350,ATG,現行アノテーションを支持
MA_RS28595,,2724795,ATG,False,0,stop_codon,2724795,ATG,0.79,False,,,,,,2724795,ATG,現行アノテーションを支持
MA_RS11490,MA_2214,2725199,ATG,False,1,stop_codon,2725199,ATG,11.38,True,WP_231590512.1,5,94.334,2725187,ATG,2725187,ATG,中確信度: 上流への延長の可能性(片方の証拠のみ)
MA_RS11500,MA_2215,2726534,ATG,False,0,stop_codon,2726534,ATG,3.92,True,WP_048172261.1,1,92.913,2726534,ATG,2726534,ATG,現行アノテーションを支持
MA_RS11505,MA_2217,2727407,GTG,False,0,stop_codon,2727407,GTG,1.01,False,WP_048172263.1,11,92.994,2727407,GTG,2727407,GTG,現行アノテーションを支持
MA_RS11510,MA_2218,2729208,TTG,False,0,stop_codon,2729208,TTG,0.86,False,WP_048172265.1,1,89.167,2729208,TTG,2729208,TTG,現行アノテーションを支持
MA_RS11515,,2729768,GTG,False,2,stop_codon,2729729,GTG,1.62,False,WP_052721609.1,19,90.217,2729729,GTG,2729729,GTG,中確信度: 上流への延長の可能性(片方の証拠のみ)
MA_RS11520,MA_2220,2731925,ATG,False,0,stop_codon,2731925,ATG,2.09,False,WP_048172267.1,1,92.226,2731925,ATG,2731925,ATG,現行アノテーションを支持
MA_RS11525,MA_2221,2732442,ATG,False,0,stop_codon,2732442,ATG,1.14,False,WP_048172270.1,1,97.468,2732442,ATG,2732442,ATG,現行アノテーションを支持
MA_RS26905,MA_2222,2732681,ATG,False,0,stop_codon,2732681,ATG,1.51,False,,,,,,2732681,ATG,現行アノテーションを支持
MA_RS11530,MA_2223,2734793,ATG,False,0,stop_codon,2734793,ATG,0.9,False,WP_231590513.1,1,85.811,2734793,ATG,2734793,ATG,現行アノテーションを支持
MA_RS11535,MA_2224,2734866,ATG,False,0,stop_codon,2734866,ATG,2.41,False,WP_048122120.1,22,46.857,2734866,ATG,2734866,ATG,現行アノテーションを支持
MA_RS11540,MA_2225,2736512,ATG,False,0,stop_codon,2736512,ATG,0.95,False,,,,,,2736512,ATG,現行アノテーションを支持
MA_RS26910,,2736860,TTG,False,0,neighbor_gene,2736860,TTG,2.24,False,,,,,,2736860,TTG,現行アノテーションを支持
MA_RS11550,MA_2228,2738901,ATG,False,0,stop_codon,2738901,ATG,1.56,False,,,,,,2738901,ATG,現行アノテーションを支持
MA_RS26915,,2739606,ATG,False,0,stop_codon,2739606,ATG,1.13,False,,,,,,2739606,ATG,現行アノテーションを支持
MA_RS11565,MA_2231,2740627,ATG,False,0,stop_codon,2740627,ATG,0.96,False,WP_048140558.1,21,52.027,2740627,ATG,2740627,ATG,現行アノテーションを支持
MA_RS11570,MA_2232,2742788,ATG,False,0,stop_codon,2742788,ATG,2.82,False,,,,,,2742788,ATG,現行アノテーションを支持
MA_RS11575,MA_2233,2743489,ATG,False,0,stop_codon,2743489,ATG,1.28,False,,,,,,2743489,ATG,現行アノテーションを支持
MA_RS11580,MA_2234,2745365,GTG,False,3,stop_codon,2745344,ATG,1.1,False,,,,,,2745365,GTG,現行アノテーションを支持
MA_RS26920,,2746554,ATG,False,0,stop_codon,2746554,ATG,1.51,False,,,,,,2746554,ATG,現行アノテーションを支持
MA_RS11585,MA_2235,2748899,ATG,False,0,neighbor_gene,2748899,ATG,0.95,False,WP_048118431.1,127,24.138,2748899,ATG,2748899,ATG,現行アノテーションを支持
MA_RS11590,,2749082,TTG,False,0,stop_codon,2749082,TTG,0.67,False,,,,,,2749082,TTG,現行アノテーションを支持
MA_RS26925,,2749240,ATG,False,0,stop_codon,2749240,ATG,1.33,False,WP_156149715.1,1,36.735,2749240,ATG,2749240,ATG,現行アノテーションを支持
MA_RS26930,MA_2236,2749650,ATG,False,0,stop_codon,2749650,ATG,0.97,False,,,,,,2749650,ATG,現行アノテーションを支持
MA_RS26935,,2749844,ATG,False,0,stop_codon,2749844,ATG,2.63,False,WP_156158803.1,1,41.304,2749844,ATG,2749844,ATG,現行アノテーションを支持
MA_RS11600,,2750491,ATG,False,0,stop_codon,2750491,ATG,2.26,False,WP_239451267.1,1,77.778,2750491,ATG,2750491,ATG,現行アノテーションを支持
MA_RS11605,MA_2238,2751605,ATG,False,0,stop_codon,2751605,ATG,2.15,False,WP_048172272.1,1,98.227,2751605,ATG,2751605,ATG,現行アノテーションを支持
MA_RS11610,MA_2239,2753893,ATG,False,0,max_distance,2753893,ATG,0.79,False,WP_052727915.1,1,60.889,2753893,ATG,2753893,ATG,現行アノテーションを支持
MA_RS11615,MA_2240,2754684,GTG,False,0,stop_codon,2754684,GTG,5.92,True,WP_187148752.1,6,45.455,2754684,GTG,2754684,GTG,現行アノテーションを支持
MA_RS11625,MA_2241,2755134,ATG,False,0,stop_codon,2755134,ATG,1.93,False,WP_048172276.1,1,94.747,2755134,ATG,2755134,ATG,現行アノテーションを支持
MA_RS11630,MA_2242,2758215,ATG,False,0,stop_codon,2758215,ATG,2.48,False,WP_082088898.1,1,99.299,2758215,ATG,2758215,ATG,現行アノテーションを支持
MA_RS11635,MA_2243,2759432,ATG,False,0,stop_codon,2759432,ATG,1.12,False,WP_048138734.1,1,72.204,2759432,ATG,2759432,ATG,現行アノテーションを支持
MA_RS11640,MA_2244,2761175,ATG,False,0,stop_codon,2761175,ATG,1.58,False,WP_048172278.1,1,97.46,2761175,ATG,2761175,ATG,現行アノテーションを支持
MA_RS11645,MA_2245,2762059,ATG,False,1,stop_codon,2762059,ATG,1.53,False,WP_082091042.1,4,78.947,2762050,GTG,2762050,GTG,中確信度: 上流への延長の可能性(片方の証拠のみ)
MA_RS11650,MA_2246,2762806,ATG,False,0,stop_codon,2762806,ATG,7.57,True,WP_011034586.1,1,53.241,2762806,ATG,2762806,ATG,現行アノテーションを支持
MA_RS11655,MA_2247,2764756,GTG,False,0,stop_codon,2764756,GTG,1.2,False,WP_158024091.1,1,90.85,2764756,GTG,2764756,GTG,現行アノテーションを支持
MA_RS25495,MA_2248,2765025,ATG,False,0,stop_codon,2765025,ATG,1.85,False,WP_239451270.1,4,86.458,2765025,ATG,2765025,ATG,現行アノテーションを支持
MA_RS11660,MA_2249,2765727,TTG,False,0,stop_codon,2765727,TTG,0.88,False,WP_394296905.1,1,87.56,2765727,TTG,2765727,TTG,現行アノテーションを支持
MA_RS11665,MA_2250,2766465,ATG,False,0,stop_codon,2766465,ATG,1.37,False,WP_048172132.1,1,96.875,2766465,ATG,2766465,ATG,現行アノテーションを支持
MA_RS11670,MA_2251,2768093,ATG,False,0,stop_codon,2768093,ATG,1.76,False,WP_231590502.1,4,93.889,2768093,ATG,2768093,ATG,現行アノテーションを支持
MA_RS11675,MA_2252,2768318,ATG,False,0,stop_codon,2768318,ATG,0.72,False,WP_048172130.1,1,90.123,2768318,ATG,2768318,ATG,現行アノテーションを支持
MA_RS11680,MA_2253,2768993,ATG,False,1,stop_codon,2768993,ATG,1.21,False,WP_048172128.1,12,96.739,2768960,TTG,2768960,TTG,中確信度: 上流への延長の可能性(片方の証拠のみ)
MA_RS29390,,2771364,TTG,False,0,stop_codon,2771364,TTG,1.09,False,,,,,,2771364,TTG,現行アノテーションを支持
MA_RS29395,,2771677,ATG,False,2,stop_codon,2771677,ATG,0.88,False,WP_048172126.1,55,52.239,2771722,TTG,2771722,TTG,中確信度: 上流への延長の可能性(片方の証拠のみ)
MA_RS29400,,2771873,TTG,False,0,neighbor_gene,2771873,TTG,0.93,False,,,,,,2771873,TTG,現行アノテーションを支持
MA_RS29405,,2772036,GTG,False,0,stop_codon,2772036,GTG,1.19,False,,,,,,2772036,GTG,現行アノテーションを支持
MA_RS11695,MA_2255,2773734,GTG,False,0,stop_codon,2773734,GTG,1.06,False,WP_082088949.1,18,94.878,2773734,GTG,2773734,GTG,現行アノテーションを支持
MA_RS26950,,2774651,GTG,False,1,stop_codon,2774645,TTG,1.17,False,,,,,,2774651,GTG,現行アノテーションを支持
MA_RS11705,MA_4671,2774795,ATG,False,0,neighbor_gene,2774795,ATG,0.95,False,WP_048140069.1,3,76.8,2774795,ATG,2774795,ATG,現行アノテーションを支持
MA_RS11710,MA_2256,2775217,ATG,False,0,stop_codon,2775217,ATG,0.86,False,WP_011035100.1,1,52.803,2775217,ATG,2775217,ATG,現行アノテーションを支持
MA_RS11715,MA_2257,2779354,ATG,False,1,stop_codon,2779354,ATG,1.42,False,WP_048140067.1,27,82.74,2779363,TTG,2779363,TTG,中確信度: 上流への延長の可能性(片方の証拠のみ)
MA_RS11720,MA_2258,2780284,ATG,False,0,stop_codon,2780284,ATG,0.87,False,WP_048172122.1,1,85.463,2780284,ATG,2780284,ATG,現行アノテーションを支持
MA_RS11725,MA_2259,2781429,ATG,False,2,stop_codon,2781459,ATG,1.27,False,WP_048172121.1,12,73.446,2781462,TTG,2781462,TTG,中確信度: 上流への延長の可能性(片方の証拠のみ)
MA_RS11730,MA_2260,2782036,ATG,False,0,stop_codon,2782036,ATG,2.01,False,WP_048172119.1,1,88.961,2782036,ATG,2782036,ATG,現行アノテーションを支持
MA_RS26245,,2782635,TTG,False,0,neighbor_gene,2782635,TTG,1.31,False,WP_048119684.1,1,65.306,2782635,TTG,2782635,TTG,現行アノテーションを支持
MA_RS26250,MA_2261,2783002,ATG,False,0,stop_codon,2783002,ATG,1.53,False,WP_048155714.1,53,38.028,2783002,ATG,2783002,ATG,現行アノテーションを支持
MA_RS11740,MA_2262,2783162,ATG,False,0,stop_codon,2783162,ATG,1.92,False,WP_048172116.1,1,94.828,2783162,ATG,2783162,ATG,現行アノテーションを支持
MA_RS11745,MA_2263,2785533,ATG,False,0,stop_codon,2785533,ATG,0.92,False,WP_052712893.1,1,79.111,2785533,ATG,2785533,ATG,現行アノテーションを支持
MA_RS11760,MA_2265,2786849,ATG,False,0,stop_codon,2786849,ATG,1.42,False,WP_239450955.1,1,83.582,2786849,ATG,2786849,ATG,現行アノテーションを支持
MA_RS11765,MA_2266,2789677,ATG,False,1,stop_codon,2789677,ATG,1.09,False,WP_048172114.1,8,90.269,2789698,TTG,2789698,TTG,中確信度: 上流への延長の可能性(片方の証拠のみ)
MA_RS11770,MA_2267,2790147,ATG,False,0,stop_codon,2790147,ATG,1.59,False,WP_048172112.1,1,94.286,2790147,ATG,2790147,ATG,現行アノテーションを支持
MA_RS11775,MA_2268,2791350,ATG,False,0,stop_codon,2791350,ATG,3.15,True,WP_048172110.1,1,87.149,2791350,ATG,2791350,ATG,現行アノテーションを支持
MA_RS11780,MA_2270,2792423,ATG,False,0,stop_codon,2792423,ATG,2.87,False,WP_048172106.1,1,92.899,2792423,ATG,2792423,ATG,現行アノテーションを支持
MA_RS11785,MA_2271,2792830,TTG,False,0,stop_codon,2792830,TTG,1.2,False,WP_048172104.1,4,91.538,2792830,TTG,2792830,TTG,現行アノテーションを支持
MA_RS11790,MA_2272,2795517,ATG,False,1,stop_codon,2795526,GTG,1.24,False,WP_048172103.1,4,95.575,2795526,GTG,2795526,GTG,中確信度: 上流への延長の可能性(片方の証拠のみ)
MA_RS11795,MA_2273,2796899,ATG,False,1,stop_codon,2796899,ATG,1.06,False,WP_048174028.1,6,90.044,2796914,TTG,2796914,TTG,中確信度: 上流への延長の可能性(片方の証拠のみ)
MA_RS11800,MA_2275,2797791,ATG,False,0,stop_codon,2797791,ATG,2.22,False,WP_048172101.1,1,96.624,2797791,ATG,2797791,ATG,現行アノテーションを支持
MA_RS11805,MA_4668,2798351,ATG,False,0,neighbor_gene,2798351,ATG,1.42,False,WP_048174673.1,1,95.588,2798351,ATG,2798351,ATG,現行アノテーションを支持
MA_RS11810,MA_2277,2798757,GTG,False,0,stop_codon,2798757,GTG,1.49,False,WP_082088948.1,1,91.406,2798757,GTG,2798757,GTG,現行アノテーションを支持
MA_RS11815,MA_2278,2800102,ATG,False,1,stop_codon,2800171,ATG,1.2,False,WP_048172099.1,24,93.709,2800171,ATG,2800171,ATG,中確信度: 上流への延長の可能性(片方の証拠のみ)
MA_RS26955,,2800503,ATG,False,0,stop_codon,2800503,ATG,0.86,False,WP_011034810.1,1,59.615,2800503,ATG,2800503,ATG,現行アノテーションを支持
MA_RS11820,MA_2279,2800818,ATG,False,0,stop_codon,2800818,ATG,2.91,False,WP_048172098.1,1,95.775,2800818,ATG,2800818,ATG,現行アノテーションを支持
MA_RS11825,MA_2280,2801957,ATG,False,0,stop_codon,2801957,ATG,1.02,False,WP_048170612.1,1,96.35,2801957,ATG,2801957,ATG,現行アノテーションを支持
MA_RS11830,MA_2281,2802953,ATG,False,0,stop_codon,2802953,ATG,1.04,False,WP_048170614.1,1,97.333,2802953,ATG,2802953,ATG,現行アノテーションを支持
MA_RS11835,MA_2282,2803627,ATG,False,0,stop_codon,2803627,ATG,0.8,False,WP_052730727.1,1,75.718,2803627,ATG,2803627,ATG,現行アノテーションを支持
MA_RS24585,MA_2283,2805430,ATG,False,0,stop_codon,2805430,ATG,1.05,False,,,,,,2805430,ATG,現行アノテーションを支持
MA_RS29410,,2805549,ATG,False,0,stop_codon,2805549,ATG,1.05,False,,,,,,2805549,ATG,現行アノテーションを支持
MA_RS24590,MA_2284,2806534,ATG,False,2,stop_codon,2806456,TTG,1.29,False,WP_052728065.1,8,72.029,2806456,TTG,2806456,TTG,中確信度: 上流への延長の可能性(片方の証拠のみ)
MA_RS11850,,2809868,GTG,False,0,stop_codon,2809868,GTG,1.14,False,,,,,,2809868,GTG,現行アノテーションを支持
MA_RS11855,MA_2285,2810268,ATG,False,0,stop_codon,2810268,ATG,1.4,False,WP_048172097.1,1,99.01,2810268,ATG,2810268,ATG,現行アノテーションを支持
MA_RS11860,MA_2286,2810596,ATG,False,0,stop_codon,2810596,ATG,3.09,True,WP_048172096.1,1,94.872,2810596,ATG,2810596,ATG,現行アノテーションを支持
MA_RS11865,MA_2287,2813321,ATG,False,1,stop_codon,2813321,ATG,6.99,True,WP_048139978.1,20,88.263,2813363,ATG,2813363,ATG,中確信度: 上流への延長の可能性(片方の証拠のみ)
MA_RS29645,,2814001,ATA,True,0,stop_codon,2814001,ATA,1.02,False,WP_048139982.1,1,55.696,2814001,ATA,2814001,ATA,現行アノテーションを支持
MA_RS11870,,2814527,ATG,False,0,stop_codon,2814527,ATG,1.15,False,WP_231590499.1,22,77.778,2814527,ATG,2814527,ATG,現行アノテーションを支持
MA_RS11875,MA_2288,2815051,ATG,False,0,stop_codon,2815051,ATG,1.39,False,WP_048172423.1,1,98.75,2815051,ATG,2815051,ATG,現行アノテーションを支持
MA_RS11880,MA_2289,2815581,ATG,False,0,stop_codon,2815581,ATG,1.52,False,WP_048172421.1,1,91.919,2815581,ATG,2815581,ATG,現行アノテーションを支持
MA_RS11885,MA_2290,2816246,ATA,True,0,stop_codon,2816246,ATA,1.32,False,WP_048118173.1,7,77.215,2816246,ATA,2816246,ATA,現行アノテーションを支持
MA_RS29415,,2817182,ATG,False,0,stop_codon,2817182,ATG,1.98,False,WP_048172420.1,1,79.487,2817182,ATG,2817182,ATG,現行アノテーションを支持
MA_RS11895,MA_2291,2817905,ATG,False,0,stop_codon,2817905,ATG,1.9,False,WP_048139985.1,1,84.211,2817905,ATG,2817905,ATG,現行アノテーションを支持
MA_RS11905,MA_2292,2819852,ATG,False,0,stop_codon,2819852,ATG,4.47,True,WP_048174724.1,1,92.965,2819852,ATG,2819852,ATG,現行アノテーションを支持
MA_RS11910,,2821699,ATG,False,1,stop_codon,2821681,TTG,1.16,False,WP_052721622.1,1,86.42,2821681,TTG,2821681,TTG,中確信度: 上流への延長の可能性(片方の証拠のみ)
MA_RS11915,MA_2294,2822353,ATC,True,0,stop_codon,2822353,ATC,1.57,False,WP_052721622.1,1,84.174,2822353,ATC,2822353,ATC,現行アノテーションを支持
MA_RS11920,MA_2295,2824703,ATG,False,0,stop_codon,2824703,ATG,4.95,True,WP_048172470.1,1,95.745,2824703,ATG,2824703,ATG,現行アノテーションを支持
MA_RS11925,MA_2296,2824983,GTG,False,2,stop_codon,2824935,TTG,2.18,False,WP_048172472.1,1,83.099,2824935,TTG,2824935,TTG,中確信度: 上流への延長の可能性(片方の証拠のみ)
MA_RS11930,MA_2297,2825407,ATG,False,0,stop_codon,2825407,ATG,1.26,False,WP_052721761.1,1,95.93,2825407,ATG,2825407,ATG,現行アノテーションを支持
MA_RS11935,MA_2298,2826238,ATG,False,1,stop_codon,2826238,ATG,1.39,False,WP_231590545.1,4,89.815,2826229,TTG,2826229,TTG,中確信度: 上流への延長の可能性(片方の証拠のみ)
MA_RS11940,MA_2299,2826586,TTG,False,0,neighbor_gene,2826586,TTG,2.63,False,WP_048172476.1,4,95.808,2826586,TTG,2826586,TTG,現行アノテーションを支持
MA_RS11945,MA_2300,2831120,ATG,False,0,stop_codon,2831120,ATG,21.13,True,WP_048172478.1,1,92.52,2831120,ATG,2831120,ATG,現行アノテーションを支持
MA_RS11950,MA_2301,2831346,ATG,False,0,stop_codon,2831346,ATG,3.37,True,WP_052727948.1,1,68.949,2831346,ATG,2831346,ATG,現行アノテーションを支持
MA_RS28610,MA_2302,2833234,ATG,False,0,stop_codon,2833234,ATG,0.95,False,WP_052727948.1,1,75.385,2833234,ATG,2833234,ATG,現行アノテーションを支持
MA_RS26960,,2834320,ATG,False,0,stop_codon,2834320,ATG,1.56,False,,,,,,2834320,ATG,現行アノテーションを支持
MA_RS11960,MA_2303,2834590,ATG,False,1,stop_codon,2834590,ATG,1.12,False,WP_048172482.1,7,81.176,2834572,GTG,2834572,GTG,中確信度: 上流への延長の可能性(片方の証拠のみ)
MA_RS11965,MA_2304,2836835,ATG,False,3,stop_codon,2836994,GTG,1.8,False,WP_048174729.1,54,96.486,2836994,GTG,2836994,GTG,中確信度: 上流への延長の可能性(片方の証拠のみ)
MA_RS11975,MA_2305,2837320,ATG,False,0,stop_codon,2837320,ATG,1.31,False,WP_052728059.1,1,67.089,2837320,ATG,2837320,ATG,現行アノテーションを支持
MA_RS11985,MA_2307,2838074,TTG,False,0,stop_codon,2838074,TTG,1.08,False,WP_048172487.1,1,95.688,2838074,TTG,2838074,TTG,現行アノテーションを支持
MA_RS26965,,2840917,TTG,False,0,stop_codon,2840917,TTG,1.27,False,WP_052728060.1,7,69.048,2840917,TTG,2840917,TTG,現行アノテーションを支持
MA_RS11990,MA_2308,2841638,GTG,False,1,stop_codon,2841638,GTG,1.02,False,WP_048172489.1,3,87.73,2841644,GTG,2841644,GTG,中確信度: 上流への延長の可能性(片方の証拠のみ)
MA_RS11995,MA_2309,2843070,ATG,False,0,stop_codon,2843070,ATG,4.51,True,WP_048172491.1,1,93.089,2843070,ATG,2843070,ATG,現行アノテーションを支持
MA_RS12000,MA_2310,2843256,ATG,False,0,stop_codon,2843256,ATG,2.67,False,WP_048172498.1,1,91.304,2843256,ATG,2843256,ATG,現行アノテーションを支持
MA_RS12005,,2845063,ATG,False,0,stop_codon,2845063,ATG,3.27,True,WP_048172499.1,1,82.54,2845063,ATG,2845063,ATG,現行アノテーションを支持
MA_RS29800,,2845377,ATG,False,0,stop_codon,2845377,ATG,0.95,False,,,,,,2845377,ATG,現行アノテーションを支持
MA_RS12010,MA_2311,2846131,ATG,False,0,neighbor_gene,2846131,ATG,2.72,False,WP_048172501.1,1,94.737,2846131,ATG,2846131,ATG,現行アノテーションを支持
MA_RS12015,,2846345,ATG,False,0,stop_codon,2846345,ATG,0.92,False,,,,,,2846345,ATG,現行アノテーションを支持
MA_RS26975,MA_2312,2847184,ATG,False,0,stop_codon,2847184,ATG,1.5,False,WP_148705463.1,20,87.013,2847184,ATG,2847184,ATG,現行アノテーションを支持
MA_RS12020,MA_2313,2849664,ATG,False,0,neighbor_gene,2849664,ATG,0.99,False,WP_048172504.1,1,95.728,2849664,ATG,2849664,ATG,現行アノテーションを支持
MA_RS12025,MA_2314,2850138,ATG,False,0,stop_codon,2850138,ATG,0.72,False,WP_048139962.1,1,45.695,2850138,ATG,2850138,ATG,現行アノテーションを支持
MA_RS26980,,2850260,GTG,False,0,stop_codon,2850260,GTG,1.03,False,,,,,,2850260,GTG,現行アノテーションを支持
MA_RS29420,,2851478,GTG,False,0,neighbor_gene,2851478,GTG,0.91,False,,,,,,2851478,GTG,現行アノテーションを支持
MA_RS25505,,2851691,ATG,False,0,stop_codon,2851691,ATG,1.09,False,WP_048119688.1,1,55.769,2851691,ATG,2851691,ATG,現行アノテーションを支持
MA_RS25510,,2852116,TTG,False,0,stop_codon,2852116,TTG,2.33,False,WP_048040314.1,1,85.417,2852116,TTG,2852116,TTG,現行アノテーションを支持
MA_RS12035,MA_2319,2853898,ATG,False,0,stop_codon,2853898,ATG,1.27,False,WP_048172688.1,1,92.132,2853898,ATG,2853898,ATG,現行アノテーションを支持
MA_RS12040,MA_2320,2855540,ATG,False,0,stop_codon,2855540,ATG,1.49,False,WP_048172685.1,1,91.685,2855540,ATG,2855540,ATG,現行アノテーションを支持
MA_RS12045,MA_2321,2855788,TTG,False,0,stop_codon,2855788,TTG,1.52,False,WP_231589792.1,1,89.84,2855788,TTG,2855788,TTG,現行アノテーションを支持
MA_RS28615,,2856519,TTG,False,0,stop_codon,2856519,TTG,1.38,False,WP_048173577.1,5,68.571,2856519,TTG,2856519,TTG,現行アノテーションを支持
MA_RS12050,MA_2322,2857577,ATG,False,1,stop_codon,2857580,TTG,1.19,False,WP_048174752.1,2,96.454,2857580,TTG,2857580,TTG,中確信度: 上流への延長の可能性(片方の証拠のみ)
MA_RS12055,MA_2323,2858398,ATG,False,1,stop_codon,2858395,ATG,1.46,False,WP_048172682.1,2,91.346,2858395,ATG,2858395,ATG,中確信度: 上流への延長の可能性(片方の証拠のみ)
MA_RS12060,MA_2324,2860192,ATG,False,0,stop_codon,2860192,ATG,1.22,False,WP_048118078.1,1,85.714,2860192,ATG,2860192,ATG,現行アノテーションを支持
MA_RS12065,MA_2325,2860946,ATG,False,0,stop_codon,2860946,ATG,1.61,False,WP_052721637.1,1,93.185,2860946,ATG,2860946,ATG,現行アノテーションを支持
MA_RS12070,,2863737,TTG,False,1,stop_codon,2863725,GTG,0.99,False,WP_156157414.1,3,89.831,2863725,GTG,2863725,GTG,中確信度: 上流への延長の可能性(片方の証拠のみ)
MA_RS12075,MA_2327,2864665,ATG,False,3,max_distance,2864368,GTG,2.54,False,WP_048172671.1,3,96.109,2864368,GTG,2864368,GTG,中確信度: 上流への延長の可能性(片方の証拠のみ)
MA_RS24595,MA_2328,2866121,ATG,False,0,stop_codon,2866121,ATG,1.57,False,WP_052721635.1,1,91.083,2866121,ATG,2866121,ATG,現行アノテーションを支持
MA_RS12085,MA_2329,2867342,ATG,False,0,stop_codon,2867342,ATG,0.91,False,WP_048172669.1,1,96.218,2867342,ATG,2867342,ATG,現行アノテーションを支持
MA_RS26990,MA_2330,2868312,ATG,False,0,stop_codon,2868312,ATG,1.02,False,,,,,,2868312,ATG,現行アノテーションを支持
MA_RS12090,MA_2331,2868824,ATG,False,0,stop_codon,2868824,ATG,1.14,False,WP_048172667.1,1,96.947,2868824,ATG,2868824,ATG,現行アノテーションを支持
MA_RS12095,MA_2332,2870009,ATG,False,0,stop_codon,2870009,ATG,1.23,False,WP_231589788.1,23,89.051,2870009,ATG,2870009,ATG,現行アノテーションを支持
MA_RS12100,MA_2333,2871047,ATG,False,0,stop_codon,2871047,ATG,1.07,False,WP_048171969.1,1,89.63,2871047,ATG,2871047,ATG,現行アノテーションを支持
MA_RS12110,MA_2335,2872703,TTG,False,1,stop_codon,2872604,ATG,1.39,False,WP_231589774.1,34,89.426,2872604,ATG,2872604,ATG,中確信度: 上流への延長の可能性(片方の証拠のみ)
MA_RS12115,MA_2337,2875248,ATG,False,1,stop_codon,2875239,TTG,1.18,False,WP_394296895.1,1,85.824,2875239,TTG,2875239,TTG,中確信度: 上流への延長の可能性(片方の証拠のみ)
MA_RS26995,MA_2338,2878365,ATC,True,0,stop_codon,2878365,ATC,1.01,False,WP_082088976.1,1,91.379,2878365,ATC,2878365,ATC,現行アノテーションを支持
MA_RS12125,MA_2339,2879501,ATG,False,0,stop_codon,2879501,ATG,3.69,True,WP_048172534.1,1,90.496,2879501,ATG,2879501,ATG,現行アノテーションを支持
MA_RS12130,MA_2340,2879753,ATG,False,1,stop_codon,2879750,TTG,1.59,False,WP_231589773.1,16,78.571,2879750,TTG,2879750,TTG,中確信度: 上流への延長の可能性(片方の証拠のみ)
MA_RS12135,MA_2341,2880905,TTG,False,1,stop_codon,2880968,ATG,1.77,False,WP_048172525.1,1,95.238,2880968,ATG,2880968,ATG,中確信度: 上流への延長の可能性(片方の証拠のみ)
MA_RS12140,MA_2342,2881679,ATG,False,2,stop_codon,2881706,ATG,3.32,True,WP_231589772.1,10,91.011,2881706,ATG,2881706,ATG,高確信度: 上流への延長を提案(RNA-seq・BLAST一致)
MA_RS12145,MA_2343,2882418,ATG,False,2,stop_codon,2882406,ATG,3.09,True,WP_048137812.1,16,32.203,2882394,ATG,,,要確認: RNA-seqとBLASTが異なる候補を支持
MA_RS27000,,2884509,TTG,False,0,stop_codon,2884509,TTG,2.73,False,,,,,,2884509,TTG,現行アノテーションを支持
MA_RS12150,MA_2344,2885592,TTG,False,0,stop_codon,2885592,TTG,1.17,False,WP_048138496.1,11,77.778,2885592,TTG,2885592,TTG,現行アノテーションを支持
MA_RS12155,MA_2345,2886316,ATG,False,1,stop_codon,2886295,TTG,1.28,False,WP_231589771.1,10,94.545,2886295,TTG,2886295,TTG,中確信度: 上流への延長の可能性(片方の証拠のみ)
MA_RS12160,MA_2346,2888933,ATT,True,0,stop_codon,2888933,ATT,2.59,False,WP_082089014.1,1,90.719,2888933,ATT,2888933,ATT,現行アノテーションを支持
MA_RS12165,MA_2347,2889363,GTG,False,1,stop_codon,2889363,GTG,1.85,False,WP_048172522.1,8,95.556,2889342,TTG,2889342,TTG,中確信度: 上流への延長の可能性(片方の証拠のみ)
MA_RS12170,MA_2348,2893050,ATG,False,0,stop_codon,2893050,ATG,0.98,False,WP_197080263.1,18,94.915,2893050,ATG,2893050,ATG,現行アノテーションを支持
MA_RS12175,MA_2349,2894222,ATG,False,0,stop_codon,2894222,ATG,1.55,False,WP_048172519.1,1,94.675,2894222,ATG,2894222,ATG,現行アノテーションを支持
MA_RS12180,MA_2350,2895198,ATG,False,0,stop_codon,2895198,ATG,3.82,True,WP_048172515.1,1,93.612,2895198,ATG,2895198,ATG,現行アノテーションを支持
MA_RS12185,MA_2351,2899467,ATG,False,0,stop_codon,2899467,ATG,1.12,False,WP_048142817.1,1,81.905,2899467,ATG,2899467,ATG,現行アノテーションを支持
MA_RS28620,MA_2352,2900545,GTG,False,0,neighbor_gene,2900545,GTG,1.0,False,WP_052721749.1,2,83.761,2900545,GTG,2900545,GTG,現行アノテーションを支持
MA_RS28625,,2900668,GTG,False,0,stop_codon,2900668,GTG,1.05,False,WP_080941609.1,1,86.486,2900668,GTG,2900668,GTG,現行アノテーションを支持
MA_RS12195,MA_2353,2901238,ATG,False,0,stop_codon,2901238,ATG,4.18,True,WP_048172852.1,1,75.336,2901238,ATG,2901238,ATG,現行アノテーションを支持
MA_RS12200,MA_2354,2903443,ATG,False,0,stop_codon,2903443,ATG,1.18,False,WP_052712816.1,12,51.929,2903443,ATG,2903443,ATG,現行アノテーションを支持
MA_RS27010,,2903817,ATG,False,0,stop_codon,2903817,ATG,1.05,False,,,,,,2903817,ATG,現行アノテーションを支持
MA_RS12205,MA_2355,2905242,TTG,False,0,stop_codon,2905242,TTG,0.77,False,,,,,,2905242,TTG,現行アノテーションを支持
MA_RS12210,,2906877,ATG,False,0,stop_codon,2906877,ATG,0.96,False,WP_048182305.1,1,91.262,2906877,ATG,2906877,ATG,現行アノテーションを支持
MA_RS12225,MA_2358,2908647,ATG,False,0,stop_codon,2908647,ATG,1.21,False,WP_048038523.1,1,87.708,2908647,ATG,2908647,ATG,現行アノテーションを支持
MA_RS29425,MA_2359,2910491,ATG,False,0,neighbor_gene,2910491,ATG,0.72,False,WP_048038523.1,1,85.597,2910491,ATG,2910491,ATG,現行アノテーションを支持
MA_RS12235,MA_2360,2912153,GTG,False,4,neighbor_gene,2912111,GTG,1.14,False,,,,,,2912153,GTG,現行アノテーションを支持
MA_RS12240,MA_2361,2912899,ATG,False,0,neighbor_gene,2912899,ATG,1.05,False,,,,,,2912899,ATG,現行アノテーションを支持
MA_RS12245,MA_2362,2917652,ATG,False,1,stop_codon,2917679,TTG,0.87,False,WP_048171266.1,10,93.184,2917679,TTG,2917679,TTG,中確信度: 上流への延長の可能性(片方の証拠のみ)
MA_RS12250,MA_2363,2918955,ATG,False,1,stop_codon,2918973,ATG,22.43,True,WP_048171268.1,7,97.483,2918973,ATG,2918973,ATG,高確信度: 上流への延長を提案(RNA-seq・BLAST一致)
MA_RS12255,MA_2364,2921201,ATG,False,0,stop_codon,2921201,ATG,2.76,False,WP_048171269.1,1,98.974,2921201,ATG,2921201,ATG,現行アノテーションを支持
MA_RS12260,MA_2365,2923976,ATG,False,0,stop_codon,2923976,ATG,1.36,False,WP_048171271.1,1,92.992,2923976,ATG,2923976,ATG,現行アノテーションを支持
MA_RS27015,,2924411,TTG,False,0,stop_codon,2924411,TTG,1.22,False,WP_156158813.1,1,85.417,2924411,TTG,2924411,TTG,現行アノテーションを支持
MA_RS12265,MA_2366,2925885,ATG,False,2,stop_codon,2925885,ATG,2.38,False,WP_231590466.1,6,98.291,2925921,ATG,2925921,ATG,中確信度: 上流への延長の可能性(片方の証拠のみ)
MA_RS12270,MA_2367,2926166,ATG,False,0,stop_codon,2926166,ATG,39.65,True,WP_011022341.1,1,100.0,2926166,ATG,2926166,ATG,現行アノテーションを支持
MA_RS25535,,2926380,ATG,False,0,stop_codon,2926380,ATG,0.68,False,WP_048171276.1,1,98.667,2926380,ATG,2926380,ATG,現行アノテーションを支持
MA_RS28630,,2926933,GTG,False,0,stop_codon,2926933,GTG,0.89,False,WP_048171282.1,1,51.852,2926933,GTG,2926933,GTG,現行アノテーションを支持
MA_RS12280,MA_2369,2928777,ATG,False,0,stop_codon,2928777,ATG,1.02,False,WP_048171278.1,1,80.473,2928777,ATG,2928777,ATG,現行アノテーションを支持
MA_RS12285,,2928934,ATG,False,0,stop_codon,2928934,ATG,1.1,False,WP_048171280.1,1,100.0,2928934,ATG,2928934,ATG,現行アノテーションを支持
MA_RS12290,MA_2370,2930611,ATG,False,0,stop_codon,2930611,ATG,1.09,False,WP_048171282.1,1,87.946,2930611,ATG,2930611,ATG,現行アノテーションを支持
MA_RS12295,MA_2371,2931831,ATG,False,0,stop_codon,2931831,ATG,0.72,False,,,,,,2931831,ATG,現行アノテーションを支持
MA_RS12300,MA_2372,2935383,ATG,False,0,stop_codon,2935383,ATG,1.04,False,WP_048171286.1,1,77.797,2935383,ATG,2935383,ATG,現行アノテーションを支持
MA_RS12305,MA_2373,2938998,ATG,False,1,stop_codon,2939007,GTG,0.94,False,WP_048171288.1,4,86.885,2939007,GTG,2939007,GTG,中確信度: 上流への延長の可能性(片方の証拠のみ)
MA_RS12310,MA_2374,2939704,ATG,False,1,stop_codon,2939704,ATG,2.67,False,WP_011032107.1,7,94.737,2939722,GTG,2939722,GTG,中確信度: 上流への延長の可能性(片方の証拠のみ)
MA_RS12320,MA_2375,2940555,ATG,False,0,stop_codon,2940555,ATG,10.6,True,WP_048172356.1,1,91.633,2940555,ATG,2940555,ATG,現行アノテーションを支持
MA_RS12325,MA_2376,2941685,ATG,False,0,stop_codon,2941685,ATG,3.7,True,WP_048036797.1,1,91.176,2941685,ATG,2941685,ATG,現行アノテーションを支持
MA_RS12335,MA_2378,2943596,ATG,False,0,stop_codon,2943596,ATG,3.65,True,WP_011021898.1,1,99.299,2943596,ATG,2943596,ATG,現行アノテーションを支持
MA_RS12340,MA_2379,2943739,ATA,True,0,stop_codon,2943739,ATA,1.24,False,WP_048036835.1,1,80.303,2943739,ATA,2943739,ATA,現行アノテーションを支持
MA_RS12345,MA_2380,2944122,ATG,False,2,stop_codon,2944110,GTG,1.94,False,WP_048174695.1,5,98.246,2944110,GTG,2944110,GTG,中確信度: 上流への延長の可能性(片方の証拠のみ)
MA_RS12350,MA_2381,2946044,ATG,False,0,neighbor_gene,2946044,ATG,0.96,False,WP_082088960.1,16,91.256,2946044,ATG,2946044,ATG,現行アノテーションを支持
MA_RS12355,MA_2382,2947064,ATG,False,0,neighbor_gene,2947064,ATG,1.42,False,WP_048172352.1,1,93.134,2947064,ATG,2947064,ATG,現行アノテーションを支持
MA_RS12360,MA_2383,2949460,TTG,False,0,stop_codon,2949460,TTG,1.36,False,WP_048174694.1,1,93.955,2949460,TTG,2949460,TTG,現行アノテーションを支持
MA_RS12365,MA_2384,2950991,ATG,False,3,stop_codon,2950952,TTG,1.69,False,WP_231589760.1,30,89.598,2950904,GTG,2950904,GTG,中確信度: 上流への延長の可能性(片方の証拠のみ)
MA_RS28640,,2954118,ATG,False,0,stop_codon,2954118,ATG,1.06,False,WP_181952231.1,1,72.414,2954118,ATG,2954118,ATG,現行アノテーションを支持
MA_RS28645,MA_2385,2954363,GTG,False,0,stop_codon,2954363,GTG,0.92,False,WP_230668837.1,3,70.423,2954363,GTG,2954363,GTG,現行アノテーションを支持
MA_RS12375,MA_2386,2955023,ATG,False,2,stop_codon,2955008,ATG,0.99,False,WP_048172348.1,6,93.605,2955008,ATG,2955008,ATG,中確信度: 上流への延長の可能性(片方の証拠のみ)
MA_RS12380,MA_2387,2956182,ATG,False,2,stop_codon,2956209,ATG,2.11,False,WP_048174693.1,10,97.778,2956209,ATG,2956209,ATG,中確信度: 上流への延長の可能性(片方の証拠のみ)
MA_RS12390,MA_2388,2957511,ATG,False,0,stop_codon,2957511,ATG,1.1,False,WP_048172346.1,1,96.992,2957511,ATG,2957511,ATG,現行アノテーションを支持
MA_RS12395,MA_2389,2957878,ATG,False,2,stop_codon,2957887,GTG,1.58,False,WP_048065388.1,11,100.0,2957908,TTG,2957908,TTG,中確信度: 上流への延長の可能性(片方の証拠のみ)
MA_RS27025,,2958338,TTG,False,0,stop_codon,2958338,TTG,2.14,False,,,,,,2958338,TTG,現行アノテーションを支持
MA_RS12400,MA_2390,2958578,GTG,False,0,neighbor_gene,2958578,GTG,1.34,False,WP_048172343.1,1,93.506,2958578,GTG,2958578,GTG,現行アノテーションを支持
MA_RS12405,MA_2391,2961448,ATG,False,3,stop_codon,2961328,TTG,11.61,True,WP_048172337.1,67,91.617,2961250,TTG,,,要確認: RNA-seqとBLASTが異なる候補を支持
MA_RS12410,MA_2393,2964924,ATG,False,0,stop_codon,2964924,ATG,2.57,False,WP_011021898.1,1,99.533,2964924,ATG,2964924,ATG,現行アノテーションを支持
MA_RS25545,,2965388,ATG,False,1,stop_codon,2965388,ATG,6.57,True,WP_181952266.1,9,50.0,2965364,GTG,2965364,GTG,中確信度: 上流への延長の可能性(片方の証拠のみ)
MA_RS12415,MA_2394,2965720,ATG,False,2,stop_codon,2965714,GTG,1.21,False,,,,,,2965720,ATG,現行アノテーションを支持
MA_RS12420,MA_2395,2966285,TTG,False,0,stop_codon,2966285,TTG,1.09,False,,,,,,2966285,TTG,現行アノテーションを支持
MA_RS12425,MA_2396,2966867,TTG,False,2,stop_codon,2966867,TTG,1.02,False,,,,,,2966867,TTG,現行アノテーションを支持
MA_RS12430,,2967083,ATG,False,0,stop_codon,2967083,ATG,1.0,False,WP_048172458.1,1,76.271,2967083,ATG,2967083,ATG,現行アノテーションを支持
MA_RS24605,MA_2397,2967941,ATA,True,0,stop_codon,2967941,ATA,1.09,False,WP_052721619.1,1,89.969,2967941,ATA,2967941,ATA,現行アノテーションを支持
MA_RS28650,,2970963,ATG,False,0,stop_codon,2970963,ATG,0.96,False,,,,,,2970963,ATG,現行アノテーションを支持
MA_RS12445,MA_2398,2970898,ATT,True,0,stop_codon,2970898,ATT,1.59,False,WP_048172454.1,1,88.75,2970898,ATT,2970898,ATT,現行アノテーションを支持
MA_RS25550,MA_2399,2971346,ATG,False,0,stop_codon,2971346,ATG,1.48,False,WP_187151730.1,1,96.618,2971346,ATG,2971346,ATG,現行アノテーションを支持
MA_RS12455,MA_2400,2972823,ATG,False,0,stop_codon,2972823,ATG,1.6,False,WP_048172453.1,1,90.726,2972823,ATG,2972823,ATG,現行アノテーションを支持
MA_RS12460,MA_2401,2973692,ATG,False,0,stop_codon,2973692,ATG,3.09,True,WP_048172451.1,1,89.767,2973692,ATG,2973692,ATG,現行アノテーションを支持
MA_RS12470,MA_2403,2974508,ATG,False,0,stop_codon,2974508,ATG,6.35,True,WP_048172447.1,1,94.179,2974508,ATG,2974508,ATG,現行アノテーションを支持
MA_RS12475,MA_2404,2975931,GTG,False,0,stop_codon,2975931,GTG,1.12,False,WP_231589768.1,1,90.232,2975931,GTG,2975931,GTG,現行アノテーションを支持
MA_RS12485,MA_2406,2979587,ATT,True,0,stop_codon,2979587,ATT,1.44,False,WP_394297487.1,61,50.0,2979587,ATT,2979587,ATT,現行アノテーションを支持
MA_RS12490,MA_2407,2980598,ATG,False,0,stop_codon,2980598,ATG,1.31,False,WP_048172443.1,1,95.27,2980598,ATG,2980598,ATG,現行アノテーションを支持
MA_RS12495,,2981392,ATG,False,1,stop_codon,2981395,TTG,1.08,False,WP_048172441.1,2,95.238,2981395,TTG,2981395,TTG,中確信度: 上流への延長の可能性(片方の証拠のみ)
MA_RS12500,MA_2408,2982961,ATG,False,0,stop_codon,2982961,ATG,1.57,False,WP_048172439.1,1,89.593,2982961,ATG,2982961,ATG,現行アノテーションを支持
MA_RS12505,MA_2409,2983888,TTG,False,0,stop_codon,2983888,TTG,1.12,False,WP_231588177.1,1,81.784,2983888,TTG,2983888,TTG,現行アノテーションを支持
MA_RS12510,MA_2410,2984190,ATG,False,0,stop_codon,2984190,ATG,23.57,True,WP_048174714.1,1,92.265,2984190,ATG,2984190,ATG,現行アノテーションを支持
MA_RS12515,MA_2411,2985514,TTG,False,0,stop_codon,2985514,TTG,1.02,False,,,,,,2985514,TTG,現行アノテーションを支持
MA_RS12520,MA_2412,2986018,ATG,False,0,stop_codon,2986018,ATG,0.95,False,WP_048171385.1,1,85.797,2986018,ATG,2986018,ATG,現行アノテーションを支持
MA_RS12525,MA_2413,2987304,ATG,False,0,stop_codon,2987304,ATG,3.88,True,WP_158024244.1,235,26.596,2987304,ATG,2987304,ATG,現行アノテーションを支持
MA_RS28655,,2989558,ATG,False,0,stop_codon,2989558,ATG,1.12,False,WP_048171388.1,1,96.753,2989558,ATG,2989558,ATG,現行アノテーションを支持
MA_RS12530,MA_2414,2990012,ATG,False,2,max_distance,2989838,TTG,1.05,False,WP_048171388.1,62,98.319,2989838,TTG,2989838,TTG,中確信度: 上流への延長の可能性(片方の証拠のみ)
MA_RS12535,MA_2415,2991091,ATG,False,0,stop_codon,2991091,ATG,0.9,False,WP_048171389.1,42,35.694,2991091,ATG,2991091,ATG,現行アノテーションを支持
MA_RS12540,MA_2416,2992269,ATG,False,0,neighbor_gene,2992269,ATG,0.91,False,,,,,,2992269,ATG,現行アノテーションを支持
MA_RS12545,MA_2417,2993100,ATG,False,0,neighbor_gene,2993100,ATG,0.95,False,WP_048171394.1,1,97.721,2993100,ATG,2993100,ATG,現行アノテーションを支持
MA_RS12550,MA_2418,2995208,ATG,False,0,stop_codon,2995208,ATG,0.95,False,WP_048171396.1,1,96.335,2995208,ATG,2995208,ATG,現行アノテーションを支持
MA_RS12555,MA_2419,2999253,ATG,False,0,stop_codon,2999253,ATG,1.07,False,WP_156158819.1,8,95.714,2999253,ATG,2999253,ATG,現行アノテーションを支持
MA_RS12560,MA_2420,2999611,ATG,False,0,neighbor_gene,2999611,ATG,1.25,False,,,,,,2999611,ATG,現行アノテーションを支持
MA_RS12565,MA_2421,3000480,ATG,False,2,stop_codon,3000525,TTG,2.37,False,WP_187151890.1,192,89.381,3000528,ATG,3000528,ATG,中確信度: 上流への延長の可能性(片方の証拠のみ)
MA_RS12570,MA_2422,3000967,ATG,False,1,stop_codon,3000940,TTG,1.4,False,WP_048171398.1,10,94.382,3000940,TTG,3000940,TTG,中確信度: 上流への延長の可能性(片方の証拠のみ)
MA_RS12575,MA_2423,3001749,ATG,False,1,stop_codon,3001749,ATG,7.63,True,WP_048171399.1,2,85.782,3001746,TTG,3001746,TTG,中確信度: 上流への延長の可能性(片方の証拠のみ)
MA_RS12580,MA_2424,3003323,ATG,False,0,stop_codon,3003323,ATG,1.13,False,WP_048171401.1,1,95.305,3003323,ATG,3003323,ATG,現行アノテーションを支持
MA_RS12595,MA_2426,3005565,ATG,False,2,stop_codon,3005565,ATG,1.04,False,WP_048171406.1,5,97.189,3005553,ATG,3005553,ATG,中確信度: 上流への延長の可能性(片方の証拠のみ)
MA_RS12600,MA_2427,3008758,ATG,False,0,stop_codon,3008758,ATG,26.61,True,WP_048171407.1,1,86.788,3008758,ATG,3008758,ATG,現行アノテーションを支持
MA_RS27030,,3009987,ATG,False,0,stop_codon,3009987,ATG,5.31,True,,,,,,3009987,ATG,現行アノテーションを支持
MA_RS12605,MA_2428,3011258,ATG,False,2,stop_codon,3011309,ATG,1.56,False,WP_048171411.1,18,90.476,3011309,ATG,3011309,ATG,中確信度: 上流への延長の可能性(片方の証拠のみ)
MA_RS12610,MA_2429,3011832,ATG,False,1,stop_codon,3011751,ATG,298.88,True,WP_231590474.1,28,83.756,3011751,ATG,3011751,ATG,高確信度: 上流への延長を提案(RNA-seq・BLAST一致)
MA_RS12620,MA_2430,3016349,ATG,False,0,stop_codon,3016349,ATG,1.17,False,WP_148705163.1,7,82.87,3016349,ATG,3016349,ATG,現行アノテーションを支持
MA_RS12625,MA_2431,3019578,ATG,False,0,stop_codon,3019578,ATG,1.62,False,WP_048171413.1,1,96.125,3019578,ATG,3019578,ATG,現行アノテーションを支持
MA_RS27035,,3020251,ATG,False,2,stop_codon,3020269,TTG,1.62,False,WP_158024051.1,22,85.714,3020269,TTG,3020269,TTG,中確信度: 上流への延長の可能性(片方の証拠のみ)
MA_RS12630,MA_2432,3021894,ATG,False,0,stop_codon,3021894,ATG,2.13,False,WP_048171325.1,1,92.982,3021894,ATG,3021894,ATG,現行アノテーションを支持
MA_RS12635,MA_2433,3023146,ATG,False,0,stop_codon,3023146,ATG,1.06,False,WP_048171323.1,1,91.946,3023146,ATG,3023146,ATG,現行アノテーションを支持
MA_RS12640,MA_2434,3024744,ATG,False,0,neighbor_gene,3024744,ATG,0.81,False,WP_048171322.1,1,93.996,3024744,ATG,3024744,ATG,現行アノテーションを支持
MA_RS12645,MA_2435,3025747,ATG,False,0,neighbor_gene,3025747,ATG,1.0,False,WP_048171320.1,1,87.234,3025747,ATG,3025747,ATG,現行アノテーションを支持
MA_RS12650,MA_2436,3026043,ATG,False,0,neighbor_gene,3026043,ATG,0.78,False,WP_048171318.1,1,98.876,3026043,ATG,3026043,ATG,現行アノテーションを支持
MA_RS12655,MA_2437,3026771,ATG,False,0,stop_codon,3026771,ATG,0.96,False,WP_048171316.1,1,95.633,3026771,ATG,3026771,ATG,現行アノテーションを支持
MA_RS12660,MA_2438,3027075,ATG,False,0,stop_codon,3027075,ATG,0.56,False,WP_048171314.1,1,90.385,3027075,ATG,3027075,ATG,現行アノテーションを支持
MA_RS12665,MA_2439,3027406,ATG,False,0,stop_codon,3027406,ATG,1.25,False,WP_048120843.1,1,75.0,3027406,ATG,3027406,ATG,現行アノテーションを支持
MA_RS12670,MA_2440,3027803,ATG,False,0,stop_codon,3027803,ATG,0.66,False,WP_048171309.1,1,97.015,3027803,ATG,3027803,ATG,現行アノテーションを支持
MA_RS12675,MA_2441,3029233,ATG,False,1,stop_codon,3029233,ATG,1.08,False,WP_269430813.1,1,96.488,3029254,GTG,3029254,GTG,中確信度: 上流への延長の可能性(片方の証拠のみ)
MA_RS12680,MA_2442,3029809,ATG,False,2,stop_codon,3029770,TTG,1.33,False,WP_048171307.1,14,96.296,3029770,TTG,3029770,TTG,中確信度: 上流への延長の可能性(片方の証拠のみ)
MA_RS12685,MA_2443,3030965,ATG,False,0,stop_codon,3030965,ATG,1.13,False,WP_048171306.1,1,86.391,3030965,ATG,3030965,ATG,現行アノテーションを支持
MA_RS12695,MA_2444,3031777,ATG,False,0,stop_codon,3031777,ATG,1.69,False,WP_048171304.1,1,98.326,3031777,ATG,3031777,ATG,現行アノテーションを支持
MA_RS12700,MA_2445,3032492,TTG,False,2,stop_codon,3032492,TTG,1.01,False,WP_390175971.1,9,92.254,3032468,ATG,3032468,ATG,中確信度: 上流への延長の可能性(片方の証拠のみ)
MA_RS12705,MA_2446,3034630,ATG,False,0,stop_codon,3034630,ATG,2.27,False,WP_048171300.1,1,95.763,3034630,ATG,3034630,ATG,現行アノテーションを支持
MA_RS12710,MA_2447,3035764,ATG,False,0,stop_codon,3035764,ATG,1.17,False,WP_048171298.1,1,97.778,3035764,ATG,3035764,ATG,現行アノテーションを支持
MA_RS12715,MA_2448,3036820,ATG,False,2,stop_codon,3036874,ATG,2.1,False,WP_231590467.1,19,96.657,3036874,ATG,3036874,ATG,中確信度: 上流への延長の可能性(片方の証拠のみ)
MA_RS28660,,3037598,TTG,False,2,stop_codon,3037598,TTG,1.22,False,,,,,,3037598,TTG,現行アノテーションを支持
MA_RS12725,MA_2449,3039723,TTG,False,0,stop_codon,3039723,TTG,1.22,False,WP_048171293.1,1,90.774,3039723,TTG,3039723,TTG,現行アノテーションを支持
MA_RS12730,MA_2450,3040375,ATG,False,0,stop_codon,3040375,ATG,1.96,False,WP_011034911.1,1,82.178,3040375,ATG,3040375,ATG,現行アノテーションを支持
MA_RS12740,MA_2451,3041777,ATG,False,0,stop_codon,3041777,ATG,1.22,False,WP_231590435.1,1,80.972,3041777,ATG,3041777,ATG,現行アノテーションを支持
MA_RS12745,MA_2452,3043180,ATG,False,0,stop_codon,3043180,ATG,9.01,True,WP_048170685.1,1,77.259,3043180,ATG,3043180,ATG,現行アノテーションを支持
MA_RS12750,,3043820,GTG,False,1,stop_codon,3043808,TTG,0.98,False,WP_156157336.1,13,94.231,3043808,TTG,3043808,TTG,中確信度: 上流への延長の可能性(片方の証拠のみ)
MA_RS12755,MA_2453,3043984,ATG,False,0,stop_codon,3043984,ATG,1.47,False,WP_048171251.1,1,99.595,3043984,ATG,3043984,ATG,現行アノテーションを支持
MA_RS12760,MA_2454,3044744,ATG,False,0,neighbor_gene,3044744,ATG,1.08,False,WP_048171249.1,1,99.093,3044744,ATG,3044744,ATG,現行アノテーションを支持
MA_RS12765,MA_2455,3046417,ATG,False,0,neighbor_gene,3046417,ATG,0.99,False,WP_048171248.1,1,99.472,3046417,ATG,3046417,ATG,現行アノテーションを支持
MA_RS12770,MA_2456,3048044,ATG,False,1,stop_codon,3048053,ATG,1.21,False,WP_231590465.1,4,98.837,3048053,ATG,3048053,ATG,中確信度: 上流への延長の可能性(片方の証拠のみ)
MA_RS12780,MA_2457,3050386,ATG,False,1,stop_codon,3050431,ATG,1.83,False,WP_231590464.1,16,89.419,3050431,ATG,3050431,ATG,中確信度: 上流への延長の可能性(片方の証拠のみ)
MA_RS12785,MA_2458,3053443,ATG,False,1,stop_codon,3053443,ATG,1.04,False,WP_048171246.1,13,90.82,3053479,TTG,3053479,TTG,中確信度: 上流への延長の可能性(片方の証拠のみ)
MA_RS12795,MA_2461,3056432,ATG,False,0,stop_codon,3056432,ATG,0.9,False,,,,,,3056432,ATG,現行アノテーションを支持
MA_RS12800,MA_2462,3057607,ATG,False,1,stop_codon,3057610,TTG,0.99,False,WP_048122302.1,3,88.337,3057610,TTG,3057610,TTG,中確信度: 上流への延長の可能性(片方の証拠のみ)
MA_RS12805,MA_2463,3058455,ATG,False,0,stop_codon,3058455,ATG,1.09,False,WP_048122304.1,1,90.78,3058455,ATG,3058455,ATG,現行アノテーションを支持
MA_RS12810,MA_2464,3059416,TTG,False,2,stop_codon,3059416,TTG,1.12,False,WP_230629262.1,72,78.205,3059452,ATG,3059452,ATG,中確信度: 上流への延長の可能性(片方の証拠のみ)
MA_RS12815,MA_2465,3060212,TTG,False,0,stop_codon,3060212,TTG,2.9,False,WP_048154742.1,30,70.093,3060212,TTG,3060212,TTG,現行アノテーションを支持
MA_RS28665,MA_2466,3061074,ATG,False,0,neighbor_gene,3061074,ATG,0.89,False,WP_011021898.1,2,61.333,3061074,ATG,3061074,ATG,現行アノテーションを支持
MA_RS28670,,3061321,GTG,False,0,stop_codon,3061321,GTG,1.0,False,WP_082088898.1,1,96.491,3061321,GTG,3061321,GTG,現行アノテーションを支持
MA_RS12825,,3061648,TTG,False,0,neighbor_gene,3061648,TTG,3.89,True,WP_197080274.1,10,79.167,3061648,TTG,3061648,TTG,現行アノテーションを支持
MA_RS12830,MA_2467,3062409,ATG,False,1,stop_codon,3062409,ATG,1.63,False,WP_231590463.1,6,97.845,3062424,ATG,3062424,ATG,中確信度: 上流への延長の可能性(片方の証拠のみ)
MA_RS12835,MA_2468,3063424,ATG,False,1,neighbor_gene,3063424,ATG,0.94,False,WP_048171243.1,58,92.491,3063589,TTG,3063589,TTG,中確信度: 上流への延長の可能性(片方の証拠のみ)
MA_RS12840,MA_2469,3064528,ATG,False,0,stop_codon,3064528,ATG,0.96,False,WP_048137815.1,1,82.468,3064528,ATG,3064528,ATG,現行アノテーションを支持
MA_RS12850,MA_2472,3065988,ATG,False,0,stop_codon,3065988,ATG,1.55,False,WP_052730863.1,1,92.703,3065988,ATG,3065988,ATG,現行アノテーションを支持
MA_RS12855,MA_2473,3067796,ATG,False,1,stop_codon,3067790,ATG,0.79,False,WP_052730862.1,3,95.167,3067790,ATG,3067790,ATG,中確信度: 上流への延長の可能性(片方の証拠のみ)
MA_RS12860,MA_2474,3070372,ATG,False,0,stop_codon,3070372,ATG,1.42,False,WP_204245315.1,1,90.0,3070372,ATG,3070372,ATG,現行アノテーションを支持
MA_RS12865,MA_2475,3070427,ATC,True,0,stop_codon,3070427,ATC,1.03,False,WP_048140180.1,1,83.251,3070427,ATC,3070427,ATC,現行アノテーションを支持
MA_RS12870,MA_2476,3072889,ATG,False,1,stop_codon,3072919,GTG,0.94,False,WP_048169993.1,78,30.561,3072919,GTG,3072919,GTG,中確信度: 上流への延長の可能性(片方の証拠のみ)
MA_RS12880,MA_2477,3074935,TTG,False,1,stop_codon,3074935,TTG,0.96,False,WP_048169993.1,54,31.985,3074965,ATG,3074965,ATG,中確信度: 上流への延長の可能性(片方の証拠のみ)
MA_RS12885,MA_2478,3075839,ATG,False,0,stop_codon,3075839,ATG,0.82,False,WP_048121050.1,1,44.841,3075839,ATG,3075839,ATG,現行アノテーションを支持
MA_RS12890,MA_2479,3076758,ATG,False,0,stop_codon,3076758,ATG,0.92,False,WP_048037500.1,1,44.194,3076758,ATG,3076758,ATG,現行アノテーションを支持
MA_RS12895,MA_2480,3077627,TTG,False,1,neighbor_gene,3077627,TTG,1.1,False,WP_048121169.1,58,48.846,3077711,TTG,3077711,TTG,中確信度: 上流への延長の可能性(片方の証拠のみ)
MA_RS12900,MA_2481,3078742,ATG,False,0,neighbor_gene,3078742,ATG,1.04,False,WP_048037867.1,14,36.977,3078742,ATG,3078742,ATG,現行アノテーションを支持
MA_RS12905,MA_2482,3080394,ATG,False,0,stop_codon,3080394,ATG,1.69,False,WP_048169993.1,19,32.258,3080394,ATG,3080394,ATG,現行アノテーションを支持
MA_RS12910,MA_2483,3080771,ATG,False,0,stop_codon,3080771,ATG,1.02,False,,,,,,3080771,ATG,現行アノテーションを支持
MA_RS12915,MA_2484,3082129,ATG,False,0,stop_codon,3082129,ATG,0.83,False,WP_048037867.1,14,44.127,3082129,ATG,3082129,ATG,現行アノテーションを支持
MA_RS12920,MA_2485,3082971,ATG,False,1,neighbor_gene,3082971,ATG,0.91,False,WP_048118984.1,23,24.444,3082992,TTG,3082992,TTG,中確信度: 上流への延長の可能性(片方の証拠のみ)
MA_RS12925,MA_2486,3084644,ATG,False,2,stop_codon,3084644,ATG,1.43,False,WP_048169993.1,46,34.195,3084650,ATG,3084650,ATG,中確信度: 上流への延長の可能性(片方の証拠のみ)
MA_RS12935,,3085209,TTG,False,0,stop_codon,3085209,TTG,1.1,False,,,,,,3085209,TTG,現行アノテーションを支持
MA_RS12940,MA_2488,3086065,ATG,False,1,stop_codon,3086065,ATG,1.56,False,WP_048121719.1,7,92.07,3086083,ATG,3086083,ATG,中確信度: 上流への延長の可能性(片方の証拠のみ)
MA_RS12945,MA_2489,3087322,ATG,False,0,stop_codon,3087322,ATG,2.48,False,WP_048140167.1,1,90.488,3087322,ATG,3087322,ATG,現行アノテーションを支持
MA_RS12950,MA_2490,3088591,ATG,False,0,neighbor_gene,3088591,ATG,1.02,False,WP_048157019.1,1,86.889,3088591,ATG,3088591,ATG,現行アノテーションを支持
MA_RS12955,MA_2491,3089766,ATG,False,0,stop_codon,3089766,ATG,1.3,False,WP_048172905.1,1,72.396,3089766,ATG,3089766,ATG,現行アノテーションを支持
MA_RS25580,MA_2492,3089878,ATG,False,0,stop_codon,3089878,ATG,1.55,False,WP_011021898.1,1,99.242,3089878,ATG,3089878,ATG,現行アノテーションを支持
MA_RS12965,MA_2493,3091552,ATG,False,0,stop_codon,3091552,ATG,1.35,False,WP_048155695.1,5,73.81,3091552,ATG,3091552,ATG,現行アノテーションを支持
MA_RS12970,MA_2494,3093760,ATG,False,0,stop_codon,3093760,ATG,1.61,False,WP_011032831.1,1,89.862,3093760,ATG,3093760,ATG,現行アノテーションを支持
MA_RS12975,MA_2495,3094066,ATG,False,0,stop_codon,3094066,ATG,3.1,True,WP_048171233.1,1,93.694,3094066,ATG,3094066,ATG,現行アノテーションを支持
MA_RS12980,MA_2496,3094832,ATG,False,1,stop_codon,3094832,ATG,1.78,False,WP_048171231.1,8,90.114,3094811,TTG,3094811,TTG,中確信度: 上流への延長の可能性(片方の証拠のみ)
MA_RS12985,MA_2497,3095829,TTG,False,2,stop_codon,3095817,TTG,1.29,False,WP_048171229.1,5,93.571,3095817,TTG,3095817,TTG,中確信度: 上流への延長の可能性(片方の証拠のみ)
MA_RS12990,MA_2498,3096671,ATG,False,0,stop_codon,3096671,ATG,0.78,False,WP_048171228.1,1,96.429,3096671,ATG,3096671,ATG,現行アノテーションを支持
MA_RS12995,MA_2499,3098651,ATG,False,2,stop_codon,3098651,ATG,2.65,False,WP_048171226.1,16,94.891,3098696,TTG,3098696,TTG,中確信度: 上流への延長の可能性(片方の証拠のみ)
MA_RS13000,MA_2500,3099660,TTG,False,0,stop_codon,3099660,TTG,0.94,False,WP_048171224.1,1,90.909,3099660,TTG,3099660,TTG,現行アノテーションを支持
MA_RS13005,MA_2501,3102637,ATG,False,0,stop_codon,3102637,ATG,1.04,False,WP_052721564.1,1,96.512,3102637,ATG,3102637,ATG,現行アノテーションを支持
MA_RS13010,MA_2502,3103723,ATG,False,0,stop_codon,3103723,ATG,0.86,False,WP_231590461.1,10,95.793,3103723,ATG,3103723,ATG,現行アノテーションを支持
MA_RS13015,MA_2503,3105366,ATG,False,1,stop_codon,3105375,GTG,1.45,False,WP_048171222.1,1,96.176,3105375,GTG,3105375,GTG,中確信度: 上流への延長の可能性(片方の証拠のみ)
MA_RS13020,MA_2504,3105973,ATG,False,0,stop_codon,3105973,ATG,0.77,False,WP_048171220.1,1,92.063,3105973,ATG,3105973,ATG,現行アノテーションを支持
MA_RS13025,MA_2505,3106551,ATG,False,0,stop_codon,3106551,ATG,1.32,False,WP_048171217.1,1,89.683,3106551,ATG,3106551,ATG,現行アノテーションを支持
MA_RS13030,MA_2506,3107180,ATG,False,1,stop_codon,3107189,ATG,1.12,False,WP_048117870.1,4,73.016,3107189,ATG,3107189,ATG,中確信度: 上流への延長の可能性(片方の証拠のみ)
MA_RS13035,MA_2507,3112775,ATG,False,0,stop_codon,3112775,ATG,0.75,False,WP_048045965.1,1,67.672,3112775,ATG,3112775,ATG,現行アノテーションを支持
MA_RS13040,MA_2508,3113263,ATG,False,1,stop_codon,3113263,ATG,1.52,False,WP_048140133.1,2,97.11,3113260,ATG,3113260,ATG,中確信度: 上流への延長の可能性(片方の証拠のみ)
MA_RS13045,MA_2509,3113836,GTG,False,0,neighbor_gene,3113836,GTG,1.25,False,WP_048140131.1,1,80.128,3113836,GTG,3113836,GTG,現行アノテーションを支持
MA_RS13050,MA_2510,3114624,ATG,False,0,stop_codon,3114624,ATG,1.29,False,WP_048171208.1,1,95.745,3114624,ATG,3114624,ATG,現行アノテーションを支持
MA_RS28675,MA_2511,3118386,GTG,False,0,stop_codon,3118386,GTG,1.29,False,WP_052730842.1,1,76.97,3118386,GTG,3118386,GTG,現行アノテーションを支持
MA_RS13060,MA_2512,3119761,ATG,False,0,stop_codon,3119761,ATG,1.35,False,WP_048171202.1,1,87.838,3119761,ATG,3119761,ATG,現行アノテーションを支持
MA_RS13065,MA_2513,3120606,GTG,False,0,stop_codon,3120606,GTG,1.74,False,WP_048171200.1,1,96.394,3120606,GTG,3120606,GTG,現行アノテーションを支持
MA_RS13070,MA_2514,3121984,ATG,False,1,stop_codon,3121984,ATG,1.04,False,WP_048171196.1,26,93.923,3121909,ATG,3121909,ATG,中確信度: 上流への延長の可能性(片方の証拠のみ)
MA_RS13075,MA_2515,3123286,TTG,False,0,stop_codon,3123286,TTG,0.83,False,WP_048138256.1,7,69.898,3123286,TTG,3123286,TTG,現行アノテーションを支持
MA_RS13085,MA_2517,3126677,GTG,False,0,stop_codon,3126677,GTG,12.74,True,WP_048171194.1,1,94.268,3126677,GTG,3126677,GTG,現行アノテーションを支持
MA_RS13090,MA_2518,3128589,ATG,False,0,stop_codon,3128589,ATG,3.01,True,WP_048171192.1,1,95.333,3128589,ATG,3128589,ATG,現行アノテーションを支持
MA_RS13095,MA_2519,3128887,ATG,False,0,stop_codon,3128887,ATG,1.28,False,WP_048171191.1,1,87.245,3128887,ATG,3128887,ATG,現行アノテーションを支持
MA_RS13100,MA_2520,3131325,ATG,False,0,stop_codon,3131325,ATG,1.24,False,WP_048174579.1,1,90.64,3131325,ATG,3131325,ATG,現行アノテーションを支持
MA_RS13105,MA_2521,3131961,ATG,False,1,stop_codon,3131961,ATG,1.15,False,WP_231590459.1,3,92.308,3131955,ATG,3131955,ATG,中確信度: 上流への延長の可能性(片方の証拠のみ)
MA_RS28690,,3133349,ATG,False,3,stop_codon,3133241,TTG,1.48,False,WP_048155827.1,32,60.417,3133241,TTG,3133241,TTG,中確信度: 上流への延長の可能性(片方の証拠のみ)
MA_RS13120,MA_2523,3133591,ATG,False,1,stop_codon,3133591,ATG,1.73,False,WP_230669128.1,10,81.359,3133573,TTG,3133573,TTG,中確信度: 上流への延長の可能性(片方の証拠のみ)
MA_RS13125,MA_2524,3135636,ATG,False,1,stop_codon,3135618,TTG,1.38,False,WP_230669128.1,10,79.688,3135618,TTG,3135618,TTG,中確信度: 上流への延長の可能性(片方の証拠のみ)
MA_RS13130,MA_2525,3136231,ATG,False,0,stop_codon,3136231,ATG,0.77,False,WP_230669126.1,3,79.919,3136231,ATG,3136231,ATG,現行アノテーションを支持
MA_RS13135,MA_2526,3140780,ATG,False,2,stop_codon,3140792,GTG,1.32,False,WP_048155457.1,7,85.965,3140798,TTG,3140798,TTG,中確信度: 上流への延長の可能性(片方の証拠のみ)
MA_RS13145,MA_2527,3142648,ATG,False,0,stop_codon,3142648,ATG,13.07,True,WP_048172983.1,1,87.838,3142648,ATG,3142648,ATG,現行アノテーションを支持
MA_RS13150,MA_2528,3144546,ATG,False,0,stop_codon,3144546,ATG,1.64,False,,,,,,3144546,ATG,現行アノテーションを支持
MA_RS13155,MA_2529,3145373,ATG,False,2,stop_codon,3145373,ATG,2.02,False,WP_197071768.1,157,86.161,3145301,TTG,3145301,TTG,中確信度: 上流への延長の可能性(片方の証拠のみ)
MA_RS13160,MA_2530,3146656,ATG,False,1,stop_codon,3146656,ATG,0.82,False,WP_148704520.1,1,77.358,3146650,ATG,3146650,ATG,中確信度: 上流への延長の可能性(片方の証拠のみ)
MA_RS13165,MA_2531,3147694,ATG,False,0,stop_codon,3147694,ATG,0.86,False,WP_082089362.1,1,92.771,3147694,ATG,3147694,ATG,現行アノテーションを支持
MA_RS13170,MA_2532,3149150,ATG,False,0,stop_codon,3149150,ATG,2.39,False,WP_048172976.1,1,92.893,3149150,ATG,3149150,ATG,現行アノテーションを支持
MA_RS13175,MA_2533,3149406,GTG,False,0,stop_codon,3149406,GTG,1.2,False,WP_052721654.1,1,93.564,3149406,GTG,3149406,GTG,現行アノテーションを支持
MA_RS13180,MA_2534,3150613,ATG,False,1,stop_codon,3150613,ATG,0.51,False,,,,,,3150613,ATG,現行アノテーションを支持
MA_RS13185,MA_2535,3152694,ATG,False,0,stop_codon,3152694,ATG,1.78,False,WP_231589823.1,12,93.26,3152694,ATG,3152694,ATG,現行アノテーションを支持
MA_RS13190,MA_2536,3154293,ATG,False,0,stop_codon,3154293,ATG,296.22,True,WP_052721653.1,1,94.048,3154293,ATG,3154293,ATG,現行アノテーションを支持
MA_RS13195,MA_2537,3154803,ATG,False,1,stop_codon,3154803,ATG,1.5,False,WP_048174868.1,5,51.691,3154791,TTG,3154791,TTG,中確信度: 上流への延長の可能性(片方の証拠のみ)
MA_RS13200,MA_2538,3155501,ATG,False,0,stop_codon,3155501,ATG,3.46,True,WP_011021898.1,1,99.766,3155501,ATG,3155501,ATG,現行アノテーションを支持
MA_RS13210,MA_2540,3158011,ATG,False,0,stop_codon,3158011,ATG,2.09,False,WP_048171110.1,1,96.28,3158011,ATG,3158011,ATG,現行アノテーションを支持
MA_RS13215,MA_2541,3160756,ATG,False,1,stop_codon,3160801,TTG,3.36,True,WP_231590454.1,16,92.617,3160801,TTG,3160801,TTG,高確信度: 上流への延長を提案(RNA-seq・BLAST一致)
MA_RS13220,MA_2542,3161658,ATG,False,0,stop_codon,3161658,ATG,1.06,False,WP_048171114.1,1,94.57,3161658,ATG,3161658,ATG,現行アノテーションを支持
MA_RS13225,MA_2543,3163042,ATG,False,0,stop_codon,3163042,ATG,1.27,False,WP_048171116.1,1,86.93,3163042,ATG,3163042,ATG,現行アノテーションを支持
MA_RS13230,MA_2544,3164339,ATG,False,1,stop_codon,3164339,ATG,1.05,False,WP_048171118.1,29,96.296,3164255,ATG,3164255,ATG,中確信度: 上流への延長の可能性(片方の証拠のみ)
MA_RS13235,MA_2545,3164908,TTG,False,2,stop_codon,3164887,ATG,2.24,False,WP_231590455.1,8,89.181,3164887,ATG,3164887,ATG,中確信度: 上流への延長の可能性(片方の証拠のみ)
MA_RS13240,MA_2546,3166042,ATG,False,0,stop_codon,3166042,ATG,2.19,False,WP_048171123.1,1,92.402,3166042,ATG,3166042,ATG,現行アノテーションを支持
MA_RS13245,MA_2547,3167629,ATG,False,0,stop_codon,3167629,ATG,1.69,False,WP_048171125.1,1,93.548,3167629,ATG,3167629,ATG,現行アノテーションを支持
MA_RS13250,MA_2548,3169729,ATG,False,0,stop_codon,3169729,ATG,1.11,False,WP_187151879.1,1,93.269,3169729,ATG,3169729,ATG,現行アノテーションを支持
MA_RS13255,MA_2549,3170677,ATG,False,0,neighbor_gene,3170677,ATG,1.41,False,WP_048171127.1,1,97.484,3170677,ATG,3170677,ATG,現行アノテーションを支持
MA_RS13260,MA_2550,3172146,ATG,False,0,neighbor_gene,3172146,ATG,1.6,False,WP_048171130.1,1,96.359,3172146,ATG,3172146,ATG,現行アノテーションを支持
MA_RS13265,MA_2551,3173481,ATG,False,0,stop_codon,3173481,ATG,1.24,False,WP_048171132.1,1,95.324,3173481,ATG,3173481,ATG,現行アノテーションを支持
MA_RS13270,MA_2552,3174427,ATG,False,0,stop_codon,3174427,ATG,1.94,False,WP_048171134.1,1,85.175,3174427,ATG,3174427,ATG,現行アノテーションを支持
MA_RS13275,MA_2553,3177712,ATG,False,5,stop_codon,3177757,TTG,2.02,False,WP_048171136.1,16,90.155,3177757,TTG,3177757,TTG,中確信度: 上流への延長の可能性(片方の証拠のみ)
MA_RS13280,MA_2554,3178609,TTG,False,0,stop_codon,3178609,TTG,3.75,True,WP_048171138.1,1,85.537,3178609,TTG,3178609,TTG,現行アノテーションを支持
MA_RS13285,MA_2555,3181599,ATG,False,2,stop_codon,3181698,TTG,4.67,True,WP_048171140.1,1,96.301,3181698,TTG,3181698,TTG,高確信度: 上流への延長を提案(RNA-seq・BLAST一致)
MA_RS13290,MA_2556,3182776,ATG,False,0,stop_codon,3182776,ATG,1.07,False,WP_048171142.1,1,92.203,3182776,ATG,3182776,ATG,現行アノテーションを支持
MA_RS13295,MA_2557,3183435,ATG,False,0,stop_codon,3183435,ATG,1.05,False,WP_048171144.1,1,91.304,3183435,ATG,3183435,ATG,現行アノテーションを支持
MA_RS13300,MA_2558,3183991,ATG,False,0,stop_codon,3183991,ATG,31.88,True,WP_048171145.1,1,97.761,3183991,ATG,3183991,ATG,現行アノテーションを支持
MA_RS13305,MA_2559,3184145,ATG,False,0,stop_codon,3184145,ATG,2.96,False,WP_011035003.1,1,66.667,3184145,ATG,3184145,ATG,現行アノテーションを支持
MA_RS13310,MA_2560,3185315,ATG,False,2,stop_codon,3185315,ATG,1.36,False,WP_048171147.1,5,95.205,3185327,ATG,3185327,ATG,中確信度: 上流への延長の可能性(片方の証拠のみ)
MA_RS13315,MA_2561,3186693,ATG,False,0,stop_codon,3186693,ATG,1.92,False,WP_048171149.1,1,96.667,3186693,ATG,3186693,ATG,現行アノテーションを支持
MA_RS27050,,3186804,TTG,False,0,stop_codon,3186804,TTG,1.0,False,,,,,,3186804,TTG,現行アノテーションを支持
MA_RS13325,MA_2563,3188380,ATG,False,0,stop_codon,3188380,ATG,2.74,False,WP_048171152.1,1,88.614,3188380,ATG,3188380,ATG,現行アノテーションを支持
MA_RS13340,MA_2565,3189454,GTG,False,0,stop_codon,3189454,GTG,3.93,True,WP_048172434.1,1,94.834,3189454,GTG,3189454,GTG,現行アノテーションを支持
MA_RS13350,MA_2567,3191623,ATG,False,0,stop_codon,3191623,ATG,3.09,True,WP_011032831.1,1,89.401,3191623,ATG,3191623,ATG,現行アノテーションを支持
MA_RS13355,MA_2568,3193488,ATG,False,0,stop_codon,3193488,ATG,1.19,False,WP_048173322.1,1,93.258,3193488,ATG,3193488,ATG,現行アノテーションを支持
MA_RS13365,MA_2569,3195701,ATG,False,1,stop_codon,3195668,ATG,1.49,False,WP_048173324.1,12,96.084,3195668,ATG,3195668,ATG,中確信度: 上流への延長の可能性(片方の証拠のみ)
MA_RS13370,MA_2570,3196686,ATG,False,0,stop_codon,3196686,ATG,1.09,False,WP_048173326.1,1,94.258,3196686,ATG,3196686,ATG,現行アノテーションを支持
MA_RS13375,MA_2571,3199210,ATG,False,0,stop_codon,3199210,ATG,0.85,False,WP_048173328.1,1,96.831,3199210,ATG,3199210,ATG,現行アノテーションを支持
MA_RS13380,MA_2572,3200285,ATT,True,0,neighbor_gene,3200285,ATT,0.71,False,WP_048173330.1,4,94.277,3200285,ATT,3200285,ATT,現行アノテーションを支持
MA_RS13385,MA_2573,3200802,ATG,False,3,stop_codon,3200859,TTG,4.6,True,WP_048038009.1,20,96.407,3200859,TTG,3200859,TTG,高確信度: 上流への延長を提案(RNA-seq・BLAST一致)
MA_RS13390,MA_2574,3202316,ATG,False,1,stop_codon,3202364,GTG,1.77,False,WP_231589852.1,17,84.831,3202364,GTG,3202364,GTG,中確信度: 上流への延長の可能性(片方の証拠のみ)
MA_RS13395,MA_2575,3202579,ATG,False,0,stop_codon,3202579,ATG,0.93,False,WP_052721667.1,1,84.282,3202579,ATG,3202579,ATG,現行アノテーションを支持
MA_RS13400,MA_2576,3203801,ATG,False,0,stop_codon,3203801,ATG,1.33,False,WP_048173333.1,1,91.781,3203801,ATG,3203801,ATG,現行アノテーションを支持
MA_RS13410,MA_2577,3206153,ATG,False,0,stop_codon,3206153,ATG,1.9,False,WP_011021898.1,1,99.065,3206153,ATG,3206153,ATG,現行アノテーションを支持
MA_RS13420,MA_2579,3207750,ATG,False,0,stop_codon,3207750,ATG,1.28,False,WP_048154708.1,1,80.769,3207750,ATG,3207750,ATG,現行アノテーションを支持
MA_RS24610,MA_2580,3207833,TTG,False,0,stop_codon,3207833,TTG,0.6,False,WP_230669126.1,100,47.342,3207833,TTG,3207833,TTG,現行アノテーションを支持
MA_RS13430,MA_2581,3210990,ATG,False,0,neighbor_gene,3210990,ATG,1.1,False,WP_048045975.1,1,44.898,3210990,ATG,3210990,ATG,現行アノテーションを支持
MA_RS13435,MA_2582,3211331,ATG,False,0,stop_codon,3211331,ATG,4.5,True,WP_048139789.1,12,54.115,3211331,ATG,3211331,ATG,現行アノテーションを支持
MA_RS13440,MA_2583,3213177,GTG,False,0,stop_codon,3213177,GTG,2.69,False,WP_048139538.1,39,48.252,3213177,GTG,3213177,GTG,現行アノテーションを支持
MA_RS13445,MA_2584,3216232,ATG,False,3,max_distance,3216232,ATG,1.27,False,WP_052721707.1,3,74.631,3216451,TTG,3216451,TTG,中確信度: 上流への延長の可能性(片方の証拠のみ)
MA_RS13450,,3216798,ATG,False,0,neighbor_gene,3216798,ATG,0.58,False,,,,,,3216798,ATG,現行アノテーションを支持
MA_RS13455,MA_2585,3217253,ATG,False,0,stop_codon,3217253,ATG,0.81,False,,,,,,3217253,ATG,現行アノテーションを支持
MA_RS13460,MA_2586,3219280,ATG,False,1,neighbor_gene,3219280,ATG,0.65,False,,,,,,3219280,ATG,現行アノテーションを支持
MA_RS13465,,3219534,TTG,False,0,stop_codon,3219534,TTG,0.5,False,WP_048139783.1,1,44.872,3219534,TTG,3219534,TTG,現行アノテーションを支持
MA_RS13470,MA_2587,3219836,ATG,False,0,stop_codon,3219836,ATG,0.66,False,WP_048139781.1,3,63.542,3219836,ATG,3219836,ATG,現行アノテーションを支持
MA_RS13475,MA_2588,3220204,ATG,False,0,stop_codon,3220204,ATG,1.0,False,WP_162197631.1,13,53.153,3220204,ATG,3220204,ATG,現行アノテーションを支持
MA_RS13480,MA_2589,3222234,ATG,False,1,neighbor_gene,3222234,ATG,1.1,False,WP_048139778.1,260,47.696,3222279,ATG,3222279,ATG,中確信度: 上流への延長の可能性(片方の証拠のみ)
MA_RS13485,MA_2590,3222551,ATG,False,0,neighbor_gene,3222551,ATG,1.11,False,WP_048139776.1,1,53.425,3222551,ATG,3222551,ATG,現行アノテーションを支持
MA_RS13490,MA_2591,3223391,ATG,False,0,stop_codon,3223391,ATG,1.07,False,WP_048139774.1,1,61.484,3223391,ATG,3223391,ATG,現行アノテーションを支持
MA_RS13495,MA_2592,3223804,ATG,False,0,neighbor_gene,3223804,ATG,0.82,False,WP_048139772.1,1,62.774,3223804,ATG,3223804,ATG,現行アノテーションを支持
MA_RS13500,MA_2593,3224470,ATG,False,0,neighbor_gene,3224470,ATG,0.82,False,WP_158024130.1,14,36.5,3224470,ATG,3224470,ATG,現行アノテーションを支持
MA_RS13505,MA_2594,3224958,ATG,False,2,stop_codon,3225039,TTG,1.03,False,WP_048139760.1,46,61.589,3225060,TTG,3225060,TTG,中確信度: 上流への延長の可能性(片方の証拠のみ)
MA_RS13515,,3225656,TTG,False,0,stop_codon,3225656,TTG,2.17,False,WP_048139756.1,53,44.0,3225656,TTG,3225656,TTG,現行アノテーションを支持
MA_RS27060,,3225981,ATG,False,4,stop_codon,3225927,TTG,2.11,False,WP_162197629.1,45,51.02,3225849,TTG,3225849,TTG,中確信度: 上流への延長の可能性(片方の証拠のみ)
MA_RS13520,MA_2597,3226127,ATG,False,0,stop_codon,3226127,ATG,0.9,False,,,,,,3226127,ATG,現行アノテーションを支持
MA_RS29815,MA_2598,3226417,ATG,False,1,stop_codon,3226417,ATG,0.92,False,WP_048142256.1,2,37.895,3226414,ATG,3226414,ATG,中確信度: 上流への延長の可能性(片方の証拠のみ)
MA_RS13530,MA_2599,3227526,ATG,False,0,stop_codon,3227526,ATG,1.3,False,WP_048140785.1,26,34.568,3227526,ATG,3227526,ATG,現行アノテーションを支持
MA_RS13535,MA_2600,3228956,ATG,False,0,stop_codon,3228956,ATG,1.51,False,WP_048140363.1,1,49.0,3228956,ATG,3228956,ATG,現行アノテーションを支持
MA_RS29430,,3229321,ATG,False,0,stop_codon,3229321,ATG,1.16,False,WP_048138482.1,6,52.273,3229321,ATG,3229321,ATG,現行アノテーションを支持
MA_RS13540,MA_2601,3229629,ATG,False,0,stop_codon,3229629,ATG,1.07,False,WP_048116338.1,7,34.451,3229629,ATG,3229629,ATG,現行アノテーションを支持
MA_RS13545,,3232318,ATG,False,0,stop_codon,3232318,ATG,0.98,False,WP_048140674.1,1,97.826,3232318,ATG,3232318,ATG,現行アノテーションを支持
MA_RS13550,MA_2602,3234708,ATG,False,1,stop_codon,3234708,ATG,1.59,False,,,,,,3234708,ATG,現行アノテーションを支持
MA_RS13555,MA_2603,3235744,ATG,False,0,stop_codon,3235744,ATG,2.82,False,,,,,,3235744,ATG,現行アノテーションを支持
MA_RS13560,MA_2604,3237081,ATG,False,3,stop_codon,3237174,TTG,1.52,False,WP_158024129.1,135,41.783,3237354,ATG,3237354,ATG,中確信度: 上流への延長の可能性(片方の証拠のみ)
MA_RS13565,MA_2605,3238069,TTG,False,1,stop_codon,3238069,TTG,1.08,False,WP_158024180.1,45,66.187,3238192,ATG,3238192,ATG,中確信度: 上流への延長の可能性(片方の証拠のみ)
MA_RS13570,MA_2606,3238551,ATG,False,0,stop_codon,3238551,ATG,1.02,False,,,,,,3238551,ATG,現行アノテーションを支持
MA_RS13575,,3238972,ATG,False,0,neighbor_gene,3238972,ATG,0.94,False,WP_158024127.1,16,52.632,3238972,ATG,3238972,ATG,現行アノテーションを支持
MA_RS13580,MA_2607,3239365,ATG,False,2,neighbor_gene,3239392,TTG,1.33,False,WP_048140520.1,22,62.016,3239425,TTG,3239425,TTG,中確信度: 上流への延長の可能性(片方の証拠のみ)
MA_RS27070,,3239647,ATG,False,0,stop_codon,3239647,ATG,0.86,False,WP_158024176.1,1,50.909,3239647,ATG,3239647,ATG,現行アノテーションを支持
MA_RS13585,,3239835,ATG,False,1,stop_codon,3239835,ATG,1.19,False,,,,,,3239835,ATG,現行アノテーションを支持
MA_RS27075,,3239972,ATG,False,2,stop_codon,3240002,ATG,0.86,False,,,,,,3239972,ATG,現行アノテーションを支持
MA_RS27080,,3240121,ATG,False,0,stop_codon,3240121,ATG,1.06,False,,,,,,3240121,ATG,現行アノテーションを支持
MA_RS27085,,3240255,ATG,False,0,stop_codon,3240255,ATG,1.22,False,WP_275425562.1,4,46.667,3240255,ATG,3240255,ATG,現行アノテーションを支持
MA_RS13590,,3240612,ATG,False,0,stop_codon,3240612,ATG,11.52,True,WP_158024124.1,16,39.583,3240612,ATG,3240612,ATG,現行アノテーションを支持
MA_RS13595,MA_2609,3240730,ATG,False,0,stop_codon,3240730,ATG,13.16,True,WP_048139720.1,1,60.331,3240730,ATG,3240730,ATG,現行アノテーションを支持
MA_RS13600,MA_2610,3241740,ATG,False,3,stop_codon,3241848,TTG,2.82,False,,,,,,3241740,ATG,現行アノテーションを支持
MA_RS13605,,3241991,ATG,False,0,stop_codon,3241991,ATG,7.7,True,WP_204245328.1,1,52.212,3241991,ATG,3241991,ATG,現行アノテーションを支持
MA_RS27090,,3242685,ATG,False,1,stop_codon,3242562,TTG,1.56,False,WP_231589836.1,1,95.37,3242562,TTG,3242562,TTG,中確信度: 上流への延長の可能性(片方の証拠のみ)
MA_RS29435,MA_2612,3243384,ATG,False,0,neighbor_gene,3243384,ATG,0.9,False,WP_011034586.1,1,70.0,3243384,ATG,3243384,ATG,現行アノテーションを支持
MA_RS13615,MA_2613,3244418,ATG,False,0,stop_codon,3244418,ATG,0.76,False,WP_011034586.1,4,67.449,3244418,ATG,3244418,ATG,現行アノテーションを支持
MA_RS13625,MA_2615,3245589,ATG,False,0,stop_codon,3245589,ATG,2.74,False,WP_048173089.1,1,96.014,3245589,ATG,3245589,ATG,現行アノテーションを支持
MA_RS13630,MA_2616,3246272,ATG,False,0,stop_codon,3246272,ATG,1.09,False,WP_048041028.1,3,85.507,3246272,ATG,3246272,ATG,現行アノテーションを支持
MA_RS13635,MA_2617,3246719,ATG,False,0,stop_codon,3246719,ATG,1.02,False,WP_197071754.1,1,74.59,3246719,ATG,3246719,ATG,現行アノテーションを支持
MA_RS13640,MA_2618,3247261,ATG,False,0,stop_codon,3247261,ATG,5.92,True,WP_048166204.1,1,83.425,3247261,ATG,3247261,ATG,現行アノテーションを支持
MA_RS13645,MA_2619,3248459,TTG,False,1,stop_codon,3248465,ATG,1.83,False,WP_157206033.1,11,36.744,3248465,ATG,3248465,ATG,中確信度: 上流への延長の可能性(片方の証拠のみ)
MA_RS13650,MA_2620,3248967,GTG,False,0,stop_codon,3248967,GTG,0.93,False,,,,,,3248967,GTG,現行アノテーションを支持
MA_RS27095,,3249424,TTG,False,1,stop_codon,3249436,GTG,1.09,False,,,,,,3249424,TTG,現行アノテーションを支持
MA_RS13655,MA_2621,3249431,ATG,False,1,stop_codon,3249404,TTG,1.01,False,,,,,,3249431,ATG,現行アノテーションを支持
MA_RS13660,MA_2622,3250240,ATG,False,1,stop_codon,3250231,GTG,1.64,False,WP_048173086.1,4,98.148,3250231,GTG,3250231,GTG,中確信度: 上流への延長の可能性(片方の証拠のみ)
MA_RS13665,MA_2623,3250870,ATG,False,0,neighbor_gene,3250870,ATG,1.15,False,WP_048140435.1,1,71.765,3250870,ATG,3250870,ATG,現行アノテーションを支持
MA_RS28205,MA_2624,3251341,GTG,False,0,neighbor_gene,3251341,GTG,1.11,False,WP_158024164.1,1,85.106,3251341,GTG,3251341,GTG,現行アノテーションを支持
MA_RS28210,MA_2625,3252049,ATG,False,1,stop_codon,3252076,TTG,25.37,True,WP_158024164.1,10,72.959,3252076,TTG,3252076,TTG,高確信度: 上流への延長を提案(RNA-seq・BLAST一致)
MA_RS13675,MA_2626,3253766,ATG,False,0,stop_codon,3253766,ATG,1.89,False,WP_011032831.1,1,89.631,3253766,ATG,3253766,ATG,現行アノテーションを支持
MA_RS13680,,3254071,ATG,False,1,stop_codon,3254050,TTG,1.07,False,WP_048172637.1,1,90.674,3254050,TTG,3254050,TTG,中確信度: 上流への延長の可能性(片方の証拠のみ)
MA_RS13685,MA_2627,3255085,ATG,False,2,stop_codon,3255085,ATG,1.36,False,WP_048172635.1,8,97.531,3255064,ATG,3255064,ATG,中確信度: 上流への延長の可能性(片方の証拠のみ)
MA_RS13690,MA_2628,3257859,ATG,False,0,stop_codon,3257859,ATG,1.7,False,WP_048172633.1,1,96.055,3257859,ATG,3257859,ATG,現行アノテーションを支持
MA_RS13695,MA_2629,3259009,ATG,False,0,stop_codon,3259009,ATG,1.07,False,WP_048172631.1,1,84.062,3259009,ATG,3259009,ATG,現行アノテーションを支持
MA_RS13700,MA_2630,3259574,ATG,False,2,stop_codon,3259520,TTG,1.12,False,WP_048036660.1,16,88.571,3259520,TTG,3259520,TTG,中確信度: 上流への延長の可能性(片方の証拠のみ)
MA_RS29440,,3260868,ATG,False,0,stop_codon,3260868,ATG,1.26,False,,,,,,3260868,ATG,現行アノテーションを支持
MA_RS13705,MA_2631,3261009,ATG,False,0,neighbor_gene,3261009,ATG,0.89,False,WP_048172629.1,1,94.022,3261009,ATG,3261009,ATG,現行アノテーションを支持
MA_RS13710,MA_2632,3261612,ATG,False,0,stop_codon,3261612,ATG,1.34,False,WP_048172628.1,1,97.917,3261612,ATG,3261612,ATG,現行アノテーションを支持
MA_RS13715,MA_2633,3262680,GTG,False,0,stop_codon,3262680,GTG,1.4,False,WP_048120354.1,2,64.0,3262680,GTG,3262680,GTG,現行アノテーションを支持
MA_RS13720,MA_2634,3265059,ATG,False,0,stop_codon,3265059,ATG,1.58,False,WP_011021898.1,1,99.299,3265059,ATG,3265059,ATG,現行アノテーションを支持
MA_RS27100,,3265155,GTG,False,0,stop_codon,3265155,GTG,0.89,False,WP_231589783.1,1,82.456,3265155,GTG,3265155,GTG,現行アノテーションを支持
MA_RS25595,,3265694,TTG,False,0,stop_codon,3265694,TTG,0.71,False,,,,,,3265694,TTG,現行アノテーションを支持
MA_RS13725,MA_2635,3265921,ATG,False,1,neighbor_gene,3265867,ATG,1.3,False,WP_048036664.1,2,74.854,3265867,ATG,3265867,ATG,中確信度: 上流への延長の可能性(片方の証拠のみ)
MA_RS27105,,3267093,ATG,False,0,stop_codon,3267093,ATG,4.17,True,,,,,,3267093,ATG,現行アノテーションを支持
MA_RS13730,MA_2636,3267202,ATG,False,2,stop_codon,3267187,GTG,1.68,False,WP_048172621.1,37,96.045,3267094,GTG,3267094,GTG,中確信度: 上流への延長の可能性(片方の証拠のみ)
MA_RS27110,,3267814,GTG,False,0,stop_codon,3267814,GTG,1.19,False,,,,,,3267814,GTG,現行アノテーションを支持
MA_RS28700,,3268130,ATG,False,0,stop_codon,3268130,ATG,1.08,False,,,,,,3268130,ATG,現行アノテーションを支持
MA_RS28705,MA_2638,3268419,TTG,False,0,stop_codon,3268419,TTG,1.08,False,,,,,,3268419,TTG,現行アノテーションを支持
MA_RS13740,MA_2639,3269154,GTG,False,2,stop_codon,3269154,GTG,1.78,False,WP_048172614.1,32,95.652,3269067,ATG,3269067,ATG,中確信度: 上流への延長の可能性(片方の証拠のみ)
MA_RS13745,MA_2640,3270322,ATG,False,0,stop_codon,3270322,ATG,0.61,False,WP_048172609.1,1,93.514,3270322,ATG,3270322,ATG,現行アノテーションを支持
MA_RS13750,MA_2641,3271158,GTG,False,1,stop_codon,3271158,GTG,1.41,False,WP_048174739.1,16,80.769,3271080,TTG,3271080,TTG,中確信度: 上流への延長の可能性(片方の証拠のみ)
MA_RS13755,MA_2642,3271551,GTG,False,0,stop_codon,3271551,GTG,1.08,False,WP_048174739.1,1,88.571,3271551,GTG,3271551,GTG,現行アノテーションを支持
MA_RS13765,MA_2644,3273086,ATG,False,0,stop_codon,3273086,ATG,0.97,False,WP_239451288.1,1,85.976,3273086,ATG,3273086,ATG,現行アノテーションを支持
MA_RS13770,MA_2645,3273812,ATG,False,0,stop_codon,3273812,ATG,1.28,False,WP_048172607.1,1,97.577,3273812,ATG,3273812,ATG,現行アノテーションを支持
MA_RS13775,MA_2646,3276371,ATG,False,1,stop_codon,3276344,GTG,1.17,False,WP_148705500.1,1,97.313,3276344,GTG,3276344,GTG,中確信度: 上流への延長の可能性(片方の証拠のみ)
MA_RS13780,MA_2647,3277504,ATG,False,0,stop_codon,3277504,ATG,1.23,False,WP_048172603.1,1,91.264,3277504,ATG,3277504,ATG,現行アノテーションを支持
MA_RS13785,MA_2648,3278967,ATG,False,1,neighbor_gene,3278967,ATG,1.17,False,WP_048172601.1,40,94.355,3278850,GTG,3278850,GTG,中確信度: 上流への延長の可能性(片方の証拠のみ)
MA_RS29445,,3280509,ATG,False,0,stop_codon,3280509,ATG,1.22,False,WP_148705503.1,8,71.429,3280509,ATG,3280509,ATG,現行アノテーションを支持
MA_RS13795,MA_2649,3280969,ATG,False,1,stop_codon,3280969,ATG,1.84,False,WP_048172599.1,3,93.77,3280963,TTG,3280963,TTG,中確信度: 上流への延長の可能性(片方の証拠のみ)
MA_RS13800,MA_2650,3282099,TTG,False,0,stop_codon,3282099,TTG,1.54,False,WP_048172607.1,1,59.033,3282099,TTG,3282099,TTG,現行アノテーションを支持
MA_RS13805,MA_2651,3284586,ATG,False,0,stop_codon,3284586,ATG,1.06,False,WP_048172595.1,1,98.37,3284586,ATG,3284586,ATG,現行アノテーションを支持
MA_RS13810,MA_2652,3285263,ATG,False,1,neighbor_gene,3285263,ATG,1.25,False,WP_048117169.1,29,71.489,3285179,TTG,3285179,TTG,中確信度: 上流への延長の可能性(片方の証拠のみ)
MA_RS13815,MA_2653,3287537,ATG,False,0,stop_codon,3287537,ATG,1.22,False,WP_048172592.1,1,76.087,3287537,ATG,3287537,ATG,現行アノテーションを支持
MA_RS13820,MA_2654,3288196,ATG,False,0,stop_codon,3288196,ATG,1.17,False,WP_048172590.1,1,46.078,3288196,ATG,3288196,ATG,現行アノテーションを支持
MA_RS13825,MA_2655,3288703,GTG,False,0,stop_codon,3288703,GTG,0.79,False,WP_048172589.1,1,95.238,3288703,GTG,3288703,GTG,現行アノテーションを支持
MA_RS25605,MA_2656,3290073,ATG,False,1,stop_codon,3290082,GTG,0.9,False,WP_052712935.1,4,77.616,3290082,GTG,3290082,GTG,中確信度: 上流への延長の可能性(片方の証拠のみ)
MA_RS13840,MA_2657,3291311,ATG,False,2,stop_codon,3291281,TTG,0.69,False,WP_048172587.1,11,96.791,3291281,TTG,3291281,TTG,中確信度: 上流への延長の可能性(片方の証拠のみ)
MA_RS13845,,3292703,GTG,False,0,stop_codon,3292703,GTG,1.04,False,WP_048172585.1,1,93.651,3292703,GTG,3292703,GTG,現行アノテーションを支持
MA_RS13850,MA_2658,3292834,ATG,False,0,stop_codon,3292834,ATG,1.14,False,WP_011034645.1,1,57.647,3292834,ATG,3292834,ATG,現行アノテーションを支持
MA_RS13855,,3293160,ATG,False,0,stop_codon,3293160,ATG,1.27,False,WP_156158849.1,1,80.952,3293160,ATG,3293160,ATG,現行アノテーションを支持
MA_RS13860,,3293364,TTG,False,0,neighbor_gene,3293364,TTG,0.84,False,WP_048172582.1,1,92.453,3293364,TTG,3293364,TTG,現行アノテーションを支持
MA_RS13875,MA_2660,3295068,ATG,False,0,stop_codon,3295068,ATG,1.52,False,WP_052721513.1,1,57.692,3295068,ATG,3295068,ATG,現行アノテーションを支持
MA_RS28715,MA_2661,3295464,ATG,False,0,stop_codon,3295464,ATG,2.19,False,WP_011033626.1,1,75.104,3295464,ATG,3295464,ATG,現行アノテーションを支持
MA_RS28720,MA_2662,3296239,ATG,False,0,neighbor_gene,3296239,ATG,0.77,False,WP_231588147.1,5,71.311,3296239,ATG,3296239,ATG,現行アノテーションを支持
MA_RS13885,MA_2663,3296857,GTG,False,0,stop_codon,3296857,GTG,1.2,False,WP_048172917.1,22,93.211,3296857,GTG,3296857,GTG,現行アノテーションを支持
MA_RS13890,MA_2664,3298709,TTG,False,0,stop_codon,3298709,TTG,2.03,False,WP_048041171.1,1,89.011,3298709,TTG,3298709,TTG,現行アノテーションを支持
MA_RS13895,MA_2665,3299817,ATG,False,3,stop_codon,3299700,GTG,1.02,False,WP_048143490.1,40,84.513,3299700,GTG,3299700,GTG,中確信度: 上流への延長の可能性(片方の証拠のみ)
MA_RS13900,MA_2666,3302166,ATG,False,2,stop_codon,3302172,TTG,1.42,False,WP_048168036.1,11,84.512,3302181,TTG,3302181,TTG,中確信度: 上流への延長の可能性(片方の証拠のみ)
MA_RS13905,MA_2667,3302508,ATG,False,0,stop_codon,3302508,ATG,1.46,False,WP_048121436.1,1,89.166,3302508,ATG,3302508,ATG,現行アノテーションを支持
MA_RS28725,,3305462,ATG,False,0,stop_codon,3305462,ATG,2.61,False,WP_158024013.1,1,76.271,3305462,ATG,3305462,ATG,現行アノテーションを支持
MA_RS27120,,3306484,ATG,False,0,stop_codon,3306484,ATG,1.0,False,WP_239451221.1,1,56.604,3306484,ATG,3306484,ATG,現行アノテーションを支持
MA_RS13920,MA_2669,3307313,ATG,False,0,stop_codon,3307313,ATG,0.94,False,WP_048140356.1,1,88.078,3307313,ATG,3307313,ATG,現行アノテーションを支持
MA_RS13925,MA_2670,3310299,ATG,False,1,stop_codon,3310299,ATG,27.12,True,WP_048174209.1,2,96.629,3310302,TTG,3310302,TTG,中確信度: 上流への延長の可能性(片方の証拠のみ)
MA_RS13930,MA_2671,3311443,ATG,False,2,stop_codon,3311419,ATG,1.62,False,WP_048157056.1,9,79.074,3311419,ATG,3311419,ATG,中確信度: 上流への延長の可能性(片方の証拠のみ)
MA_RS13935,,3313694,ATG,False,0,stop_codon,3313694,ATG,1.33,False,WP_268989056.1,1,70.149,3313694,ATG,3313694,ATG,現行アノテーションを支持
MA_RS27125,,3313873,TTG,False,0,stop_codon,3313873,TTG,1.07,False,,,,,,3313873,TTG,現行アノテーションを支持
MA_RS13940,MA_2672,3314040,ATG,False,0,stop_codon,3314040,ATG,1.3,False,WP_048172920.1,1,93.092,3314040,ATG,3314040,ATG,現行アノテーションを支持
MA_RS28730,MA_2673,3317434,ATG,False,0,neighbor_gene,3317434,ATG,1.23,False,WP_048121841.1,1,71.812,3317434,ATG,3317434,ATG,現行アノテーションを支持
MA_RS28735,MA_2674,3318505,ATG,False,0,stop_codon,3318505,ATG,1.09,False,WP_231588148.1,9,58.841,3318505,ATG,3318505,ATG,現行アノテーションを支持
MA_RS28740,MA_2675,3319035,GTG,False,1,stop_codon,3319077,TTG,1.66,False,WP_231588148.1,1,63.59,3319077,TTG,3319077,TTG,中確信度: 上流への延長の可能性(片方の証拠のみ)
MA_RS13950,MA_2676,3319841,ATG,False,1,stop_codon,3319832,GTG,1.12,False,WP_048172921.1,4,95.758,3319832,GTG,3319832,GTG,中確信度: 上流への延長の可能性(片方の証拠のみ)
MA_RS13955,MA_2677,3321569,ATG,False,3,stop_codon,3321509,TTG,1.34,False,WP_082089001.1,14,93.168,3321470,ATG,3321470,ATG,中確信度: 上流への延長の可能性(片方の証拠のみ)
MA_RS13960,MA_2678,3324312,ATG,False,0,stop_codon,3324312,ATG,1.45,False,WP_048121837.1,1,66.304,3324312,ATG,3324312,ATG,現行アノテーションを支持
MA_RS13970,MA_2680,3327734,ATG,False,2,stop_codon,3327734,ATG,2.34,False,WP_015411731.1,20,93.927,3327791,TTG,3327791,TTG,中確信度: 上流への延長の可能性(片方の証拠のみ)
MA_RS13975,MA_2681,3328021,ATG,False,0,stop_codon,3328021,ATG,3.84,True,WP_231590380.1,1,76.847,3328021,ATG,3328021,ATG,現行アノテーションを支持
MA_RS13985,MA_2682,3330561,ATG,False,0,stop_codon,3330561,ATG,0.51,False,,,,,,3330561,ATG,現行アノテーションを支持
MA_RS13995,,3332800,TTG,False,0,stop_codon,3332800,TTG,1.06,False,WP_048139789.1,19,54.008,3332800,TTG,3332800,TTG,現行アノテーションを支持
MA_RS14000,,3333245,TTG,False,0,stop_codon,3333245,TTG,1.53,False,WP_048139789.1,2,45.732,3333245,TTG,3333245,TTG,現行アノテーションを支持
MA_RS24635,MA_2684,3334485,ATG,False,0,neighbor_gene,3334485,ATG,1.53,False,WP_052721613.1,1,95.89,3334485,ATG,3334485,ATG,現行アノテーションを支持
MA_RS14010,,3334850,ATG,False,3,stop_codon,3334892,TTG,3.15,True,WP_048172360.1,4,93.382,3334913,GTG,,,要確認: RNA-seqとBLASTが異なる候補を支持
MA_RS14015,MA_2685,3336298,ATG,False,0,stop_codon,3336298,ATG,1.45,False,WP_048172362.1,1,95.089,3336298,ATG,3336298,ATG,現行アノテーションを支持
MA_RS14020,MA_2686,3337140,ATG,False,1,stop_codon,3337149,GTG,0.75,False,WP_048139181.1,4,82.627,3337149,GTG,3337149,GTG,中確信度: 上流への延長の可能性(片方の証拠のみ)
MA_RS14025,MA_2687,3338295,ATG,False,1,stop_codon,3338295,ATG,1.38,False,WP_048166258.1,7,80.085,3338313,TTG,3338313,TTG,中確信度: 上流への延長の可能性(片方の証拠のみ)
MA_RS14030,MA_4679,3338811,ATG,False,0,stop_codon,3338811,ATG,1.57,False,WP_048121557.1,1,81.395,3338811,ATG,3338811,ATG,現行アノテーションを支持
MA_RS27135,,3338957,ATG,False,1,neighbor_gene,3338960,GTG,0.7,False,,,,,,3338957,ATG,現行アノテーションを支持
MA_RS14035,MA_2688,3339710,ATG,False,0,stop_codon,3339710,ATG,0.97,False,WP_048172513.1,21,32.609,3339710,ATG,3339710,ATG,現行アノテーションを支持
MA_RS14040,MA_4680,3340528,ATG,False,3,stop_codon,3340528,ATG,1.1,False,WP_048174730.1,63,41.538,3340543,TTG,3340543,TTG,中確信度: 上流への延長の可能性(片方の証拠のみ)
MA_RS14045,MA_4681,3341564,ATG,False,0,neighbor_gene,3341564,ATG,1.13,False,WP_048170393.1,1,96.763,3341564,ATG,3341564,ATG,現行アノテーションを支持
MA_RS14050,MA_2689,3342554,CTG,True,0,stop_codon,3342554,CTG,4.25,True,WP_148704927.1,1,96.061,3342554,CTG,3342554,CTG,現行アノテーションを支持
MA_RS27140,,3343366,ATG,False,0,stop_codon,3343366,ATG,1.88,False,WP_158024105.1,1,67.273,3343366,ATG,3343366,ATG,現行アノテーションを支持
MA_RS14060,MA_2690,3343690,ATG,False,0,stop_codon,3343690,ATG,1.81,False,WP_048173368.1,1,95.437,3343690,ATG,3343690,ATG,現行アノテーションを支持
MA_RS14070,MA_2691,3346085,ATG,False,0,stop_codon,3346085,ATG,12.53,True,WP_052730791.1,15,74.708,3346085,ATG,3346085,ATG,現行アノテーションを支持
MA_RS14080,MA_4661,3347262,ATG,False,0,stop_codon,3347262,ATG,1.26,False,WP_048173367.1,1,90.542,3347262,ATG,3347262,ATG,現行アノテーションを支持
MA_RS14085,MA_4675,3350159,ATG,False,0,stop_codon,3350159,ATG,1.72,False,WP_231589866.1,1,85.938,3350159,ATG,3350159,ATG,現行アノテーションを支持
MA_RS14095,MA_2694,3352959,ATG,False,0,stop_codon,3352959,ATG,1.12,False,WP_048139144.1,1,74.008,3352959,ATG,3352959,ATG,現行アノテーションを支持
MA_RS14100,MA_2695,3354743,ATG,False,0,stop_codon,3354743,ATG,1.55,False,WP_048173363.1,1,96.82,3354743,ATG,3354743,ATG,現行アノテーションを支持
MA_RS14105,MA_2696,3358035,ATG,False,0,stop_codon,3358035,ATG,2.79,False,WP_231589865.1,1,93.966,3358035,ATG,3358035,ATG,現行アノテーションを支持
MA_RS28745,MA_2697,3358778,GTG,False,1,stop_codon,3358796,GTG,1.25,False,WP_011021898.1,1,93.711,3358796,GTG,3358796,GTG,中確信度: 上流への延長の可能性(片方の証拠のみ)
MA_RS28750,,3359604,ATG,False,0,stop_codon,3359604,ATG,1.11,False,WP_011021898.1,1,90.21,3359604,ATG,3359604,ATG,現行アノテーションを支持
MA_RS14120,MA_2698,3360585,ATG,False,0,stop_codon,3360585,ATG,0.94,False,WP_158024216.1,1,33.673,3360585,ATG,3360585,ATG,現行アノテーションを支持
MA_RS14125,MA_2699,3360963,ATG,False,1,stop_codon,3360939,TTG,1.83,False,WP_048166050.1,11,32.231,3360939,TTG,3360939,TTG,中確信度: 上流への延長の可能性(片方の証拠のみ)
MA_RS14130,MA_2700,3362865,TTG,False,1,stop_codon,3362880,TTG,1.36,False,,,,,,3362865,TTG,現行アノテーションを支持
MA_RS14135,MA_2701,3364803,ATG,False,0,stop_codon,3364803,ATG,0.48,False,,,,,,3364803,ATG,現行アノテーションを支持
MA_RS14155,MA_2704,3366336,ATG,False,0,stop_codon,3366336,ATG,1.71,False,WP_048173360.1,1,98.667,3366336,ATG,3366336,ATG,現行アノテーションを支持
MA_RS14160,MA_2705,3367786,ATG,False,5,stop_codon,3367873,ATG,1.29,False,WP_231589863.1,76,93.333,3367969,ATG,3367969,ATG,中確信度: 上流への延長の可能性(片方の証拠のみ)
MA_RS14165,MA_2706,3368327,ATG,False,0,stop_codon,3368327,ATG,1.6,False,WP_048155061.1,1,90.055,3368327,ATG,3368327,ATG,現行アノテーションを支持
MA_RS14170,MA_2707,3371101,GTG,False,0,neighbor_gene,3371101,GTG,1.18,False,WP_082089320.1,19,80.282,3371101,GTG,3371101,GTG,現行アノテーションを支持
MA_RS14175,MA_2708,3372097,ATG,False,0,stop_codon,3372097,ATG,4.0,True,WP_048168994.1,1,42.949,3372097,ATG,3372097,ATG,現行アノテーションを支持
MA_RS25635,MA_2709,3372616,ATG,False,0,stop_codon,3372616,ATG,4.14,True,WP_082089319.1,1,83.871,3372616,ATG,3372616,ATG,現行アノテーションを支持
MA_RS14180,MA_2710,3373557,ATG,False,0,stop_codon,3373557,ATG,1.25,False,WP_048121533.1,1,76.596,3373557,ATG,3373557,ATG,現行アノテーションを支持
MA_RS14185,MA_2711,3374275,ATG,False,0,stop_codon,3374275,ATG,1.34,False,WP_052727976.1,3,67.02,3374275,ATG,3374275,ATG,現行アノテーションを支持
MA_RS14190,MA_2712,3377378,TTG,False,0,stop_codon,3377378,TTG,1.12,False,WP_048121531.1,5,57.453,3377378,TTG,3377378,TTG,現行アノテーションを支持
MA_RS14195,MA_2713,3379038,TTG,False,1,stop_codon,3379038,TTG,1.21,False,WP_048121529.1,271,48.948,3379029,TTG,3379029,TTG,中確信度: 上流への延長の可能性(片方の証拠のみ)
MA_RS14200,,3381902,TTG,False,1,stop_codon,3381944,ATG,1.16,False,,,,,,3381902,TTG,現行アノテーションを支持
MA_RS14205,MA_2714,3384343,ATG,False,0,neighbor_gene,3384343,ATG,1.18,False,WP_048172757.1,1,87.774,3384343,ATG,3384343,ATG,現行アノテーションを支持
MA_RS14210,MA_2715,3385675,ATG,False,0,stop_codon,3385675,ATG,0.83,False,WP_197080269.1,1,93.197,3385675,ATG,3385675,ATG,現行アノテーションを支持
MA_RS14215,MA_2716,3386885,ATG,False,1,stop_codon,3386885,ATG,0.93,False,WP_048172758.1,7,89.145,3386903,ATG,3386903,ATG,中確信度: 上流への延長の可能性(片方の証拠のみ)
MA_RS14220,MA_2717,3387480,ATG,False,0,stop_codon,3387480,ATG,0.41,False,WP_048174763.1,1,95.312,3387480,ATG,3387480,ATG,現行アノテーションを支持
MA_RS14225,MA_2718,3388827,ATT,True,1,stop_codon,3388833,GTG,7.78,True,WP_082089142.1,3,91.582,3388833,GTG,3388833,GTG,高確信度: 上流への延長を提案(RNA-seq・BLAST一致)
MA_RS14230,MA_2719,3389051,ATG,False,1,stop_codon,3389048,GTG,52.04,True,WP_231589799.1,1,90.756,3389048,GTG,3389048,GTG,高確信度: 上流への延長を提案(RNA-seq・BLAST一致)
MA_RS14235,MA_2720,3390237,ATG,False,7,stop_codon,3390156,ATG,1.57,False,WP_048139484.1,75,86.364,3390015,GTG,3390015,GTG,中確信度: 上流への延長の可能性(片方の証拠のみ)
MA_RS29450,MA_2721,3391407,ATG,False,0,stop_codon,3391407,ATG,1.3,False,WP_048171437.1,1,90.909,3391407,ATG,3391407,ATG,現行アノテーションを支持
MA_RS14245,MA_2722,3393662,ATG,False,0,stop_codon,3393662,ATG,1.56,False,WP_052721572.1,1,93.421,3393662,ATG,3393662,ATG,現行アノテーションを支持
MA_RS14250,MA_2723,3394718,ATG,False,0,stop_codon,3394718,ATG,1.14,False,WP_048171435.1,1,95.402,3394718,ATG,3394718,ATG,現行アノテーションを支持
MA_RS14255,MA_2724,3396469,ATG,False,2,stop_codon,3396469,ATG,1.15,False,WP_048171434.1,6,83.668,3396484,TTG,3396484,TTG,中確信度: 上流への延長の可能性(片方の証拠のみ)
MA_RS14260,MA_2725,3398099,ATG,False,0,stop_codon,3398099,ATG,0.9,False,WP_011032831.1,1,89.862,3398099,ATG,3398099,ATG,現行アノテーションを支持
MA_RS14265,MA_2726,3399666,ATG,False,0,stop_codon,3399666,ATG,1.11,False,WP_048174600.1,1,88.889,3399666,ATG,3399666,ATG,現行アノテーションを支持
MA_RS14270,MA_2727,3400145,ATG,False,0,stop_codon,3400145,ATG,1.16,False,WP_048138757.1,1,92.157,3400145,ATG,3400145,ATG,現行アノテーションを支持
MA_RS14275,MA_2728,3401521,ATG,False,0,stop_codon,3401521,ATG,1.59,False,WP_048171362.1,1,94.872,3401521,ATG,3401521,ATG,現行アノテーションを支持
MA_RS14280,MA_2729,3405268,TTG,False,0,stop_codon,3405268,TTG,0.34,False,WP_048172801.1,5,80.732,3405268,TTG,3405268,TTG,現行アノテーションを支持
MA_RS14285,MA_2730,3406389,ATG,False,2,stop_codon,3406401,TTG,2.39,False,WP_048140278.1,5,91.698,3406401,TTG,3406401,TTG,中確信度: 上流への延長の可能性(片方の証拠のみ)
MA_RS14290,MA_2731,3407877,GTG,False,1,stop_codon,3407877,GTG,1.12,False,WP_048140280.1,4,96.203,3407886,GTG,3407886,GTG,中確信度: 上流への延長の可能性(片方の証拠のみ)
MA_RS14295,MA_2732,3409625,ATG,False,2,stop_codon,3409682,TTG,11.11,True,WP_048140282.1,20,96.768,3409682,TTG,3409682,TTG,高確信度: 上流への延長を提案(RNA-seq・BLAST一致)
MA_RS14310,MA_2735,3412858,ATG,False,0,stop_codon,3412858,ATG,1.66,False,WP_011021898.1,1,99.766,3412858,ATG,3412858,ATG,現行アノテーションを支持
MA_RS14330,MA_2737,3415360,ATG,False,0,stop_codon,3415360,ATG,2.35,False,WP_011034841.1,1,76.761,3415360,ATG,3415360,ATG,現行アノテーションを支持
MA_RS25650,,3416215,ATC,True,0,stop_codon,3416215,ATC,0.85,False,WP_011035139.1,36,67.01,3416215,ATC,3416215,ATC,現行アノテーションを支持
MA_RS14345,MA_2738,3417855,ATG,False,0,stop_codon,3417855,ATG,1.11,False,WP_048154708.1,1,80.769,3417855,ATG,3417855,ATG,現行アノテーションを支持
MA_RS14350,MA_2739,3419096,ATG,False,0,stop_codon,3419096,ATG,0.96,False,WP_048174208.1,1,87.938,3419096,ATG,3419096,ATG,現行アノテーションを支持
MA_RS14355,,3420363,TTG,False,2,stop_codon,3420312,GTG,4.15,True,WP_158024188.1,29,76.923,3420279,ATG,,,要確認: RNA-seqとBLASTが異なる候補を支持
MA_RS14360,MA_2740,3421132,ATG,False,0,stop_codon,3421132,ATG,6.1,True,WP_048170852.1,2,95.564,3421132,ATG,3421132,ATG,現行アノテーションを支持
MA_RS14365,MA_2741,3423097,TTG,False,1,stop_codon,3423097,TTG,1.38,False,WP_048120073.1,13,90.698,3423031,TTG,3423031,TTG,中確信度: 上流への延長の可能性(片方の証拠のみ)
MA_RS14370,MA_2742,3424172,ATG,False,1,stop_codon,3424181,TTG,1.78,False,WP_048173082.1,4,86.397,3424181,TTG,3424181,TTG,中確信度: 上流への延長の可能性(片方の証拠のみ)
MA_RS14375,MA_2743,3424950,TTG,False,0,stop_codon,3424950,TTG,1.0,False,WP_052730791.1,2,28.467,3424950,TTG,3424950,TTG,現行アノテーションを支持
MA_RS14380,MA_2745,3426654,ATG,False,0,stop_codon,3426654,ATG,1.29,False,WP_069575332.1,21,52.982,3426654,ATG,3426654,ATG,現行アノテーションを支持
MA_RS14385,MA_2746,3427573,ATG,False,1,stop_codon,3427582,GTG,1.45,False,WP_048140783.1,4,43.243,3427582,GTG,3427582,GTG,中確信度: 上流への延長の可能性(片方の証拠のみ)
MA_RS27165,MA_2747,3428458,ATG,False,0,stop_codon,3428458,ATG,0.8,False,WP_082088898.1,1,95.614,3428458,ATG,3428458,ATG,現行アノテーションを支持
MA_RS14400,MA_2749,3430549,TTG,False,1,stop_codon,3430501,TTG,1.51,False,WP_011021898.1,1,98.944,3430501,TTG,3430501,TTG,中確信度: 上流への延長の可能性(片方の証拠のみ)
MA_RS28215,MA_2750,3431807,ATG,False,1,stop_codon,3431837,ATG,1.23,False,WP_048139667.1,1,76.667,3431837,ATG,3431837,ATG,中確信度: 上流への延長の可能性(片方の証拠のみ)
MA_RS14410,MA_2751,3432431,TTG,False,0,stop_codon,3432431,TTG,1.51,False,WP_052730767.1,1,94.942,3432431,TTG,3432431,TTG,現行アノテーションを支持
MA_RS14415,MA_2752,3434825,GTG,False,0,stop_codon,3434825,GTG,0.89,False,WP_048138562.1,1,67.532,3434825,GTG,3434825,GTG,現行アノテーションを支持
MA_RS14420,MA_2753,3435461,ATG,False,0,stop_codon,3435461,ATG,1.13,False,,,,,,3435461,ATG,現行アノテーションを支持
MA_RS14425,MA_2754,3436050,GTG,False,0,stop_codon,3436050,GTG,2.02,False,WP_048121951.1,1,72.483,3436050,GTG,3436050,GTG,現行アノテーションを支持
MA_RS28765,MA_2755,3436678,TTG,False,1,stop_codon,3436714,ATG,1.44,False,WP_048120954.1,2,38.596,3436714,ATG,3436714,ATG,中確信度: 上流への延長の可能性(片方の証拠のみ)
MA_RS14435,MA_2756,3438545,ATG,False,3,stop_codon,3438617,TTG,1.08,False,WP_048139985.1,25,78.446,3438617,TTG,3438617,TTG,中確信度: 上流への延長の可能性(片方の証拠のみ)
MA_RS29665,MA_2757,3440454,ATG,False,4,stop_codon,3440553,TTG,2.09,False,WP_048116353.1,347,71.825,3440568,GTG,3440568,GTG,中確信度: 上流への延長の可能性(片方の証拠のみ)
MA_RS25655,MA_2758,3442026,ATG,False,0,neighbor_gene,3442026,ATG,2.39,False,WP_011021898.1,1,99.242,3442026,ATG,3442026,ATG,現行アノテーションを支持
MA_RS14455,MA_2759,3442320,ATG,False,1,stop_codon,3442332,GTG,3.38,True,WP_048171038.1,25,77.778,3442332,GTG,3442332,GTG,高確信度: 上流への延長を提案(RNA-seq・BLAST一致)
MA_RS24650,MA_2760,3443944,ATG,False,1,stop_codon,3443980,GTG,0.87,False,WP_231589835.1,34,91.768,3443980,GTG,3443980,GTG,中確信度: 上流への延長の可能性(片方の証拠のみ)
MA_RS14465,MA_2761,3444632,ATG,False,0,stop_codon,3444632,ATG,1.62,False,WP_052721660.1,1,93.724,3444632,ATG,3444632,ATG,現行アノテーションを支持
MA_RS14470,MA_2762,3445011,TTG,False,0,stop_codon,3445011,TTG,0.61,False,WP_048172801.1,5,80.976,3445011,TTG,3445011,TTG,現行アノテーションを支持
MA_RS27170,,3446487,ATG,False,0,stop_codon,3446487,ATG,1.17,False,,,,,,3446487,ATG,現行アノテーションを支持
MA_RS14475,MA_2763,3447600,ATG,False,0,stop_codon,3447600,ATG,1.85,False,WP_048116882.1,4,76.431,3447600,ATG,3447600,ATG,現行アノテーションを支持
MA_RS14480,MA_2764,3448368,ATG,False,2,stop_codon,3448413,TTG,4.06,True,WP_052727840.1,23,77.251,3448413,TTG,3448413,TTG,高確信度: 上流への延長を提案(RNA-seq・BLAST一致)
MA_RS24655,MA_2765,3450145,ATG,False,1,stop_codon,3450154,GTG,0.88,False,WP_231589835.1,22,76.829,3450154,GTG,3450154,GTG,中確信度: 上流への延長の可能性(片方の証拠のみ)
MA_RS14490,MA_2766,3450842,ATG,False,0,stop_codon,3450842,ATG,1.64,False,WP_052721660.1,17,68.161,3450842,ATG,3450842,ATG,現行アノテーションを支持
MA_RS14500,MA_2768,3451910,ATG,False,1,stop_codon,3451910,ATG,1.02,False,,,,,,3451910,ATG,現行アノテーションを支持
MA_RS28785,,3452696,ATG,False,0,stop_codon,3452696,ATG,1.21,False,WP_048140783.1,1,61.702,3452696,ATG,3452696,ATG,現行アノテーションを支持
MA_RS25665,MA_2770,3453640,ATG,False,0,stop_codon,3453640,ATG,1.74,False,WP_015411731.1,2,33.605,3453640,ATG,3453640,ATG,現行アノテーションを支持
MA_RS25670,MA_4670,3455361,TTG,False,0,stop_codon,3455361,TTG,1.22,False,WP_011034859.1,9,76.364,3455361,TTG,3455361,TTG,現行アノテーションを支持
MA_RS14515,MA_2771,3456342,TTG,False,1,stop_codon,3456453,ATG,4.36,True,WP_048170805.1,1,73.51,3456453,ATG,3456453,ATG,高確信度: 上流への延長を提案(RNA-seq・BLAST一致)
MA_RS14520,MA_2772,3457371,TTG,False,1,stop_codon,3457371,TTG,1.5,False,WP_048170808.1,8,78.976,3457344,GTG,3457344,GTG,中確信度: 上流への延長の可能性(片方の証拠のみ)
MA_RS14525,MA_2773,3458513,ATG,False,1,neighbor_gene,3458513,ATG,0.74,False,WP_048118062.1,4,78.824,3458504,GTG,3458504,GTG,中確信度: 上流への延長の可能性(片方の証拠のみ)
MA_RS14535,MA_2776,3460651,ATG,False,0,stop_codon,3460651,ATG,1.28,False,WP_048170812.1,1,87.451,3460651,ATG,3460651,ATG,現行アノテーションを支持
MA_RS14540,MA_2777,3462924,ATG,False,1,neighbor_gene,3462939,GTG,1.25,False,WP_048170814.1,21,85.242,3462939,GTG,3462939,GTG,中確信度: 上流への延長の可能性(片方の証拠のみ)
MA_RS28220,MA_2778,3463548,ATG,False,0,stop_codon,3463548,ATG,1.36,False,WP_048170816.1,80,75.862,3463548,ATG,3463548,ATG,現行アノテーションを支持
MA_RS14550,MA_2779,3464456,ATG,False,1,stop_codon,3464474,TTG,0.93,False,WP_048174548.1,7,72.906,3464474,TTG,3464474,TTG,中確信度: 上流への延長の可能性(片方の証拠のみ)
MA_RS14555,MA_2780,3465240,ATG,False,0,stop_codon,3465240,ATG,1.06,False,WP_048121653.1,9,51.21,3465240,ATG,3465240,ATG,現行アノテーションを支持
MA_RS14560,MA_2781,3466425,ATG,False,0,stop_codon,3466425,ATG,1.52,False,WP_048155781.1,43,45.455,3466425,ATG,3466425,ATG,現行アノテーションを支持
MA_RS14565,MA_2782,3467135,TTG,False,1,stop_codon,3467171,ATG,3.74,True,WP_048137817.1,9,27.228,3467171,ATG,3467171,ATG,高確信度: 上流への延長を提案(RNA-seq・BLAST一致)
MA_RS14570,MA_2783,3468465,ATG,False,5,stop_codon,3468492,TTG,1.2,False,WP_048173079.1,1,92.765,3468525,TTG,3468525,TTG,中確信度: 上流への延長の可能性(片方の証拠のみ)
MA_RS28790,MA_2784,3469328,ATG,False,0,stop_codon,3469328,ATG,2.31,False,WP_052721657.1,10,89.923,3469328,ATG,3469328,ATG,現行アノテーションを支持
MA_RS14590,MA_2787,3474258,ATG,False,0,stop_codon,3474258,ATG,1.54,False,,,,,,3474258,ATG,現行アノテーションを支持
MA_RS14595,MA_2788,3474738,ATG,False,0,stop_codon,3474738,ATG,0.63,False,,,,,,3474738,ATG,現行アノテーションを支持
MA_RS28795,MA_2789,3476145,TTG,False,1,stop_codon,3476145,TTG,2.64,False,,,,,,3476145,TTG,現行アノテーションを支持
MA_RS14605,MA_2790,3476230,ATG,False,0,stop_codon,3476230,ATG,6.13,True,WP_048139161.1,1,69.88,3476230,ATG,3476230,ATG,現行アノテーションを支持
MA_RS14610,MA_2791,3476474,ATG,False,1,stop_codon,3476450,TTG,1.46,False,WP_048139160.1,34,63.918,3476450,TTG,3476450,TTG,中確信度: 上流への延長の可能性(片方の証拠のみ)
MA_RS29460,,3477611,ATG,False,1,stop_codon,3477611,ATG,1.03,False,WP_156158867.1,7,69.231,3477641,GTG,3477641,GTG,中確信度: 上流への延長の可能性(片方の証拠のみ)
MA_RS14615,MA_2792,3478264,ATG,False,0,stop_codon,3478264,ATG,1.61,False,WP_232316115.1,13,77.095,3478264,ATG,3478264,ATG,現行アノテーションを支持
MA_RS27180,,3479083,ATG,False,1,stop_codon,3479083,ATG,1.06,False,,,,,,3479083,ATG,現行アノテーションを支持
MA_RS28800,MA_2793,3479655,ATG,False,1,stop_codon,3479655,ATG,1.31,False,WP_230669065.1,2,62.107,3479652,GTG,3479652,GTG,中確信度: 上流への延長の可能性(片方の証拠のみ)
MA_RS24675,MA_2794,3485995,ATG,False,0,stop_codon,3485995,ATG,1.45,False,WP_052727913.1,1,66.719,3485995,ATG,3485995,ATG,現行アノテーションを支持
MA_RS27210,MA_2795,3488579,ATG,False,5,max_distance,3488384,TTG,1.35,False,WP_232316241.1,9,73.93,3488360,TTG,3488360,TTG,中確信度: 上流への延長の可能性(片方の証拠のみ)
MA_RS14640,MA_2796,3490221,GTG,False,0,stop_codon,3490221,GTG,1.05,False,WP_048122254.1,6,85.437,3490221,GTG,3490221,GTG,現行アノテーションを支持
MA_RS14645,MA_2797,3491521,ATG,False,0,neighbor_gene,3491521,ATG,0.72,False,WP_048174449.1,17,33.25,3491521,ATG,3491521,ATG,現行アノテーションを支持
MA_RS27215,,3491742,GTG,False,0,stop_codon,3491742,GTG,0.72,False,,,,,,3491742,GTG,現行アノテーションを支持
MA_RS25685,MA_2799,3492840,ATT,True,0,stop_codon,3492840,ATT,0.88,False,WP_226987756.1,9,87.059,3492840,ATT,3492840,ATT,現行アノテーションを支持
MA_RS29220,,3492898,TTG,False,0,stop_codon,3492898,TTG,0.96,False,WP_052727857.1,1,76.471,3492898,TTG,3492898,TTG,現行アノテーションを支持
MA_RS25695,MA_2800,3493235,ATG,False,0,stop_codon,3493235,ATG,1.11,False,WP_015411731.1,2,32.994,3493235,ATG,3493235,ATG,現行アノテーションを支持
MA_RS14665,,3495225,ATG,False,0,stop_codon,3495225,ATG,0.58,False,,,,,,3495225,ATG,現行アノテーションを支持
MA_RS14670,,3495786,ATG,False,2,stop_codon,3495786,ATG,0.85,False,,,,,,3495786,ATG,現行アノテーションを支持
MA_RS14675,MA_2801,3496308,ATG,False,1,stop_codon,3496248,TTG,1.18,False,WP_048122065.1,30,72.289,3496248,TTG,3496248,TTG,中確信度: 上流への延長の可能性(片方の証拠のみ)
MA_RS14680,MA_2802,3496596,ATG,False,0,neighbor_gene,3496596,ATG,1.15,False,,,,,,3496596,ATG,現行アノテーションを支持
MA_RS14685,MA_2803,3497049,ATG,False,1,stop_codon,3497016,ATG,1.07,False,WP_048170428.1,20,85.965,3497016,ATG,3497016,ATG,中確信度: 上流への延長の可能性(片方の証拠のみ)
MA_RS14690,MA_2804,3497414,ATG,False,0,stop_codon,3497414,ATG,0.92,False,WP_048170430.1,1,74.038,3497414,ATG,3497414,ATG,現行アノテーションを支持
MA_RS14695,MA_2805,3498689,ATG,False,0,neighbor_gene,3498689,ATG,0.86,False,,,,,,3498689,ATG,現行アノテーションを支持
MA_RS14700,MA_2806,3500187,GTG,False,0,stop_codon,3500187,GTG,0.47,False,WP_141706320.1,35,27.809,3500187,GTG,3500187,GTG,現行アノテーションを支持
MA_RS28805,MA_4678,3500702,GTG,False,0,stop_codon,3500702,GTG,1.48,False,,,,,,3500702,GTG,現行アノテーションを支持
MA_RS14705,MA_2807,3501180,ATG,False,0,stop_codon,3501180,ATG,0.81,False,WP_048121910.1,453,33.862,3501180,ATG,3501180,ATG,現行アノテーションを支持
MA_RS14710,,3503760,TTG,False,0,stop_codon,3503760,TTG,3.62,True,,,,,,3503760,TTG,現行アノテーションを支持
MA_RS14715,MA_2808,3503976,ATG,False,0,neighbor_gene,3503976,ATG,1.11,False,,,,,,3503976,ATG,現行アノテーションを支持
MA_RS14720,MA_2809,3505892,ATG,False,0,stop_codon,3505892,ATG,1.03,False,,,,,,3505892,ATG,現行アノテーションを支持
MA_RS14725,MA_2810,3506272,ATG,False,0,stop_codon,3506272,ATG,0.82,False,,,,,,3506272,ATG,現行アノテーションを支持
MA_RS27225,,3506889,ATG,False,0,stop_codon,3506889,ATG,1.06,False,,,,,,3506889,ATG,現行アノテーションを支持
MA_RS14730,,3507526,ATG,False,1,stop_codon,3507526,ATG,0.91,False,,,,,,3507526,ATG,現行アノテーションを支持
MA_RS27235,,3508290,ATG,False,0,stop_codon,3508290,ATG,1.67,False,,,,,,3508290,ATG,現行アノテーションを支持
MA_RS14735,MA_2811,3508644,ATG,False,2,stop_codon,3508644,ATG,1.95,False,WP_239450984.1,27,74.662,3508611,TTG,3508611,TTG,中確信度: 上流への延長の可能性(片方の証拠のみ)
MA_RS14750,MA_2813,3511671,ATG,False,1,stop_codon,3511671,ATG,1.71,False,WP_048170448.1,4,92.511,3511680,TTG,3511680,TTG,中確信度: 上流への延長の可能性(片方の証拠のみ)
MA_RS14755,MA_2814,3512424,ATG,False,0,stop_codon,3512424,ATG,1.41,False,WP_048170450.1,1,91.429,3512424,ATG,3512424,ATG,現行アノテーションを支持
MA_RS14760,MA_2815,3513041,ATG,False,0,stop_codon,3513041,ATG,0.91,False,WP_048170452.1,1,93.122,3513041,ATG,3513041,ATG,現行アノテーションを支持
MA_RS14765,MA_2816,3514901,ATG,False,1,stop_codon,3514793,TTG,1.06,False,WP_231590420.1,37,89.714,3514793,TTG,3514793,TTG,中確信度: 上流への延長の可能性(片方の証拠のみ)
MA_RS14770,MA_2817,3515603,GTG,False,0,stop_codon,3515603,GTG,1.21,False,WP_048170457.1,1,81.1,3515603,GTG,3515603,GTG,現行アノテーションを支持
MA_RS14775,MA_2818,3517907,ATG,False,1,stop_codon,3517916,GTG,1.12,False,WP_048174508.1,4,88.06,3517916,GTG,3517916,GTG,中確信度: 上流への延長の可能性(片方の証拠のみ)
MA_RS14780,MA_2819,3518846,ATG,False,0,stop_codon,3518846,ATG,1.69,False,WP_052721515.1,1,94.444,3518846,ATG,3518846,ATG,現行アノテーションを支持
MA_RS14790,MA_2821,3521315,ATG,False,0,stop_codon,3521315,ATG,1.04,False,WP_048174208.1,1,91.051,3521315,ATG,3521315,ATG,現行アノテーションを支持
MA_RS14805,MA_2824,3523869,ATG,False,1,stop_codon,3523869,ATG,3.89,True,WP_231589850.1,7,92.025,3523851,ATG,3523851,ATG,中確信度: 上流への延長の可能性(片方の証拠のみ)
MA_RS14810,MA_2825,3525136,TTG,False,0,stop_codon,3525136,TTG,1.03,False,WP_048140672.1,1,68.033,3525136,TTG,3525136,TTG,現行アノテーションを支持
MA_RS14815,MA_2826,3528986,ATG,False,0,stop_codon,3528986,ATG,0.78,False,WP_048173317.1,1,91.184,3528986,ATG,3528986,ATG,現行アノテーションを支持
MA_RS14820,MA_2827,3529600,ATG,False,0,stop_codon,3529600,ATG,2.32,False,WP_048173319.1,1,90.566,3529600,ATG,3529600,ATG,現行アノテーションを支持
MA_RS14830,MA_2828,3531754,ATG,False,0,stop_codon,3531754,ATG,1.41,False,WP_048173321.1,1,91.275,3531754,ATG,3531754,ATG,現行アノテーションを支持
MA_RS14845,,3534134,ATG,False,0,stop_codon,3534134,ATG,1.53,False,WP_048172633.1,4,72.727,3534134,ATG,3534134,ATG,現行アノテーションを支持
MA_RS29670,,3534473,ATC,True,0,stop_codon,3534473,ATC,0.87,False,WP_048138985.1,3,85.714,3534473,ATC,3534473,ATC,現行アノテーションを支持
MA_RS14850,MA_2831,3534795,TTG,False,0,stop_codon,3534795,TTG,1.23,False,WP_048172638.1,1,94.025,3534795,TTG,3534795,TTG,現行アノテーションを支持
MA_RS14860,MA_2833,3536222,ATG,False,2,stop_codon,3536222,ATG,0.99,False,WP_048172640.1,10,98.272,3536195,GTG,3536195,GTG,中確信度: 上流への延長の可能性(片方の証拠のみ)
MA_RS14865,MA_2834,3538685,ATT,True,0,neighbor_gene,3538685,ATT,1.44,False,WP_048140260.1,1,80.826,3538685,ATT,3538685,ATT,現行アノテーションを支持
MA_RS14870,MA_2835,3540642,ATG,False,1,stop_codon,3540642,ATG,0.97,False,WP_048172434.1,49,33.772,3540663,ATG,3540663,ATG,中確信度: 上流への延長の可能性(片方の証拠のみ)
MA_RS14875,MA_2836,3540720,GTG,False,1,stop_codon,3540720,GTG,1.55,False,WP_082089262.1,27,90.461,3540642,TTG,3540642,TTG,中確信度: 上流への延長の可能性(片方の証拠のみ)
MA_RS29465,,3541642,ATG,False,0,neighbor_gene,3541642,ATG,0.82,False,,,,,,3541642,ATG,現行アノテーションを支持
MA_RS14880,MA_2837,3541736,ATG,False,0,stop_codon,3541736,ATG,0.88,False,WP_048170463.1,1,95.624,3541736,ATG,3541736,ATG,現行アノテーションを支持
MA_RS14885,MA_2838,3543351,ATG,False,2,stop_codon,3543267,TTG,1.38,False,WP_048170465.1,29,93.632,3543267,TTG,3543267,TTG,中確信度: 上流への延長の可能性(片方の証拠のみ)
MA_RS14890,MA_2839,3544679,ATG,False,0,neighbor_gene,3544679,ATG,0.95,False,WP_048170467.1,1,97.257,3544679,ATG,3544679,ATG,現行アノテーションを支持
MA_RS14895,MA_2840,3545900,ATG,False,1,neighbor_gene,3545891,GTG,0.98,False,WP_156157282.1,4,96.296,3545891,GTG,3545891,GTG,中確信度: 上流への延長の可能性(片方の証拠のみ)
MA_RS14900,MA_2841,3547512,GTG,False,0,stop_codon,3547512,GTG,2.37,False,WP_231589880.1,42,92.43,3547512,GTG,3547512,GTG,現行アノテーションを支持
MA_RS14905,MA_2842,3548559,ATG,False,2,stop_codon,3548505,GTG,1.31,False,WP_048173387.1,19,96.697,3548505,GTG,3548505,GTG,中確信度: 上流への延長の可能性(片方の証拠のみ)
MA_RS14910,MA_2843,3549600,ATG,False,1,neighbor_gene,3549591,ATG,1.19,False,WP_048173386.1,4,95.563,3549591,ATG,3549591,ATG,中確信度: 上流への延長の可能性(片方の証拠のみ)
MA_RS14915,MA_2844,3550490,ATG,False,0,neighbor_gene,3550490,ATG,1.21,False,WP_048174914.1,1,95.534,3550490,ATG,3550490,ATG,現行アノテーションを支持
MA_RS14920,MA_2845,3552370,ATG,False,0,stop_codon,3552370,ATG,1.55,False,WP_048173385.1,13,94.929,3552370,ATG,3552370,ATG,現行アノテーションを支持
MA_RS14930,,3556216,GTG,False,0,stop_codon,3556216,GTG,2.15,False,WP_048140581.1,7,67.391,3556216,GTG,3556216,GTG,現行アノテーションを支持
MA_RS14935,MA_2846,3558338,ATG,False,1,stop_codon,3558338,ATG,1.18,False,WP_231589837.1,15,93.35,3558341,TTG,3558341,TTG,中確信度: 上流への延長の可能性(片方の証拠のみ)
MA_RS14940,MA_2847,3558563,ATG,False,0,stop_codon,3558563,ATG,1.53,False,WP_048173007.1,1,93.634,3558563,ATG,3558563,ATG,現行アノテーションを支持
MA_RS28810,,3559810,CTG,True,0,stop_codon,3559810,CTG,0.81,False,WP_048119238.1,1,64.0,3559810,CTG,3559810,CTG,現行アノテーションを支持
MA_RS28820,,3560634,ATG,False,2,stop_codon,3560574,TTG,1.14,False,WP_158024069.1,1,84.426,3560574,TTG,3560574,TTG,中確信度: 上流への延長の可能性(片方の証拠のみ)
MA_RS14950,MA_2849,3561563,TTG,False,1,stop_codon,3561563,TTG,1.51,False,WP_231589827.1,9,87.805,3561587,ATG,3561587,ATG,中確信度: 上流への延長の可能性(片方の証拠のみ)
MA_RS14955,MA_2850,3563642,ATG,False,0,stop_codon,3563642,ATG,2.13,False,WP_048173011.1,1,93.403,3563642,ATG,3563642,ATG,現行アノテーションを支持
MA_RS14970,MA_2851,3564931,ATG,False,0,stop_codon,3564931,ATG,0.96,False,WP_048173012.1,1,98.077,3564931,ATG,3564931,ATG,現行アノテーションを支持
MA_RS14975,MA_2852,3565220,TTG,False,0,stop_codon,3565220,TTG,0.44,False,WP_052721655.1,27,89.691,3565220,TTG,3565220,TTG,現行アノテーションを支持
MA_RS14980,,3566255,ATG,False,2,stop_codon,3566264,ATG,2.75,False,WP_231589828.1,8,83.784,3566276,TTG,3566276,TTG,中確信度: 上流への延長の可能性(片方の証拠のみ)
MA_RS14985,MA_2854,3567005,ATG,False,0,stop_codon,3567005,ATG,0.69,False,WP_048173014.1,1,96.774,3567005,ATG,3567005,ATG,現行アノテーションを支持
MA_RS14990,MA_2855,3567597,ATG,False,0,stop_codon,3567597,ATG,0.97,False,WP_048173015.1,1,85.586,3567597,ATG,3567597,ATG,現行アノテーションを支持
MA_RS14995,,3568549,ATG,False,0,stop_codon,3568549,ATG,1.21,False,WP_048173017.1,1,96.774,3568549,ATG,3568549,ATG,現行アノテーションを支持
MA_RS15000,MA_2856,3569227,ATG,False,1,stop_codon,3569227,ATG,120.98,True,WP_082089151.1,11,78.659,3569197,TTG,3569197,TTG,中確信度: 上流への延長の可能性(片方の証拠のみ)
MA_RS27245,,3569916,ATG,False,0,stop_codon,3569916,ATG,0.91,False,,,,,,3569916,ATG,現行アノテーションを支持
MA_RS15010,MA_2859,3574042,ATG,False,0,neighbor_gene,3574042,ATG,1.05,False,WP_231589829.1,33,95.056,3574042,ATG,3574042,ATG,現行アノテーションを支持
MA_RS15015,MA_2860,3575522,GTG,False,2,stop_codon,3575522,GTG,1.02,False,WP_048173027.1,12,94.715,3575555,GTG,3575555,GTG,中確信度: 上流への延長の可能性(片方の証拠のみ)
MA_RS15020,MA_2861,3576158,ATG,False,0,stop_codon,3576158,ATG,0.72,False,WP_048173029.1,1,97.619,3576158,ATG,3576158,ATG,現行アノテーションを支持
MA_RS15025,MA_2862,3578590,ATG,False,0,stop_codon,3578590,ATG,1.64,False,WP_048173031.1,1,96.367,3578590,ATG,3578590,ATG,現行アノテーションを支持
MA_RS15030,MA_2863,3579321,GTG,False,0,stop_codon,3579321,GTG,1.17,False,WP_197080275.1,14,53.571,3579321,GTG,3579321,GTG,現行アノテーションを支持
MA_RS27250,,3579781,ATG,False,3,stop_codon,3579865,TTG,1.06,False,,,,,,3579781,ATG,現行アノテーションを支持
MA_RS28825,MA_2864,3579780,ATG,False,0,stop_codon,3579780,ATG,0.96,False,WP_197080275.1,1,89.222,3579780,ATG,3579780,ATG,現行アノテーションを支持
MA_RS15040,,3580980,ATG,False,0,stop_codon,3580980,ATG,1.64,False,WP_048173033.1,1,93.578,3580980,ATG,3580980,ATG,現行アノテーションを支持
MA_RS15045,MA_2866,3581153,ATG,False,0,stop_codon,3581153,ATG,2.97,False,WP_048173035.1,1,94.079,3581153,ATG,3581153,ATG,現行アノテーションを支持
MA_RS15050,MA_2867,3583286,GTG,False,0,stop_codon,3583286,GTG,1.09,False,WP_048173037.1,1,95.501,3583286,GTG,3583286,GTG,現行アノテーションを支持
MA_RS15055,MA_2868,3585664,ATG,False,1,stop_codon,3585733,ATG,3.06,True,WP_048173038.1,24,98.991,3585733,ATG,3585733,ATG,高確信度: 上流への延長を提案(RNA-seq・BLAST一致)
MA_RS15060,MA_2869,3586076,TTG,False,0,stop_codon,3586076,TTG,5.33,True,WP_048167213.1,15,30.0,3586076,TTG,3586076,TTG,現行アノテーションを支持
MA_RS15065,MA_2870,3586801,ATG,False,0,stop_codon,3586801,ATG,1.2,False,WP_048173041.1,1,98.925,3586801,ATG,3586801,ATG,現行アノテーションを支持
MA_RS15075,MA_2873,3587960,TTG,False,1,stop_codon,3587927,GTG,0.98,False,WP_048173858.1,6,96.774,3587927,GTG,3587927,GTG,中確信度: 上流への延長の可能性(片方の証拠のみ)
MA_RS15080,MA_2874,3588541,ATG,False,0,stop_codon,3588541,ATG,1.04,False,WP_048173043.1,1,91.919,3588541,ATG,3588541,ATG,現行アノテーションを支持
MA_RS15085,MA_2875,3589189,TTG,False,0,stop_codon,3589189,TTG,1.42,False,WP_048173045.1,1,92.661,3589189,TTG,3589189,TTG,現行アノテーションを支持
MA_RS27260,,3589861,ATG,False,1,stop_codon,3589861,ATG,1.17,False,,,,,,3589861,ATG,現行アノテーションを支持
MA_RS15095,MA_2877,3590331,ATG,False,0,stop_codon,3590331,ATG,1.65,False,WP_048173048.1,1,99.351,3590331,ATG,3590331,ATG,現行アノテーションを支持
MA_RS15100,MA_2878,3590806,ATG,False,0,neighbor_gene,3590806,ATG,1.04,False,WP_048174824.1,1,94.928,3590806,ATG,3590806,ATG,現行アノテーションを支持
MA_RS15105,MA_2879,3592050,ATG,False,0,stop_codon,3592050,ATG,1.07,False,WP_048173050.1,1,93.846,3592050,ATG,3592050,ATG,現行アノテーションを支持
MA_RS15110,MA_2880,3592625,ATG,False,1,stop_codon,3592520,TTG,1.11,False,WP_048138615.1,36,83.696,3592520,TTG,3592520,TTG,中確信度: 上流への延長の可能性(片方の証拠のみ)
MA_RS15115,MA_2881,3593159,ATG,False,0,stop_codon,3593159,ATG,0.96,False,WP_231589832.1,13,95.472,3593159,ATG,3593159,ATG,現行アノテーションを支持
MA_RS15120,MA_2882,3594276,GTG,False,1,stop_codon,3594267,GTG,3.73,True,WP_048173051.1,4,97.814,3594267,GTG,3594267,GTG,高確信度: 上流への延長を提案(RNA-seq・BLAST一致)
MA_RS15125,MA_2883,3595587,GTG,False,0,stop_codon,3595587,GTG,2.13,False,WP_048173053.1,1,95.385,3595587,GTG,3595587,GTG,現行アノテーションを支持
MA_RS15130,MA_2884,3596374,ATA,True,0,stop_codon,3596374,ATA,1.16,False,WP_048173054.1,11,86.301,3596374,ATA,3596374,ATA,現行アノテーションを支持
MA_RS15135,MA_2885,3598811,ATG,False,1,stop_codon,3598871,TTG,6.48,True,WP_082089008.1,1,84.985,3598871,TTG,3598871,TTG,高確信度: 上流への延長を提案(RNA-seq・BLAST一致)
MA_RS15140,MA_2886,3601895,GTG,False,0,stop_codon,3601895,GTG,1.43,False,WP_197080276.1,1,83.278,3601895,GTG,3601895,GTG,現行アノテーションを支持
MA_RS15150,MA_2888,3604380,ATG,False,1,stop_codon,3604380,ATG,0.86,False,WP_048173059.1,7,89.56,3604398,ATG,3604398,ATG,中確信度: 上流への延長の可能性(片方の証拠のみ)
MA_RS15155,MA_2889,3606083,ATG,False,0,stop_codon,3606083,ATG,1.12,False,WP_048173061.1,1,95.246,3606083,ATG,3606083,ATG,現行アノテーションを支持
MA_RS15160,MA_2890,3609073,ATG,False,0,stop_codon,3609073,ATG,0.9,False,WP_048173063.1,1,84.633,3609073,ATG,3609073,ATG,現行アノテーションを支持
MA_RS15165,MA_2891,3609519,ATG,False,1,stop_codon,3609519,ATG,1.54,False,WP_048173064.1,7,88.136,3609501,ATG,3609501,ATG,中確信度: 上流への延長の可能性(片方の証拠のみ)
MA_RS15175,MA_2893,3613050,ATG,False,0,stop_codon,3613050,ATG,1.5,False,WP_048173066.1,1,91.803,3613050,ATG,3613050,ATG,現行アノテーションを支持
MA_RS15180,MA_2894,3613380,ATG,False,0,stop_codon,3613380,ATG,0.96,False,WP_048173068.1,15,84.861,3613380,ATG,3613380,ATG,現行アノテーションを支持
MA_RS15185,MA_2895,3616266,ATG,False,0,stop_codon,3616266,ATG,3.59,True,WP_048173070.1,1,94.355,3616266,ATG,3616266,ATG,現行アノテーションを支持
MA_RS15190,MA_2896,3617629,ATG,False,1,stop_codon,3617569,TTG,1.14,False,WP_048173071.1,21,96.063,3617569,TTG,3617569,TTG,中確信度: 上流への延長の可能性(片方の証拠のみ)
MA_RS15195,MA_2897,3619916,ATG,False,0,stop_codon,3619916,ATG,0.79,False,WP_048173073.1,1,94.816,3619916,ATG,3619916,ATG,現行アノテーションを支持
MA_RS15200,MA_2899,3622785,ATG,False,0,stop_codon,3622785,ATG,1.98,False,WP_048173075.1,1,92.547,3622785,ATG,3622785,ATG,現行アノテーションを支持
MA_RS15205,MA_2900,3623874,ATG,False,0,stop_codon,3623874,ATG,1.38,False,WP_084626173.1,16,84.667,3623874,ATG,3623874,ATG,現行アノテーションを支持
MA_RS15210,MA_2901,3625485,ATG,False,1,stop_codon,3625485,ATG,2.33,False,WP_231589833.1,6,87.432,3625488,GTG,3625488,GTG,中確信度: 上流への延長の可能性(片方の証拠のみ)
MA_RS28830,,3625679,ATG,False,2,stop_codon,3625664,GTG,1.98,False,WP_052727840.1,9,74.194,3625664,GTG,3625664,GTG,中確信度: 上流への延長の可能性(片方の証拠のみ)
MA_RS28835,,3626051,ATG,False,1,neighbor_gene,3626000,ATG,1.21,False,WP_052727840.1,2,58.491,3626000,ATG,3626000,ATG,中確信度: 上流への延長の可能性(片方の証拠のみ)
MA_RS15220,MA_2903,3626393,ATG,False,0,stop_codon,3626393,ATG,1.69,False,WP_069575332.1,19,58.478,3626393,ATG,3626393,ATG,現行アノテーションを支持
MA_RS15225,MA_2904,3627384,ATG,False,1,neighbor_gene,3627384,ATG,1.08,False,WP_048116882.1,8,61.238,3627363,GTG,3627363,GTG,中確信度: 上流への延長の可能性(片方の証拠のみ)
MA_RS15235,MA_2906,3630418,ATG,False,1,neighbor_gene,3630418,ATG,1.54,False,WP_048140275.1,8,82.667,3630427,ATG,3630427,ATG,中確信度: 上流への延長の可能性(片方の証拠のみ)
MA_RS15240,MA_2907,3631727,TTG,False,0,stop_codon,3631727,TTG,0.73,False,WP_048172801.1,5,80.976,3631727,TTG,3631727,TTG,現行アノテーションを支持
MA_RS15245,MA_2908,3633504,TTG,False,1,stop_codon,3633504,TTG,0.97,False,WP_239451280.1,6,78.788,3633543,ATG,3633543,ATG,中確信度: 上流への延長の可能性(片方の証拠のみ)
MA_RS15250,MA_2909,3637083,ATG,False,0,neighbor_gene,3637083,ATG,0.82,False,WP_048171361.1,1,96.436,3637083,ATG,3637083,ATG,現行アノテーションを支持
MA_RS15255,MA_2910,3638141,ATG,False,0,stop_codon,3638141,ATG,0.9,False,WP_048138878.1,1,95.442,3638141,ATG,3638141,ATG,現行アノテーションを支持
MA_RS15260,MA_2911,3638412,ATG,False,0,stop_codon,3638412,ATG,1.04,False,WP_048171357.1,1,97.561,3638412,ATG,3638412,ATG,現行アノテーションを支持
MA_RS15265,MA_2912,3640451,ATG,False,1,stop_codon,3640460,GTG,0.99,False,WP_048171355.1,4,94.065,3640460,GTG,3640460,GTG,中確信度: 上流への延長の可能性(片方の証拠のみ)
MA_RS15270,MA_2914,3641357,ATG,False,0,stop_codon,3641357,ATG,2.54,False,WP_048171352.1,1,95.652,3641357,ATG,3641357,ATG,現行アノテーションを支持
MA_RS15275,MA_2916,3642248,ATG,False,1,stop_codon,3642236,GTG,22.38,True,WP_048171350.1,5,84.874,3642236,GTG,3642236,GTG,高確信度: 上流への延長を提案(RNA-seq・BLAST一致)
MA_RS15280,MA_2917,3644899,ATG,False,0,stop_codon,3644899,ATG,4.29,True,WP_048171348.1,1,94.444,3644899,ATG,3644899,ATG,現行アノテーションを支持
MA_RS15285,MA_2918,3645351,ATG,False,0,stop_codon,3645351,ATG,1.6,False,WP_048171346.1,1,92.07,3645351,ATG,3645351,ATG,現行アノテーションを支持
MA_RS15290,MA_2919,3646186,ATG,False,1,neighbor_gene,3646057,GTG,1.11,False,WP_048171344.1,44,86.875,3646057,GTG,3646057,GTG,中確信度: 上流への延長の可能性(片方の証拠のみ)
MA_RS15295,MA_2920,3646896,TTG,False,1,stop_codon,3646887,GTG,1.37,False,WP_048171342.1,4,95.775,3646887,GTG,3646887,GTG,中確信度: 上流への延長の可能性(片方の証拠のみ)
MA_RS15300,MA_2921,3647181,ATG,False,0,stop_codon,3647181,ATG,1.17,False,WP_048171340.1,1,98.969,3647181,ATG,3647181,ATG,現行アノテーションを支持
MA_RS15305,MA_2922,3648808,ATG,False,0,stop_codon,3648808,ATG,3.41,True,WP_048171338.1,1,94.304,3648808,ATG,3648808,ATG,現行アノテーションを支持
MA_RS15310,MA_2923,3649117,ATG,False,0,stop_codon,3649117,ATG,275.92,True,WP_048171335.1,1,90.175,3649117,ATG,3649117,ATG,現行アノテーションを支持
MA_RS15315,MA_2925,3650330,TTG,False,0,stop_codon,3650330,TTG,1.18,False,WP_231590469.1,1,89.277,3650330,TTG,3650330,TTG,現行アノテーションを支持
MA_RS27270,,3651890,TTG,False,0,stop_codon,3651890,TTG,1.16,False,WP_048139371.1,1,84.314,3651890,TTG,3651890,TTG,現行アノテーションを支持
MA_RS28840,MA_2926,3654103,ATG,False,1,stop_codon,3654103,ATG,1.83,False,WP_231588134.1,218,78.829,3654109,ATG,3654109,ATG,中確信度: 上流への延長の可能性(片方の証拠のみ)
MA_RS27275,,3654789,ATG,False,0,stop_codon,3654789,ATG,0.89,False,,,,,,3654789,ATG,現行アノテーションを支持
MA_RS15325,MA_2927,3655319,ATG,False,1,stop_codon,3655292,TTG,1.19,False,WP_048046424.1,10,69.118,3655292,TTG,3655292,TTG,中確信度: 上流への延長の可能性(片方の証拠のみ)
MA_RS15330,MA_2928,3657363,ATG,False,0,stop_codon,3657363,ATG,2.99,False,WP_011021898.1,1,99.766,3657363,ATG,3657363,ATG,現行アノテーションを支持
MA_RS15335,MA_2929,3658106,ATG,False,0,stop_codon,3658106,ATG,2.01,False,,,,,,3658106,ATG,現行アノテーションを支持
MA_RS15340,MA_2930,3658919,ATG,False,0,stop_codon,3658919,ATG,0.61,False,WP_048171328.1,60,89.899,3658919,ATG,3658919,ATG,現行アノテーションを支持
MA_RS15345,MA_2931,3658991,GTG,False,0,stop_codon,3658991,GTG,1.63,False,WP_082089262.1,1,91.118,3658991,GTG,3658991,GTG,現行アノテーションを支持
MA_RS15350,,3660134,ATG,False,0,stop_codon,3660134,ATG,1.25,False,,,,,,3660134,ATG,現行アノテーションを支持
MA_RS15355,MA_2933,3661887,ATG,False,0,stop_codon,3661887,ATG,0.87,False,WP_048171326.1,33,87.284,3661887,ATG,3661887,ATG,現行アノテーションを支持
MA_RS15365,MA_2934,3663530,ATG,False,0,stop_codon,3663530,ATG,1.1,False,WP_048171415.1,1,96.943,3663530,ATG,3663530,ATG,現行アノテーションを支持
MA_RS15370,MA_2935,3664555,ATG,False,0,stop_codon,3664555,ATG,1.62,False,WP_048139183.1,1,95.614,3664555,ATG,3664555,ATG,現行アノテーションを支持
MA_RS15375,MA_2936,3665308,ATG,False,0,stop_codon,3665308,ATG,1.42,False,WP_048174599.1,6,88.462,3665308,ATG,3665308,ATG,現行アノテーションを支持
MA_RS15390,MA_2939,3668531,ATG,False,0,stop_codon,3668531,ATG,0.99,False,WP_048171427.1,1,95.688,3668531,ATG,3668531,ATG,現行アノテーションを支持
MA_RS15395,MA_2940,3671405,GTG,False,0,stop_codon,3671405,GTG,1.64,False,WP_082089262.1,1,91.118,3671405,GTG,3671405,GTG,現行アノテーションを支持
MA_RS15400,MA_2941,3671681,ATG,False,1,stop_codon,3671633,ATG,1.09,False,,,,,,3671681,ATG,現行アノテーションを支持
MA_RS15405,MA_2942,3673995,ATG,False,1,stop_codon,3673995,ATG,1.5,False,WP_048117034.1,5,49.621,3674007,TTG,3674007,TTG,中確信度: 上流への延長の可能性(片方の証拠のみ)
MA_RS28120,MA_2943,3675620,ATG,False,0,stop_codon,3675620,ATG,2.69,False,WP_048173500.1,1,97.83,3675620,ATG,3675620,ATG,現行アノテーションを支持
MA_RS28845,,3677317,ATG,False,0,stop_codon,3677317,ATG,1.17,False,WP_231590482.1,1,91.228,3677317,ATG,3677317,ATG,現行アノテーションを支持
MA_RS15430,MA_2944,3678216,GTG,False,0,stop_codon,3678216,GTG,1.27,False,WP_197080349.1,1,83.871,3678216,GTG,3678216,GTG,現行アノテーションを支持
MA_RS15435,MA_2945,3678529,ATG,False,0,stop_codon,3678529,ATG,1.68,False,WP_048171659.1,1,81.955,3678529,ATG,3678529,ATG,現行アノテーションを支持
MA_RS29825,,3681016,ATC,True,0,stop_codon,3681016,ATC,1.07,False,WP_048167513.1,27,80.435,3681016,ATC,3681016,ATC,現行アノテーションを支持
MA_RS15455,MA_2948,3681730,ATG,False,0,stop_codon,3681730,ATG,1.42,False,WP_052721660.1,1,63.393,3681730,ATG,3681730,ATG,現行アノテーションを支持
MA_RS15460,MA_2949,3682508,ATG,False,0,stop_codon,3682508,ATG,0.97,False,,,,,,3682508,ATG,現行アノテーションを支持
MA_RS15465,MA_2950,3683199,GTG,False,0,stop_codon,3683199,GTG,1.81,False,WP_048138562.1,1,66.234,3683199,GTG,3683199,GTG,現行アノテーションを支持
MA_RS15470,MA_2951,3684313,ATG,False,3,stop_codon,3684325,GTG,222.83,True,WP_048139665.1,7,86.512,3684331,GTG,,,要確認: RNA-seqとBLASTが異なる候補を支持
MA_RS15475,MA_2952,3684520,ATG,False,0,stop_codon,3684520,ATG,1.26,False,WP_048143398.1,1,84.713,3684520,ATG,3684520,ATG,現行アノテーションを支持
MA_RS15480,MA_2953,3685529,ATG,False,0,stop_codon,3685529,ATG,1.09,False,WP_048120228.1,1,82.163,3685529,ATG,3685529,ATG,現行アノテーションを支持
MA_RS27285,,3687964,ATG,False,0,stop_codon,3687964,ATG,0.95,False,,,,,,3687964,ATG,現行アノテーションを支持
MA_RS28850,MA_2956,3688450,GTG,False,0,stop_codon,3688450,GTG,1.14,False,WP_082088923.1,10,82.278,3688450,GTG,3688450,GTG,現行アノテーションを支持
MA_RS28855,,3688785,ATC,True,0,stop_codon,3688785,ATC,1.09,False,WP_052730798.1,2,70.103,3688785,ATC,3688785,ATC,現行アノテーションを支持
MA_RS28860,,3689156,TTG,False,0,stop_codon,3689156,TTG,1.45,False,WP_082088923.1,6,65.517,3689156,TTG,3689156,TTG,現行アノテーションを支持
MA_RS15500,MA_2957,3690225,ATG,False,0,stop_codon,3690225,ATG,0.97,False,WP_048172513.1,21,32.609,3690225,ATG,3690225,ATG,現行アノテーションを支持
MA_RS15505,MA_2958,3691043,ATG,False,3,stop_codon,3691043,ATG,1.44,False,WP_048174730.1,63,41.538,3691058,TTG,3691058,TTG,中確信度: 上流への延長の可能性(片方の証拠のみ)
MA_RS15510,MA_2959,3691521,TTG,False,2,stop_codon,3691455,ATG,1.59,False,WP_231590483.1,333,97.567,3691455,ATG,3691455,ATG,中確信度: 上流への延長の可能性(片方の証拠のみ)
MA_RS15520,MA_2961,3694952,ATG,False,0,stop_codon,3694952,ATG,2.09,False,WP_269430818.1,1,95.753,3694952,ATG,3694952,ATG,現行アノテーションを支持
MA_RS15525,MA_2962,3698470,ATG,False,0,stop_codon,3698470,ATG,1.01,False,WP_048171664.1,1,97.288,3698470,ATG,3698470,ATG,現行アノテーションを支持
MA_RS15530,MA_2963,3698985,ATG,False,0,stop_codon,3698985,ATG,2.67,False,WP_048171665.1,1,98.837,3698985,ATG,3698985,ATG,現行アノテーションを支持
MA_RS15535,MA_2964,3699642,ATG,False,0,stop_codon,3699642,ATG,1.24,False,WP_156158825.1,1,55.769,3699642,ATG,3699642,ATG,現行アノテーションを支持
MA_RS15540,MA_2965,3701555,TTG,False,0,stop_codon,3701555,TTG,1.64,False,WP_394296903.1,1,98.745,3701555,TTG,3701555,TTG,現行アノテーションを支持
MA_RS15545,MA_2966,3703060,ATG,False,0,stop_codon,3703060,ATG,2.26,False,WP_048171667.1,1,87.607,3703060,ATG,3703060,ATG,現行アノテーションを支持
MA_RS15550,MA_2967,3703823,ATG,False,3,stop_codon,3703823,ATG,1.23,False,WP_048171669.1,63,90.952,3704009,ATG,3704009,ATG,中確信度: 上流への延長の可能性(片方の証拠のみ)
MA_RS15555,MA_2968,3704201,ATG,False,0,stop_codon,3704201,ATG,1.3,False,WP_048171670.1,1,96.488,3704201,ATG,3704201,ATG,現行アノテーションを支持
MA_RS15560,MA_2969,3705929,ATG,False,1,stop_codon,3705917,GTG,1.4,False,WP_048171672.1,5,95.69,3705917,GTG,3705917,GTG,中確信度: 上流への延長の可能性(片方の証拠のみ)
MA_RS15570,MA_2971,3707001,ATG,False,0,stop_codon,3707001,ATG,1.25,False,WP_048171675.1,1,96.774,3707001,ATG,3707001,ATG,現行アノテーションを支持
MA_RS15585,MA_2973,3709434,ATG,False,0,stop_codon,3709434,ATG,1.36,False,WP_048171680.1,1,91.25,3709434,ATG,3709434,ATG,現行アノテーションを支持
MA_RS15590,,3709883,TTG,False,0,stop_codon,3709883,TTG,2.52,False,,,,,,3709883,TTG,現行アノテーションを支持
MA_RS15595,MA_2975,3710459,GTG,False,0,stop_codon,3710459,GTG,1.58,False,WP_082089124.1,1,90.747,3710459,GTG,3710459,GTG,現行アノテーションを支持
MA_RS15600,MA_2976,3711459,GTG,False,0,stop_codon,3711459,GTG,0.85,False,WP_048171682.1,1,93.525,3711459,GTG,3711459,GTG,現行アノテーションを支持
MA_RS15605,MA_2977,3712716,ATG,False,0,stop_codon,3712716,ATG,1.25,False,WP_158024152.1,3,63.953,3712716,ATG,3712716,ATG,現行アノテーションを支持
MA_RS28240,,3713144,TTG,False,0,stop_codon,3713144,TTG,0.94,False,WP_048167800.1,10,73.529,3713144,TTG,3713144,TTG,現行アノテーションを支持
MA_RS15615,MA_2978,3713230,ATG,False,0,stop_codon,3713230,ATG,0.93,False,WP_052721801.1,1,48.837,3713230,ATG,3713230,ATG,現行アノテーションを支持
MA_RS15620,,3713516,ATG,False,0,neighbor_gene,3713516,ATG,0.99,False,WP_052721802.1,1,41.538,3713516,ATG,3713516,ATG,現行アノテーションを支持
MA_RS15625,MA_2979,3715401,ATG,False,2,stop_codon,3715458,GTG,1.04,False,WP_048142184.1,20,86.527,3715458,GTG,3715458,GTG,中確信度: 上流への延長の可能性(片方の証拠のみ)
MA_RS15630,MA_2980,3716204,ATG,False,0,neighbor_gene,3716204,ATG,0.89,False,WP_048142186.1,1,91.391,3716204,ATG,3716204,ATG,現行アノテーションを支持
MA_RS15635,MA_2981,3716630,ATG,False,0,stop_codon,3716630,ATG,1.07,False,WP_048142186.1,2,68.382,3716630,ATG,3716630,ATG,現行アノテーションを支持
MA_RS15640,MA_2982,3717680,ATG,False,1,stop_codon,3717611,TTG,1.61,False,WP_048171684.1,24,88.136,3717611,TTG,3717611,TTG,中確信度: 上流への延長の可能性(片方の証拠のみ)
MA_RS15645,MA_2983,3718775,GTG,False,0,stop_codon,3718775,GTG,1.65,False,WP_082089262.1,1,90.789,3718775,GTG,3718775,GTG,現行アノテーションを支持
MA_RS29470,,3719939,ATG,False,0,stop_codon,3719939,ATG,0.81,False,,,,,,3719939,ATG,現行アノテーションを支持
MA_RS15650,MA_2984,3720050,GTG,False,0,stop_codon,3720050,GTG,3.05,True,WP_048171686.1,1,88.945,3720050,GTG,3720050,GTG,現行アノテーションを支持
MA_RS15655,MA_2985,3721618,ATG,False,0,stop_codon,3721618,ATG,1.73,False,WP_048171688.1,1,93.363,3721618,ATG,3721618,ATG,現行アノテーションを支持
MA_RS15660,MA_2986,3723019,GTG,False,0,stop_codon,3723019,GTG,1.37,False,WP_048171690.1,1,95.0,3723019,GTG,3723019,GTG,現行アノテーションを支持
MA_RS29475,,3723138,GTG,False,3,stop_codon,3723138,GTG,0.91,False,WP_156157317.1,1,69.388,3723165,ATG,3723165,ATG,中確信度: 上流への延長の可能性(片方の証拠のみ)
MA_RS15665,MA_2987,3724905,ATG,False,0,stop_codon,3724905,ATG,1.11,False,WP_048171692.1,1,90.731,3724905,ATG,3724905,ATG,現行アノテーションを支持
MA_RS15670,MA_2988,3725608,ATG,False,1,stop_codon,3725608,ATG,0.87,False,WP_048171694.1,24,88.655,3725677,TTG,3725677,TTG,中確信度: 上流への延長の可能性(片方の証拠のみ)
MA_RS15675,MA_2989,3726717,ATG,False,0,neighbor_gene,3726717,ATG,1.2,False,WP_082088926.1,1,95.676,3726717,ATG,3726717,ATG,現行アノテーションを支持
MA_RS15680,MA_2990,3727561,ATG,False,0,neighbor_gene,3727561,ATG,0.86,False,WP_048171696.1,1,91.912,3727561,ATG,3727561,ATG,現行アノテーションを支持
MA_RS15685,MA_2991,3728774,TTG,False,0,stop_codon,3728774,TTG,0.69,False,WP_048171698.1,1,96.774,3728774,TTG,3728774,TTG,現行アノテーションを支持
MA_RS15690,MA_2992,3729786,ATG,False,0,stop_codon,3729786,ATG,6.33,True,WP_048171701.1,1,93.657,3729786,ATG,3729786,ATG,現行アノテーションを支持
MA_RS15695,MA_2993,3730495,TTG,False,1,stop_codon,3730513,TTG,1.16,False,WP_048140686.1,2,36.232,3730513,TTG,3730513,TTG,中確信度: 上流への延長の可能性(片方の証拠のみ)
MA_RS15700,MA_2994,3731645,ATG,False,0,stop_codon,3731645,ATG,0.75,False,WP_048121770.1,15,42.857,3731645,ATG,3731645,ATG,現行アノテーションを支持
MA_RS15705,MA_2995,3732389,ATG,False,2,stop_codon,3732428,GTG,1.36,False,WP_048139236.1,1,76.316,3732428,GTG,3732428,GTG,中確信度: 上流への延長の可能性(片方の証拠のみ)
MA_RS24715,MA_2996,3732479,ATG,False,1,stop_codon,3732479,ATG,0.77,False,WP_048121941.1,8,77.083,3732458,TTG,3732458,TTG,中確信度: 上流への延長の可能性(片方の証拠のみ)
MA_RS15710,MA_2997,3733156,ATG,False,0,stop_codon,3733156,ATG,0.64,False,WP_048170980.1,1,96.296,3733156,ATG,3733156,ATG,現行アノテーションを支持
MA_RS15715,MA_2999,3733870,ATG,False,0,stop_codon,3733870,ATG,2.88,False,WP_048170977.1,1,95.876,3733870,ATG,3733870,ATG,現行アノテーションを支持
MA_RS15720,MA_3000,3734404,ATG,False,0,stop_codon,3734404,ATG,3.47,True,WP_231590449.1,31,91.845,3734404,ATG,3734404,ATG,現行アノテーションを支持
MA_RS28865,,3736215,GTG,False,3,stop_codon,3736080,ATG,1.44,False,WP_230633344.1,36,63.158,3736080,ATG,3736080,ATG,中確信度: 上流への延長の可能性(片方の証拠のみ)
MA_RS29480,MA_3001,3736514,GTG,False,2,stop_codon,3736514,GTG,1.32,False,WP_052721559.1,8,85.714,3736499,GTG,3736499,GTG,中確信度: 上流への延長の可能性(片方の証拠のみ)
MA_RS29485,MA_3002,3736971,TTG,False,0,stop_codon,3736971,TTG,1.13,False,WP_052721559.1,5,89.394,3736971,TTG,3736971,TTG,現行アノテーションを支持
MA_RS15730,MA_3003,3737662,ATG,False,0,stop_codon,3737662,ATG,8.0,True,WP_048170970.1,1,98.958,3737662,ATG,3737662,ATG,現行アノテーションを支持
MA_RS15745,MA_3006,3739179,ATG,False,2,stop_codon,3739155,TTG,1.22,False,WP_080941564.1,1,87.135,3739146,GTG,3739146,GTG,中確信度: 上流への延長の可能性(片方の証拠のみ)
MA_RS15750,MA_3007,3740041,ATG,False,1,stop_codon,3740041,ATG,0.92,False,WP_048170936.1,3,93.61,3740035,GTG,3740035,GTG,中確信度: 上流への延長の可能性(片方の証拠のみ)
MA_RS15755,MA_3008,3741869,TTG,False,1,stop_codon,3741896,TTG,1.09,False,WP_048174562.1,10,93.269,3741896,TTG,3741896,TTG,中確信度: 上流への延長の可能性(片方の証拠のみ)
MA_RS15760,MA_3009,3742949,ATG,False,0,stop_codon,3742949,ATG,1.18,False,WP_048170933.1,1,88.997,3742949,ATG,3742949,ATG,現行アノテーションを支持
MA_RS15765,MA_3010,3743680,ATG,False,0,stop_codon,3743680,ATG,0.85,False,WP_048170932.1,1,92.593,3743680,ATG,3743680,ATG,現行アノテーションを支持
MA_RS15770,MA_3012,3744268,ATG,False,0,stop_codon,3744268,ATG,2.72,False,WP_048170929.1,1,94.545,3744268,ATG,3744268,ATG,現行アノテーションを支持
MA_RS15775,MA_3013,3745410,ATG,False,2,stop_codon,3745410,ATG,1.23,False,WP_048170927.1,26,96.232,3745335,TTG,3745335,TTG,中確信度: 上流への延長の可能性(片方の証拠のみ)
MA_RS15780,MA_3014,3746512,ATG,False,0,stop_codon,3746512,ATG,2.58,False,WP_048170924.1,1,99.422,3746512,ATG,3746512,ATG,現行アノテーションを支持
MA_RS15785,MA_3015,3747033,ATG,False,1,stop_codon,3747033,ATG,1.52,False,WP_187151936.1,2,98.092,3747030,TTG,3747030,TTG,中確信度: 上流への延長の可能性(片方の証拠のみ)
MA_RS15790,MA_3016,3748055,ATG,False,0,stop_codon,3748055,ATG,1.55,False,WP_048170919.1,1,95.055,3748055,ATG,3748055,ATG,現行アノテーションを支持
MA_RS15795,MA_3017,3748969,GTG,False,0,stop_codon,3748969,GTG,1.92,False,WP_011022956.1,1,100.0,3748969,GTG,3748969,GTG,現行アノテーションを支持
MA_RS15800,MA_3018,3749938,ATG,False,0,neighbor_gene,3749938,ATG,1.08,False,WP_048170917.1,1,96.296,3749938,ATG,3749938,ATG,現行アノテーションを支持
MA_RS15805,MA_3019,3751192,ATG,False,0,stop_codon,3751192,ATG,1.42,False,WP_048170915.1,1,96.643,3751192,ATG,3751192,ATG,現行アノテーションを支持
MA_RS15810,MA_3020,3753439,ATG,False,0,stop_codon,3753439,ATG,1.5,False,WP_048170912.1,1,97.712,3753439,ATG,3753439,ATG,現行アノテーションを支持
MA_RS15815,MA_3021,3753783,TTG,False,3,stop_codon,3753783,TTG,1.5,False,WP_331456184.1,12,94.855,3753750,TTG,3753750,TTG,中確信度: 上流への延長の可能性(片方の証拠のみ)
MA_RS15820,MA_3022,3754941,ATG,False,0,stop_codon,3754941,ATG,7.62,True,WP_048170910.1,1,98.025,3754941,ATG,3754941,ATG,現行アノテーションを支持
MA_RS15825,MA_3023,3756181,ATG,False,0,neighbor_gene,3756181,ATG,0.99,False,WP_048170908.1,1,97.411,3756181,ATG,3756181,ATG,現行アノテーションを支持
MA_RS15830,MA_3024,3758146,ATG,False,1,stop_codon,3758146,ATG,1.02,False,WP_048174560.1,4,95.161,3758137,ATG,3758137,ATG,中確信度: 上流への延長の可能性(片方の証拠のみ)
MA_RS15835,MA_3025,3759447,ATG,False,0,stop_codon,3759447,ATG,0.94,False,WP_048170906.1,1,93.199,3759447,ATG,3759447,ATG,現行アノテーションを支持
MA_RS15840,MA_3026,3761287,ATG,False,3,stop_codon,3761287,ATG,43.95,True,WP_048170904.1,38,90.286,3761398,GTG,3761398,GTG,中確信度: 上流への延長の可能性(片方の証拠のみ)
MA_RS15845,MA_3027,3761359,ATG,False,1,stop_codon,3761359,ATG,2.12,False,,,,,,3761359,ATG,現行アノテーションを支持
MA_RS15855,MA_3028,3762118,TTG,False,0,stop_codon,3762118,TTG,2.39,False,,,,,,3762118,TTG,現行アノテーションを支持
MA_RS15860,,3762569,ATG,False,2,stop_codon,3762587,ATG,1.0,False,WP_162197611.1,1,96.923,3762587,ATG,3762587,ATG,中確信度: 上流への延長の可能性(片方の証拠のみ)
MA_RS15865,MA_3029,3763307,GTG,False,0,stop_codon,3763307,GTG,1.93,False,WP_048173209.1,1,96.237,3763307,GTG,3763307,GTG,現行アノテーションを支持
MA_RS15870,MA_3030,3765072,ATG,False,1,stop_codon,3765045,ATG,1.69,False,WP_048173207.1,10,95.349,3765045,ATG,3765045,ATG,中確信度: 上流への延長の可能性(片方の証拠のみ)
MA_RS15875,MA_3031,3766505,ATG,False,0,stop_codon,3766505,ATG,1.41,False,WP_048173206.1,1,94.098,3766505,ATG,3766505,ATG,現行アノテーションを支持
MA_RS15880,MA_3032,3768528,GTG,False,0,stop_codon,3768528,GTG,1.89,False,WP_048173204.1,1,90.909,3768528,GTG,3768528,GTG,現行アノテーションを支持
MA_RS15885,MA_3033,3768982,ATG,False,0,stop_codon,3768982,ATG,2.16,False,WP_048173203.1,1,95.686,3768982,ATG,3768982,ATG,現行アノテーションを支持
MA_RS15890,MA_3034,3769770,ATG,False,0,neighbor_gene,3769770,ATG,1.01,False,WP_048173201.1,10,90.114,3769770,ATG,3769770,ATG,現行アノテーションを支持
MA_RS29490,,3771834,GTG,False,1,stop_codon,3771834,GTG,1.01,False,,,,,,3771834,GTG,現行アノテーションを支持
MA_RS15895,MA_3035,3772409,ATG,False,0,stop_codon,3772409,ATG,1.7,False,WP_048173199.1,1,97.995,3772409,ATG,3772409,ATG,現行アノテーションを支持
MA_RS15900,,3774240,ATG,False,0,stop_codon,3774240,ATG,1.08,False,WP_048173198.1,1,96.0,3774240,ATG,3774240,ATG,現行アノテーションを支持
MA_RS27305,MA_3037,3774512,GTG,False,0,stop_codon,3774512,GTG,0.27,False,,,,,,3774512,GTG,現行アノテーションを支持
MA_RS15905,MA_3038,3774883,ATG,False,0,stop_codon,3774883,ATG,0.78,False,WP_197080281.1,1,97.159,3774883,ATG,3774883,ATG,現行アノテーションを支持
MA_RS15910,MA_3039,3776348,ATG,False,0,stop_codon,3776348,ATG,1.62,False,WP_048173196.1,1,93.607,3776348,ATG,3776348,ATG,現行アノテーションを支持
MA_RS15915,MA_3040,3778117,GTG,False,0,stop_codon,3778117,GTG,1.44,False,WP_048154586.1,1,73.51,3778117,GTG,3778117,GTG,現行アノテーションを支持
MA_RS15920,MA_3042,3778714,GTG,False,0,stop_codon,3778714,GTG,0.95,False,WP_048173194.1,1,95.584,3778714,GTG,3778714,GTG,現行アノテーションを支持
MA_RS15925,MA_3043,3779792,ATG,False,0,stop_codon,3779792,ATG,1.33,False,WP_048173192.1,1,96.457,3779792,ATG,3779792,ATG,現行アノテーションを支持
MA_RS15930,MA_3044,3781627,ATG,False,0,stop_codon,3781627,ATG,1.03,False,WP_048174860.1,1,94.576,3781627,ATG,3781627,ATG,現行アノテーションを支持
MA_RS15935,MA_3045,3782415,ATG,False,0,stop_codon,3782415,ATG,2.21,False,WP_048173190.1,1,94.403,3782415,ATG,3782415,ATG,現行アノテーションを支持
MA_RS15940,MA_3046,3782562,ATG,False,0,stop_codon,3782562,ATG,7.76,True,WP_048173188.1,6,96.795,3782562,ATG,3782562,ATG,現行アノテーションを支持
MA_RS15945,MA_3047,3783508,ATG,False,2,stop_codon,3783508,ATG,1.12,False,WP_048173186.1,38,95.71,3783397,ATG,3783397,ATG,中確信度: 上流への延長の可能性(片方の証拠のみ)
MA_RS15950,MA_3048,3784610,ATG,False,0,stop_codon,3784610,ATG,1.71,False,WP_048173185.1,1,95.349,3784610,ATG,3784610,ATG,現行アノテーションを支持
MA_RS15955,MA_3049,3786207,ATG,False,2,neighbor_gene,3786195,TTG,1.03,False,WP_082089017.1,4,95.223,3786195,TTG,3786195,TTG,中確信度: 上流への延長の可能性(片方の証拠のみ)
MA_RS15960,MA_3050,3787150,ATG,False,0,neighbor_gene,3787150,ATG,0.98,False,WP_052721663.1,1,98.288,3787150,ATG,3787150,ATG,現行アノテーションを支持
MA_RS15965,MA_3051,3788302,ATG,False,0,stop_codon,3788302,ATG,1.38,False,WP_048173182.1,1,99.539,3788302,ATG,3788302,ATG,現行アノテーションを支持
MA_RS15970,MA_3052,3789539,ATG,False,0,stop_codon,3789539,ATG,3.58,True,WP_048173181.1,1,97.353,3789539,ATG,3789539,ATG,現行アノテーションを支持
MA_RS27310,MA_3053,3793292,ATG,False,1,stop_codon,3793295,GTG,1.11,False,WP_187151764.1,5,96.226,3793295,GTG,3793295,GTG,中確信度: 上流への延長の可能性(片方の証拠のみ)
MA_RS15975,MA_3054,3794449,ATG,False,0,stop_codon,3794449,ATG,1.37,False,WP_197080280.1,1,76.97,3794449,ATG,3794449,ATG,現行アノテーションを支持
MA_RS15980,MA_3055,3796068,ATG,False,1,neighbor_gene,3796068,ATG,1.1,False,WP_048173179.1,4,97.407,3796077,TTG,3796077,TTG,中確信度: 上流への延長の可能性(片方の証拠のみ)
MA_RS15985,MA_3056,3797933,ATG,False,0,stop_codon,3797933,ATG,0.86,False,WP_048173177.1,1,97.245,3797933,ATG,3797933,ATG,現行アノテーションを支持
MA_RS15990,MA_3057,3798683,ATG,False,0,neighbor_gene,3798683,ATG,1.45,False,WP_011032272.1,1,94.958,3798683,ATG,3798683,ATG,現行アノテーションを支持
MA_RS15995,MA_3058,3799158,ATG,False,0,neighbor_gene,3799158,ATG,1.59,False,WP_048173174.1,1,92.357,3799158,ATG,3799158,ATG,現行アノテーションを支持
MA_RS16000,MA_3059,3799636,ATG,False,0,stop_codon,3799636,ATG,1.13,False,WP_048173173.1,1,98.089,3799636,ATG,3799636,ATG,現行アノテーションを支持
MA_RS16005,MA_3060,3800392,ATG,False,2,stop_codon,3800401,TTG,0.94,False,WP_231589838.1,14,91.031,3800431,GTG,3800431,GTG,中確信度: 上流への延長の可能性(片方の証拠のみ)
MA_RS16010,MA_3061,3801038,ATG,False,0,stop_codon,3801038,ATG,1.13,False,WP_048173170.1,1,93.158,3801038,ATG,3801038,ATG,現行アノテーションを支持
MA_RS16015,MA_3062,3801697,ATG,False,0,stop_codon,3801697,ATG,3.47,True,WP_048173168.1,1,96.279,3801697,ATG,3801697,ATG,現行アノテーションを支持
MA_RS16020,MA_3063,3803910,GTG,False,0,stop_codon,3803910,GTG,1.29,False,WP_048173166.1,1,95.185,3803910,GTG,3803910,GTG,現行アノテーションを支持
MA_RS16025,MA_3064,3804563,ATG,False,0,stop_codon,3804563,ATG,0.68,False,WP_048173165.1,1,89.545,3804563,ATG,3804563,ATG,現行アノテーションを支持
MA_RS16030,MA_3065,3805162,ATG,False,1,stop_codon,3805162,ATG,1.58,False,WP_048173163.1,4,92.965,3805171,GTG,3805171,GTG,中確信度: 上流への延長の可能性(片方の証拠のみ)
MA_RS16035,MA_3066,3807803,ATG,False,0,stop_codon,3807803,ATG,0.86,False,WP_048173162.1,1,84.882,3807803,ATG,3807803,ATG,現行アノテーションを支持
MA_RS16040,MA_3067,3808845,ATG,False,0,stop_codon,3808845,ATG,1.27,False,WP_048173160.1,1,93.429,3808845,ATG,3808845,ATG,現行アノテーションを支持
MA_RS16045,MA_3068,3809224,ATG,False,0,neighbor_gene,3809224,ATG,0.5,False,WP_048173159.1,1,95.833,3809224,ATG,3809224,ATG,現行アノテーションを支持
MA_RS16050,MA_3069,3810043,ATG,False,0,stop_codon,3810043,ATG,1.0,False,WP_048173157.1,1,92.857,3810043,ATG,3810043,ATG,現行アノテーションを支持
MA_RS16055,MA_3070,3810519,ATG,False,3,stop_codon,3810519,ATG,1.24,False,WP_048173155.1,24,94.969,3810588,TTG,3810588,TTG,中確信度: 上流への延長の可能性(片方の証拠のみ)
MA_RS16060,MA_3071,3812605,ATG,False,1,stop_codon,3812611,TTG,1.0,False,WP_048173153.1,3,84.673,3812611,TTG,3812611,TTG,中確信度: 上流への延長の可能性(片方の証拠のみ)
MA_RS16065,MA_3072,3813420,ATG,False,1,stop_codon,3813399,TTG,5.23,True,WP_048065599.1,8,100.0,3813399,TTG,3813399,TTG,高確信度: 上流への延長を提案(RNA-seq・BLAST一致)
MA_RS16070,MA_3073,3814373,ATG,False,1,stop_codon,3814337,TTG,1.48,False,WP_048173151.1,13,95.694,3814337,TTG,3814337,TTG,中確信度: 上流への延長の可能性(片方の証拠のみ)
MA_RS16075,MA_3074,3816370,TTG,False,3,stop_codon,3816373,GTG,1.25,False,WP_156158865.1,1,92.405,3816412,GTG,3816412,GTG,中確信度: 上流への延長の可能性(片方の証拠のみ)
MA_RS16080,MA_3075,3816808,TTG,False,0,stop_codon,3816808,TTG,1.23,False,WP_048174853.1,11,94.819,3816808,TTG,3816808,TTG,現行アノテーションを支持
MA_RS16085,MA_3076,3818564,ATG,False,0,stop_codon,3818564,ATG,1.41,False,WP_048173146.1,1,95.76,3818564,ATG,3818564,ATG,現行アノテーションを支持
MA_RS16090,MA_3077,3819862,ATG,False,1,stop_codon,3819862,ATG,1.54,False,WP_052721768.1,14,89.95,3819823,ATG,3819823,ATG,中確信度: 上流への延長の可能性(片方の証拠のみ)
MA_RS16095,MA_3078,3820531,ATG,False,0,stop_codon,3820531,ATG,1.41,False,WP_048173144.1,1,80.0,3820531,ATG,3820531,ATG,現行アノテーションを支持
MA_RS16100,MA_3079,3821549,TTG,False,0,stop_codon,3821549,TTG,1.29,False,WP_048173142.1,1,94.512,3821549,TTG,3821549,TTG,現行アノテーションを支持
MA_RS16105,MA_3080,3822043,ATG,False,0,stop_codon,3822043,ATG,1.11,False,WP_048173140.1,1,87.135,3822043,ATG,3822043,ATG,現行アノテーションを支持
MA_RS16110,MA_3081,3822684,ATG,False,0,stop_codon,3822684,ATG,1.0,False,WP_048174850.1,1,90.458,3822684,ATG,3822684,ATG,現行アノテーションを支持
MA_RS16115,MA_3082,3823526,ATG,False,0,stop_codon,3823526,ATG,1.54,False,WP_052730739.1,1,90.507,3823526,ATG,3823526,ATG,現行アノテーションを支持
MA_RS16120,MA_3083,3825358,ATG,False,0,stop_codon,3825358,ATG,0.92,False,WP_048173137.1,1,88.077,3825358,ATG,3825358,ATG,現行アノテーションを支持
MA_RS16125,MA_3084,3827038,ATG,False,3,stop_codon,3827005,TTG,0.86,False,WP_048173136.1,14,83.276,3826999,TTG,3826999,TTG,中確信度: 上流への延長の可能性(片方の証拠のみ)
MA_RS16135,MA_3085,3829729,TTG,False,0,stop_codon,3829729,TTG,2.19,False,WP_261788844.1,1,96.226,3829729,TTG,3829729,TTG,現行アノテーションを支持
MA_RS16140,MA_3086,3830873,GTG,False,4,stop_codon,3831038,TTG,2.4,False,WP_048169875.1,224,40.0,3831038,TTG,3831038,TTG,中確信度: 上流への延長の可能性(片方の証拠のみ)
MA_RS16145,MA_3087,3833994,ATG,False,2,stop_codon,3834003,GTG,1.35,False,WP_196296807.1,43,52.009,3834120,TTG,3834120,TTG,中確信度: 上流への延長の可能性(片方の証拠のみ)
MA_RS16155,MA_3088,3835344,ATG,False,0,stop_codon,3835344,ATG,1.44,False,WP_080941504.1,1,31.402,3835344,ATG,3835344,ATG,現行アノテーションを支持
MA_RS16160,MA_3089,3836260,ATG,False,0,stop_codon,3836260,ATG,0.94,False,,,,,,3836260,ATG,現行アノテーションを支持
MA_RS16165,MA_3090,3836890,ATG,False,2,stop_codon,3836890,ATG,1.55,False,,,,,,3836890,ATG,現行アノテーションを支持
MA_RS16170,MA_3091,3837172,ATG,False,0,stop_codon,3837172,ATG,1.14,False,WP_048140421.1,153,30.405,3837172,ATG,3837172,ATG,現行アノテーションを支持
MA_RS16180,MA_3092,3839790,ATG,False,0,stop_codon,3839790,ATG,0.99,False,WP_048167945.1,65,56.0,3839790,ATG,3839790,ATG,現行アノテーションを支持
MA_RS16185,MA_3093,3841261,ATG,False,0,stop_codon,3841261,ATG,1.28,False,WP_048172519.1,7,38.988,3841261,ATG,3841261,ATG,現行アノテーションを支持
MA_RS16190,MA_3094,3842337,ATG,False,3,neighbor_gene,3842325,TTG,1.13,False,WP_048119787.1,45,39.172,3842262,TTG,3842262,TTG,中確信度: 上流への延長の可能性(片方の証拠のみ)
MA_RS16195,MA_3095,3843314,TTG,False,0,stop_codon,3843314,TTG,0.94,False,WP_048040870.1,20,36.972,3843314,TTG,3843314,TTG,現行アノテーションを支持
MA_RS16200,MA_3096,3844209,TTG,False,0,stop_codon,3844209,TTG,0.86,False,WP_048117290.1,118,40.681,3844209,TTG,3844209,TTG,現行アノテーションを支持
MA_RS16205,MA_3097,3846068,GTG,False,0,stop_codon,3846068,GTG,1.18,False,WP_048120355.1,171,24.519,3846068,GTG,3846068,GTG,現行アノテーションを支持
MA_RS16210,MA_3098,3847216,ATG,False,0,stop_codon,3847216,ATG,0.97,False,WP_048173784.1,110,19.421,3847216,ATG,3847216,ATG,現行アノテーションを支持
MA_RS16215,MA_3099,3849467,ATG,False,0,stop_codon,3849467,ATG,27.2,True,,,,,,3849467,ATG,現行アノテーションを支持
MA_RS16220,MA_3100,3849589,ATG,False,0,stop_codon,3849589,ATG,61.61,True,,,,,,3849589,ATG,現行アノテーションを支持
MA_RS24730,MA_3101,3851064,ATG,False,1,stop_codon,3851040,GTG,1.57,False,WP_052721586.1,59,33.159,3851040,GTG,3851040,GTG,中確信度: 上流への延長の可能性(片方の証拠のみ)
MA_RS16230,MA_3102,3855581,ATG,False,1,stop_codon,3855581,ATG,0.83,False,WP_048142256.1,47,80.645,3855497,ATG,3855497,ATG,中確信度: 上流への延長の可能性(片方の証拠のみ)
MA_RS27315,,3857172,ATG,False,0,stop_codon,3857172,ATG,0.93,False,WP_052727905.1,5,47.727,3857172,ATG,3857172,ATG,現行アノテーションを支持
MA_RS16240,MA_3103,3858101,ATG,False,0,stop_codon,3858101,ATG,1.18,False,WP_048173131.1,1,94.805,3858101,ATG,3858101,ATG,現行アノテーションを支持
MA_RS16245,MA_3104,3859133,ATT,True,0,stop_codon,3859133,ATT,3.12,True,WP_082089014.1,1,93.413,3859133,ATT,3859133,ATT,現行アノテーションを支持
MA_RS16250,MA_3105,3861507,ATG,False,1,stop_codon,3861459,ATG,0.9,False,WP_231590443.1,11,91.566,3861459,ATG,3861459,ATG,中確信度: 上流への延長の可能性(片方の証拠のみ)
MA_RS16255,MA_3107,3862275,ATG,False,0,stop_codon,3862275,ATG,1.21,False,WP_231590443.1,1,88.312,3862275,ATG,3862275,ATG,現行アノテーションを支持
MA_RS16260,MA_3108,3864863,ATG,False,1,stop_codon,3864863,ATG,4.63,True,WP_048174557.1,17,96.974,3864911,GTG,3864911,GTG,中確信度: 上流への延長の可能性(片方の証拠のみ)
MA_RS29495,,3865190,TTG,False,0,neighbor_gene,3865190,TTG,0.98,False,,,,,,3865190,TTG,現行アノテーションを支持
MA_RS16265,MA_3109,3866804,ATG,False,1,stop_codon,3866846,ATG,5.23,True,,,,,,3866846,ATG,中確信度: 上流への延長の可能性(片方の証拠のみ)
MA_RS16270,MA_3110,3867709,TTG,False,0,stop_codon,3867709,TTG,1.23,False,WP_048154602.1,1,71.25,3867709,TTG,3867709,TTG,現行アノテーションを支持
MA_RS16275,MA_3111,3868289,TTG,False,1,stop_codon,3868289,TTG,1.06,False,WP_048122191.1,5,85.535,3868304,ATG,3868304,ATG,中確信度: 上流への延長の可能性(片方の証拠のみ)
MA_RS16285,MA_3113,3868573,ATG,False,0,stop_codon,3868573,ATG,1.49,False,WP_011023052.1,1,100.0,3868573,ATG,3868573,ATG,現行アノテーションを支持
MA_RS16290,MA_3114,3869608,ATG,False,0,stop_codon,3869608,ATG,2.15,False,WP_048138107.1,1,78.481,3869608,ATG,3869608,ATG,現行アノテーションを支持
MA_RS16295,MA_3115,3869747,ATG,False,0,stop_codon,3869747,ATG,3.41,True,WP_011021898.1,1,100.0,3869747,ATG,3869747,ATG,現行アノテーションを支持
MA_RS16300,MA_3117,3871970,CTG,True,1,stop_codon,3871961,GTG,0.69,False,WP_011024107.1,4,84.27,3871961,GTG,3871961,GTG,中確信度: 上流への延長の可能性(片方の証拠のみ)
MA_RS16305,MA_3118,3872796,ATG,False,1,stop_codon,3872796,ATG,1.0,False,WP_048169633.1,5,66.582,3872784,TTG,3872784,TTG,中確信度: 上流への延長の可能性(片方の証拠のみ)
MA_RS16310,MA_3119,3874134,ATG,False,1,stop_codon,3874125,GTG,1.14,False,WP_231590561.1,4,94.397,3874125,GTG,3874125,GTG,中確信度: 上流への延長の可能性(片方の証拠のみ)
MA_RS16315,MA_3120,3874988,ATG,False,2,stop_codon,3874988,ATG,1.25,False,WP_048174942.1,27,85.249,3874976,TTG,3874976,TTG,中確信度: 上流への延長の可能性(片方の証拠のみ)
MA_RS16320,MA_3121,3877165,ATG,False,0,stop_codon,3877165,ATG,1.23,False,WP_048122396.1,1,73.333,3877165,ATG,3877165,ATG,現行アノテーションを支持
MA_RS16325,MA_3122,3878876,ATG,False,4,stop_codon,3878870,GTG,1.44,False,WP_048173499.1,29,73.488,3878798,TTG,3878798,TTG,中確信度: 上流への延長の可能性(片方の証拠のみ)
MA_RS16330,MA_3123,3881060,ATG,False,0,stop_codon,3881060,ATG,0.74,False,WP_048174208.1,1,86.77,3881060,ATG,3881060,ATG,現行アノテーションを支持
MA_RS16335,MA_3124,3882301,ATG,False,0,stop_codon,3882301,ATG,1.3,False,WP_048154708.1,1,80.769,3882301,ATG,3882301,ATG,現行アノテーションを支持
MA_RS16340,MA_3125,3882609,ATG,False,5,stop_codon,3882546,TTG,1.44,False,WP_082089038.1,43,92.258,3882483,ATG,3882483,ATG,中確信度: 上流への延長の可能性(片方の証拠のみ)
MA_RS16345,MA_3126,3884115,TTG,False,0,stop_codon,3884115,TTG,1.08,False,WP_048173489.1,1,97.134,3884115,TTG,3884115,TTG,現行アノテーションを支持
MA_RS16350,MA_3127,3884812,ATG,False,0,stop_codon,3884812,ATG,1.05,False,WP_048173488.1,7,94.191,3884812,ATG,3884812,ATG,現行アノテーションを支持
MA_RS16355,MA_3128,3887226,ATG,False,0,stop_codon,3887226,ATG,0.87,False,WP_048173487.1,1,95.303,3887226,ATG,3887226,ATG,現行アノテーションを支持
MA_RS16360,MA_3129,3887818,ATG,False,0,stop_codon,3887818,ATG,1.12,False,WP_048170616.1,1,95.489,3887818,ATG,3887818,ATG,現行アノテーションを支持
MA_RS16370,MA_3130,3888942,ATG,False,0,stop_codon,3888942,ATG,13.96,True,WP_082088891.1,1,97.794,3888942,ATG,3888942,ATG,現行アノテーションを支持
MA_RS27325,,3889627,ATG,False,0,stop_codon,3889627,ATG,0.94,False,,,,,,3889627,ATG,現行アノテーションを支持
MA_RS16390,MA_3132,3890533,ATG,False,0,stop_codon,3890533,ATG,1.79,False,WP_156158802.1,25,83.571,3890533,ATG,3890533,ATG,現行アノテーションを支持
MA_RS28875,MA_3133,3893955,ATG,False,1,stop_codon,3893955,ATG,0.99,False,WP_048170872.1,1,84.567,3893964,GTG,3893964,GTG,中確信度: 上流への延長の可能性(片方の証拠のみ)
MA_RS16400,MA_3134,3894682,ATG,False,1,stop_codon,3894616,GTG,0.85,False,WP_048173106.1,23,89.418,3894616,GTG,3894616,GTG,中確信度: 上流への延長の可能性(片方の証拠のみ)
MA_RS16405,MA_3135,3895584,ATG,False,1,stop_codon,3895584,ATG,1.1,False,WP_048138085.1,8,78.733,3895563,TTG,3895563,TTG,中確信度: 上流への延長の可能性(片方の証拠のみ)
MA_RS16410,MA_3136,3896427,ATG,False,1,stop_codon,3896427,ATG,1.44,False,WP_048173108.1,4,94.375,3896418,TTG,3896418,TTG,中確信度: 上流への延長の可能性(片方の証拠のみ)
MA_RS16415,MA_3137,3896913,ATG,False,0,neighbor_gene,3896913,ATG,1.0,False,WP_082089012.1,1,90.608,3896913,ATG,3896913,ATG,現行アノテーションを支持
MA_RS16420,MA_3138,3897603,ATG,False,0,stop_codon,3897603,ATG,0.93,False,WP_048173109.1,1,91.975,3897603,ATG,3897603,ATG,現行アノテーションを支持
MA_RS16425,MA_3139,3898288,ATG,False,2,stop_codon,3898288,ATG,1.76,False,WP_048173111.1,19,89.916,3898273,TTG,3898273,TTG,中確信度: 上流への延長の可能性(片方の証拠のみ)
MA_RS16430,MA_3140,3898826,ATG,False,2,stop_codon,3898826,ATG,1.76,False,WP_048174843.1,20,96.684,3898769,TTG,3898769,TTG,中確信度: 上流への延長の可能性(片方の証拠のみ)
MA_RS16435,MA_3142,3900706,ATG,False,0,stop_codon,3900706,ATG,2.31,False,WP_048173112.1,1,92.593,3900706,ATG,3900706,ATG,現行アノテーションを支持
MA_RS16440,MA_3143,3901865,ATG,False,0,neighbor_gene,3901865,ATG,1.59,False,WP_048173114.1,1,93.434,3901865,ATG,3901865,ATG,現行アノテーションを支持
MA_RS16450,MA_3145,3905562,GTG,False,0,stop_codon,3905562,GTG,1.49,False,WP_048173115.1,1,93.341,3905562,GTG,3905562,GTG,現行アノテーションを支持
MA_RS16455,MA_3146,3907436,ATG,False,0,neighbor_gene,3907436,ATG,0.95,False,WP_048173117.1,1,96.48,3907436,ATG,3907436,ATG,現行アノテーションを支持
MA_RS16460,MA_3147,3908321,ATG,False,0,stop_codon,3908321,ATG,1.19,False,WP_048173118.1,1,96.587,3908321,ATG,3908321,ATG,現行アノテーションを支持
MA_RS16465,MA_3148,3909474,ATG,False,1,stop_codon,3909507,GTG,0.95,False,WP_048173120.1,12,97.531,3909507,GTG,3909507,GTG,中確信度: 上流への延長の可能性(片方の証拠のみ)
MA_RS16470,MA_3149,3910651,ATG,False,1,stop_codon,3910717,GTG,3.8,True,WP_048173123.1,23,93.603,3910717,GTG,3910717,GTG,高確信度: 上流への延長を提案(RNA-seq・BLAST一致)
MA_RS16475,MA_3150,3911914,ATG,False,1,stop_codon,3911914,ATG,1.23,False,WP_048174845.1,16,91.195,3911959,ATG,3911959,ATG,中確信度: 上流への延長の可能性(片方の証拠のみ)
MA_RS16480,MA_3151,3912959,ATG,False,0,stop_codon,3912959,ATG,2.4,False,WP_048173391.1,1,93.103,3912959,ATG,3912959,ATG,現行アノテーションを支持
MA_RS16485,MA_3152,3913460,ATG,False,0,stop_codon,3913460,ATG,8.2,True,WP_048173390.1,1,99.13,3913460,ATG,3913460,ATG,現行アノテーションを支持
MA_RS16490,MA_3153,3913960,GTG,False,0,stop_codon,3913960,GTG,7.32,True,WP_048140442.1,1,92.627,3913960,GTG,3913960,GTG,現行アノテーションを支持
MA_RS16495,MA_3154,3915507,ATG,False,0,stop_codon,3915507,ATG,1.69,False,WP_011034590.1,1,89.547,3915507,ATG,3915507,ATG,現行アノテーションを支持
MA_RS16500,MA_3155,3916423,TTG,False,0,stop_codon,3916423,TTG,1.28,False,WP_048121007.1,1,90.873,3916423,TTG,3916423,TTG,現行アノテーションを支持
MA_RS16505,MA_3156,3918156,TTG,False,1,neighbor_gene,3918168,GTG,1.23,False,,,,,,3918156,TTG,現行アノテーションを支持
MA_RS16510,MA_3157,3918503,GTG,False,1,stop_codon,3918506,GTG,0.79,False,,,,,,3918503,GTG,現行アノテーションを支持
MA_RS16515,MA_3158,3919417,GTG,False,0,stop_codon,3919417,GTG,1.45,False,WP_082089262.1,1,90.789,3919417,GTG,3919417,GTG,現行アノテーションを支持
MA_RS28880,MA_3159,3919782,GTG,False,0,stop_codon,3919782,GTG,1.47,False,WP_048046553.1,4,83.721,3919782,GTG,3919782,GTG,現行アノテーションを支持
MA_RS16520,MA_3160,3920456,ATG,False,0,stop_codon,3920456,ATG,1.14,False,WP_048170850.1,1,95.902,3920456,ATG,3920456,ATG,現行アノテーションを支持
MA_RS16525,MA_3161,3921059,ATG,False,1,stop_codon,3921068,GTG,0.97,False,WP_048170848.1,4,95.364,3921068,GTG,3921068,GTG,中確信度: 上流への延長の可能性(片方の証拠のみ)
MA_RS16530,MA_3162,3921638,TTG,False,0,stop_codon,3921638,TTG,0.87,False,WP_390175977.1,1,92.982,3921638,TTG,3921638,TTG,現行アノテーションを支持
MA_RS16535,MA_3163,3922019,ATG,False,0,stop_codon,3922019,ATG,0.84,False,WP_048170846.1,1,93.75,3922019,ATG,3922019,ATG,現行アノテーションを支持
MA_RS16545,MA_3165,3923121,ATG,False,2,stop_codon,3923190,ATG,1.12,False,WP_048170844.1,24,96.347,3923190,ATG,3923190,ATG,中確信度: 上流への延長の可能性(片方の証拠のみ)
MA_RS16550,MA_3166,3923398,ATG,False,0,stop_codon,3923398,ATG,771.03,True,WP_048170842.1,1,99.153,3923398,ATG,3923398,ATG,現行アノテーションを支持
MA_RS16555,MA_3167,3924477,ATG,False,1,stop_codon,3924501,TTG,1.23,False,WP_048170840.1,7,96.889,3924501,TTG,3924501,TTG,中確信度: 上流への延長の可能性(片方の証拠のみ)
MA_RS16560,MA_3168,3924701,ATG,False,0,stop_codon,3924701,ATG,1.11,False,WP_048170838.1,1,92.719,3924701,ATG,3924701,ATG,現行アノテーションを支持
MA_RS16565,MA_3169,3927356,ATG,False,0,stop_codon,3927356,ATG,1.27,False,WP_011032311.1,1,83.957,3927356,ATG,3927356,ATG,現行アノテーションを支持
MA_RS16570,MA_3170,3927809,ATG,False,0,stop_codon,3927809,ATG,1.25,False,WP_048138047.1,6,70.339,3927809,ATG,3927809,ATG,現行アノテーションを支持
MA_RS16575,MA_3171,3929439,ATG,False,0,stop_codon,3929439,ATG,1.11,False,WP_048170835.1,1,90.511,3929439,ATG,3929439,ATG,現行アノテーションを支持
MA_RS16580,MA_3172,3930265,ATG,False,0,neighbor_gene,3930265,ATG,1.17,False,WP_048170833.1,20,90.476,3930265,ATG,3930265,ATG,現行アノテーションを支持
MA_RS16585,MA_3173,3931687,ATG,False,0,stop_codon,3931687,ATG,0.64,False,WP_048170832.1,1,95.411,3931687,ATG,3931687,ATG,現行アノテーションを支持
MA_RS16590,MA_3174,3934621,ATG,False,1,stop_codon,3934636,TTG,0.87,False,WP_231590441.1,6,80.499,3934636,TTG,3934636,TTG,中確信度: 上流への延長の可能性(片方の証拠のみ)
MA_RS16595,MA_3175,3935436,ATG,False,2,stop_codon,3935436,ATG,1.8,False,,,,,,3935436,ATG,現行アノテーションを支持
MA_RS28885,MA_3176,3935952,TTG,False,0,stop_codon,3935952,TTG,1.28,False,WP_239451309.1,1,51.643,3935952,TTG,3935952,TTG,現行アノテーションを支持
MA_RS16605,MA_3177,3938326,ATG,False,1,stop_codon,3938341,GTG,3.57,True,WP_231590440.1,6,86.826,3938341,GTG,3938341,GTG,高確信度: 上流への延長を提案(RNA-seq・BLAST一致)
MA_RS16610,MA_3178,3939340,TTG,False,0,stop_codon,3939340,TTG,1.05,False,WP_048118358.1,1,52.83,3939340,TTG,3939340,TTG,現行アノテーションを支持
MA_RS16615,MA_3179,3941719,ATG,False,0,stop_codon,3941719,ATG,0.93,False,WP_048170827.1,1,95.025,3941719,ATG,3941719,ATG,現行アノテーションを支持
MA_RS16620,MA_3181,3942319,ATG,False,1,stop_codon,3942319,ATG,1.9,False,WP_048170825.1,14,94.949,3942280,TTG,3942280,TTG,中確信度: 上流への延長の可能性(片方の証拠のみ)
MA_RS16625,MA_3182,3945109,TTG,False,1,stop_codon,3945142,TTG,1.03,False,WP_048170823.1,12,88.778,3945142,TTG,3945142,TTG,中確信度: 上流への延長の可能性(片方の証拠のみ)
MA_RS16630,MA_3184,3945944,ATG,False,0,stop_codon,3945944,ATG,1.14,False,WP_048170822.1,1,93.238,3945944,ATG,3945944,ATG,現行アノテーションを支持
MA_RS16635,MA_3185,3947487,ATG,False,0,stop_codon,3947487,ATG,1.13,False,WP_048170820.1,1,91.992,3947487,ATG,3947487,ATG,現行アノテーションを支持
MA_RS16640,MA_3186,3947730,ATG,False,1,stop_codon,3947808,TTG,14.6,True,WP_048181134.1,27,84.746,3947808,TTG,3947808,TTG,高確信度: 上流への延長を提案(RNA-seq・BLAST一致)
MA_RS24735,MA_3187,3948380,ATG,False,0,stop_codon,3948380,ATG,0.99,False,WP_052721554.1,1,63.578,3948380,ATG,3948380,ATG,現行アノテーションを支持
MA_RS16655,MA_3189,3949954,ATG,False,0,stop_codon,3949954,ATG,0.7,False,WP_048143218.1,1,83.893,3949954,ATG,3949954,ATG,現行アノテーションを支持
MA_RS28890,,3950453,ATG,False,0,neighbor_gene,3950453,ATG,0.99,False,WP_048138039.1,1,69.767,3950453,ATG,3950453,ATG,現行アノテーションを支持
MA_RS16665,MA_3191,3950872,ATG,False,0,stop_codon,3950872,ATG,1.23,False,WP_048170801.1,3,90.737,3950872,ATG,3950872,ATG,現行アノテーションを支持
MA_RS29500,,3952445,ATG,False,0,stop_codon,3952445,ATG,1.51,False,WP_261789048.1,1,93.182,3952445,ATG,3952445,ATG,現行アノテーションを支持
MA_RS16670,,3952721,TTG,False,0,stop_codon,3952721,TTG,0.62,False,,,,,,3952721,TTG,現行アノテーションを支持
MA_RS16680,MA_3192,3953868,TTG,False,0,stop_codon,3953868,TTG,2.36,False,WP_048170797.1,1,91.603,3953868,TTG,3953868,TTG,現行アノテーションを支持
MA_RS16685,MA_3193,3955803,TTG,False,0,neighbor_gene,3955803,TTG,1.28,False,WP_048170795.1,1,96.234,3955803,TTG,3955803,TTG,現行アノテーションを支持
MA_RS25780,MA_3194,3956023,ATG,False,0,stop_codon,3956023,ATG,1.13,False,WP_011023129.1,1,100.0,3956023,ATG,3956023,ATG,現行アノテーションを支持
MA_RS16690,MA_3195,3956385,ATG,False,0,stop_codon,3956385,ATG,2.86,False,WP_011023130.1,1,100.0,3956385,ATG,3956385,ATG,現行アノテーションを支持
MA_RS16700,MA_3197,3956923,ATG,False,1,stop_codon,3956923,ATG,1.48,False,WP_048170789.1,17,88.143,3956875,TTG,3956875,TTG,中確信度: 上流への延長の可能性(片方の証拠のみ)
MA_RS16705,MA_3198,3958639,ATG,False,2,stop_codon,3958624,GTG,14.92,True,WP_048141222.1,11,96.52,3958609,TTG,,,要確認: RNA-seqとBLASTが異なる候補を支持
MA_RS16710,MA_3199,3960766,ATG,False,0,stop_codon,3960766,ATG,4.15,True,WP_048170786.1,1,94.074,3960766,ATG,3960766,ATG,現行アノテーションを支持
MA_RS16715,MA_3200,3961798,ATG,False,0,stop_codon,3961798,ATG,3.68,True,WP_011023135.1,1,100.0,3961798,ATG,3961798,ATG,現行アノテーションを支持
MA_RS16720,MA_3201,3963200,ATG,False,0,stop_codon,3963200,ATG,1.67,False,WP_048170783.1,1,94.919,3963200,ATG,3963200,ATG,現行アノテーションを支持
MA_RS16725,MA_3203,3965996,ATG,False,0,stop_codon,3965996,ATG,1.08,False,WP_048170781.1,1,95.205,3965996,ATG,3965996,ATG,現行アノテーションを支持
MA_RS16730,MA_3204,3968002,ATG,False,0,stop_codon,3968002,ATG,1.23,False,WP_048170779.1,1,96.088,3968002,ATG,3968002,ATG,現行アノテーションを支持
MA_RS16735,,3968965,TTG,False,1,stop_codon,3968989,TTG,3.03,True,WP_048170777.1,9,86.131,3968989,TTG,3968989,TTG,高確信度: 上流への延長を提案(RNA-seq・BLAST一致)
MA_RS16740,MA_3206,3970461,GTG,False,1,stop_codon,3970461,GTG,4.46,True,WP_048170775.1,11,93.805,3970491,ATG,3970491,ATG,中確信度: 上流への延長の可能性(片方の証拠のみ)
MA_RS16745,MA_3207,3971573,ATG,False,0,stop_codon,3971573,ATG,1.16,False,,,,,,3971573,ATG,現行アノテーションを支持
MA_RS16750,MA_3208,3972228,ATG,False,0,stop_codon,3972228,ATG,1.54,False,WP_197080340.1,1,83.803,3972228,ATG,3972228,ATG,現行アノテーションを支持
MA_RS29505,,3973240,ATG,False,0,stop_codon,3973240,ATG,0.79,False,WP_048167696.1,1,72.414,3973240,ATG,3973240,ATG,現行アノテーションを支持
MA_RS29510,MA_3209,3973421,GTG,False,2,stop_codon,3973382,TTG,0.98,False,WP_048140001.1,16,79.57,3973367,ATG,3973367,ATG,中確信度: 上流への延長の可能性(片方の証拠のみ)
MA_RS16760,MA_3210,3975188,ATG,False,0,stop_codon,3975188,ATG,1.96,False,WP_082088898.1,1,99.299,3975188,ATG,3975188,ATG,現行アノテーションを支持
MA_RS16765,MA_3211,3976013,ATG,False,0,stop_codon,3976013,ATG,1.55,False,WP_048170773.1,1,94.03,3976013,ATG,3976013,ATG,現行アノテーションを支持
MA_RS16770,MA_3212,3976913,ATG,False,0,stop_codon,3976913,ATG,1.45,False,WP_011032389.1,1,98.864,3976913,ATG,3976913,ATG,現行アノテーションを支持
MA_RS16775,MA_3214,3978321,ATG,False,0,stop_codon,3978321,ATG,2.14,False,WP_048117299.1,1,76.385,3978321,ATG,3978321,ATG,現行アノテーションを支持
MA_RS28895,,3979606,ATG,False,0,stop_codon,3979606,ATG,0.88,False,WP_197078805.1,1,79.817,3979606,ATG,3979606,ATG,現行アノテーションを支持
MA_RS16785,MA_3216,3980257,TTG,False,0,max_distance,3980257,TTG,1.08,False,WP_232316181.1,1,80.128,3980257,TTG,3980257,TTG,現行アノテーションを支持
MA_RS16790,MA_3217,3981398,ATG,False,0,stop_codon,3981398,ATG,1.34,False,WP_048170771.1,1,97.353,3981398,ATG,3981398,ATG,現行アノテーションを支持
MA_RS28900,MA_3218,3982554,TTG,False,0,stop_codon,3982554,TTG,1.0,False,WP_197080338.1,67,86.364,3982554,TTG,3982554,TTG,現行アノテーションを支持
MA_RS16800,MA_3219,3984304,TTG,False,0,stop_codon,3984304,TTG,1.11,False,,,,,,3984304,TTG,現行アノテーションを支持
MA_RS27345,MA_3220,3984785,TTG,False,1,stop_codon,3984785,TTG,1.02,False,,,,,,3984785,TTG,現行アノテーションを支持
MA_RS16820,MA_3223,3986876,ATG,False,0,neighbor_gene,3986876,ATG,1.92,False,WP_048172221.1,4,43.723,3986876,ATG,3986876,ATG,現行アノテーションを支持
MA_RS16825,MA_3224,3987381,ATG,False,0,stop_codon,3987381,ATG,1.52,False,,,,,,3987381,ATG,現行アノテーションを支持
MA_RS16830,,3987712,ATG,False,1,stop_codon,3987709,GTG,1.1,False,,,,,,3987712,ATG,現行アノテーションを支持
MA_RS16835,MA_3225,3987956,ATG,False,0,neighbor_gene,3987956,ATG,0.95,False,WP_048140534.1,1,34.615,3987956,ATG,3987956,ATG,現行アノテーションを支持
MA_RS16840,MA_3226,3988317,ATG,False,0,stop_codon,3988317,ATG,0.77,False,WP_048140537.1,41,27.835,3988317,ATG,3988317,ATG,現行アノテーションを支持
MA_RS16845,MA_3227,3988783,ATG,False,0,neighbor_gene,3988783,ATG,0.82,False,,,,,,3988783,ATG,現行アノテーションを支持
MA_RS16850,MA_3228,3989650,ATG,False,0,neighbor_gene,3989650,ATG,1.22,False,,,,,,3989650,ATG,現行アノテーションを支持
MA_RS24745,MA_3229,3989937,ATG,False,0,stop_codon,3989937,ATG,1.32,False,WP_052727853.1,1,34.081,3989937,ATG,3989937,ATG,現行アノテーションを支持
MA_RS16860,MA_3230,3992915,ATG,False,0,stop_codon,3992915,ATG,1.31,False,WP_048140553.1,18,33.083,3992915,ATG,3992915,ATG,現行アノテーションを支持
MA_RS16865,MA_3231,3993372,ATG,False,1,neighbor_gene,3993372,ATG,1.04,False,,,,,,3993372,ATG,現行アノテーションを支持
MA_RS16870,MA_3232,3994761,GTG,False,0,neighbor_gene,3994761,GTG,1.48,False,WP_052721707.1,1,33.922,3994761,GTG,3994761,GTG,現行アノテーションを支持
MA_RS16875,MA_3233,3996183,ATG,False,0,neighbor_gene,3996183,ATG,0.95,False,WP_048140550.1,13,27.273,3996183,ATG,3996183,ATG,現行アノテーションを支持
MA_RS16880,MA_3234,3996728,ATG,False,1,stop_codon,3996728,ATG,1.09,False,,,,,,3996728,ATG,現行アノテーションを支持
MA_RS16885,MA_3235,3997690,ATG,False,0,stop_codon,3997690,ATG,1.57,False,WP_011032036.1,1,97.826,3997690,ATG,3997690,ATG,現行アノテーションを支持
MA_RS16890,MA_3236,3998154,ATG,False,0,stop_codon,3998154,ATG,1.87,False,WP_048139645.1,1,81.395,3998154,ATG,3998154,ATG,現行アノテーションを支持
MA_RS16895,MA_3237,3999217,ATG,False,0,stop_codon,3999217,ATG,1.34,False,WP_261788860.1,1,94.083,3999217,ATG,3999217,ATG,現行アノテーションを支持
MA_RS16900,MA_3238,3999683,ATG,False,1,stop_codon,3999644,ATG,0.84,False,WP_048171680.1,59,40.984,3999644,ATG,3999644,ATG,中確信度: 上流への延長の可能性(片方の証拠のみ)
MA_RS16905,MA_3239,4000535,ATG,False,0,stop_codon,4000535,ATG,17.47,True,WP_231589876.1,8,76.923,4000535,ATG,4000535,ATG,現行アノテーションを支持
MA_RS16915,MA_3241,4001716,ATG,False,0,stop_codon,4001716,ATG,0.88,False,WP_048173374.1,1,96.61,4001716,ATG,4001716,ATG,現行アノテーションを支持
MA_RS16920,MA_3242,4003316,ATG,False,0,stop_codon,4003316,ATG,1.46,False,WP_048173372.1,1,95.652,4003316,ATG,4003316,ATG,現行アノテーションを支持
MA_RS16925,MA_3243,4004626,ATG,False,0,stop_codon,4004626,ATG,1.69,False,WP_048173371.1,1,94.502,4004626,ATG,4004626,ATG,現行アノテーションを支持
MA_RS16930,MA_3245,4005310,ATG,False,0,stop_codon,4005310,ATG,1.19,False,WP_048139658.1,4,96.97,4005310,ATG,4005310,ATG,現行アノテーションを支持
MA_RS16935,MA_3246,4006576,ATG,False,1,stop_codon,4006576,ATG,17.44,True,WP_231589817.1,8,94.521,4006597,TTG,4006597,TTG,中確信度: 上流への延長の可能性(片方の証拠のみ)
MA_RS16940,MA_3247,4008895,ATG,False,1,stop_codon,4008895,ATG,1.04,False,WP_048172907.1,4,96.658,4008904,GTG,4008904,GTG,中確信度: 上流への延長の可能性(片方の証拠のみ)
MA_RS16945,MA_3248,4010162,ATG,False,1,stop_codon,4010189,TTG,15.93,True,WP_048172905.1,10,91.123,4010189,TTG,4010189,TTG,高確信度: 上流への延長を提案(RNA-seq・BLAST一致)
MA_RS16950,MA_3249,4010657,TTG,False,0,max_distance,4010657,TTG,0.87,False,,,,,,4010657,TTG,現行アノテーションを支持
MA_RS16955,MA_3250,4011141,ATG,False,1,stop_codon,4011132,ATG,1.42,False,WP_048174799.1,4,95.67,4011132,ATG,4011132,ATG,中確信度: 上流への延長の可能性(片方の証拠のみ)
MA_RS27350,,4013998,GTG,False,0,stop_codon,4013998,GTG,0.95,False,,,,,,4013998,GTG,現行アノテーションを支持
MA_RS29830,,4014198,CTG,True,0,stop_codon,4014198,CTG,1.11,False,WP_048139203.1,6,73.214,4014198,CTG,4014198,CTG,現行アノテーションを支持
MA_RS16965,MA_3252,4015529,ATG,False,2,stop_codon,4015553,ATG,1.1,False,WP_048174797.1,9,96.012,4015553,ATG,4015553,ATG,中確信度: 上流への延長の可能性(片方の証拠のみ)
MA_RS16970,MA_3253,4015756,ATG,False,0,stop_codon,4015756,ATG,6.0,True,WP_048172901.1,1,93.133,4015756,ATG,4015756,ATG,現行アノテーションを支持
MA_RS16975,MA_3254,4017610,ATG,False,1,stop_codon,4017616,TTG,8.71,True,WP_048172899.1,3,92.857,4017616,TTG,4017616,TTG,高確信度: 上流への延長を提案(RNA-seq・BLAST一致)
MA_RS16980,,4017775,TTG,False,0,stop_codon,4017775,TTG,1.53,False,,,,,,4017775,TTG,現行アノテーションを支持
MA_RS16985,MA_3256,4018502,ATG,False,0,stop_codon,4018502,ATG,0.89,False,WP_048172897.1,1,90.179,4018502,ATG,4018502,ATG,現行アノテーションを支持
MA_RS16990,MA_3257,4019743,ATG,False,0,stop_codon,4019743,ATG,1.02,False,WP_156158859.1,1,93.491,4019743,ATG,4019743,ATG,現行アノテーションを支持
MA_RS17000,MA_3258,4020908,ATG,False,0,stop_codon,4020908,ATG,0.43,False,WP_231589815.1,1,96.899,4020908,ATG,4020908,ATG,現行アノテーションを支持
MA_RS17005,MA_3259,4021451,ATG,False,3,stop_codon,4021370,TTG,1.27,False,WP_231589814.1,42,90.244,4021247,GTG,4021247,GTG,中確信度: 上流への延長の可能性(片方の証拠のみ)
MA_RS17010,MA_3260,4023711,ATG,False,0,stop_codon,4023711,ATG,1.37,False,WP_048172892.1,1,95.443,4023711,ATG,4023711,ATG,現行アノテーションを支持
MA_RS17015,MA_3261,4024641,ATG,False,0,stop_codon,4024641,ATG,1.2,False,WP_048172890.1,1,97.015,4024641,ATG,4024641,ATG,現行アノテーションを支持
MA_RS17020,MA_3262,4026325,TTG,False,0,neighbor_gene,4026325,TTG,1.07,False,WP_231589820.1,6,94.397,4026325,TTG,4026325,TTG,現行アノテーションを支持
MA_RS17025,MA_3263,4026824,TTG,False,0,stop_codon,4026824,TTG,3.15,True,WP_048172958.1,1,85.976,4026824,TTG,4026824,TTG,現行アノテーションを支持
MA_RS17030,MA_3264,4027135,ATG,False,4,stop_codon,4027135,ATG,13.51,True,WP_048172960.1,52,92.947,4026982,ATG,4026982,ATG,中確信度: 上流への延長の可能性(片方の証拠のみ)
MA_RS29515,,4028318,GTG,False,0,stop_codon,4028318,GTG,0.44,False,,,,,,4028318,GTG,現行アノテーションを支持
MA_RS17035,MA_3265,4028484,GTG,False,0,stop_codon,4028484,GTG,1.07,False,WP_048172962.1,1,97.6,4028484,GTG,4028484,GTG,現行アノテーションを支持
MA_RS27355,,4030648,ATG,False,1,stop_codon,4030648,ATG,3.53,True,,,,,,4030648,ATG,現行アノテーションを支持
MA_RS24750,MA_3266,4031131,ATG,False,0,stop_codon,4031131,ATG,1.41,False,WP_048156024.1,48,38.272,4031131,ATG,4031131,ATG,現行アノテーションを支持
MA_RS17045,MA_3267,4032537,ATG,False,1,stop_codon,4032522,TTG,0.84,False,,,,,,4032537,ATG,現行アノテーションを支持
MA_RS17050,MA_3268,4033545,ATG,False,0,stop_codon,4033545,ATG,1.94,False,WP_048172964.1,1,89.815,4033545,ATG,4033545,ATG,現行アノテーションを支持
MA_RS17060,MA_3269,4034862,ATG,False,0,stop_codon,4034862,ATG,0.95,False,WP_048140301.1,1,95.652,4034862,ATG,4034862,ATG,現行アノテーションを支持
MA_RS17065,MA_3270,4035322,ATG,False,1,stop_codon,4035244,GTG,0.93,False,WP_048172968.1,27,92.548,4035244,GTG,4035244,GTG,中確信度: 上流への延長の可能性(片方の証拠のみ)
MA_RS17070,MA_3271,4036752,ATG,False,1,stop_codon,4036743,TTG,2.09,False,WP_048172970.1,4,92.466,4036743,TTG,4036743,TTG,中確信度: 上流への延長の可能性(片方の証拠のみ)
MA_RS28905,MA_3272,4038674,ATG,False,1,stop_codon,4038740,ATG,1.2,False,WP_048121351.1,39,75.258,4038740,ATG,4038740,ATG,中確信度: 上流への延長の可能性(片方の証拠のみ)
MA_RS28910,MA_3273,4039476,ATG,False,0,stop_codon,4039476,ATG,0.89,False,WP_048121351.1,1,56.87,4039476,ATG,4039476,ATG,現行アノテーションを支持
MA_RS28915,MA_3274,4040179,ATG,False,3,neighbor_gene,4040215,ATG,1.18,False,WP_084626139.1,17,63.636,4040215,ATG,4040215,ATG,中確信度: 上流への延長の可能性(片方の証拠のみ)
MA_RS17090,MA_3275,4041486,ATG,False,1,stop_codon,4041528,TTG,0.81,False,WP_048140309.1,15,75.772,4041528,TTG,4041528,TTG,中確信度: 上流への延長の可能性(片方の証拠のみ)
MA_RS17095,MA_3276,4042056,ATG,False,2,stop_codon,4042077,TTG,3.11,True,WP_048121355.1,12,80.503,4042089,TTG,,,要確認: RNA-seqとBLASTが異なる候補を支持
MA_RS17100,MA_3277,4042338,ATG,False,0,stop_codon,4042338,ATG,1.73,False,WP_239450971.1,2,68.276,4042338,ATG,4042338,ATG,現行アノテーションを支持
MA_RS17105,MA_3278,4043472,ATG,False,0,stop_codon,4043472,ATG,2.05,False,WP_196296932.1,2,75.258,4043472,ATG,4043472,ATG,現行アノテーションを支持
MA_RS27360,,4044232,ATG,False,0,stop_codon,4044232,ATG,2.16,False,WP_156158806.1,3,91.111,4044232,ATG,4044232,ATG,現行アノテーションを支持
MA_RS17110,MA_3279,4046149,ATG,False,0,stop_codon,4046149,ATG,1.63,False,WP_048171106.1,1,97.004,4046149,ATG,4046149,ATG,現行アノテーションを支持
MA_RS17115,MA_3280,4047488,TTG,False,0,stop_codon,4047488,TTG,0.98,False,WP_048171104.1,1,93.469,4047488,TTG,4047488,TTG,現行アノテーションを支持
MA_RS17120,MA_3281,4047685,GTG,False,0,stop_codon,4047685,GTG,1.06,False,WP_048121313.1,1,91.667,4047685,GTG,4047685,GTG,現行アノテーションを支持
MA_RS17125,MA_3282,4048445,ATG,False,1,stop_codon,4048445,ATG,1.23,False,WP_015410877.1,5,91.667,4048433,GTG,4048433,GTG,中確信度: 上流への延長の可能性(片方の証拠のみ)
MA_RS17130,MA_3283,4050333,ATG,False,0,neighbor_gene,4050333,ATG,1.08,False,WP_048171098.1,1,84.211,4050333,ATG,4050333,ATG,現行アノテーションを支持
MA_RS17135,MA_3284,4051470,ATG,False,0,stop_codon,4051470,ATG,3.17,True,WP_048171096.1,1,94.737,4051470,ATG,4051470,ATG,現行アノテーションを支持
MA_RS17140,MA_3285,4052174,ATG,False,0,stop_codon,4052174,ATG,1.01,False,WP_048171094.1,1,94.872,4052174,ATG,4052174,ATG,現行アノテーションを支持
MA_RS17145,MA_3286,4054283,ATG,False,0,stop_codon,4054283,ATG,1.02,False,WP_048171092.1,1,93.333,4054283,ATG,4054283,ATG,現行アノテーションを支持
MA_RS17150,MA_3287,4056218,TTG,False,0,neighbor_gene,4056218,TTG,1.16,False,WP_048171091.1,1,96.101,4056218,TTG,4056218,TTG,現行アノテーションを支持
MA_RS17155,MA_3288,4057560,ATG,False,0,neighbor_gene,4057560,ATG,0.83,False,WP_231590452.1,1,97.982,4057560,ATG,4057560,ATG,現行アノテーションを支持
MA_RS17160,MA_3289,4059695,ATG,False,0,stop_codon,4059695,ATG,1.2,False,WP_394296904.1,1,93.261,4059695,ATG,4059695,ATG,現行アノテーションを支持
MA_RS17165,MA_3290,4060152,ATG,False,0,stop_codon,4060152,ATG,1.59,False,WP_048171086.1,1,90.157,4060152,ATG,4060152,ATG,現行アノテーションを支持
MA_RS17170,MA_3291,4061377,ATG,False,0,stop_codon,4061377,ATG,1.98,False,WP_048171084.1,1,95.205,4061377,ATG,4061377,ATG,現行アノテーションを支持
MA_RS17175,MA_3292,4061901,ATG,False,3,max_distance,4061901,ATG,2.19,False,WP_048171082.1,96,91.406,4061616,ATG,4061616,ATG,中確信度: 上流への延長の可能性(片方の証拠のみ)
MA_RS24755,MA_3293,4062907,ATG,False,3,stop_codon,4062862,TTG,26.82,True,WP_048118254.1,99,46.972,4062850,ATG,,,要確認: RNA-seqとBLASTが異なる候補を支持
MA_RS17185,MA_3294,4065071,ATG,False,0,neighbor_gene,4065071,ATG,0.95,False,WP_084626137.1,161,54.776,4065071,ATG,4065071,ATG,現行アノテーションを支持
MA_RS17190,MA_3295,4067837,ATG,False,1,stop_codon,4067852,GTG,13.02,True,WP_048171080.1,6,89.855,4067852,GTG,4067852,GTG,高確信度: 上流への延長を提案(RNA-seq・BLAST一致)
MA_RS17195,MA_3296,4068167,ATG,False,0,stop_codon,4068167,ATG,1.19,False,WP_048138575.1,1,86.093,4068167,ATG,4068167,ATG,現行アノテーションを支持
MA_RS17200,MA_3297,4068958,ATG,False,1,stop_codon,4068958,ATG,2.23,False,WP_048174574.1,4,95.433,4068949,TTG,4068949,TTG,中確信度: 上流への延長の可能性(片方の証拠のみ)
MA_RS17205,MA_3298,4070349,ATG,False,0,stop_codon,4070349,ATG,1.52,False,WP_048138566.1,3,89.474,4070349,ATG,4070349,ATG,現行アノテーションを支持
MA_RS17210,MA_3299,4073568,ATG,False,0,stop_codon,4073568,ATG,3.01,True,WP_048171072.1,1,95.662,4073568,ATG,4073568,ATG,現行アノテーションを支持
MA_RS29520,,4075334,ATG,False,1,stop_codon,4075328,TTG,1.17,False,WP_261789059.1,3,100.0,4075328,TTG,4075328,TTG,中確信度: 上流への延長の可能性(片方の証拠のみ)
MA_RS17245,MA_3300,4075459,TTG,False,0,stop_codon,4075459,TTG,0.87,False,WP_048166137.1,1,90.0,4075459,TTG,4075459,TTG,現行アノテーションを支持
MA_RS17250,,4076053,ATG,False,2,stop_codon,4076053,ATG,1.12,False,,,,,,4076053,ATG,現行アノテーションを支持
MA_RS17255,MA_3302,4076683,ATG,False,1,stop_codon,4076683,ATG,0.9,False,WP_048065665.1,8,100.0,4076704,TTG,4076704,TTG,中確信度: 上流への延長の可能性(片方の証拠のみ)
MA_RS17260,MA_3304,4078715,ATG,False,0,neighbor_gene,4078715,ATG,0.97,False,WP_048171067.1,1,94.901,4078715,ATG,4078715,ATG,現行アノテーションを支持
MA_RS17265,MA_3305,4079759,ATG,False,2,stop_codon,4079798,ATG,7.78,True,WP_048171064.1,18,95.28,4079810,TTG,,,要確認: RNA-seqとBLASTが異なる候補を支持
MA_RS17270,MA_3306,4080074,ATG,False,0,stop_codon,4080074,ATG,1.04,False,WP_048171062.1,1,97.143,4080074,ATG,4080074,ATG,現行アノテーションを支持
MA_RS17275,MA_3307,4080715,ATG,False,2,stop_codon,4080682,TTG,1.19,False,WP_048174573.1,12,95.722,4080682,TTG,4080682,TTG,中確信度: 上流への延長の可能性(片方の証拠のみ)
MA_RS17280,MA_3308,4082139,GTG,False,0,stop_codon,4082139,GTG,0.85,False,,,,,,4082139,GTG,現行アノテーションを支持
MA_RS17285,MA_3309,4082468,ATG,False,0,neighbor_gene,4082468,ATG,1.03,False,WP_048171057.1,1,95.843,4082468,ATG,4082468,ATG,現行アノテーションを支持
MA_RS17290,MA_3310,4083894,ATG,False,0,stop_codon,4083894,ATG,1.26,False,WP_048171055.1,1,98.344,4083894,ATG,4083894,ATG,現行アノテーションを支持
MA_RS17310,MA_3313,4085987,ATG,False,2,stop_codon,4085987,ATG,2.22,False,WP_011033254.1,20,82.909,4085930,TTG,4085930,TTG,中確信度: 上流への延長の可能性(片方の証拠のみ)
MA_RS28920,,4087984,TTG,False,1,stop_codon,4087981,GTG,0.91,False,WP_048172784.1,2,92.424,4087981,GTG,4087981,GTG,中確信度: 上流への延長の可能性(片方の証拠のみ)
MA_RS17315,MA_3314,4088181,ATA,True,0,stop_codon,4088181,ATA,0.97,False,WP_048172784.1,1,93.094,4088181,ATA,4088181,ATA,現行アノテーションを支持
MA_RS17320,MA_3315,4089772,ATG,False,0,stop_codon,4089772,ATG,0.95,False,WP_048172787.1,1,94.815,4089772,ATG,4089772,ATG,現行アノテーションを支持
MA_RS25815,MA_3316,4090404,ATG,False,1,stop_codon,4090404,ATG,1.59,False,WP_082088989.1,20,94.828,4090461,TTG,4090461,TTG,中確信度: 上流への延長の可能性(片方の証拠のみ)
MA_RS17325,MA_3317,4090840,ATG,False,0,stop_codon,4090840,ATG,6.24,True,WP_048172792.1,1,96.579,4090840,ATG,4090840,ATG,現行アノテーションを支持
MA_RS28090,,4092388,ATG,False,0,stop_codon,4092388,ATG,0.65,False,WP_204245417.1,1,82.609,4092388,ATG,4092388,ATG,現行アノテーションを支持
MA_RS17335,MA_3320,4092873,ATG,False,0,stop_codon,4092873,ATG,15.45,True,WP_048172794.1,1,91.057,4092873,ATG,4092873,ATG,現行アノテーションを支持
MA_RS17340,MA_3321,4093414,ATG,False,0,stop_codon,4093414,ATG,1.03,False,WP_048139593.1,1,95.062,4093414,ATG,4093414,ATG,現行アノテーションを支持
MA_RS17350,MA_3322,4094503,ATG,False,0,stop_codon,4094503,ATG,9.48,True,WP_048172804.1,1,92.0,4094503,ATG,4094503,ATG,現行アノテーションを支持
MA_RS17355,MA_3323,4097218,ATG,False,0,stop_codon,4097218,ATG,1.09,False,WP_048172805.1,1,96.567,4097218,ATG,4097218,ATG,現行アノテーションを支持
MA_RS17360,MA_3324,4098877,ATG,False,0,stop_codon,4098877,ATG,1.31,False,WP_048174768.1,1,97.093,4098877,ATG,4098877,ATG,現行アノテーションを支持
MA_RS17365,MA_3325,4102003,ATG,False,0,stop_codon,4102003,ATG,1.27,False,WP_048172807.1,1,96.475,4102003,ATG,4102003,ATG,現行アノテーションを支持
MA_RS17370,MA_3326,4103011,ATG,False,0,stop_codon,4103011,ATG,1.37,False,WP_048154708.1,1,80.769,4103011,ATG,4103011,ATG,現行アノテーションを支持
MA_RS17375,MA_3327,4104252,ATG,False,0,stop_codon,4104252,ATG,0.98,False,WP_048174208.1,1,87.938,4104252,ATG,4104252,ATG,現行アノテーションを支持
MA_RS17380,MA_3328,4105285,ATG,False,0,stop_codon,4105285,ATG,2.85,False,WP_052721645.1,1,93.645,4105285,ATG,4105285,ATG,現行アノテーションを支持
MA_RS17385,,4106881,ATG,False,1,stop_codon,4106881,ATG,1.24,False,WP_048065670.1,4,100.0,4106890,GTG,4106890,GTG,中確信度: 上流への延長の可能性(片方の証拠のみ)
MA_RS17390,MA_3329,4108132,TTG,False,0,stop_codon,4108132,TTG,0.9,False,WP_048155303.1,2,67.832,4108132,TTG,4108132,TTG,現行アノテーションを支持
MA_RS17395,MA_3330,4110347,ATG,False,3,stop_codon,4110347,ATG,1.7,False,WP_048172936.1,25,92.381,4110419,TTG,4110419,TTG,中確信度: 上流への延長の可能性(片方の証拠のみ)
MA_RS27370,,4112130,TTG,False,0,stop_codon,4112130,TTG,1.43,False,WP_015412796.1,1,79.63,4112130,TTG,4112130,TTG,現行アノテーションを支持
MA_RS17400,MA_3332,4112515,ATG,False,0,stop_codon,4112515,ATG,1.87,False,WP_048171975.1,1,92.298,4112515,ATG,4112515,ATG,現行アノテーションを支持
MA_RS17405,MA_3334,4115174,ATG,False,1,stop_codon,4115171,ATG,1.06,False,WP_048174657.1,2,91.805,4115171,ATG,4115171,ATG,中確信度: 上流への延長の可能性(片方の証拠のみ)
MA_RS27970,,4117720,ATG,False,0,stop_codon,4117720,ATG,1.65,False,WP_148705289.1,1,98.0,4117720,ATG,4117720,ATG,現行アノテーションを支持
MA_RS17410,MA_3335,4117915,ATG,False,0,stop_codon,4117915,ATG,1.04,False,WP_048171973.1,1,89.441,4117915,ATG,4117915,ATG,現行アノテーションを支持
MA_RS17425,MA_3338,4121842,ATG,False,1,stop_codon,4121842,ATG,4.38,True,WP_048174209.1,2,96.255,4121845,TTG,4121845,TTG,中確信度: 上流への延長の可能性(片方の証拠のみ)
MA_RS17430,MA_3339,4123704,ATG,False,0,stop_codon,4123704,ATG,1.1,False,,,,,,4123704,ATG,現行アノテーションを支持
MA_RS17435,MA_3341,4124655,ATG,False,1,stop_codon,4124700,GTG,1.05,False,,,,,,4124655,ATG,現行アノテーションを支持
MA_RS17440,,4125106,ATG,False,1,stop_codon,4125154,ATG,1.6,False,,,,,,4125106,ATG,現行アノテーションを支持
MA_RS17445,MA_3342,4126935,ATG,False,0,stop_codon,4126935,ATG,1.37,False,WP_048172666.1,1,95.802,4126935,ATG,4126935,ATG,現行アノテーションを支持
MA_RS17450,MA_3343,4128171,TTG,False,0,neighbor_gene,4128171,TTG,2.14,False,WP_048172664.1,1,96.727,4128171,TTG,4128171,TTG,現行アノテーションを支持
MA_RS17455,MA_3344,4128976,ATG,False,0,stop_codon,4128976,ATG,1.04,False,WP_048172662.1,1,91.76,4128976,ATG,4128976,ATG,現行アノテーションを支持
MA_RS17460,MA_3345,4130124,ATG,False,0,stop_codon,4130124,ATG,1.37,False,WP_048172659.1,1,94.925,4130124,ATG,4130124,ATG,現行アノテーションを支持
MA_RS17465,MA_3346,4132884,TTG,False,0,stop_codon,4132884,TTG,1.05,False,WP_052721634.1,1,91.22,4132884,TTG,4132884,TTG,現行アノテーションを支持
MA_RS17470,MA_3347,4134123,ATG,False,1,stop_codon,4134123,ATG,1.45,False,WP_048120978.1,13,32.197,4134129,ATG,4134129,ATG,中確信度: 上流への延長の可能性(片方の証拠のみ)
MA_RS17475,MA_3348,4135251,ATG,False,0,stop_codon,4135251,ATG,1.08,False,WP_048174001.1,5,31.343,4135251,ATG,4135251,ATG,現行アノテーションを支持
MA_RS17480,MA_3349,4136297,ATG,False,1,stop_codon,4136300,ATG,2.46,False,,,,,,4136297,ATG,現行アノテーションを支持
MA_RS25820,MA_3350,4137387,ATG,False,4,stop_codon,4137585,ATG,2.79,False,,,,,,4137387,ATG,現行アノテーションを支持
MA_RS17490,MA_3351,4138378,TTG,False,2,stop_codon,4138378,TTG,1.41,False,,,,,,4138378,TTG,現行アノテーションを支持
MA_RS17505,MA_3353,4140816,ATG,False,0,stop_codon,4140816,ATG,0.83,False,WP_048174208.1,1,87.16,4140816,ATG,4140816,ATG,現行アノテーションを支持
MA_RS17510,MA_3354,4142057,ATG,False,0,stop_codon,4142057,ATG,1.32,False,WP_048154708.1,1,80.769,4142057,ATG,4142057,ATG,現行アノテーションを支持
MA_RS29675,,4143302,CTG,True,0,stop_codon,4143302,CTG,0.29,False,,,,,,4143302,CTG,現行アノテーションを支持
MA_RS27975,,4143856,ATG,False,1,stop_codon,4143856,ATG,0.92,False,,,,,,4143856,ATG,現行アノテーションを支持
MA_RS17520,MA_3356,4144834,ATG,False,1,stop_codon,4144834,ATG,0.84,False,,,,,,4144834,ATG,現行アノテーションを支持
MA_RS17525,MA_3357,4145879,ATG,False,0,stop_codon,4145879,ATG,2.23,False,WP_048167171.1,1,40.678,4145879,ATG,4145879,ATG,現行アノテーションを支持
MA_RS17530,MA_3358,4147619,ATG,False,0,stop_codon,4147619,ATG,1.47,False,WP_048170364.1,2,48.193,4147619,ATG,4147619,ATG,現行アノテーションを支持
MA_RS17535,MA_3359,4148698,ATG,False,0,stop_codon,4148698,ATG,0.59,False,WP_011034000.1,15,48.266,4148698,ATG,4148698,ATG,現行アノテーションを支持
MA_RS17540,,4149855,ATG,False,0,stop_codon,4149855,ATG,1.44,False,WP_048172658.1,1,93.548,4149855,ATG,4149855,ATG,現行アノテーションを支持
MA_RS17545,MA_3360,4151085,ATG,False,0,stop_codon,4151085,ATG,1.33,False,WP_048172656.1,1,95.222,4151085,ATG,4151085,ATG,現行アノテーションを支持
MA_RS17550,MA_3361,4152388,ATG,False,0,stop_codon,4152388,ATG,24.03,True,WP_048036549.1,1,91.081,4152388,ATG,4152388,ATG,現行アノテーションを支持
MA_RS17560,MA_3365,4153088,ATG,False,0,stop_codon,4153088,ATG,1.47,False,WP_048172654.1,1,90.099,4153088,ATG,4153088,ATG,現行アノテーションを支持
MA_RS17565,MA_3366,4155441,ATG,False,0,stop_codon,4155441,ATG,0.76,False,WP_148705490.1,1,94.611,4155441,ATG,4155441,ATG,現行アノテーションを支持
MA_RS17570,MA_3367,4156787,GTG,False,0,stop_codon,4156787,GTG,1.64,False,WP_048172652.1,1,94.565,4156787,GTG,4156787,GTG,現行アノテーションを支持
MA_RS25835,MA_3368,4157233,ATG,False,0,stop_codon,4157233,ATG,1.37,False,WP_082088984.1,1,71.517,4157233,ATG,4157233,ATG,現行アノテーションを支持
MA_RS17580,MA_3369,4162200,ATG,False,1,stop_codon,4162164,TTG,2.18,False,WP_082088983.1,13,81.788,4162164,TTG,4162164,TTG,中確信度: 上流への延長の可能性(片方の証拠のみ)
MA_RS24765,MA_3370,4164504,ATG,False,0,stop_codon,4164504,ATG,1.58,False,WP_052730777.1,442,76.058,4164504,ATG,4164504,ATG,現行アノテーションを支持
MA_RS17590,MA_3371,4168489,ATG,False,1,stop_codon,4168489,ATG,2.31,False,WP_048172651.1,9,93.21,4168513,TTG,4168513,TTG,中確信度: 上流への延長の可能性(片方の証拠のみ)
MA_RS17595,MA_3372,4169398,TTG,False,0,stop_codon,4169398,TTG,1.37,False,WP_048172649.1,1,94.231,4169398,TTG,4169398,TTG,現行アノテーションを支持
MA_RS17605,MA_3373,4169891,ATG,False,0,stop_codon,4169891,ATG,16.39,True,WP_048172647.1,1,97.468,4169891,ATG,4169891,ATG,現行アノテーションを支持
MA_RS17620,MA_3376,4172585,GTG,False,0,stop_codon,4172585,GTG,2.9,False,WP_082089317.1,15,73.973,4172585,GTG,4172585,GTG,現行アノテーションを支持
MA_RS17625,MA_3377,4173579,GTG,False,0,stop_codon,4173579,GTG,2.05,False,WP_048172645.1,1,90.164,4173579,GTG,4173579,GTG,現行アノテーションを支持
MA_RS17630,MA_3378,4175815,ATG,False,1,stop_codon,4175824,ATG,3.16,True,WP_048172642.1,4,98.925,4175824,ATG,4175824,ATG,高確信度: 上流への延長を提案(RNA-seq・BLAST一致)
MA_RS27385,,4176140,ATG,False,1,stop_codon,4176140,ATG,1.5,False,WP_231589787.1,1,83.607,4176161,ATG,4176161,ATG,中確信度: 上流への延長の可能性(片方の証拠のみ)
MA_RS17635,MA_3379,4177969,ATG,False,0,stop_codon,4177969,ATG,1.07,False,WP_231590470.1,1,93.622,4177969,ATG,4177969,ATG,現行アノテーションを支持
MA_RS17640,MA_3380,4178279,ATG,False,0,stop_codon,4178279,ATG,1.16,False,WP_048138870.1,19,60.714,4178279,ATG,4178279,ATG,現行アノテーションを支持
MA_RS17645,MA_3381,4180386,ATG,False,3,stop_codon,4180425,TTG,1.98,False,WP_048171364.1,23,93.13,4180452,GTG,4180452,GTG,中確信度: 上流への延長の可能性(片方の証拠のみ)
MA_RS17650,MA_3382,4180820,ATG,False,0,stop_codon,4180820,ATG,1.17,False,WP_048171365.1,1,95.455,4180820,ATG,4180820,ATG,現行アノテーションを支持
MA_RS17655,MA_3383,4183080,ATG,False,0,neighbor_gene,4183080,ATG,1.15,False,WP_048171367.1,1,94.34,4183080,ATG,4183080,ATG,現行アノテーションを支持
MA_RS27390,MA_3384,4183310,ATG,False,0,stop_codon,4183310,ATG,1.36,False,WP_048138860.1,1,87.671,4183310,ATG,4183310,ATG,現行アノテーションを支持
MA_RS17665,MA_3385,4183734,ATG,False,0,stop_codon,4183734,ATG,1.69,False,WP_048173500.1,1,95.833,4183734,ATG,4183734,ATG,現行アノテーションを支持
MA_RS28930,MA_3386,4184814,TTG,False,0,stop_codon,4184814,TTG,0.93,False,WP_048173500.1,1,97.241,4184814,TTG,4184814,TTG,現行アノテーションを支持
MA_RS17675,MA_3387,4186977,ATG,False,0,stop_codon,4186977,ATG,1.54,False,WP_048173094.1,1,81.888,4186977,ATG,4186977,ATG,現行アノテーションを支持
MA_RS17680,MA_3388,4187242,ATG,False,0,stop_codon,4187242,ATG,5.18,True,WP_048173095.1,1,85.071,4187242,ATG,4187242,ATG,現行アノテーションを支持
MA_RS17685,MA_3389,4189404,ATG,False,0,stop_codon,4189404,ATG,1.59,False,WP_048173097.1,1,92.748,4189404,ATG,4189404,ATG,現行アノテーションを支持
MA_RS17690,,4189707,TTG,False,0,stop_codon,4189707,TTG,1.94,False,WP_048173099.1,1,86.961,4189707,TTG,4189707,TTG,現行アノテーションを支持
MA_RS17695,MA_3391,4192845,ATG,False,0,neighbor_gene,4192845,ATG,0.93,False,WP_048173101.1,1,93.333,4192845,ATG,4192845,ATG,現行アノテーションを支持
MA_RS17700,,4193555,ATG,False,0,stop_codon,4193555,ATG,2.27,False,WP_048173102.1,1,95.082,4193555,ATG,4193555,ATG,現行アノテーションを支持
MA_RS17705,MA_3392,4194841,ATG,False,2,neighbor_gene,4194871,ATG,1.06,False,WP_048172513.1,14,33.621,4194871,ATG,4194871,ATG,中確信度: 上流への延長の可能性(片方の証拠のみ)
MA_RS17710,MA_3393,4195659,ATG,False,0,stop_codon,4195659,ATG,1.12,False,WP_048174730.1,1,38.333,4195659,ATG,4195659,ATG,現行アノテーションを支持
MA_RS17720,,4196570,ATG,False,3,stop_codon,4196522,GTG,1.71,False,WP_231589826.1,17,80.668,4196522,GTG,4196522,GTG,中確信度: 上流への延長の可能性(片方の証拠のみ)
MA_RS17725,MA_3395,4199079,ATG,False,0,stop_codon,4199079,ATG,0.69,False,WP_048173003.1,27,91.176,4199079,ATG,4199079,ATG,現行アノテーションを支持
MA_RS17730,MA_3396,4199826,GTG,False,0,stop_codon,4199826,GTG,0.79,False,WP_048173002.1,1,89.011,4199826,GTG,4199826,GTG,現行アノテーションを支持
MA_RS17735,MA_3397,4200644,ATG,False,0,stop_codon,4200644,ATG,1.19,False,WP_048173000.1,1,95.946,4200644,ATG,4200644,ATG,現行アノテーションを支持
MA_RS17745,MA_3398,4203377,ATG,False,0,neighbor_gene,4203377,ATG,0.93,False,WP_048172998.1,1,88.997,4203377,ATG,4203377,ATG,現行アノテーションを支持
MA_RS17750,MA_3399,4204424,GTG,False,0,stop_codon,4204424,GTG,1.08,False,WP_048172996.1,1,90.805,4204424,GTG,4204424,GTG,現行アノテーションを支持
MA_RS17755,MA_3400,4204779,GTG,False,1,stop_codon,4204746,TTG,4.1,True,WP_230625049.1,10,91.617,4204746,TTG,4204746,TTG,高確信度: 上流への延長を提案(RNA-seq・BLAST一致)
MA_RS17760,MA_3401,4205412,ATG,False,0,stop_codon,4205412,ATG,0.78,False,WP_048139540.1,1,85.833,4205412,ATG,4205412,ATG,現行アノテーションを支持
MA_RS27395,,4206274,GTG,False,1,stop_codon,4206310,ATG,1.57,False,WP_015412599.1,13,80.392,4206310,ATG,4206310,ATG,中確信度: 上流への延長の可能性(片方の証拠のみ)
MA_RS17765,MA_3402,4206480,ATG,False,0,stop_codon,4206480,ATG,3.5,True,WP_048174816.1,10,88.571,4206480,ATG,4206480,ATG,現行アノテーションを支持
MA_RS17770,,4207398,ATG,False,0,stop_codon,4207398,ATG,2.5,False,WP_048172989.1,1,69.014,4207398,ATG,4207398,ATG,現行アノテーションを支持
MA_RS17775,MA_3404,4208299,ATG,False,0,stop_codon,4208299,ATG,3.32,True,WP_048172987.1,1,90.157,4208299,ATG,4208299,ATG,現行アノテーションを支持
MA_RS17780,MA_3405,4210861,ATG,False,0,stop_codon,4210861,ATG,3.09,True,WP_048140829.1,1,85.112,4210861,ATG,4210861,ATG,現行アノテーションを支持
MA_RS17785,MA_3406,4212007,ATG,False,1,stop_codon,4212007,ATG,4.19,True,WP_048038016.1,3,94.382,4212013,GTG,4212013,GTG,中確信度: 上流への延長の可能性(片方の証拠のみ)
MA_RS17790,MA_3407,4212213,ATG,False,1,stop_codon,4212213,ATG,44.65,True,WP_048172281.1,6,87.261,4212198,ATG,4212198,ATG,中確信度: 上流への延長の可能性(片方の証拠のみ)
MA_RS17795,MA_3408,4213024,ATG,False,1,stop_codon,4213024,ATG,1.01,False,WP_048172283.1,4,97.257,4213015,TTG,4213015,TTG,中確信度: 上流への延長の可能性(片方の証拠のみ)
MA_RS17800,,4215701,ATG,False,2,stop_codon,4215674,GTG,5.92,True,WP_048172285.1,12,96.875,4215668,TTG,,,要確認: RNA-seqとBLASTが異なる候補を支持
MA_RS17805,MA_3410,4216405,ATG,False,1,stop_codon,4216396,TTG,2.11,False,WP_048174688.1,4,92.162,4216396,TTG,4216396,TTG,中確信度: 上流への延長の可能性(片方の証拠のみ)
MA_RS17810,MA_3411,4218373,ATG,False,0,stop_codon,4218373,ATG,1.72,False,WP_048172287.1,1,97.608,4218373,ATG,4218373,ATG,現行アノテーションを支持
MA_RS17815,,4218710,ATG,False,1,stop_codon,4218710,ATG,1.16,False,WP_148705408.1,4,92.424,4218701,GTG,4218701,GTG,中確信度: 上流への延長の可能性(片方の証拠のみ)
MA_RS27405,,4219085,ATG,False,0,stop_codon,4219085,ATG,1.15,False,,,,,,4219085,ATG,現行アノテーションを支持
MA_RS17825,MA_3413,4219624,TTG,False,0,stop_codon,4219624,TTG,1.07,False,WP_052721611.1,1,94.928,4219624,TTG,4219624,TTG,現行アノテーションを支持
MA_RS17830,,4220142,ATG,False,0,stop_codon,4220142,ATG,5.27,True,WP_048139032.1,1,73.034,4220142,ATG,4220142,ATG,現行アノテーションを支持
MA_RS17835,MA_3415,4221142,ATG,False,0,stop_codon,4221142,ATG,2.13,False,WP_048172295.1,1,86.818,4221142,ATG,4221142,ATG,現行アノテーションを支持
MA_RS17840,MA_3416,4222013,TTG,False,0,stop_codon,4222013,TTG,1.1,False,WP_048172299.1,1,99.015,4222013,TTG,4222013,TTG,現行アノテーションを支持
MA_RS17845,MA_3418,4225041,ATG,False,0,stop_codon,4225041,ATG,5.27,True,WP_048118582.1,1,54.791,4225041,ATG,4225041,ATG,現行アノテーションを支持
MA_RS17850,,4225232,ATC,True,0,stop_codon,4225232,ATC,1.38,False,WP_048123121.1,4,90.361,4225232,ATC,4225232,ATC,現行アノテーションを支持
MA_RS17855,MA_3419,4226425,ATG,False,0,neighbor_gene,4226425,ATG,0.99,False,WP_048172014.1,1,93.214,4226425,ATG,4226425,ATG,現行アノテーションを支持
MA_RS17860,MA_3420,4226798,ATG,False,0,stop_codon,4226798,ATG,1.28,False,WP_048138432.1,1,91.919,4226798,ATG,4226798,ATG,現行アノテーションを支持
MA_RS25855,MA_3422,4227273,ATG,False,0,stop_codon,4227273,ATG,2.76,False,WP_080503013.1,1,96.154,4227273,ATG,4227273,ATG,現行アノテーションを支持
MA_RS25860,,4227682,ATG,False,0,stop_codon,4227682,ATG,1.43,False,WP_048138429.1,1,94.0,4227682,ATG,4227682,ATG,現行アノテーションを支持
MA_RS25865,,4228017,ATG,False,0,stop_codon,4228017,ATG,0.91,False,WP_082089264.1,8,92.105,4228017,ATG,4228017,ATG,現行アノテーションを支持
MA_RS17870,MA_3423,4228285,ATG,False,0,stop_codon,4228285,ATG,2.14,False,WP_048138418.1,1,90.0,4228285,ATG,4228285,ATG,現行アノテーションを支持
MA_RS17875,MA_3424,4228546,ATG,False,0,stop_codon,4228546,ATG,2.37,False,WP_069575332.1,1,90.645,4228546,ATG,4228546,ATG,現行アノテーションを支持
MA_RS25870,MA_3425,4229506,GTG,False,0,stop_codon,4229506,GTG,0.91,False,WP_080503013.1,1,75.0,4229506,GTG,4229506,GTG,現行アノテーションを支持
MA_RS17880,MA_3426,4230369,ATG,False,0,stop_codon,4230369,ATG,0.9,False,WP_048172417.1,1,96.618,4230369,ATG,4230369,ATG,現行アノテーションを支持
MA_RS17885,MA_3427,4230733,ATG,False,0,stop_codon,4230733,ATG,1.32,False,WP_048172415.1,1,92.683,4230733,ATG,4230733,ATG,現行アノテーションを支持
MA_RS17890,MA_3428,4231519,ATG,False,0,stop_codon,4231519,ATG,66.23,True,WP_048172413.1,1,94.231,4231519,ATG,4231519,ATG,現行アノテーションを支持
MA_RS17895,MA_3429,4231990,TTG,False,0,stop_codon,4231990,TTG,1.41,False,WP_048143257.1,16,81.818,4231990,TTG,4231990,TTG,現行アノテーションを支持
MA_RS17900,MA_3430,4232597,ATG,False,1,stop_codon,4232597,ATG,1.27,False,WP_048174707.1,12,91.096,4232564,TTG,4232564,TTG,中確信度: 上流への延長の可能性(片方の証拠のみ)
MA_RS17905,MA_3431,4235192,ATG,False,0,stop_codon,4235192,ATG,1.39,False,WP_048174706.1,1,92.405,4235192,ATG,4235192,ATG,現行アノテーションを支持
MA_RS17910,MA_3432,4236678,TTG,False,0,stop_codon,4236678,TTG,1.21,False,WP_048172408.1,1,95.281,4236678,TTG,4236678,TTG,現行アノテーションを支持
MA_RS17915,MA_3433,4238428,ATG,False,0,stop_codon,4238428,ATG,0.98,False,WP_048174208.1,1,91.051,4238428,ATG,4238428,ATG,現行アノテーションを支持
MA_RS29525,,4240273,ATG,False,0,stop_codon,4240273,ATG,2.73,False,WP_226987623.1,1,65.0,4240273,ATG,4240273,ATG,現行アノテーションを支持
MA_RS17935,MA_3436,4242080,ATG,False,0,stop_codon,4242080,ATG,2.82,False,WP_048172407.1,1,94.937,4242080,ATG,4242080,ATG,現行アノテーションを支持
MA_RS17940,MA_3437,4242276,ATG,False,1,stop_codon,4242276,ATG,1.87,False,WP_082088965.1,21,88.93,4242216,GTG,4242216,GTG,中確信度: 上流への延長の可能性(片方の証拠のみ)
MA_RS17945,MA_3438,4243091,ATG,False,0,stop_codon,4243091,ATG,1.0,False,WP_048172405.1,1,91.964,4243091,ATG,4243091,ATG,現行アノテーションを支持
MA_RS17950,MA_3439,4243519,ATG,False,1,stop_codon,4243519,ATG,3.17,True,WP_048172403.1,4,92.832,4243510,GTG,4243510,GTG,中確信度: 上流への延長の可能性(片方の証拠のみ)
MA_RS17955,MA_3440,4245488,ATG,False,0,stop_codon,4245488,ATG,0.79,False,WP_048172390.1,1,87.606,4245488,ATG,4245488,ATG,現行アノテーションを支持
MA_RS17960,MA_3441,4246270,ATG,False,1,stop_codon,4246270,ATG,10.34,True,WP_048172392.1,6,96.45,4246285,ATG,4246285,ATG,中確信度: 上流への延長の可能性(片方の証拠のみ)
MA_RS27410,MA_3442,4246960,TTG,False,0,stop_codon,4246960,TTG,1.37,False,WP_082088963.1,17,90.141,4246960,TTG,4246960,TTG,現行アノテーションを支持
MA_RS17975,MA_3443,4248370,ATG,False,1,stop_codon,4248370,ATG,12.27,True,,,,,,4248370,ATG,現行アノテーションを支持
MA_RS17980,MA_3444,4249381,ATG,False,1,stop_codon,4249381,ATG,1.35,False,,,,,,4249381,ATG,現行アノテーションを支持
MA_RS17985,,4250536,ATG,False,0,stop_codon,4250536,ATG,0.91,False,,,,,,4250536,ATG,現行アノテーションを支持
MA_RS17990,MA_3445,4250720,ATG,False,0,stop_codon,4250720,ATG,3.2,True,WP_048046568.1,1,85.87,4250720,ATG,4250720,ATG,現行アノテーションを支持
MA_RS17995,MA_3446,4252153,ATA,True,0,stop_codon,4252153,ATA,1.21,False,WP_048171462.1,1,95.429,4252153,ATA,4252153,ATA,現行アノテーションを支持
MA_RS18000,MA_3447,4254275,ATG,False,0,stop_codon,4254275,ATG,1.26,False,WP_048171461.1,1,97.5,4254275,ATG,4254275,ATG,現行アノテーションを支持
MA_RS18005,MA_3448,4254467,GTG,False,0,stop_codon,4254467,GTG,2.06,False,WP_048171459.1,1,95.906,4254467,GTG,4254467,GTG,現行アノテーションを支持
MA_RS18010,MA_3449,4255870,ATG,False,1,stop_codon,4255870,ATG,1.08,False,WP_048171457.1,3,95.276,4255864,TTG,4255864,TTG,中確信度: 上流への延長の可能性(片方の証拠のみ)
MA_RS18015,MA_3450,4256782,ATG,False,3,neighbor_gene,4256767,ATG,1.33,False,WP_048174604.1,37,93.78,4256674,ATG,4256674,ATG,中確信度: 上流への延長の可能性(片方の証拠のみ)
MA_RS18020,MA_3451,4257411,ATG,False,0,stop_codon,4257411,ATG,1.1,False,WP_048171455.1,22,95.533,4257411,ATG,4257411,ATG,現行アノテーションを支持
MA_RS18025,MA_3452,4258734,ATG,False,1,neighbor_gene,4258734,ATG,1.04,False,WP_048171454.1,14,97.802,4258695,GTG,4258695,GTG,中確信度: 上流への延長の可能性(片方の証拠のみ)
MA_RS27415,,4259848,GTG,False,0,neighbor_gene,4259848,GTG,0.46,False,,,,,,4259848,GTG,現行アノテーションを支持
MA_RS18030,MA_3453,4259985,ATG,False,3,neighbor_gene,4259985,ATG,2.2,False,WP_048171452.1,34,95.753,4259886,GTG,4259886,GTG,中確信度: 上流への延長の可能性(片方の証拠のみ)
MA_RS18035,,4261079,ATG,False,0,stop_codon,4261079,ATG,3.72,True,WP_048140757.1,1,96.721,4261079,ATG,4261079,ATG,現行アノテーションを支持
MA_RS18040,MA_3454,4262825,ATG,False,0,neighbor_gene,4262825,ATG,0.85,False,WP_048140215.1,1,88.492,4262825,ATG,4262825,ATG,現行アノテーションを支持
MA_RS18045,MA_3455,4264453,ATG,False,0,neighbor_gene,4264453,ATG,1.21,False,WP_230629375.1,17,87.548,4264453,ATG,4264453,ATG,現行アノテーションを支持
MA_RS18050,MA_3456,4265446,ATG,False,1,neighbor_gene,4265446,ATG,0.85,False,WP_048121863.1,3,90.031,4265452,TTG,4265452,TTG,中確信度: 上流への延長の可能性(片方の証拠のみ)
MA_RS18055,MA_3457,4266270,ATG,False,0,stop_codon,4266270,ATG,1.18,False,WP_052712929.1,1,88.519,4266270,ATG,4266270,ATG,現行アノテーションを支持
MA_RS18060,MA_3458,4267123,ATG,False,0,neighbor_gene,4267123,ATG,1.29,False,WP_239450964.1,1,91.696,4267123,ATG,4267123,ATG,現行アノテーションを支持
MA_RS18065,MA_4673,4268065,ATG,False,2,stop_codon,4268113,ATG,1.27,False,WP_230668943.1,14,91.562,4268137,TTG,4268137,TTG,中確信度: 上流への延長の可能性(片方の証拠のみ)
MA_RS18070,MA_3459,4269096,ATG,False,0,stop_codon,4269096,ATG,1.29,False,WP_048121861.1,1,90.361,4269096,ATG,4269096,ATG,現行アノテーションを支持
MA_RS18075,MA_3460,4270346,TTG,False,2,stop_codon,4270400,TTG,1.52,False,,,,,,4270346,TTG,現行アノテーションを支持
MA_RS18080,MA_3461,4270669,ATG,False,1,stop_codon,4270663,TTG,0.97,False,WP_048173255.1,3,95.611,4270663,TTG,4270663,TTG,中確信度: 上流への延長の可能性(片方の証拠のみ)
MA_RS18085,MA_3462,4272267,ATG,False,0,neighbor_gene,4272267,ATG,1.3,False,WP_048173256.1,1,95.527,4272267,ATG,4272267,ATG,現行アノテーションを支持
MA_RS18090,MA_3463,4273192,ATG,False,0,stop_codon,4273192,ATG,1.27,False,WP_048173258.1,1,96.99,4273192,ATG,4273192,ATG,現行アノテーションを支持
MA_RS18095,MA_3464,4274088,ATG,False,1,stop_codon,4274088,ATG,1.12,False,WP_231589845.1,56,93.51,4273923,ATG,4273923,ATG,中確信度: 上流への延長の可能性(片方の証拠のみ)
MA_RS18100,MA_3465,4275107,ATG,False,1,stop_codon,4275107,ATG,1.15,False,WP_048173259.1,33,93.966,4275011,TTG,4275011,TTG,中確信度: 上流への延長の可能性(片方の証拠のみ)
MA_RS18105,MA_3466,4276107,ATG,False,2,stop_codon,4276035,ATG,1.56,False,WP_048173261.1,25,94.231,4276035,ATG,4276035,ATG,中確信度: 上流への延長の可能性(片方の証拠のみ)
MA_RS18110,,4277657,ATG,False,1,stop_codon,4277678,TTG,1.03,False,WP_156157451.1,13,73.469,4277678,TTG,4277678,TTG,中確信度: 上流への延長の可能性(片方の証拠のみ)
MA_RS18115,MA_3467,4277937,ATG,False,0,stop_codon,4277937,ATG,1.31,False,WP_048173263.1,1,95.3,4277937,ATG,4277937,ATG,現行アノテーションを支持
MA_RS18120,MA_3468,4279850,ATG,False,0,stop_codon,4279850,ATG,1.66,False,WP_048173264.1,1,97.5,4279850,ATG,4279850,ATG,現行アノテーションを支持
MA_RS18125,MA_3469,4280620,TTG,False,1,stop_codon,4280620,TTG,1.11,False,WP_156158867.1,55,80.392,4280638,ATG,4280638,ATG,中確信度: 上流への延長の可能性(片方の証拠のみ)
MA_RS24770,MA_3471,4295529,ATG,False,1,stop_codon,4295559,TTG,1.01,False,WP_052721666.1,2946,81.048,4295559,TTG,4295559,TTG,中確信度: 上流への延長の可能性(片方の証拠のみ)
MA_RS18150,MA_3472,4296760,ATG,False,1,stop_codon,4296760,ATG,0.75,False,WP_048173270.1,7,95.62,4296778,ATG,4296778,ATG,中確信度: 上流への延長の可能性(片方の証拠のみ)
MA_RS27420,,4297052,TTG,False,0,stop_codon,4297052,TTG,3.4,True,WP_048173272.1,1,95.918,4297052,TTG,4297052,TTG,現行アノテーションを支持
MA_RS18155,,4299429,ATG,False,0,neighbor_gene,4299429,ATG,1.64,False,WP_048173274.1,1,96.707,4299429,ATG,4299429,ATG,現行アノテーションを支持
MA_RS18160,,4301181,ATG,False,1,stop_codon,4301181,ATG,2.33,False,WP_048173276.1,1,98.148,4301229,ATG,4301229,ATG,中確信度: 上流への延長の可能性(片方の証拠のみ)
MA_RS18165,MA_3475,4302429,ATG,False,0,stop_codon,4302429,ATG,0.63,False,WP_048173278.1,1,88.35,4302429,ATG,4302429,ATG,現行アノテーションを支持
MA_RS18170,MA_3476,4302884,ATG,False,0,stop_codon,4302884,ATG,0.99,False,WP_048173280.1,1,86.755,4302884,ATG,4302884,ATG,現行アノテーションを支持
MA_RS18175,MA_3477,4304895,TTG,False,2,stop_codon,4304910,GTG,1.08,False,WP_048173281.1,6,96.391,4304910,GTG,4304910,GTG,中確信度: 上流への延長の可能性(片方の証拠のみ)
MA_RS18180,MA_3478,4305130,ATG,False,1,neighbor_gene,4305130,ATG,0.92,False,WP_048174879.1,5,98.75,4305142,TTG,4305142,TTG,中確信度: 上流への延長の可能性(片方の証拠のみ)
MA_RS18185,MA_3479,4305392,ATG,False,0,stop_codon,4305392,ATG,2.63,False,WP_048173283.1,1,95.122,4305392,ATG,4305392,ATG,現行アノテーションを支持
MA_RS18190,,4305708,TTG,False,0,stop_codon,4305708,TTG,1.2,False,WP_052730879.1,1,76.056,4305708,TTG,4305708,TTG,現行アノテーションを支持
MA_RS18195,MA_3481,4308644,ATG,False,1,stop_codon,4308644,ATG,2.39,False,WP_048140753.1,17,63.611,4308671,ATG,4308671,ATG,中確信度: 上流への延長の可能性(片方の証拠のみ)
MA_RS18200,MA_3482,4308896,ATG,False,0,stop_codon,4308896,ATG,3.45,True,WP_048173289.1,1,95.455,4308896,ATG,4308896,ATG,現行アノテーションを支持
MA_RS18210,MA_3484,4310972,GTG,False,0,stop_codon,4310972,GTG,1.2,False,WP_231589848.1,1,90.173,4310972,GTG,4310972,GTG,現行アノテーションを支持
MA_RS18215,MA_3485,4311454,ATG,False,1,stop_codon,4311505,TTG,3.04,True,WP_231589849.1,18,96.154,4311505,TTG,4311505,TTG,高確信度: 上流への延長を提案(RNA-seq・BLAST一致)
MA_RS18220,MA_3486,4312022,ATG,False,0,stop_codon,4312022,ATG,1.94,False,WP_048173290.1,1,83.636,4312022,ATG,4312022,ATG,現行アノテーションを支持
MA_RS18225,MA_4666,4312891,ATG,False,0,stop_codon,4312891,ATG,1.06,False,WP_048173292.1,1,95.402,4312891,ATG,4312891,ATG,現行アノテーションを支持
MA_RS18230,MA_4667,4313773,ATG,False,0,stop_codon,4313773,ATG,0.89,False,WP_048173295.1,1,94.779,4313773,ATG,4313773,ATG,現行アノテーションを支持
MA_RS27425,,4314558,GTG,False,0,neighbor_gene,4314558,GTG,0.9,False,,,,,,4314558,GTG,現行アノテーションを支持
MA_RS25880,MA_3489,4315028,ATG,False,0,stop_codon,4315028,ATG,3.09,True,WP_082089024.1,1,93.898,4315028,ATG,4315028,ATG,現行アノテーションを支持
MA_RS29835,,4321610,ATG,False,0,stop_codon,4321610,ATG,1.41,False,,,,,,4321610,ATG,現行アノテーションを支持
MA_RS18245,,4323376,ATG,False,1,neighbor_gene,4323382,TTG,1.03,False,,,,,,4323376,ATG,現行アノテーションを支持
MA_RS18250,,4323959,ATG,False,0,stop_codon,4323959,ATG,2.26,False,,,,,,4323959,ATG,現行アノテーションを支持
MA_RS18255,MA_3492,4324668,ATG,False,0,stop_codon,4324668,ATG,0.8,False,WP_048155604.1,127,46.484,4324668,ATG,4324668,ATG,現行アノテーションを支持
MA_RS18260,MA_3493,4326496,ATG,False,0,stop_codon,4326496,ATG,1.65,False,WP_011021898.1,1,99.299,4326496,ATG,4326496,ATG,現行アノテーションを支持
MA_RS18265,,4327963,TTG,False,1,stop_codon,4327963,TTG,0.88,False,WP_011034506.1,17,60.0,4327954,GTG,4327954,GTG,中確信度: 上流への延長の可能性(片方の証拠のみ)
MA_RS18270,MA_3494,4328285,ATG,False,1,stop_codon,4328285,ATG,2.04,False,WP_048173300.1,18,93.893,4328234,GTG,4328234,GTG,中確信度: 上流への延長の可能性(片方の証拠のみ)
MA_RS18275,MA_3495,4329656,ATG,False,1,stop_codon,4329647,TTG,2.13,False,WP_048174885.1,4,92.746,4329647,TTG,4329647,TTG,中確信度: 上流への延長の可能性(片方の証拠のみ)
MA_RS18280,MA_3496,4332102,ATG,False,0,stop_codon,4332102,ATG,1.29,False,WP_048173302.1,1,98.907,4332102,ATG,4332102,ATG,現行アノテーションを支持
MA_RS18285,MA_3497,4334374,ATG,False,0,stop_codon,4334374,ATG,0.75,False,WP_048173304.1,1,97.218,4334374,ATG,4334374,ATG,現行アノテーションを支持
MA_RS18290,MA_3498,4336667,ATG,False,0,stop_codon,4336667,ATG,1.6,False,WP_048173306.1,1,97.031,4336667,ATG,4336667,ATG,現行アノテーションを支持
MA_RS18295,MA_3499,4337027,ATG,False,4,stop_codon,4336973,TTG,1.76,False,WP_048173308.1,19,93.548,4336973,TTG,4336973,TTG,中確信度: 上流への延長の可能性(片方の証拠のみ)
MA_RS18300,MA_3500,4337212,ATG,False,0,stop_codon,4337212,ATG,1.02,False,WP_048140688.1,1,82.796,4337212,ATG,4337212,ATG,現行アノテーションを支持
MA_RS18305,MA_3501,4337841,ATG,False,0,stop_codon,4337841,ATG,1.26,False,WP_048173311.1,1,90.65,4337841,ATG,4337841,ATG,現行アノテーションを支持
MA_RS18310,MA_3502,4340170,ATG,False,0,stop_codon,4340170,ATG,1.93,False,WP_048117034.1,1,50.0,4340170,ATG,4340170,ATG,現行アノテーションを支持
MA_RS18325,MA_3505,4342400,ATG,False,0,stop_codon,4342400,ATG,1.06,False,WP_048174208.1,1,91.051,4342400,ATG,4342400,ATG,現行アノテーションを支持
MA_RS18330,MA_3506,4343641,ATG,False,0,stop_codon,4343641,ATG,1.35,False,WP_048154708.1,1,81.01,4343641,ATG,4343641,ATG,現行アノテーションを支持
MA_RS18340,MA_3508,4345715,ATG,False,0,stop_codon,4345715,ATG,1.34,False,WP_048171658.1,51,88.172,4345715,ATG,4345715,ATG,現行アノテーションを支持
MA_RS18345,MA_3509,4346148,ATG,False,1,stop_codon,4346148,ATG,1.06,False,WP_197080349.1,1,66.82,4346136,ATG,4346136,ATG,中確信度: 上流への延長の可能性(片方の証拠のみ)
MA_RS18355,MA_3512,4348868,ATG,False,0,stop_codon,4348868,ATG,2.65,False,WP_187151870.1,1,95.149,4348868,ATG,4348868,ATG,現行アノテーションを支持
MA_RS18360,MA_3513,4349932,ATG,False,0,stop_codon,4349932,ATG,0.92,False,WP_048170769.1,1,92.963,4349932,ATG,4349932,ATG,現行アノテーションを支持
MA_RS18370,MA_3514,4351172,ATG,False,0,stop_codon,4351172,ATG,3.08,True,WP_048170768.1,1,96.575,4351172,ATG,4351172,ATG,現行アノテーションを支持
MA_RS18375,MA_3515,4351811,ATG,False,0,neighbor_gene,4351811,ATG,0.91,False,WP_048170767.1,1,94.608,4351811,ATG,4351811,ATG,現行アノテーションを支持
MA_RS18380,MA_3516,4353040,ATG,False,3,stop_codon,4353049,TTG,1.58,False,WP_048170766.1,37,94.118,4353148,TTG,4353148,TTG,中確信度: 上流への延長の可能性(片方の証拠のみ)
MA_RS18390,MA_3519,4355345,TTG,False,0,neighbor_gene,4355345,TTG,0.89,False,WP_048170764.1,1,97.931,4355345,TTG,4355345,TTG,現行アノテーションを支持
MA_RS18395,MA_3520,4356600,GTG,False,1,stop_codon,4356609,GTG,1.82,False,WP_048170761.1,4,96.117,4356609,GTG,4356609,GTG,中確信度: 上流への延長の可能性(片方の証拠のみ)
MA_RS27435,MA_3521,4356870,TTG,False,1,stop_codon,4356870,TTG,1.11,False,,,,,,4356870,TTG,現行アノテーションを支持
MA_RS18400,MA_3522,4357829,ATG,False,1,stop_codon,4357829,ATG,19.19,True,WP_048170760.1,15,97.03,4357871,ATG,4357871,ATG,中確信度: 上流への延長の可能性(片方の証拠のみ)
MA_RS18405,MA_3523,4358028,ATG,False,2,stop_codon,4357953,ATG,1.63,False,,,,,,4358028,ATG,現行アノテーションを支持
MA_RS18410,MA_3524,4359415,ATG,False,1,stop_codon,4359415,ATG,4.2,True,WP_048170759.1,26,94.817,4359490,TTG,4359490,TTG,中確信度: 上流への延長の可能性(片方の証拠のみ)
MA_RS18415,MA_3525,4359569,ATG,False,5,stop_codon,4359464,TTG,1.21,False,WP_048170758.1,61,90.421,4359389,TTG,4359389,TTG,中確信度: 上流への延長の可能性(片方の証拠のみ)
MA_RS18420,MA_3526,4361743,ATT,True,0,stop_codon,4361743,ATT,1.12,False,WP_048170757.1,16,87.109,4361743,ATT,4361743,ATT,現行アノテーションを支持
MA_RS18425,MA_3527,4362400,ATG,False,0,stop_codon,4362400,ATG,1.49,False,WP_048170756.1,1,96.701,4362400,ATG,4362400,ATG,現行アノテーションを支持
MA_RS18430,MA_3528,4364937,ATG,False,0,stop_codon,4364937,ATG,1.27,False,WP_048170754.1,1,97.59,4364937,ATG,4364937,ATG,現行アノテーションを支持
MA_RS18445,MA_3531,4367611,ATG,False,2,stop_codon,4367593,ATG,2.53,False,WP_231588212.1,4,80.38,4367593,ATG,4367593,ATG,中確信度: 上流への延長の可能性(片方の証拠のみ)
MA_RS28945,,4368097,ATG,False,0,neighbor_gene,4368097,ATG,1.44,False,WP_048139104.1,1,86.154,4368097,ATG,4368097,ATG,現行アノテーションを支持
MA_RS18450,MA_3532,4368371,ATG,False,1,stop_codon,4368341,GTG,1.28,False,WP_048119059.1,12,78.281,4368341,GTG,4368341,GTG,中確信度: 上流への延長の可能性(片方の証拠のみ)
MA_RS18455,MA_3533,4369251,ATG,False,0,neighbor_gene,4369251,ATG,1.13,False,,,,,,4369251,ATG,現行アノテーションを支持
MA_RS18460,MA_3534,4369749,ATG,False,0,stop_codon,4369749,ATG,0.92,False,WP_048174847.1,1,87.137,4369749,ATG,4369749,ATG,現行アノテーションを支持
MA_RS18465,MA_3535,4370564,ATG,False,1,neighbor_gene,4370528,TTG,1.03,False,WP_048141276.1,13,85.465,4370528,TTG,4370528,TTG,中確信度: 上流への延長の可能性(片方の証拠のみ)
MA_RS28095,,4372039,ATG,False,0,stop_codon,4372039,ATG,0.78,False,WP_015410794.1,1,76.0,4372039,ATG,4372039,ATG,現行アノテーションを支持
MA_RS18475,MA_3537,4373078,ATG,False,0,stop_codon,4373078,ATG,2.13,False,WP_048141278.1,1,91.379,4373078,ATG,4373078,ATG,現行アノテーションを支持
MA_RS18480,MA_3538,4374032,ATG,False,2,stop_codon,4374050,GTG,1.65,False,WP_011032407.1,7,71.839,4374050,GTG,4374050,GTG,中確信度: 上流への延長の可能性(片方の証拠のみ)
MA_RS18485,MA_3539,4374398,ATC,True,0,stop_codon,4374398,ATC,0.85,False,WP_048170856.1,3,89.349,4374398,ATC,4374398,ATC,現行アノテーションを支持
MA_RS27440,,4375078,ATG,False,0,stop_codon,4375078,ATG,1.05,False,WP_052721557.1,1,97.561,4375078,ATG,4375078,ATG,現行アノテーションを支持
MA_RS18490,MA_3540,4375212,TTG,False,0,stop_codon,4375212,TTG,0.85,False,WP_052721557.1,1,93.258,4375212,TTG,4375212,TTG,現行アノテーションを支持
MA_RS18495,MA_3541,4375670,ATG,False,0,stop_codon,4375670,ATG,1.55,False,WP_048170854.1,1,92.835,4375670,ATG,4375670,ATG,現行アノテーションを支持
MA_RS18500,MA_3542,4380035,ATG,False,0,stop_codon,4380035,ATG,1.1,False,WP_048170414.1,68,71.715,4380035,ATG,4380035,ATG,現行アノテーションを支持
MA_RS24775,MA_3543,4382156,ATG,False,2,stop_codon,4382186,TTG,1.23,False,WP_052730792.1,15,65.691,4382186,TTG,4382186,TTG,中確信度: 上流への延長の可能性(片方の証拠のみ)
MA_RS18510,MA_3544,4383345,ATG,False,0,stop_codon,4383345,ATG,1.01,False,WP_048174532.1,1,89.381,4383345,ATG,4383345,ATG,現行アノテーションを支持
MA_RS18515,MA_3545,4384389,ATG,False,1,stop_codon,4384410,GTG,5.61,True,WP_048170620.1,8,97.846,4384410,GTG,4384410,GTG,高確信度: 上流への延長を提案(RNA-seq・BLAST一致)
MA_RS18520,MA_3546,4384686,ATG,False,0,stop_codon,4384686,ATG,6.23,True,WP_048170621.1,1,89.103,4384686,ATG,4384686,ATG,現行アノテーションを支持
MA_RS18525,MA_3547,4385227,ATG,False,0,stop_codon,4385227,ATG,0.92,False,WP_048170622.1,1,96.364,4385227,ATG,4385227,ATG,現行アノテーションを支持
MA_RS18530,MA_3548,4385729,ATG,False,2,stop_codon,4385729,ATG,1.02,False,WP_048170624.1,19,93.502,4385675,ATG,4385675,ATG,中確信度: 上流への延長の可能性(片方の証拠のみ)
MA_RS18535,MA_3549,4387737,ATG,False,0,stop_codon,4387737,ATG,0.96,False,WP_048170626.1,1,91.908,4387737,ATG,4387737,ATG,現行アノテーションを支持
MA_RS18540,MA_3550,4388484,GTG,False,0,stop_codon,4388484,GTG,1.17,False,WP_048170629.1,7,95.96,4388484,GTG,4388484,GTG,現行アノテーションを支持
MA_RS27445,,4388529,TTG,False,0,stop_codon,4388529,TTG,0.75,False,,,,,,4388529,TTG,現行アノテーションを支持
MA_RS18545,MA_3551,4390167,ATG,False,0,stop_codon,4390167,ATG,0.94,False,WP_048141303.1,1,94.04,4390167,ATG,4390167,ATG,現行アノテーションを支持
MA_RS18550,MA_3552,4390961,ATG,False,1,stop_codon,4390994,TTG,0.95,False,WP_048141305.1,12,93.077,4390994,TTG,4390994,TTG,中確信度: 上流への延長の可能性(片方の証拠のみ)
MA_RS18555,MA_3553,4391413,ATG,False,0,stop_codon,4391413,ATG,0.61,False,WP_048170634.1,1,84.071,4391413,ATG,4391413,ATG,現行アノテーションを支持
MA_RS18560,MA_3554,4392117,ATG,False,0,stop_codon,4392117,ATG,1.97,False,WP_048170637.1,1,93.534,4392117,ATG,4392117,ATG,現行アノテーションを支持
MA_RS18565,MA_3555,4393495,ATG,False,0,stop_codon,4393495,ATG,1.57,False,WP_231590430.1,1,94.771,4393495,ATG,4393495,ATG,現行アノテーションを支持
MA_RS18570,MA_3556,4396350,ATG,False,1,stop_codon,4396368,TTG,1.01,False,WP_048170645.1,1,94.118,4396368,TTG,4396368,TTG,中確信度: 上流への延長の可能性(片方の証拠のみ)
MA_RS18585,MA_3559,4398038,ATG,False,0,stop_codon,4398038,ATG,1.28,False,WP_048170650.1,1,92.952,4398038,ATG,4398038,ATG,現行アノテーションを支持
MA_RS18590,MA_3560,4399565,TTG,False,0,stop_codon,4399565,TTG,1.57,False,WP_048118234.1,221,58.201,4399565,TTG,4399565,TTG,現行アノテーションを支持
MA_RS18595,MA_3561,4403916,ATG,False,0,stop_codon,4403916,ATG,1.27,False,WP_048170657.1,1,96.099,4403916,ATG,4403916,ATG,現行アノテーションを支持
MA_RS18600,MA_3562,4405333,ATG,False,0,stop_codon,4405333,ATG,1.05,False,WP_048170659.1,1,91.597,4405333,ATG,4405333,ATG,現行アノテーションを支持
MA_RS18605,MA_3563,4407011,GTG,False,3,stop_codon,4407140,TTG,1.2,False,WP_048170661.1,44,92.872,4407140,TTG,4407140,TTG,中確信度: 上流への延長の可能性(片方の証拠のみ)
MA_RS18610,MA_3564,4408540,ATG,False,0,neighbor_gene,4408540,ATG,0.98,False,WP_048170664.1,1,95.696,4408540,ATG,4408540,ATG,現行アノテーションを支持
MA_RS18615,MA_3565,4409022,ATG,False,0,stop_codon,4409022,ATG,1.22,False,WP_048137903.1,1,93.506,4409022,ATG,4409022,ATG,現行アノテーションを支持
MA_RS18620,MA_3566,4410110,ATG,False,0,stop_codon,4410110,ATG,22.4,True,WP_048170668.1,1,97.033,4410110,ATG,4410110,ATG,現行アノテーションを支持
MA_RS28955,,4410506,ATG,False,4,stop_codon,4410671,TTG,1.13,False,WP_239451230.1,47,70.27,4410671,TTG,4410671,TTG,中確信度: 上流への延長の可能性(片方の証拠のみ)
MA_RS28960,MA_3567,4410795,ATG,False,0,stop_codon,4410795,ATG,2.05,False,WP_239451230.1,12,75.325,4410795,ATG,4410795,ATG,現行アノテーションを支持
MA_RS18630,MA_3568,4411026,TTG,False,0,stop_codon,4411026,TTG,2.27,False,WP_048170670.1,1,95.0,4411026,TTG,4411026,TTG,現行アノテーションを支持
MA_RS27450,,4411986,ATG,False,0,stop_codon,4411986,ATG,17.95,True,WP_156157457.1,1,96.364,4411986,ATG,4411986,ATG,現行アノテーションを支持
MA_RS18635,MA_3570,4412358,TTG,False,0,stop_codon,4412358,TTG,1.86,False,WP_048170673.1,1,82.857,4412358,TTG,4412358,TTG,現行アノテーションを支持
MA_RS27455,MA_3571,4412954,TTG,False,2,stop_codon,4412909,TTG,0.73,False,,,,,,4412954,TTG,現行アノテーションを支持
MA_RS18640,MA_3572,4413147,ATG,False,0,stop_codon,4413147,ATG,1.26,False,WP_048170675.1,1,90.663,4413147,ATG,4413147,ATG,現行アノテーションを支持
MA_RS29530,MA_3573,4414493,TTG,False,1,stop_codon,4414487,TTG,1.73,False,WP_048170692.1,14,88.406,4414487,TTG,4414487,TTG,中確信度: 上流への延長の可能性(片方の証拠のみ)
MA_RS29535,MA_3574,4414870,ATG,False,1,neighbor_gene,4414870,ATG,0.99,False,WP_048170692.1,1,86.335,4414861,GTG,4414861,GTG,中確信度: 上流への延長の可能性(片方の証拠のみ)
MA_RS18650,MA_3575,4416240,GTG,False,0,stop_codon,4416240,GTG,1.13,False,WP_048172434.1,1,90.441,4416240,GTG,4416240,GTG,現行アノテーションを支持
MA_RS29845,,4416493,ATC,True,0,stop_codon,4416493,ATC,1.24,False,WP_158024244.1,1,59.259,4416493,ATC,4416493,ATC,現行アノテーションを支持
MA_RS18655,MA_3576,4416867,ATG,False,0,stop_codon,4416867,ATG,1.67,False,WP_048170685.1,1,92.42,4416867,ATG,4416867,ATG,現行アノテーションを支持
MA_RS18660,MA_3577,4419338,ATG,False,0,stop_codon,4419338,ATG,1.03,False,WP_048170688.1,1,96.411,4419338,ATG,4419338,ATG,現行アノテーションを支持
MA_RS25900,MA_3578,4419809,ATT,True,0,stop_codon,4419809,ATT,0.86,False,WP_048170694.1,58,49.038,4419809,ATT,4419809,ATT,現行アノテーションを支持
MA_RS18670,,4421208,ATG,False,1,stop_codon,4421244,TTG,1.76,False,WP_048171259.1,13,83.544,4421244,TTG,4421244,TTG,中確信度: 上流への延長の可能性(片方の証拠のみ)
MA_RS18675,MA_3580,4421816,ATG,False,1,stop_codon,4421816,ATG,1.02,False,WP_048123343.1,1,46.667,4421834,ATG,4421834,ATG,中確信度: 上流への延長の可能性(片方の証拠のみ)
MA_RS18680,MA_3581,4421829,ATG,False,2,stop_codon,4421787,TTG,1.11,False,WP_231590435.1,50,98.667,4421706,TTG,4421706,TTG,中確信度: 上流への延長の可能性(片方の証拠のみ)
MA_RS18685,MA_3582,4422810,ATG,False,0,neighbor_gene,4422810,ATG,0.85,False,WP_048174538.1,1,99.119,4422810,ATG,4422810,ATG,現行アノテーションを支持
MA_RS18690,MA_3583,4424021,ATG,False,0,neighbor_gene,4424021,ATG,1.57,False,WP_231590436.1,48,98.592,4424021,ATG,4424021,ATG,現行アノテーションを支持
MA_RS18695,MA_3584,4425263,ATG,False,0,stop_codon,4425263,ATG,1.33,False,WP_048170700.1,1,97.066,4425263,ATG,4425263,ATG,現行アノテーションを支持
MA_RS18700,MA_3585,4425880,ATG,False,0,stop_codon,4425880,ATG,1.26,False,,,,,,4425880,ATG,現行アノテーションを支持
MA_RS18705,MA_3586,4426998,ATG,False,0,stop_codon,4426998,ATG,2.0,False,WP_048120425.1,10,31.081,4426998,ATG,4426998,ATG,現行アノテーションを支持
MA_RS18715,,4428268,TTG,False,0,stop_codon,4428268,TTG,0.84,False,WP_052727876.1,1,83.673,4428268,TTG,4428268,TTG,現行アノテーションを支持
MA_RS18720,,4429021,GTG,False,0,stop_codon,4429021,GTG,0.99,False,WP_052727876.1,23,81.6,4429021,GTG,4429021,GTG,現行アノテーションを支持
MA_RS18725,MA_3589,4430115,ATG,False,0,stop_codon,4430115,ATG,1.12,False,WP_048170701.1,1,90.789,4430115,ATG,4430115,ATG,現行アノテーションを支持
MA_RS18730,MA_4663,4432420,ATG,False,0,stop_codon,4432420,ATG,3.82,True,WP_048137866.1,1,92.84,4432420,ATG,4432420,ATG,現行アノテーションを支持
MA_RS18735,MA_3591,4433291,ATG,False,0,stop_codon,4433291,ATG,1.13,False,WP_048170705.1,1,95.477,4433291,ATG,4433291,ATG,現行アノテーションを支持
MA_RS18740,MA_3592,4434788,GTG,False,0,stop_codon,4434788,GTG,2.1,False,WP_048170707.1,1,98.798,4434788,GTG,4434788,GTG,現行アノテーションを支持
MA_RS18745,MA_3593,4435107,ATG,False,0,stop_codon,4435107,ATG,1.79,False,WP_052721756.1,7,94.416,4435107,ATG,4435107,ATG,現行アノテーションを支持
MA_RS18750,MA_3594,4436002,ATA,True,0,stop_codon,4436002,ATA,6.06,True,WP_082088895.1,1,95.918,4436002,ATA,4436002,ATA,現行アノテーションを支持
MA_RS18755,MA_3595,4436432,ATG,False,0,stop_codon,4436432,ATG,1.2,False,WP_048170713.1,1,98.438,4436432,ATG,4436432,ATG,現行アノテーションを支持
MA_RS18760,MA_3596,4436838,ATG,False,1,stop_codon,4436814,TTG,2.32,False,WP_048170715.1,9,95.312,4436814,TTG,4436814,TTG,中確信度: 上流への延長の可能性(片方の証拠のみ)
MA_RS24790,MA_3597,4437669,TTG,False,1,stop_codon,4437678,TTG,1.53,False,WP_052721538.1,4,84.393,4437678,TTG,4437678,TTG,中確信度: 上流への延長の可能性(片方の証拠のみ)
MA_RS18770,MA_3598,4439476,ATG,False,0,stop_codon,4439476,ATG,1.08,False,WP_048137858.1,1,68.313,4439476,ATG,4439476,ATG,現行アノテーションを支持
MA_RS18775,MA_3599,4441152,ATG,False,0,neighbor_gene,4441152,ATG,0.99,False,WP_011032443.1,1,58.182,4441152,ATG,4441152,ATG,現行アノテーションを支持
MA_RS18780,MA_3600,4442033,ATG,False,0,stop_codon,4442033,ATG,0.92,False,WP_137726805.1,1,74.564,4442033,ATG,4442033,ATG,現行アノテーションを支持
MA_RS18785,MA_3601,4442659,GTG,False,0,stop_codon,4442659,GTG,1.74,False,WP_048121074.1,1,69.378,4442659,GTG,4442659,GTG,現行アノテーションを支持
MA_RS18790,MA_3602,4443776,ATG,False,1,stop_codon,4443776,ATG,1.91,False,WP_048170720.1,1,86.8,4443782,ATG,4443782,ATG,中確信度: 上流への延長の可能性(片方の証拠のみ)
MA_RS18795,MA_3603,4444216,ATG,False,1,stop_codon,4444237,TTG,0.82,False,WP_048166164.1,8,59.551,4444237,TTG,4444237,TTG,中確信度: 上流への延長の可能性(片方の証拠のみ)
MA_RS18800,MA_3604,4445754,ATG,False,0,stop_codon,4445754,ATG,0.89,False,WP_231588126.1,40,75.182,4445754,ATG,4445754,ATG,現行アノテーションを支持
MA_RS27460,,4446575,ATG,False,0,stop_codon,4446575,ATG,2.34,False,,,,,,4446575,ATG,現行アノテーションを支持
MA_RS18805,MA_3606,4447948,ATG,False,2,stop_codon,4447981,TTG,1.48,False,WP_048137849.1,12,95.098,4447981,TTG,4447981,TTG,中確信度: 上流への延長の可能性(片方の証拠のみ)
MA_RS18810,MA_3607,4449054,TTG,False,0,stop_codon,4449054,TTG,6.02,True,WP_048170722.1,1,97.297,4449054,TTG,4449054,TTG,現行アノテーションを支持
MA_RS18815,MA_3608,4449310,ATG,False,1,stop_codon,4449301,ATG,2.37,False,WP_048170723.1,4,90.909,4449301,ATG,4449301,ATG,中確信度: 上流への延長の可能性(片方の証拠のみ)
MA_RS18820,MA_3609,4450117,TTG,False,2,stop_codon,4450063,TTG,1.98,False,WP_048137841.1,19,94.058,4450063,TTG,4450063,TTG,中確信度: 上流への延長の可能性(片方の証拠のみ)
MA_RS18825,MA_3610,4452427,ATG,False,0,stop_codon,4452427,ATG,0.89,False,WP_175413369.1,1,81.707,4452427,ATG,4452427,ATG,現行アノテーションを支持
MA_RS29540,,4452978,ATG,False,0,stop_codon,4452978,ATG,0.84,False,,,,,,4452978,ATG,現行アノテーションを支持
MA_RS18830,MA_3611,4453085,ATG,False,1,stop_codon,4453064,GTG,1.04,False,WP_204245388.1,63,72.816,4453064,GTG,4453064,GTG,中確信度: 上流への延長の可能性(片方の証拠のみ)
MA_RS18835,MA_3612,4454041,ATG,False,0,stop_codon,4454041,ATG,1.1,False,WP_048170727.1,1,87.532,4454041,ATG,4454041,ATG,現行アノテーションを支持
MA_RS18840,MA_3613,4457617,ATG,False,0,stop_codon,4457617,ATG,2.5,False,WP_048170729.1,1,93.642,4457617,ATG,4457617,ATG,現行アノテーションを支持
MA_RS18845,MA_3614,4459184,ATG,False,0,stop_codon,4459184,ATG,1.58,False,WP_048170730.1,1,96.011,4459184,ATG,4459184,ATG,現行アノテーションを支持
MA_RS18850,MA_3615,4461403,ATG,False,1,stop_codon,4461403,ATG,1.74,False,WP_332310052.1,22,75.115,4461412,GTG,4461412,GTG,中確信度: 上流への延長の可能性(片方の証拠のみ)
MA_RS18860,MA_3617,4462668,ATG,False,0,stop_codon,4462668,ATG,28.62,True,WP_048137804.1,1,84.167,4462668,ATG,4462668,ATG,現行アノテーションを支持
MA_RS18865,MA_3618,4463411,TTG,False,0,stop_codon,4463411,TTG,1.73,False,WP_048173417.1,1,84.793,4463411,TTG,4463411,TTG,現行アノテーションを支持
MA_RS18870,MA_3619,4463983,ATG,False,2,stop_codon,4463998,TTG,291.47,True,WP_048173416.1,6,96.809,4463998,TTG,4463998,TTG,高確信度: 上流への延長を提案(RNA-seq・BLAST一致)
MA_RS25905,MA_3620,4464896,CTG,True,0,stop_codon,4464896,CTG,0.73,False,WP_082089237.1,11,91.124,4464896,CTG,4464896,CTG,現行アノテーションを支持
MA_RS18880,MA_3621,4465896,ATG,False,0,stop_codon,4465896,ATG,239.67,True,WP_048173414.1,1,95.536,4465896,ATG,4465896,ATG,現行アノテーションを支持
MA_RS18885,MA_3622,4467848,ATT,True,0,neighbor_gene,4467848,ATT,1.6,False,WP_048173413.1,1,96.471,4467848,ATT,4467848,ATT,現行アノテーションを支持
MA_RS18890,MA_3623,4468246,ATG,False,0,stop_codon,4468246,ATG,1.05,False,WP_048173412.1,1,97.71,4468246,ATG,4468246,ATG,現行アノテーションを支持
MA_RS18895,MA_3624,4469491,TTG,False,1,stop_codon,4469491,TTG,1.63,False,WP_048173411.1,4,94.0,4469500,GTG,4469500,GTG,中確信度: 上流への延長の可能性(片方の証拠のみ)
MA_RS18905,MA_3626,4471304,ATG,False,0,stop_codon,4471304,ATG,1.36,False,WP_048173409.1,1,96.185,4471304,ATG,4471304,ATG,現行アノテーションを支持
MA_RS18910,MA_3627,4472247,TTG,False,0,stop_codon,4472247,TTG,1.14,False,WP_048173408.1,1,97.358,4472247,TTG,4472247,TTG,現行アノテーションを支持
MA_RS18915,MA_3628,4473535,ATG,False,0,stop_codon,4473535,ATG,1.24,False,WP_048137791.1,1,95.676,4473535,ATG,4473535,ATG,現行アノテーションを支持
MA_RS18920,MA_3630,4475290,ATG,False,0,stop_codon,4475290,ATG,1.37,False,WP_048173406.1,1,90.042,4475290,ATG,4475290,ATG,現行アノテーションを支持
MA_RS18925,MA_3631,4475709,ATG,False,0,stop_codon,4475709,ATG,1.39,False,WP_315968713.1,1,98.462,4475709,ATG,4475709,ATG,現行アノテーションを支持
MA_RS18930,MA_3632,4476320,ATG,False,1,stop_codon,4476308,TTG,13.69,True,WP_231589886.1,1,95.981,4476308,TTG,4476308,TTG,高確信度: 上流への延長を提案(RNA-seq・BLAST一致)
MA_RS18935,,4479065,TTG,False,0,stop_codon,4479065,TTG,1.4,False,WP_048173402.1,2,93.007,4479065,TTG,4479065,TTG,現行アノテーションを支持
MA_RS18940,MA_3633,4480285,ATG,False,2,stop_codon,4480297,GTG,2.52,False,WP_231589884.1,23,85.156,4480351,GTG,4480351,GTG,中確信度: 上流への延長の可能性(片方の証拠のみ)
MA_RS18945,MA_3634,4480952,ATG,False,2,stop_codon,4481000,TTG,3.04,True,WP_048173400.1,17,85.714,4481000,TTG,4481000,TTG,高確信度: 上流への延長を提案(RNA-seq・BLAST一致)
MA_RS18950,MA_3635,4482048,ATG,False,1,stop_codon,4482048,ATG,1.01,False,WP_011032481.1,13,75.185,4482084,ATG,4482084,ATG,中確信度: 上流への延長の可能性(片方の証拠のみ)
MA_RS18955,MA_3636,4482517,TTG,False,1,stop_codon,4482562,TTG,2.23,False,WP_048173399.1,16,86.325,4482562,TTG,4482562,TTG,中確信度: 上流への延長の可能性(片方の証拠のみ)
MA_RS18960,MA_3637,4483250,TTG,False,0,stop_codon,4483250,TTG,1.31,False,WP_048137769.1,1,70.085,4483250,TTG,4483250,TTG,現行アノテーションを支持
MA_RS18965,MA_3638,4484944,TTG,False,0,stop_codon,4484944,TTG,3.2,True,WP_048173398.1,16,89.512,4484944,TTG,4484944,TTG,現行アノテーションを支持
MA_RS18970,MA_3639,4485322,ATG,False,2,stop_codon,4485265,ATG,2.5,False,WP_231590391.1,11,81.421,4485265,ATG,4485265,ATG,中確信度: 上流への延長の可能性(片方の証拠のみ)
MA_RS18975,MA_3640,4487738,ATG,False,0,stop_codon,4487738,ATG,1.84,False,WP_048173396.1,6,95.699,4487738,ATG,4487738,ATG,現行アノテーションを支持
MA_RS18980,MA_3641,4488896,ATG,False,0,neighbor_gene,4488896,ATG,1.18,False,WP_048173395.1,1,98.315,4488896,ATG,4488896,ATG,現行アノテーションを支持
MA_RS18985,MA_3642,4489963,ATG,False,0,stop_codon,4489963,ATG,1.29,False,WP_048173394.1,1,97.211,4489963,ATG,4489963,ATG,現行アノテーションを支持
MA_RS18990,MA_3643,4491032,ATG,False,0,stop_codon,4491032,ATG,11.34,True,WP_048173393.1,1,97.727,4491032,ATG,4491032,ATG,現行アノテーションを支持
MA_RS19000,MA_3644,4492730,ATG,False,0,stop_codon,4492730,ATG,1.15,False,WP_011023552.1,1,100.0,4492730,ATG,4492730,ATG,現行アノテーションを支持
MA_RS28975,,4493210,TTG,False,0,stop_codon,4493210,TTG,0.7,False,,,,,,4493210,TTG,現行アノテーションを支持
MA_RS19005,MA_3645,4493729,ATG,False,2,stop_codon,4493684,ATG,1.55,False,WP_011034594.1,16,91.093,4493684,ATG,4493684,ATG,中確信度: 上流への延長の可能性(片方の証拠のみ)
MA_RS19010,MA_3646,4496739,TTG,False,0,stop_codon,4496739,TTG,0.48,False,WP_048172801.1,5,80.976,4496739,TTG,4496739,TTG,現行アノテーションを支持
MA_RS27475,,4499499,ATG,False,0,stop_codon,4499499,ATG,1.07,False,,,,,,4499499,ATG,現行アノテーションを支持
MA_RS29855,,4499748,GTG,False,0,stop_codon,4499748,GTG,0.99,False,WP_048155834.1,9,95.349,4499748,GTG,4499748,GTG,現行アノテーションを支持
MA_RS19020,MA_3649,4500391,ATG,False,1,stop_codon,4500391,ATG,7.67,True,WP_048173827.1,18,38.462,4500355,ATG,4500355,ATG,中確信度: 上流への延長の可能性(片方の証拠のみ)
MA_RS19025,MA_3650,4502437,ATG,False,0,stop_codon,4502437,ATG,1.05,False,WP_156158889.1,58,90.909,4502437,ATG,4502437,ATG,現行アノテーションを支持
MA_RS19035,,4503333,ATG,False,4,stop_codon,4503363,TTG,0.85,False,,,,,,4503333,ATG,現行アノテーションを支持
MA_RS19040,MA_3652,4504606,ATG,False,0,stop_codon,4504606,ATG,0.69,False,,,,,,4504606,ATG,現行アノテーションを支持
MA_RS24800,MA_3654,4505991,ATG,False,0,stop_codon,4505991,ATG,1.19,False,WP_052728028.1,7,35.862,4505991,ATG,4505991,ATG,現行アノテーションを支持
MA_RS19055,MA_3655,4506486,TTG,False,0,stop_codon,4506486,TTG,7.85,True,WP_048172439.1,22,30.189,4506486,TTG,4506486,TTG,現行アノテーションを支持
MA_RS19060,MA_3656,4507960,ATG,False,0,stop_codon,4507960,ATG,2.09,False,,,,,,4507960,ATG,現行アノテーションを支持
MA_RS19065,MA_3657,4508624,ATG,False,1,stop_codon,4508618,ATG,11.7,True,WP_239451216.1,3,87.466,4508618,ATG,4508618,ATG,高確信度: 上流への延長を提案(RNA-seq・BLAST一致)
MA_RS19070,MA_3658,4510694,ATG,False,1,stop_codon,4510721,TTG,0.74,False,WP_048173577.1,10,94.211,4510721,TTG,4510721,TTG,中確信度: 上流への延長の可能性(片方の証拠のみ)
MA_RS19075,MA_3660,4511882,GTG,False,1,stop_codon,4511882,GTG,1.55,False,WP_156158904.1,9,44.578,4511900,ATG,4511900,ATG,中確信度: 上流への延長の可能性(片方の証拠のみ)
MA_RS19080,MA_3661,4513615,TTG,False,0,stop_codon,4513615,TTG,1.42,False,,,,,,4513615,TTG,現行アノテーションを支持
MA_RS19085,MA_3662,4514626,GTG,False,1,stop_codon,4514626,GTG,1.04,False,WP_048117962.1,40,88.764,4514749,TTG,4514749,TTG,中確信度: 上流への延長の可能性(片方の証拠のみ)
MA_RS28980,,4515422,TTG,False,0,stop_codon,4515422,TTG,1.92,False,WP_048138668.1,11,76.316,4515422,TTG,4515422,TTG,現行アノテーションを支持
MA_RS24805,MA_3664,4517282,GTG,False,1,stop_codon,4517315,GTG,1.13,False,WP_052721698.1,1,83.333,4517315,GTG,4517315,GTG,中確信度: 上流への延長の可能性(片方の証拠のみ)
MA_RS29545,,4517629,ATG,False,0,stop_codon,4517629,ATG,1.06,False,,,,,,4517629,ATG,現行アノテーションを支持
MA_RS19100,,4517811,GTG,False,0,stop_codon,4517811,GTG,0.98,False,,,,,,4517811,GTG,現行アノテーションを支持
MA_RS19105,MA_3665,4520309,ATG,False,0,neighbor_gene,4520309,ATG,1.05,False,WP_048168177.1,43,27.671,4520309,ATG,4520309,ATG,現行アノテーションを支持
MA_RS19110,MA_3666,4520953,ATG,False,0,neighbor_gene,4520953,ATG,1.01,False,WP_052721897.1,1,26.882,4520953,ATG,4520953,ATG,現行アノテーションを支持
MA_RS19115,MA_3667,4521956,ATG,False,0,neighbor_gene,4521956,ATG,1.0,False,WP_048168176.1,23,27.698,4521956,ATG,4521956,ATG,現行アノテーションを支持
MA_RS19120,MA_3668,4523323,ATG,False,0,stop_codon,4523323,ATG,1.54,False,,,,,,4523323,ATG,現行アノテーションを支持
MA_RS29550,,4525702,GTG,False,0,stop_codon,4525702,GTG,1.33,False,,,,,,4525702,GTG,現行アノテーションを支持
MA_RS19125,MA_3669,4526126,ATG,False,0,neighbor_gene,4526126,ATG,0.9,False,WP_048041808.1,1,34.831,4526126,ATG,4526126,ATG,現行アノテーションを支持
MA_RS19130,MA_3670,4527129,ATC,True,0,stop_codon,4527129,ATC,0.73,False,WP_048041809.1,19,26.198,4527129,ATC,4527129,ATC,現行アノテーションを支持
MA_RS19135,MA_3671,4527782,GTG,False,0,neighbor_gene,4527782,GTG,0.93,False,,,,,,4527782,GTG,現行アノテーションを支持
MA_RS19140,MA_3672,4528535,ATG,False,0,stop_codon,4528535,ATG,3.69,True,,,,,,4528535,ATG,現行アノテーションを支持
MA_RS19145,MA_3673,4529918,GTG,False,0,stop_codon,4529918,GTG,21.77,True,WP_048173589.1,1,94.142,4529918,GTG,4529918,GTG,現行アノテーションを支持
MA_RS19150,MA_3674,4530054,ATG,False,0,stop_codon,4530054,ATG,2.8,False,WP_048173590.1,1,89.571,4530054,ATG,4530054,ATG,現行アノテーションを支持
MA_RS19155,MA_3675,4531157,TTG,False,0,stop_codon,4531157,TTG,3.05,True,WP_231590562.1,3,91.379,4531157,TTG,4531157,TTG,現行アノテーションを支持
MA_RS19160,MA_3676,4531728,ATG,False,1,stop_codon,4531728,ATG,1.43,False,WP_148706272.1,2,94.526,4531725,ATG,4531725,ATG,中確信度: 上流への延長の可能性(片方の証拠のみ)
MA_RS19165,MA_3677,4532713,ATG,False,0,stop_codon,4532713,ATG,0.86,False,WP_048173593.1,1,88.258,4532713,ATG,4532713,ATG,現行アノテーションを支持
MA_RS19170,MA_3678,4534112,ATG,False,0,stop_codon,4534112,ATG,0.86,False,WP_048173594.1,1,95.131,4534112,ATG,4534112,ATG,現行アノテーションを支持
MA_RS19175,MA_3679,4535295,TTG,False,0,stop_codon,4535295,TTG,1.63,False,WP_082089048.1,1,95.98,4535295,TTG,4535295,TTG,現行アノテーションを支持
MA_RS19180,MA_3680,4537146,ATG,False,0,stop_codon,4537146,ATG,1.17,False,WP_048174979.1,1,91.52,4537146,ATG,4537146,ATG,現行アノテーションを支持
MA_RS19185,MA_3682,4538527,ATG,False,1,stop_codon,4538515,ATG,1.31,False,WP_048173595.1,5,95.607,4538515,ATG,4538515,ATG,中確信度: 上流への延長の可能性(片方の証拠のみ)
MA_RS19190,MA_3683,4540138,ATG,False,2,stop_codon,4540138,ATG,3.17,True,WP_048173596.1,6,98.652,4540123,TTG,4540123,TTG,中確信度: 上流への延長の可能性(片方の証拠のみ)
MA_RS19195,MA_3684,4542109,GTG,False,0,stop_codon,4542109,GTG,2.89,False,WP_048173597.1,1,94.5,4542109,GTG,4542109,GTG,現行アノテーションを支持
MA_RS19200,MA_3685,4542634,ATG,False,0,stop_codon,4542634,ATG,1.31,False,WP_048173598.1,1,97.315,4542634,ATG,4542634,ATG,現行アノテーションを支持
MA_RS19205,MA_3686,4543996,ATG,False,0,stop_codon,4543996,ATG,1.76,False,WP_048173599.1,1,97.472,4543996,ATG,4543996,ATG,現行アノテーションを支持
MA_RS19210,MA_3687,4544730,ATG,False,0,stop_codon,4544730,ATG,1.7,False,WP_048173600.1,5,92.281,4544730,ATG,4544730,ATG,現行アノテーションを支持
MA_RS19215,MA_3688,4545709,ATG,False,2,stop_codon,4545661,TTG,0.78,False,WP_048173601.1,17,93.117,4545661,TTG,4545661,TTG,中確信度: 上流への延長の可能性(片方の証拠のみ)
MA_RS19220,MA_3689,4546753,ATG,False,0,stop_codon,4546753,ATG,0.86,False,WP_048173602.1,1,98.191,4546753,ATG,4546753,ATG,現行アノテーションを支持
MA_RS19225,MA_3690,4548286,TTG,False,1,stop_codon,4548181,TTG,1.05,False,WP_048174981.1,36,97.794,4548181,TTG,4548181,TTG,中確信度: 上流への延長の可能性(片方の証拠のみ)
MA_RS19230,MA_3691,4549509,TTG,False,0,stop_codon,4549509,TTG,1.31,False,WP_048173603.1,1,97.521,4549509,TTG,4549509,TTG,現行アノテーションを支持
MA_RS19235,MA_3692,4549933,ATG,False,0,stop_codon,4549933,ATG,0.82,False,WP_048173604.1,1,96.907,4549933,ATG,4549933,ATG,現行アノテーションを支持
MA_RS19240,MA_3693,4550549,ATG,False,0,stop_codon,4550549,ATG,1.04,False,WP_048173605.1,1,96.721,4550549,ATG,4550549,ATG,現行アノテーションを支持
MA_RS19245,MA_3694,4550736,TTG,False,0,neighbor_gene,4550736,TTG,0.99,False,WP_048173606.1,1,97.949,4550736,TTG,4550736,TTG,現行アノテーションを支持
MA_RS19250,MA_3695,4551304,ATG,False,0,stop_codon,4551304,ATG,1.04,False,WP_048173607.1,1,92.079,4551304,ATG,4551304,ATG,現行アノテーションを支持
MA_RS19255,MA_3696,4551631,ATG,False,0,neighbor_gene,4551631,ATG,0.94,False,WP_011032551.1,1,100.0,4551631,ATG,4551631,ATG,現行アノテーションを支持
MA_RS19260,,4552297,ATG,False,0,stop_codon,4552297,ATG,1.29,False,WP_156157483.1,1,89.13,4552297,ATG,4552297,ATG,現行アノテーションを支持
MA_RS28985,MA_3698,4559276,ATG,False,0,stop_codon,4559276,ATG,1.28,False,WP_048172841.1,23,59.547,4559276,ATG,4559276,ATG,現行アノテーションを支持
MA_RS28990,MA_3699,4568131,ATG,False,3,stop_codon,4568248,GTG,1.03,False,WP_048172841.1,342,82.744,4568248,GTG,4568248,GTG,中確信度: 上流への延長の可能性(片方の証拠のみ)
MA_RS28995,MA_3700,4575284,GTG,False,0,stop_codon,4575284,GTG,0.95,False,WP_082088993.1,1004,82.697,4575284,GTG,4575284,GTG,現行アノテーションを支持
MA_RS19285,,4577331,ATG,False,0,stop_codon,4577331,ATG,0.28,False,WP_048119210.1,18,66.234,4577331,ATG,4577331,ATG,現行アノテーションを支持
MA_RS19290,MA_3702,4578097,ATG,False,1,stop_codon,4578097,ATG,1.18,False,WP_230669061.1,3,61.905,4578106,ATG,4578106,ATG,中確信度: 上流への延長の可能性(片方の証拠のみ)
MA_RS19295,MA_3703,4579473,ATG,False,4,stop_codon,4579584,TTG,1.68,False,WP_048119028.1,46,50.445,4579584,TTG,4579584,TTG,中確信度: 上流への延長の可能性(片方の証拠のみ)
MA_RS19300,MA_3704,4580938,ATG,False,0,stop_codon,4580938,ATG,3.13,True,WP_048173611.1,1,92.745,4580938,ATG,4580938,ATG,現行アノテーションを支持
MA_RS19305,MA_3705,4584164,TTG,False,0,stop_codon,4584164,TTG,1.62,False,WP_197080292.1,1,96.161,4584164,TTG,4584164,TTG,現行アノテーションを支持
MA_RS19310,MA_3706,4585800,ATG,False,0,stop_codon,4585800,ATG,1.78,False,WP_048173614.1,1,96.739,4585800,ATG,4585800,ATG,現行アノテーションを支持
MA_RS19315,MA_3707,4586905,ATG,False,0,stop_codon,4586905,ATG,1.19,False,WP_231589927.1,1,95.726,4586905,ATG,4586905,ATG,現行アノテーションを支持
MA_RS19320,MA_3708,4587223,ATG,False,0,stop_codon,4587223,ATG,2.0,False,WP_048173616.1,1,84.158,4587223,ATG,4587223,ATG,現行アノテーションを支持
MA_RS19325,MA_3709,4588600,ATG,False,0,stop_codon,4588600,ATG,1.28,False,WP_231589929.1,1,80.328,4588600,ATG,4588600,ATG,現行アノテーションを支持
MA_RS19330,MA_3710,4588995,ATG,False,1,stop_codon,4588995,ATG,11.82,True,WP_048174988.1,8,93.443,4589016,ATG,4589016,ATG,中確信度: 上流への延長の可能性(片方の証拠のみ)
MA_RS19335,MA_3711,4589153,ATG,False,0,stop_codon,4589153,ATG,24.39,True,WP_048173617.1,1,92.918,4589153,ATG,4589153,ATG,現行アノテーションを支持
MA_RS29000,,4590622,GTG,False,0,stop_codon,4590622,GTG,1.05,False,WP_048173618.1,1,83.333,4590622,GTG,4590622,GTG,現行アノテーションを支持
MA_RS19350,MA_3713,4592412,ATG,False,0,stop_codon,4592412,ATG,0.69,False,WP_048173619.1,1,87.363,4592412,ATG,4592412,ATG,現行アノテーションを支持
MA_RS19360,MA_3715,4595203,ATG,False,1,stop_codon,4595254,TTG,0.98,False,WP_048173621.1,18,93.22,4595254,TTG,4595254,TTG,中確信度: 上流への延長の可能性(片方の証拠のみ)
MA_RS19365,MA_3716,4596405,ATG,False,0,stop_codon,4596405,ATG,0.8,False,WP_048173622.1,1,91.964,4596405,ATG,4596405,ATG,現行アノテーションを支持
MA_RS19370,MA_3717,4597864,ATG,False,0,neighbor_gene,4597864,ATG,1.05,False,WP_048173623.1,1,93.293,4597864,ATG,4597864,ATG,現行アノテーションを支持
MA_RS19375,MA_3718,4598115,ATG,False,0,stop_codon,4598115,ATG,2.23,False,WP_011032566.1,1,81.481,4598115,ATG,4598115,ATG,現行アノテーションを支持
MA_RS19380,MA_3719,4598997,ATG,False,2,stop_codon,4599054,GTG,0.95,False,WP_231589935.1,1,86.122,4599054,GTG,4599054,GTG,中確信度: 上流への延長の可能性(片方の証拠のみ)
MA_RS19385,MA_3720,4600252,ATG,False,0,stop_codon,4600252,ATG,4.75,True,WP_048036549.1,1,90.541,4600252,ATG,4600252,ATG,現行アノテーションを支持
MA_RS19395,MA_3722,4601313,TTG,False,0,stop_codon,4601313,TTG,1.03,False,WP_048173626.1,1,98.876,4601313,TTG,4601313,TTG,現行アノテーションを支持
MA_RS19400,MA_3723,4602144,ATG,False,0,stop_codon,4602144,ATG,1.7,False,WP_231589937.1,1,93.291,4602144,ATG,4602144,ATG,現行アノテーションを支持
MA_RS19415,MA_3726,4603699,TTG,False,0,stop_codon,4603699,TTG,1.11,False,WP_048173634.1,1,93.831,4603699,TTG,4603699,TTG,現行アノテーションを支持
MA_RS19420,MA_3727,4605922,ATG,False,0,stop_codon,4605922,ATG,0.87,False,WP_048173635.1,1,97.403,4605922,ATG,4605922,ATG,現行アノテーションを支持
MA_RS19425,MA_3728,4606226,ATG,False,1,stop_codon,4606226,ATG,1.14,False,WP_052721702.1,3,89.017,4606220,GTG,4606220,GTG,中確信度: 上流への延長の可能性(片方の証拠のみ)
MA_RS19430,MA_3729,4607006,GTG,False,1,stop_codon,4606997,GTG,1.11,False,WP_048171246.1,11,27.0,4606997,GTG,4606997,GTG,中確信度: 上流への延長の可能性(片方の証拠のみ)
MA_RS19435,MA_3730,4607398,ATG,False,0,stop_codon,4607398,ATG,5.45,True,WP_048173637.1,1,90.323,4607398,ATG,4607398,ATG,現行アノテーションを支持
MA_RS19440,MA_3731,4608518,ATG,False,1,neighbor_gene,4608530,GTG,1.61,False,WP_048173638.1,5,94.22,4608530,GTG,4608530,GTG,中確信度: 上流への延長の可能性(片方の証拠のみ)
MA_RS19445,MA_3732,4609624,TTG,False,0,stop_codon,4609624,TTG,1.44,False,WP_048173639.1,1,96.821,4609624,TTG,4609624,TTG,現行アノテーションを支持
MA_RS19450,MA_3733,4610718,ATG,False,0,stop_codon,4610718,ATG,1.48,False,WP_048173640.1,1,97.866,4610718,ATG,4610718,ATG,現行アノテーションを支持
MA_RS19455,,4611134,ATG,False,0,stop_codon,4611134,ATG,1.31,False,WP_048173641.1,1,76.667,4611134,ATG,4611134,ATG,現行アノテーションを支持
MA_RS19460,MA_4664,4611437,ATG,False,0,stop_codon,4611437,ATG,1.19,False,WP_011023638.1,1,100.0,4611437,ATG,4611437,ATG,現行アノテーションを支持
MA_RS19465,MA_3734,4611673,ATG,False,0,stop_codon,4611673,ATG,1.1,False,WP_011023639.1,1,100.0,4611673,ATG,4611673,ATG,現行アノテーションを支持
MA_RS19470,MA_3735,4611915,ATG,False,0,neighbor_gene,4611915,ATG,1.13,False,WP_048065787.1,1,100.0,4611915,ATG,4611915,ATG,現行アノテーションを支持
MA_RS19475,MA_3736,4612316,ATG,False,0,stop_codon,4612316,ATG,1.72,False,WP_048173642.1,1,96.581,4612316,ATG,4612316,ATG,現行アノテーションを支持
MA_RS19480,MA_3737,4612744,ATG,False,2,stop_codon,4612732,ATG,1.16,False,WP_048173643.1,6,95.868,4612729,GTG,4612729,GTG,中確信度: 上流への延長の可能性(片方の証拠のみ)
MA_RS19485,MA_3739,4613372,GTG,False,0,stop_codon,4613372,GTG,0.98,False,WP_052721703.1,1,94.53,4613372,GTG,4613372,GTG,現行アノテーションを支持
MA_RS19490,MA_3740,4614881,ATG,False,0,stop_codon,4614881,ATG,1.22,False,WP_048173644.1,1,93.013,4614881,ATG,4614881,ATG,現行アノテーションを支持
MA_RS19495,MA_3741,4615729,TTG,False,0,stop_codon,4615729,TTG,1.14,False,WP_048173645.1,1,96.135,4615729,TTG,4615729,TTG,現行アノテーションを支持
MA_RS19500,MA_3742,4616419,ATG,False,0,stop_codon,4616419,ATG,1.11,False,WP_048173646.1,1,93.452,4616419,ATG,4616419,ATG,現行アノテーションを支持
MA_RS19505,MA_3743,4616947,ATG,False,1,neighbor_gene,4616938,TTG,0.84,False,WP_048173647.1,4,96.75,4616938,TTG,4616938,TTG,中確信度: 上流への延長の可能性(片方の証拠のみ)
MA_RS27535,,4618386,TTG,False,0,stop_codon,4618386,TTG,7.02,True,WP_156157486.1,8,89.362,4618386,TTG,4618386,TTG,現行アノテーションを支持
MA_RS19510,MA_3744,4619561,CTG,True,0,stop_codon,4619561,CTG,1.62,False,WP_048173648.1,1,95.42,4619561,CTG,4619561,CTG,現行アノテーションを支持
MA_RS19515,MA_3745,4619633,ATG,False,0,stop_codon,4619633,ATG,1.21,False,WP_048170852.1,2,95.564,4619633,ATG,4619633,ATG,現行アノテーションを支持
MA_RS19520,MA_3746,4621751,ATG,False,0,stop_codon,4621751,ATG,2.4,False,WP_048173648.1,1,89.677,4621751,ATG,4621751,ATG,現行アノテーションを支持
MA_RS27540,,4621897,ATG,False,0,stop_codon,4621897,ATG,1.74,False,WP_156157488.1,1,79.245,4621897,ATG,4621897,ATG,現行アノテーションを支持
MA_RS19525,MA_3747,4622867,TTG,False,1,stop_codon,4622900,TTG,1.54,False,WP_048168089.1,25,75.124,4622900,TTG,4622900,TTG,中確信度: 上流への延長の可能性(片方の証拠のみ)
MA_RS19530,MA_3748,4624056,ATG,False,0,stop_codon,4624056,ATG,1.22,False,WP_048173649.1,1,92.447,4624056,ATG,4624056,ATG,現行アノテーションを支持
MA_RS19535,MA_3749,4624682,ATG,False,0,stop_codon,4624682,ATG,1.45,False,WP_048137617.1,1,93.548,4624682,ATG,4624682,ATG,現行アノテーションを支持
MA_RS19540,MA_3750,4625697,ATG,False,0,stop_codon,4625697,ATG,1.09,False,WP_048173651.1,1,95.088,4625697,ATG,4625697,ATG,現行アノテーションを支持
MA_RS19545,MA_3751,4626364,ATG,False,1,stop_codon,4626364,ATG,2.34,False,WP_048173652.1,2,95.732,4626367,GTG,4626367,GTG,中確信度: 上流への延長の可能性(片方の証拠のみ)
MA_RS19550,MA_3752,4629149,ATG,False,3,stop_codon,4629173,ATG,2.1,False,WP_048173653.1,31,94.167,4629239,TTG,4629239,TTG,中確信度: 上流への延長の可能性(片方の証拠のみ)
MA_RS19555,MA_3753,4632224,ATG,False,1,stop_codon,4632248,GTG,1.28,False,WP_048173654.1,9,91.765,4632248,GTG,4632248,GTG,中確信度: 上流への延長の可能性(片方の証拠のみ)
MA_RS19560,MA_3754,4635251,ATG,False,0,stop_codon,4635251,ATG,1.2,False,WP_048173655.1,1,88.507,4635251,ATG,4635251,ATG,現行アノテーションを支持
MA_RS19565,MA_3755,4636519,ATG,False,0,stop_codon,4636519,ATG,3.04,True,WP_048173656.1,1,96.094,4636519,ATG,4636519,ATG,現行アノテーションを支持
MA_RS19570,MA_3756,4636598,TTG,False,0,stop_codon,4636598,TTG,3.61,True,WP_048173657.1,1,87.079,4636598,TTG,4636598,TTG,現行アノテーションを支持
MA_RS19575,MA_3757,4637764,ATG,False,0,stop_codon,4637764,ATG,0.9,False,WP_048168079.1,1,79.772,4637764,ATG,4637764,ATG,現行アノテーションを支持
MA_RS19580,MA_3758,4639850,ATG,False,0,stop_codon,4639850,ATG,1.35,False,WP_048121348.1,1,57.434,4639850,ATG,4639850,ATG,現行アノテーションを支持
MA_RS19585,MA_3759,4640190,ATG,False,0,stop_codon,4640190,ATG,1.72,False,WP_048154708.1,1,81.49,4640190,ATG,4640190,ATG,現行アノテーションを支持
MA_RS19590,MA_3760,4641431,ATG,False,0,stop_codon,4641431,ATG,1.04,False,WP_048174208.1,1,91.051,4641431,ATG,4641431,ATG,現行アノテーションを支持
MA_RS19595,MA_3761,4643791,ATG,False,0,stop_codon,4643791,ATG,2.75,False,WP_011021898.1,1,99.299,4643791,ATG,4643791,ATG,現行アノテーションを支持
MA_RS19605,MA_3763,4646104,ATG,False,0,stop_codon,4646104,ATG,1.3,False,WP_048172702.1,5,50.0,4646104,ATG,4646104,ATG,現行アノテーションを支持
MA_RS19610,MA_3764,4646743,ATG,False,0,stop_codon,4646743,ATG,1.0,False,WP_048172700.1,8,69.565,4646743,ATG,4646743,ATG,現行アノテーションを支持
MA_RS24810,MA_3765,4650403,TTG,False,0,stop_codon,4650403,TTG,0.84,False,,,,,,4650403,TTG,現行アノテーションを支持
MA_RS19620,MA_3766,4651572,TTG,False,0,neighbor_gene,4651572,TTG,0.98,False,WP_048118326.1,1,82.292,4651572,TTG,4651572,TTG,現行アノテーションを支持
MA_RS19625,MA_3767,4652434,ATG,False,0,stop_codon,4652434,ATG,1.58,False,WP_232316209.1,1,90.21,4652434,ATG,4652434,ATG,現行アノテーションを支持
MA_RS19630,,4654285,ATG,False,1,stop_codon,4654315,TTG,0.86,False,,,,,,4654285,ATG,現行アノテーションを支持
MA_RS19635,,4655426,ATG,False,0,stop_codon,4655426,ATG,1.24,False,WP_048122455.1,8,48.338,4655426,ATG,4655426,ATG,現行アノテーションを支持
MA_RS19640,,4656066,GTG,False,0,stop_codon,4656066,GTG,1.67,False,WP_338037934.1,1,68.075,4656066,GTG,4656066,GTG,現行アノテーションを支持
MA_RS19650,MA_3773,4658802,ATG,False,1,stop_codon,4658802,ATG,0.86,False,WP_048173500.1,4,92.308,4658823,ATG,4658823,ATG,中確信度: 上流への延長の可能性(片方の証拠のみ)
MA_RS29005,MA_3774,4659692,ATG,False,0,stop_codon,4659692,ATG,1.27,False,WP_048171375.1,1,93.125,4659692,ATG,4659692,ATG,現行アノテーションを支持
MA_RS19665,MA_3776,4660648,ATG,False,2,stop_codon,4660648,ATG,0.95,False,WP_011032786.1,5,73.333,4660660,ATG,4660660,ATG,中確信度: 上流への延長の可能性(片方の証拠のみ)
MA_RS19670,MA_3777,4661485,ATG,False,0,stop_codon,4661485,ATG,0.89,False,WP_048043774.1,1,87.879,4661485,ATG,4661485,ATG,現行アノテーションを支持
MA_RS19675,MA_3778,4662291,ATG,False,0,stop_codon,4662291,ATG,1.31,False,WP_230633318.1,1,82.9,4662291,ATG,4662291,ATG,現行アノテーションを支持
MA_RS19680,MA_3779,4663220,ATG,False,0,stop_codon,4663220,ATG,1.55,False,WP_048046269.1,1,90.881,4663220,ATG,4663220,ATG,現行アノテーションを支持
MA_RS19685,MA_3780,4663852,ATG,False,0,neighbor_gene,4663852,ATG,0.94,False,WP_048173663.1,1,91.257,4663852,ATG,4663852,ATG,現行アノテーションを支持
MA_RS19690,MA_3781,4665244,ATG,False,0,stop_codon,4665244,ATG,1.25,False,WP_048173664.1,1,95.435,4665244,ATG,4665244,ATG,現行アノテーションを支持
MA_RS19695,MA_3782,4666853,GTG,False,0,stop_codon,4666853,GTG,1.14,False,WP_052721706.1,1,92.938,4666853,GTG,4666853,GTG,現行アノテーションを支持
MA_RS19700,MA_3783,4668010,ATG,False,0,neighbor_gene,4668010,ATG,0.78,False,WP_048166801.1,1,82.329,4668010,ATG,4668010,ATG,現行アノテーションを支持
MA_RS19705,MA_3784,4668413,ATG,False,0,stop_codon,4668413,ATG,1.01,False,WP_048166800.1,1,85.586,4668413,ATG,4668413,ATG,現行アノテーションを支持
MA_RS29555,,4668423,GTG,False,1,stop_codon,4668423,GTG,1.3,False,,,,,,4668423,GTG,現行アノテーションを支持
MA_RS19710,,4668795,TTG,False,0,stop_codon,4668795,TTG,0.98,False,WP_048173677.1,1,83.544,4668795,TTG,4668795,TTG,現行アノテーションを支持
MA_RS19715,MA_3786,4669652,ATG,False,1,stop_codon,4669652,ATG,1.53,False,WP_048175011.1,19,95.374,4669598,TTG,4669598,TTG,中確信度: 上流への延長の可能性(片方の証拠のみ)
MA_RS19720,MA_3787,4670515,ATG,False,0,stop_codon,4670515,ATG,1.04,False,WP_048173679.1,1,95.096,4670515,ATG,4670515,ATG,現行アノテーションを支持
MA_RS19725,MA_3788,4673104,ATG,False,0,stop_codon,4673104,ATG,1.03,False,WP_080503021.1,1,64.353,4673104,ATG,4673104,ATG,現行アノテーションを支持
MA_RS19735,MA_3789,4674743,ATG,False,0,stop_codon,4674743,ATG,3.23,True,WP_048173681.1,1,88.333,4674743,ATG,4674743,ATG,現行アノテーションを支持
MA_RS27550,,4674981,TTG,False,0,stop_codon,4674981,TTG,1.16,False,,,,,,4674981,TTG,現行アノテーションを支持
MA_RS19745,MA_3790,4676151,ATG,False,0,stop_codon,4676151,ATG,1.4,False,WP_048173682.1,1,96.716,4676151,ATG,4676151,ATG,現行アノテーションを支持
MA_RS19750,MA_3791,4676998,ATG,False,0,stop_codon,4676998,ATG,0.8,False,WP_048173683.1,1,98.137,4676998,ATG,4676998,ATG,現行アノテーションを支持
MA_RS19755,MA_3792,4678692,ATG,False,0,stop_codon,4678692,ATG,2.24,False,WP_048173684.1,1,97.163,4678692,ATG,4678692,ATG,現行アノテーションを支持
MA_RS19760,MA_3793,4680469,ATA,True,0,stop_codon,4680469,ATA,1.21,False,WP_197080379.1,1,98.182,4680469,ATA,4680469,ATA,現行アノテーションを支持
MA_RS19765,MA_3794,4680788,ATG,False,0,stop_codon,4680788,ATG,2.03,False,WP_052730760.1,1,51.07,4680788,ATG,4680788,ATG,現行アノテーションを支持
MA_RS19770,MA_3796,4682886,ATG,False,0,stop_codon,4682886,ATG,1.32,False,,,,,,4682886,ATG,現行アノテーションを支持
MA_RS19775,MA_3797,4684619,GTG,False,0,stop_codon,4684619,GTG,1.41,False,,,,,,4684619,GTG,現行アノテーションを支持
MA_RS19785,MA_3798,4685239,TTG,False,0,stop_codon,4685239,TTG,1.41,False,,,,,,4685239,TTG,現行アノテーションを支持
MA_RS19790,MA_3799,4686036,GTG,False,0,stop_codon,4686036,GTG,1.12,False,WP_015411731.1,61,27.778,4686036,GTG,4686036,GTG,現行アノテーションを支持
MA_RS19800,MA_3801,4688572,ATG,False,1,stop_codon,4688680,ATG,1.03,False,,,,,,4688572,ATG,現行アノテーションを支持
MA_RS19805,,4689072,ATG,False,0,stop_codon,4689072,ATG,1.2,False,,,,,,4689072,ATG,現行アノテーションを支持
MA_RS19810,MA_3802,4689695,ATG,False,1,neighbor_gene,4689695,ATG,1.1,False,,,,,,4689695,ATG,現行アノテーションを支持
MA_RS19815,MA_3803,4690095,ATG,False,0,stop_codon,4690095,ATG,1.44,False,,,,,,4690095,ATG,現行アノテーションを支持
MA_RS19820,MA_3804,4690506,ATG,False,0,stop_codon,4690506,ATG,1.17,False,,,,,,4690506,ATG,現行アノテーションを支持
MA_RS24815,MA_3805,4692974,ATG,False,1,neighbor_gene,4692983,GTG,1.78,False,,,,,,4692974,ATG,現行アノテーションを支持
MA_RS27555,,4693125,ATG,False,0,stop_codon,4693125,ATG,0.86,False,,,,,,4693125,ATG,現行アノテーションを支持
MA_RS19830,MA_3806,4693391,ATG,False,0,neighbor_gene,4693391,ATG,1.17,False,,,,,,4693391,ATG,現行アノテーションを支持
MA_RS19835,,4693612,ATG,False,1,neighbor_gene,4693612,ATG,0.55,False,,,,,,4693612,ATG,現行アノテーションを支持
MA_RS29560,,4693792,ATG,False,0,stop_codon,4693792,ATG,0.92,False,,,,,,4693792,ATG,現行アノテーションを支持
MA_RS19840,MA_3808,4694595,ATG,False,0,neighbor_gene,4694595,ATG,0.9,False,,,,,,4694595,ATG,現行アノテーションを支持
MA_RS19845,MA_3809,4694973,ATG,False,1,stop_codon,4694973,ATG,1.17,False,,,,,,4694973,ATG,現行アノテーションを支持
MA_RS19850,MA_3810,4695401,ATG,False,0,neighbor_gene,4695401,ATG,0.9,False,,,,,,4695401,ATG,現行アノテーションを支持
MA_RS19855,MA_3811,4695650,ATG,False,0,neighbor_gene,4695650,ATG,1.46,False,,,,,,4695650,ATG,現行アノテーションを支持
MA_RS27560,,4695804,ATG,False,0,stop_codon,4695804,ATG,1.09,False,,,,,,4695804,ATG,現行アノテーションを支持
MA_RS19860,MA_3812,4696523,TTG,False,0,stop_codon,4696523,TTG,1.17,False,,,,,,4696523,TTG,現行アノテーションを支持
MA_RS19865,MA_3813,4697140,ATG,False,0,neighbor_gene,4697140,ATG,1.25,False,,,,,,4697140,ATG,現行アノテーションを支持
MA_RS19870,MA_3814,4697530,ATG,False,0,neighbor_gene,4697530,ATG,1.16,False,,,,,,4697530,ATG,現行アノテーションを支持
MA_RS19875,MA_3815,4697799,ATG,False,0,neighbor_gene,4697799,ATG,1.01,False,,,,,,4697799,ATG,現行アノテーションを支持
MA_RS19880,MA_3816,4698718,ATG,False,0,stop_codon,4698718,ATG,0.84,False,,,,,,4698718,ATG,現行アノテーションを支持
MA_RS19885,MA_3817,4699176,ATG,False,1,stop_codon,4699191,ATG,1.25,False,,,,,,4699176,ATG,現行アノテーションを支持
MA_RS19890,MA_3818,4699859,GTG,False,0,stop_codon,4699859,GTG,0.75,False,,,,,,4699859,GTG,現行アノテーションを支持
MA_RS19895,MA_3819,4700152,ATG,False,0,stop_codon,4700152,ATG,2.27,False,,,,,,4700152,ATG,現行アノテーションを支持
MA_RS19900,MA_3820,4700665,ATG,False,0,stop_codon,4700665,ATG,3.36,True,WP_048170852.1,2,95.564,4700665,ATG,4700665,ATG,現行アノテーションを支持
MA_RS19910,MA_3821,4702654,TTG,False,3,stop_codon,4702591,TTG,2.44,False,WP_048154873.1,142,35.955,4702453,TTG,4702453,TTG,中確信度: 上流への延長の可能性(片方の証拠のみ)
MA_RS19915,,4703863,ATG,False,0,stop_codon,4703863,ATG,8.89,True,WP_048138692.1,4,64.179,4703863,ATG,4703863,ATG,現行アノテーションを支持
MA_RS19920,MA_3823,4705266,ATG,False,1,stop_codon,4705317,GTG,1.13,False,WP_048138694.1,321,41.104,4705317,GTG,4705317,GTG,中確信度: 上流への延長の可能性(片方の証拠のみ)
MA_RS27565,,4705433,ATG,False,0,neighbor_gene,4705433,ATG,0.89,False,WP_158024083.1,1,45.833,4705433,ATG,4705433,ATG,現行アノテーションを支持
MA_RS19925,MA_3824,4706667,ATG,False,0,neighbor_gene,4706667,ATG,1.09,False,,,,,,4706667,ATG,現行アノテーションを支持
MA_RS19930,MA_3825,4707002,ATG,False,0,stop_codon,4707002,ATG,1.15,False,,,,,,4707002,ATG,現行アノテーションを支持
MA_RS19935,MA_3826,4708570,ATG,False,0,stop_codon,4708570,ATG,4.56,True,WP_052730763.1,11,31.983,4708570,ATG,4708570,ATG,現行アノテーションを支持
MA_RS19940,MA_3827,4708795,ATG,False,1,stop_codon,4708804,GTG,0.8,False,,,,,,4708795,ATG,現行アノテーションを支持
MA_RS19945,MA_3828,4709313,ATG,False,0,stop_codon,4709313,ATG,2.05,False,,,,,,4709313,ATG,現行アノテーションを支持
MA_RS19950,MA_3829,4711473,ATG,False,0,neighbor_gene,4711473,ATG,0.93,False,WP_048142015.1,2,58.96,4711473,ATG,4711473,ATG,現行アノテーションを支持
MA_RS19955,MA_3830,4711948,TTG,False,0,stop_codon,4711948,TTG,0.66,False,,,,,,4711948,TTG,現行アノテーションを支持
MA_RS19960,MA_3831,4712575,ATG,False,0,neighbor_gene,4712575,ATG,0.94,False,,,,,,4712575,ATG,現行アノテーションを支持
MA_RS19965,MA_3832,4712983,GTG,False,0,neighbor_gene,4712983,GTG,0.81,False,WP_048140489.1,7,42.063,4712983,GTG,4712983,GTG,現行アノテーションを支持
MA_RS19970,MA_3833,4713646,GTG,False,0,stop_codon,4713646,GTG,0.5,False,WP_048138706.1,49,54.815,4713646,GTG,4713646,GTG,現行アノテーションを支持
MA_RS19975,MA_3834,4714460,ATG,False,0,stop_codon,4714460,ATG,0.88,False,,,,,,4714460,ATG,現行アノテーションを支持
MA_RS19980,MA_3835,4715053,GTG,False,1,stop_codon,4715062,GTG,1.22,False,,,,,,4715053,GTG,現行アノテーションを支持
MA_RS27570,,4715187,ATG,False,0,neighbor_gene,4715187,ATG,1.2,False,WP_275425561.1,8,57.143,4715187,ATG,4715187,ATG,現行アノテーションを支持
MA_RS19985,,4715524,GTG,False,1,stop_codon,4715524,GTG,0.94,False,,,,,,4715524,GTG,現行アノテーションを支持
MA_RS19990,,4715840,GTG,False,0,stop_codon,4715840,GTG,1.32,False,WP_048138718.1,17,50.0,4715840,GTG,4715840,GTG,現行アノテーションを支持
MA_RS27575,,4716358,GTG,False,0,stop_codon,4716358,GTG,0.93,False,,,,,,4716358,GTG,現行アノテーションを支持
MA_RS20000,MA_3837,4716686,ATG,False,0,neighbor_gene,4716686,ATG,1.14,False,,,,,,4716686,ATG,現行アノテーションを支持
MA_RS20005,,4716896,ATG,False,0,stop_codon,4716896,ATG,0.96,False,,,,,,4716896,ATG,現行アノテーションを支持
MA_RS20010,,4717183,ATG,False,0,stop_codon,4717183,ATG,1.49,False,WP_048138720.1,1,46.316,4717183,ATG,4717183,ATG,現行アノテーションを支持
MA_RS27580,,4717353,ATG,False,1,stop_codon,4717353,ATG,1.62,False,,,,,,4717353,ATG,現行アノテーションを支持
MA_RS20015,,4717541,ATG,False,0,neighbor_gene,4717541,ATG,0.8,False,,,,,,4717541,ATG,現行アノテーションを支持
MA_RS27995,,4717720,ATG,False,0,stop_codon,4717720,ATG,0.76,False,WP_158024086.1,1,48.214,4717720,ATG,4717720,ATG,現行アノテーションを支持
MA_RS27585,,4718103,ATG,False,1,stop_codon,4718115,TTG,3.5,True,,,,,,4718115,TTG,中確信度: 上流への延長の可能性(片方の証拠のみ)
MA_RS20025,MA_3839,4718197,ATG,False,0,stop_codon,4718197,ATG,77.37,True,WP_048141383.1,59,79.245,4718197,ATG,4718197,ATG,現行アノテーションを支持
MA_RS20030,MA_3840,4719718,GTG,False,2,stop_codon,4719727,GTG,4.45,True,WP_048122059.1,4,75.487,4719727,GTG,4719727,GTG,高確信度: 上流への延長を提案(RNA-seq・BLAST一致)
MA_RS20035,MA_3841,4720733,GTG,False,1,stop_codon,4720799,TTG,1.74,False,WP_082089262.1,23,90.461,4720799,TTG,4720799,TTG,中確信度: 上流への延長の可能性(片方の証拠のみ)
MA_RS24820,MA_3842,4722647,ATG,False,0,stop_codon,4722647,ATG,1.41,False,WP_052727928.1,36,51.225,4722647,ATG,4722647,ATG,現行アノテーションを支持
MA_RS26010,MA_3843,4725091,GTG,False,0,stop_codon,4725091,GTG,10.27,True,WP_048138726.1,1,52.336,4725091,GTG,4725091,GTG,現行アノテーションを支持
MA_RS26015,MA_3844,4725631,ATG,False,2,stop_codon,4725592,TTG,1.85,False,,,,,,4725631,ATG,現行アノテーションを支持
MA_RS20060,MA_3845,4726397,ATG,False,1,stop_codon,4726358,TTG,2.87,False,WP_048138726.1,14,54.867,4726358,TTG,4726358,TTG,中確信度: 上流への延長の可能性(片方の証拠のみ)
MA_RS20065,MA_3846,4728294,TTG,False,0,stop_codon,4728294,TTG,0.6,False,WP_197080294.1,4,92.084,4728294,TTG,4728294,TTG,現行アノテーションを支持
MA_RS20075,MA_3849,4730811,ATG,False,1,stop_codon,4730811,ATG,1.8,False,WP_048173687.1,19,93.629,4730865,GTG,4730865,GTG,中確信度: 上流への延長の可能性(片方の証拠のみ)
MA_RS20080,MA_3850,4731282,ATG,False,0,stop_codon,4731282,ATG,58.64,True,WP_048173688.1,1,97.436,4731282,ATG,4731282,ATG,現行アノテーションを支持
MA_RS20085,MA_3851,4731759,ATG,False,0,stop_codon,4731759,ATG,1.08,False,WP_048137548.1,1,95.808,4731759,ATG,4731759,ATG,現行アノテーションを支持
MA_RS20100,MA_3853,4734881,ATG,False,0,stop_codon,4734881,ATG,1.6,False,WP_048173690.1,1,97.926,4734881,ATG,4734881,ATG,現行アノテーションを支持
MA_RS20105,MA_3854,4736582,ATG,False,0,stop_codon,4736582,ATG,1.12,False,WP_048175013.1,1,96.552,4736582,ATG,4736582,ATG,現行アノテーションを支持
MA_RS20110,MA_3855,4737389,ATG,False,1,stop_codon,4737380,TTG,1.44,False,WP_048173691.1,4,97.436,4737380,TTG,4737380,TTG,中確信度: 上流への延長の可能性(片方の証拠のみ)
MA_RS20115,MA_3856,4737766,TTG,False,0,stop_codon,4737766,TTG,1.17,False,WP_048173692.1,1,92.308,4737766,TTG,4737766,TTG,現行アノテーションを支持
MA_RS20120,MA_3857,4739356,ATG,False,1,stop_codon,4739356,ATG,0.95,False,WP_048137542.1,3,96.875,4739362,TTG,4739362,TTG,中確信度: 上流への延長の可能性(片方の証拠のみ)
MA_RS20125,MA_3858,4740241,GTG,False,0,stop_codon,4740241,GTG,0.79,False,WP_048173694.1,1,93.007,4740241,GTG,4740241,GTG,現行アノテーションを支持
MA_RS20130,MA_3859,4740864,ATG,False,1,stop_codon,4740864,ATG,1.06,False,WP_048173695.1,1,90.749,4740915,ATG,4740915,ATG,中確信度: 上流への延長の可能性(片方の証拠のみ)
MA_RS20135,MA_3860,4742325,ATG,False,0,stop_codon,4742325,ATG,0.58,False,WP_048173696.1,1,98.509,4742325,ATG,4742325,ATG,現行アノテーションを支持
MA_RS20140,MA_3861,4744745,ATG,False,0,neighbor_gene,4744745,ATG,1.0,False,WP_048173697.1,1,97.647,4744745,ATG,4744745,ATG,現行アノテーションを支持
MA_RS20145,MA_3862,4745282,ATG,False,0,stop_codon,4745282,ATG,1.15,False,WP_048173698.1,1,96.383,4745282,ATG,4745282,ATG,現行アノテーションを支持
MA_RS20150,MA_3863,4746750,GTG,False,1,stop_codon,4746750,GTG,1.46,False,WP_048173699.1,18,97.233,4746699,GTG,4746699,GTG,中確信度: 上流への延長の可能性(片方の証拠のみ)
MA_RS20155,MA_3864,4747748,ATG,False,0,stop_codon,4747748,ATG,0.87,False,WP_048174969.1,1,98.394,4747748,ATG,4747748,ATG,現行アノテーションを支持
MA_RS20160,MA_3865,4749062,ATG,False,0,neighbor_gene,4749062,ATG,1.08,False,WP_048173560.1,1,97.436,4749062,ATG,4749062,ATG,現行アノテーションを支持
MA_RS20165,MA_3866,4751563,ATG,False,0,stop_codon,4751563,ATG,0.81,False,WP_048172513.1,21,32.609,4751563,ATG,4751563,ATG,現行アノテーションを支持
MA_RS20170,MA_3867,4752381,ATG,False,3,stop_codon,4752381,ATG,1.98,False,WP_048174730.1,63,41.538,4752396,TTG,4752396,TTG,中確信度: 上流への延長の可能性(片方の証拠のみ)
MA_RS20175,MA_3868,4752717,TTG,False,0,stop_codon,4752717,TTG,1.2,False,WP_048173700.1,1,92.887,4752717,TTG,4752717,TTG,現行アノテーションを支持
MA_RS20180,MA_3869,4753758,ATG,False,0,stop_codon,4753758,ATG,1.15,False,WP_011032641.1,1,91.525,4753758,ATG,4753758,ATG,現行アノテーションを支持
MA_RS20185,MA_3870,4754776,ATG,False,0,stop_codon,4754776,ATG,1.02,False,WP_048173702.1,21,92.481,4754776,ATG,4754776,ATG,現行アノテーションを支持
MA_RS20190,MA_3871,4756155,TTG,False,1,stop_codon,4756155,TTG,1.56,False,WP_048175014.1,4,93.293,4756146,GTG,4756146,GTG,中確信度: 上流への延長の可能性(片方の証拠のみ)
MA_RS20195,MA_4682,4756660,TTG,False,0,neighbor_gene,4756660,TTG,0.9,False,WP_048173703.1,1,86.471,4756660,TTG,4756660,TTG,現行アノテーションを支持
MA_RS20200,MA_3873,4757421,ATG,False,1,stop_codon,4757421,ATG,1.21,False,WP_048137511.1,3,97.143,4757415,ATG,4757415,ATG,中確信度: 上流への延長の可能性(片方の証拠のみ)
MA_RS20205,MA_3874,4758169,ATG,False,0,stop_codon,4758169,ATG,1.92,False,WP_048137509.1,1,98.901,4758169,ATG,4758169,ATG,現行アノテーションを支持
MA_RS20210,MA_3875,4760772,GTG,False,0,stop_codon,4760772,GTG,1.41,False,WP_048173706.1,1,93.427,4760772,GTG,4760772,GTG,現行アノテーションを支持
MA_RS20215,MA_3876,4761788,TTG,False,0,stop_codon,4761788,TTG,0.9,False,WP_048173707.1,1,98.98,4761788,TTG,4761788,TTG,現行アノテーションを支持
MA_RS20220,MA_3877,4763170,ATG,False,0,stop_codon,4763170,ATG,0.98,False,WP_048173708.1,1,93.712,4763170,ATG,4763170,ATG,現行アノテーションを支持
MA_RS20225,MA_3878,4764688,ATG,False,0,stop_codon,4764688,ATG,0.99,False,WP_048173709.1,1,96.711,4764688,ATG,4764688,ATG,現行アノテーションを支持
MA_RS20230,MA_3879,4767865,ATG,False,2,stop_codon,4767892,TTG,2.51,False,WP_048175016.1,10,97.633,4767892,TTG,4767892,TTG,中確信度: 上流への延長の可能性(片方の証拠のみ)
MA_RS20235,MA_3880,4768898,ATG,False,0,stop_codon,4768898,ATG,1.16,False,WP_048173711.1,1,98.063,4768898,ATG,4768898,ATG,現行アノテーションを支持
MA_RS20240,MA_3881,4772145,ATG,False,1,stop_codon,4772145,ATG,1.34,False,WP_048173712.1,7,90.4,4772127,TTG,4772127,TTG,中確信度: 上流への延長の可能性(片方の証拠のみ)
MA_RS20245,MA_3882,4773481,ATG,False,2,stop_codon,4773433,TTG,1.57,False,WP_048173713.1,32,90.439,4773388,TTG,4773388,TTG,中確信度: 上流への延長の可能性(片方の証拠のみ)
MA_RS20250,MA_3883,4774824,TTG,False,0,stop_codon,4774824,TTG,2.8,False,WP_048173714.1,1,93.168,4774824,TTG,4774824,TTG,現行アノテーションを支持
MA_RS20255,MA_3884,4775533,ATG,False,0,stop_codon,4775533,ATG,1.85,False,WP_048137492.1,1,98.413,4775533,ATG,4775533,ATG,現行アノテーションを支持
MA_RS20260,MA_3885,4775910,TTG,False,0,stop_codon,4775910,TTG,0.97,False,WP_048173716.1,1,92.523,4775910,TTG,4775910,TTG,現行アノテーションを支持
MA_RS20265,MA_3886,4776875,ATG,False,0,stop_codon,4776875,ATG,1.73,False,WP_048173717.1,1,95.625,4776875,ATG,4776875,ATG,現行アノテーションを支持
MA_RS20275,MA_3887,4779134,ATG,False,0,stop_codon,4779134,ATG,2.54,False,WP_048173718.1,1,94.842,4779134,ATG,4779134,ATG,現行アノテーションを支持
MA_RS20300,MA_3889,4782554,ATG,False,0,stop_codon,4782554,ATG,1.6,False,WP_048173720.1,1,94.788,4782554,ATG,4782554,ATG,現行アノテーションを支持
MA_RS20305,MA_3890,4783582,ATG,False,2,stop_codon,4783558,GTG,1.46,False,WP_048175018.1,13,94.549,4783546,GTG,4783546,GTG,中確信度: 上流への延長の可能性(片方の証拠のみ)
MA_RS20310,MA_3891,4785195,ATG,False,0,stop_codon,4785195,ATG,1.71,False,WP_048173721.1,1,89.902,4785195,ATG,4785195,ATG,現行アノテーションを支持
MA_RS20315,MA_3892,4786416,TTG,False,0,stop_codon,4786416,TTG,3.62,True,WP_048173722.1,1,93.458,4786416,TTG,4786416,TTG,現行アノテーションを支持
MA_RS20320,MA_3893,4787124,ATG,False,1,stop_codon,4787124,ATG,2.04,False,WP_231589952.1,1,90.977,4787121,GTG,4787121,GTG,中確信度: 上流への延長の可能性(片方の証拠のみ)
MA_RS20325,MA_3894,4788797,ATG,False,0,stop_codon,4788797,ATG,4.03,True,WP_048173723.1,1,91.667,4788797,ATG,4788797,ATG,現行アノテーションを支持
MA_RS20330,MA_3895,4789281,ATG,False,0,stop_codon,4789281,ATG,1.29,False,WP_048173724.1,1,98.901,4789281,ATG,4789281,ATG,現行アノテーションを支持
MA_RS20335,MA_3896,4790131,ATG,False,1,stop_codon,4790131,ATG,0.77,False,WP_048173725.1,4,99.048,4790122,ATG,4790122,ATG,中確信度: 上流への延長の可能性(片方の証拠のみ)
MA_RS20340,MA_3897,4790475,ATG,False,0,neighbor_gene,4790475,ATG,1.22,False,WP_048173726.1,1,99.2,4790475,ATG,4790475,ATG,現行アノテーションを支持
MA_RS20345,MA_3898,4790855,ATG,False,0,neighbor_gene,4790855,ATG,1.13,False,WP_048173727.1,1,95.833,4790855,ATG,4790855,ATG,現行アノテーションを支持
MA_RS20350,MA_3899,4792469,ATG,False,0,stop_codon,4792469,ATG,1.08,False,WP_048173728.1,1,99.561,4792469,ATG,4792469,ATG,現行アノテーションを支持
MA_RS20355,MA_3900,4793975,ATG,False,1,stop_codon,4793966,GTG,0.8,False,WP_048175021.1,4,94.38,4793966,GTG,4793966,GTG,中確信度: 上流への延長の可能性(片方の証拠のみ)
MA_RS20360,MA_3901,4795539,ATG,False,0,neighbor_gene,4795539,ATG,1.12,False,WP_048137464.1,1,90.341,4795539,ATG,4795539,ATG,現行アノテーションを支持
MA_RS20365,MA_3902,4797309,ATG,False,1,stop_codon,4797306,TTG,1.04,False,WP_048173730.1,2,96.833,4797306,TTG,4797306,TTG,中確信度: 上流への延長の可能性(片方の証拠のみ)
MA_RS20370,MA_3903,4797994,ATG,False,0,stop_codon,4797994,ATG,0.97,False,WP_048137458.1,1,94.681,4797994,ATG,4797994,ATG,現行アノテーションを支持
MA_RS20375,,4800096,ATG,False,0,stop_codon,4800096,ATG,1.17,False,,,,,,4800096,ATG,現行アノテーションを支持
MA_RS20380,MA_3904,4800408,ATG,False,0,stop_codon,4800408,ATG,0.97,False,WP_048173732.1,1,97.61,4800408,ATG,4800408,ATG,現行アノテーションを支持
MA_RS20385,MA_3905,4801166,ATG,False,0,neighbor_gene,4801166,ATG,1.25,False,WP_048173733.1,1,96.78,4801166,ATG,4801166,ATG,現行アノテーションを支持
MA_RS20390,MA_3906,4802764,ATG,False,0,neighbor_gene,4802764,ATG,0.9,False,WP_048173734.1,1,96.552,4802764,ATG,4802764,ATG,現行アノテーションを支持
MA_RS20395,MA_3907,4803824,ATG,False,3,neighbor_gene,4803728,TTG,1.39,False,WP_048173735.1,1,94.237,4803728,TTG,4803728,TTG,中確信度: 上流への延長の可能性(片方の証拠のみ)
MA_RS20400,MA_3908,4804631,ATG,False,0,neighbor_gene,4804631,ATG,0.85,False,WP_048173736.1,1,94.172,4804631,ATG,4804631,ATG,現行アノテーションを支持
MA_RS20405,MA_3909,4805598,ATG,False,2,stop_codon,4805529,GTG,0.88,False,WP_048173737.1,29,95.44,4805514,ATG,4805514,ATG,中確信度: 上流への延長の可能性(片方の証拠のみ)
MA_RS20410,,4806820,ATG,False,0,stop_codon,4806820,ATG,1.11,False,,,,,,4806820,ATG,現行アノテーションを支持
MA_RS20415,MA_3910,4806819,ATG,False,8,stop_codon,4806600,ATG,1.11,False,WP_048173738.1,1,97.576,4806600,ATG,4806600,ATG,中確信度: 上流への延長の可能性(片方の証拠のみ)
MA_RS20420,MA_3911,4808243,TTG,False,0,stop_codon,4808243,TTG,1.2,False,WP_048174100.1,2,84.043,4808243,TTG,4808243,TTG,現行アノテーションを支持
MA_RS20425,MA_3912,4808583,ATG,False,0,stop_codon,4808583,ATG,0.93,False,,,,,,4808583,ATG,現行アノテーションを支持
MA_RS29010,,4810505,GTG,False,1,stop_codon,4810505,GTG,0.91,False,WP_048173742.1,1,55.652,4810514,GTG,4810514,GTG,中確信度: 上流への延長の可能性(片方の証拠のみ)
MA_RS20435,MA_3914,4813475,ATG,False,0,stop_codon,4813475,ATG,2.29,False,WP_231589953.1,10,86.638,4813475,ATG,4813475,ATG,現行アノテーションを支持
MA_RS20440,MA_3915,4815001,ATG,False,0,stop_codon,4815001,ATG,11.51,True,WP_048173742.1,1,85.959,4815001,ATG,4815001,ATG,現行アノテーションを支持
MA_RS20445,MA_3916,4815215,ATG,False,3,stop_codon,4815206,GTG,106.09,True,WP_048173743.1,13,96.491,4815179,ATG,,,要確認: RNA-seqとBLASTが異なる候補を支持
MA_RS20450,MA_3917,4815571,ATG,False,0,neighbor_gene,4815571,ATG,0.86,False,WP_048173744.1,1,96.222,4815571,ATG,4815571,ATG,現行アノテーションを支持
MA_RS20455,MA_3918,4817101,ATG,False,0,stop_codon,4817101,ATG,2.15,False,WP_048173745.1,1,97.772,4817101,ATG,4817101,ATG,現行アノテーションを支持
MA_RS20460,MA_3919,4819298,ATG,False,0,stop_codon,4819298,ATG,0.85,False,WP_239450939.1,2,50.211,4819298,ATG,4819298,ATG,現行アノテーションを支持
MA_RS20465,MA_3920,4820295,ATG,False,0,stop_codon,4820295,ATG,1.32,False,WP_048171326.1,12,29.18,4820295,ATG,4820295,ATG,現行アノテーションを支持
MA_RS20470,MA_3921,4821266,TTG,False,2,neighbor_gene,4821266,TTG,1.03,False,WP_048139824.1,15,44.29,4821401,GTG,4821401,GTG,中確信度: 上流への延長の可能性(片方の証拠のみ)
MA_RS20475,MA_3922,4822504,ATG,False,1,stop_codon,4822543,ATG,5.63,True,WP_048139816.1,42,29.268,4822543,ATG,4822543,ATG,高確信度: 上流への延長を提案(RNA-seq・BLAST一致)
MA_RS20480,MA_3923,4822742,ATG,False,1,stop_codon,4822733,GTG,2.01,False,,,,,,4822742,ATG,現行アノテーションを支持
MA_RS20485,MA_3924,4823833,ATG,False,5,stop_codon,4823752,TTG,1.1,False,WP_048173746.1,32,94.34,4823740,TTG,4823740,TTG,中確信度: 上流への延長の可能性(片方の証拠のみ)
MA_RS20490,MA_3925,4824967,GTG,False,1,stop_codon,4824958,GTG,0.96,False,WP_048137959.1,7,85.878,4824958,GTG,4824958,GTG,中確信度: 上流への延長の可能性(片方の証拠のみ)
MA_RS20495,MA_3926,4825801,TTG,False,1,neighbor_gene,4825801,TTG,1.15,False,WP_048137434.1,5,87.903,4825789,TTG,4825789,TTG,中確信度: 上流への延長の可能性(片方の証拠のみ)
MA_RS20500,MA_3927,4826221,ATG,False,0,stop_codon,4826221,ATG,1.14,False,WP_048173748.1,1,92.982,4826221,ATG,4826221,ATG,現行アノテーションを支持
MA_RS20505,MA_3928,4826643,ATG,False,0,stop_codon,4826643,ATG,0.89,False,WP_048175024.1,1,92.929,4826643,ATG,4826643,ATG,現行アノテーションを支持
MA_RS20510,MA_3929,4827095,ATG,False,0,stop_codon,4827095,ATG,1.32,False,WP_048173749.1,1,93.617,4827095,ATG,4827095,ATG,現行アノテーションを支持
MA_RS29015,,4827462,ATG,False,0,stop_codon,4827462,ATG,1.3,False,WP_048173752.1,1,69.565,4827462,ATG,4827462,ATG,現行アノテーションを支持
MA_RS29020,,4827732,ATG,False,0,stop_codon,4827732,ATG,1.18,False,WP_048137418.1,1,70.0,4827732,ATG,4827732,ATG,現行アノテーションを支持
MA_RS29025,MA_3930,4828629,ATA,True,0,stop_codon,4828629,ATA,1.11,False,WP_082089056.1,1,89.372,4828629,ATA,4828629,ATA,現行アノテーションを支持
MA_RS29030,,4829010,GTG,False,0,stop_codon,4829010,GTG,0.89,False,,,,,,4829010,GTG,現行アノテーションを支持
MA_RS20525,MA_3932,4830099,ATG,False,3,neighbor_gene,4830162,ATG,1.05,False,WP_048175027.1,27,98.214,4830177,ATG,4830177,ATG,中確信度: 上流への延長の可能性(片方の証拠のみ)
MA_RS20530,MA_3933,4830634,ATG,False,0,stop_codon,4830634,ATG,1.57,False,WP_048173750.1,11,70.946,4830634,ATG,4830634,ATG,現行アノテーションを支持
MA_RS20535,MA_3934,4831442,ATG,False,0,stop_codon,4831442,ATG,1.11,False,WP_048141760.1,1,72.868,4831442,ATG,4831442,ATG,現行アノテーションを支持
MA_RS20540,MA_3935,4831834,ATG,False,0,stop_codon,4831834,ATG,1.0,False,WP_204245350.1,1,84.404,4831834,ATG,4831834,ATG,現行アノテーションを支持
MA_RS29680,MA_3936,4832562,ATG,False,0,stop_codon,4832562,ATG,0.93,False,WP_197078835.1,1,69.892,4832562,ATG,4832562,ATG,現行アノテーションを支持
MA_RS20545,MA_3937,4832922,ATG,False,0,stop_codon,4832922,ATG,1.59,False,WP_048173752.1,1,98.0,4832922,ATG,4832922,ATG,現行アノテーションを支持
MA_RS20550,MA_3938,4834086,ATG,False,0,stop_codon,4834086,ATG,2.55,False,WP_048137418.1,1,97.403,4834086,ATG,4834086,ATG,現行アノテーションを支持
MA_RS20555,MA_3939,4834442,ATG,False,1,stop_codon,4834433,GTG,1.47,False,WP_048173754.1,4,97.638,4834433,GTG,4834433,GTG,中確信度: 上流への延長の可能性(片方の証拠のみ)
MA_RS20560,MA_3940,4835022,ATG,False,0,stop_codon,4835022,ATG,16.64,True,WP_187151797.1,1,93.023,4835022,ATG,4835022,ATG,現行アノテーションを支持
MA_RS28100,,4835712,ATG,False,0,stop_codon,4835712,ATG,1.31,False,WP_197080295.1,1,96.296,4835712,ATG,4835712,ATG,現行アノテーションを支持
MA_RS20565,MA_3941,4835991,ATG,False,0,stop_codon,4835991,ATG,1.25,False,WP_048173756.1,1,97.214,4835991,ATG,4835991,ATG,現行アノテーションを支持
MA_RS20570,MA_3942,4837070,ATG,False,1,stop_codon,4837070,ATG,0.81,False,WP_048175029.1,4,94.737,4837061,GTG,4837061,GTG,中確信度: 上流への延長の可能性(片方の証拠のみ)
MA_RS20575,MA_3943,4837429,ATG,False,0,stop_codon,4837429,ATG,1.58,False,WP_048173757.1,1,97.17,4837429,ATG,4837429,ATG,現行アノテーションを支持
MA_RS20580,MA_3944,4838053,ATG,False,1,stop_codon,4837996,GTG,1.26,False,WP_048173758.1,20,92.542,4837996,GTG,4837996,GTG,中確信度: 上流への延長の可能性(片方の証拠のみ)
MA_RS20585,MA_3945,4838933,ATG,False,1,stop_codon,4838918,ATG,0.95,False,WP_048173759.1,6,96.286,4838918,ATG,4838918,ATG,中確信度: 上流への延長の可能性(片方の証拠のみ)
MA_RS20590,MA_3946,4840449,GTG,False,0,stop_codon,4840449,GTG,4.82,True,WP_048137410.1,1,87.603,4840449,GTG,4840449,GTG,現行アノテーションを支持
MA_RS20595,MA_3947,4840813,ATG,False,5,stop_codon,4840732,ATG,3.47,True,WP_048173761.1,28,96.825,4840732,ATG,4840732,ATG,高確信度: 上流への延長を提案(RNA-seq・BLAST一致)
MA_RS20600,MA_3949,4842768,TTG,False,0,stop_codon,4842768,TTG,0.98,False,WP_048173762.1,1,99.057,4842768,TTG,4842768,TTG,現行アノテーションを支持
MA_RS20605,MA_3950,4844606,GTG,False,1,max_distance,4844666,TTG,1.22,False,WP_231589955.1,1,89.452,4844666,TTG,4844666,TTG,中確信度: 上流への延長の可能性(片方の証拠のみ)
MA_RS20610,MA_3951,4845741,ATG,False,0,stop_codon,4845741,ATG,1.3,False,WP_048173763.1,1,91.453,4845741,ATG,4845741,ATG,現行アノテーションを支持
MA_RS20615,MA_3952,4846101,ATG,False,0,stop_codon,4846101,ATG,1.64,False,WP_052721709.1,1,95.968,4846101,ATG,4846101,ATG,現行アノテーションを支持
MA_RS20620,MA_3953,4846886,GTG,False,0,stop_codon,4846886,GTG,0.84,False,WP_048173766.1,1,89.381,4846886,GTG,4846886,GTG,現行アノテーションを支持
MA_RS27595,,4847250,ATG,False,0,stop_codon,4847250,ATG,2.0,False,WP_156157491.1,1,87.719,4847250,ATG,4847250,ATG,現行アノテーションを支持
MA_RS20625,MA_3954,4847969,ATG,False,1,stop_codon,4847981,GTG,31.71,True,WP_048173767.1,5,89.944,4847981,GTG,4847981,GTG,高確信度: 上流への延長を提案(RNA-seq・BLAST一致)
MA_RS20630,,4848137,ATG,False,0,stop_codon,4848137,ATG,3.92,True,WP_048173768.1,1,95.745,4848137,ATG,4848137,ATG,現行アノテーションを支持
MA_RS20635,MA_3956,4849066,ATG,False,0,stop_codon,4849066,ATG,0.88,False,WP_048173769.1,1,95.315,4849066,ATG,4849066,ATG,現行アノテーションを支持
MA_RS20645,MA_3957,4854227,ATG,False,0,stop_codon,4854227,ATG,1.47,False,WP_048173771.1,1,93.427,4854227,ATG,4854227,ATG,現行アノテーションを支持
MA_RS20650,MA_3958,4854881,ATG,False,0,neighbor_gene,4854881,ATG,0.71,False,WP_048173772.1,1,95.157,4854881,ATG,4854881,ATG,現行アノテーションを支持
MA_RS20655,MA_3959,4856166,ATG,False,1,stop_codon,4856166,ATG,0.9,False,WP_048173773.1,6,97.277,4856151,TTG,4856151,TTG,中確信度: 上流への延長の可能性(片方の証拠のみ)
MA_RS20665,MA_3960,4858207,ATG,False,4,stop_codon,4857925,GTG,2.18,False,WP_011032900.1,3,75.748,4857925,GTG,4857925,GTG,中確信度: 上流への延長の可能性(片方の証拠のみ)
MA_RS20670,MA_3961,4859010,ATG,False,0,stop_codon,4859010,ATG,0.94,False,WP_197080296.1,15,93.069,4859010,ATG,4859010,ATG,現行アノテーションを支持
MA_RS20675,MA_3962,4861925,CTG,True,0,stop_codon,4861925,CTG,0.9,False,WP_394296918.1,1,93.028,4861925,CTG,4861925,CTG,現行アノテーションを支持
MA_RS27600,,4862280,TTG,False,0,stop_codon,4862280,TTG,1.28,False,,,,,,4862280,TTG,現行アノテーションを支持
MA_RS20680,MA_3963,4862486,ATG,False,2,stop_codon,4862462,GTG,0.97,False,WP_015411469.1,9,87.129,4862462,GTG,4862462,GTG,中確信度: 上流への延長の可能性(片方の証拠のみ)
MA_RS20685,MA_3965,4864192,ATG,False,0,stop_codon,4864192,ATG,1.33,False,WP_082089213.1,1,89.552,4864192,ATG,4864192,ATG,現行アノテーションを支持
MA_RS20690,MA_3966,4864919,ATG,False,1,stop_codon,4864919,ATG,1.05,False,WP_048173777.1,6,95.041,4864904,ATG,4864904,ATG,中確信度: 上流への延長の可能性(片方の証拠のみ)
MA_RS20695,MA_3967,4867532,ATG,False,2,stop_codon,4867559,TTG,1.21,False,WP_048173778.1,10,95.675,4867559,TTG,4867559,TTG,中確信度: 上流への延長の可能性(片方の証拠のみ)
MA_RS20700,MA_3968,4868206,ATG,False,0,stop_codon,4868206,ATG,1.48,False,WP_048173779.1,1,91.139,4868206,ATG,4868206,ATG,現行アノテーションを支持
MA_RS20705,MA_3969,4869291,TTG,False,0,neighbor_gene,4869291,TTG,0.82,False,WP_048173780.1,1,95.951,4869291,TTG,4869291,TTG,現行アノテーションを支持
MA_RS20710,MA_3970,4869447,ATG,False,1,stop_codon,4869456,GTG,4.43,True,WP_048184753.1,4,97.959,4869456,GTG,4869456,GTG,高確信度: 上流への延長を提案(RNA-seq・BLAST一致)
MA_RS20715,MA_3971,4870008,GTG,False,1,stop_codon,4869999,GTG,1.48,False,WP_048137050.1,4,94.866,4869999,GTG,4869999,GTG,中確信度: 上流への延長の可能性(片方の証拠のみ)
MA_RS20725,MA_3972,4874485,ATG,False,1,stop_codon,4874500,TTG,1.48,False,WP_048173782.1,6,98.333,4874500,TTG,4874500,TTG,中確信度: 上流への延長の可能性(片方の証拠のみ)
MA_RS20735,MA_3974,4875542,ATG,False,0,stop_codon,4875542,ATG,1.42,False,WP_015411460.1,1,96.121,4875542,ATG,4875542,ATG,現行アノテーションを支持
MA_RS27605,,4876458,TTG,False,1,stop_codon,4876485,TTG,1.0,False,,,,,,4876458,TTG,現行アノテーションを支持
MA_RS20740,MA_3975,4877571,ATG,False,0,max_distance,4877571,ATG,1.07,False,WP_231589957.1,1,95.398,4877571,ATG,4877571,ATG,現行アノテーションを支持
MA_RS20745,MA_3976,4879279,ATG,False,0,neighbor_gene,4879279,ATG,1.14,False,WP_048173784.1,1,92.912,4879279,ATG,4879279,ATG,現行アノテーションを支持
MA_RS29565,,4881420,TTG,False,0,stop_codon,4881420,TTG,1.06,False,,,,,,4881420,TTG,現行アノテーションを支持
MA_RS20750,MA_3977,4881480,ATG,False,3,stop_codon,4881480,ATG,1.1,False,WP_048175037.1,29,79.412,4881396,TTG,4881396,TTG,中確信度: 上流への延長の可能性(片方の証拠のみ)
MA_RS20755,MA_3978,4883009,GTG,False,0,stop_codon,4883009,GTG,1.1,False,WP_048173785.1,1,90.722,4883009,GTG,4883009,GTG,現行アノテーションを支持
MA_RS20760,MA_3979,4884413,GTG,False,0,stop_codon,4884413,GTG,1.18,False,WP_048173786.1,1,96.181,4884413,GTG,4884413,GTG,現行アノテーションを支持
MA_RS20765,MA_3980,4884971,ATG,False,2,stop_codon,4884995,GTG,0.92,False,,,,,,4884971,ATG,現行アノテーションを支持
MA_RS20770,MA_3981,4885036,ATG,False,1,stop_codon,4885036,ATG,5.59,True,WP_048173787.1,2,95.209,4885033,TTG,4885033,TTG,中確信度: 上流への延長の可能性(片方の証拠のみ)
MA_RS20775,MA_3983,4887852,ATG,False,0,stop_codon,4887852,ATG,1.2,False,WP_011032878.1,1,67.717,4887852,ATG,4887852,ATG,現行アノテーションを支持
MA_RS20780,MA_3984,4888332,ATG,False,0,stop_codon,4888332,ATG,1.19,False,WP_048173789.1,1,90.909,4888332,ATG,4888332,ATG,現行アノテーションを支持
MA_RS20785,,4889159,ATG,False,0,stop_codon,4889159,ATG,0.83,False,WP_048173790.1,1,98.305,4889159,ATG,4889159,ATG,現行アノテーションを支持
MA_RS20790,,4889586,ATG,False,1,stop_codon,4889556,TTG,1.23,False,WP_204245375.1,11,89.474,4889556,TTG,4889556,TTG,中確信度: 上流への延長の可能性(片方の証拠のみ)
MA_RS20795,MA_3986,4891194,ATG,False,0,stop_codon,4891194,ATG,1.05,False,WP_048173792.1,1,97.251,4891194,ATG,4891194,ATG,現行アノテーションを支持
MA_RS20800,MA_3987,4891658,ATG,False,0,stop_codon,4891658,ATG,0.97,False,WP_048173793.1,1,99.219,4891658,ATG,4891658,ATG,現行アノテーションを支持
MA_RS20805,MA_3988,4893206,ATT,True,0,stop_codon,4893206,ATT,2.21,False,WP_394297487.1,61,50.0,4893206,ATT,4893206,ATT,現行アノテーションを支持
MA_RS20810,MA_3989,4895242,ATG,False,0,stop_codon,4895242,ATG,1.38,False,WP_048173794.1,1,90.418,4895242,ATG,4895242,ATG,現行アノテーションを支持
MA_RS20815,MA_3990,4895502,ATG,False,0,stop_codon,4895502,ATG,4.36,True,WP_048173795.1,1,93.793,4895502,ATG,4895502,ATG,現行アノテーションを支持
MA_RS20820,MA_4674,4896609,ATG,False,1,stop_codon,4896609,ATG,1.37,False,WP_082089059.1,7,94.787,4896615,TTG,4896615,TTG,中確信度: 上流への延長の可能性(片方の証拠のみ)
MA_RS20825,MA_3991,4897627,ATG,False,1,stop_codon,4897642,GTG,0.87,False,WP_048173797.1,6,97.468,4897642,GTG,4897642,GTG,中確信度: 上流への延長の可能性(片方の証拠のみ)
MA_RS20830,MA_3992,4898703,ATG,False,0,neighbor_gene,4898703,ATG,1.03,False,WP_048173798.1,1,97.749,4898703,ATG,4898703,ATG,現行アノテーションを支持
MA_RS20835,MA_3993,4899304,ATG,False,0,neighbor_gene,4899304,ATG,0.99,False,WP_048175038.1,1,95.98,4899304,ATG,4899304,ATG,現行アノテーションを支持
MA_RS20840,MA_3994,4900559,ATG,False,0,stop_codon,4900559,ATG,1.11,False,WP_048173799.1,1,96.867,4900559,ATG,4900559,ATG,現行アノテーションを支持
MA_RS20845,MA_3995,4901059,TTG,False,0,neighbor_gene,4901059,TTG,1.3,False,WP_048175040.1,1,93.413,4901059,TTG,4901059,TTG,現行アノテーションを支持
MA_RS20850,MA_3996,4901508,ATG,False,2,stop_codon,4901541,GTG,1.3,False,WP_048173800.1,23,96.599,4901574,TTG,4901574,TTG,中確信度: 上流への延長の可能性(片方の証拠のみ)
MA_RS20855,MA_3997,4903255,GTG,False,0,stop_codon,4903255,GTG,1.83,False,WP_048173801.1,1,93.702,4903255,GTG,4903255,GTG,現行アノテーションを支持
MA_RS20860,MA_3998,4904909,ATG,False,0,stop_codon,4904909,ATG,1.23,False,WP_048173802.1,1,97.765,4904909,ATG,4904909,ATG,現行アノテーションを支持
MA_RS20865,MA_3999,4905955,ATG,False,0,stop_codon,4905955,ATG,1.55,False,WP_048173803.1,1,94.757,4905955,ATG,4905955,ATG,現行アノテーションを支持
MA_RS20870,MA_4000,4906969,TTG,False,1,stop_codon,4906996,GTG,5.58,True,WP_048173804.1,10,93.919,4906996,GTG,4906996,GTG,高確信度: 上流への延長を提案(RNA-seq・BLAST一致)
MA_RS20875,,4907489,ATG,False,0,stop_codon,4907489,ATG,1.08,False,WP_048173805.1,1,98.198,4907489,ATG,4907489,ATG,現行アノテーションを支持
MA_RS20880,MA_4002,4909264,ATG,False,0,stop_codon,4909264,ATG,2.04,False,WP_011023897.1,1,100.0,4909264,ATG,4909264,ATG,現行アノテーションを支持
MA_RS24830,MA_4003,4909666,TTG,False,0,stop_codon,4909666,TTG,0.4,False,WP_048173806.1,1,90.64,4909666,TTG,4909666,TTG,現行アノテーションを支持
MA_RS20890,MA_4004,4911960,ATG,False,0,stop_codon,4911960,ATG,0.99,False,WP_048173807.1,1,93.787,4911960,ATG,4911960,ATG,現行アノテーションを支持
MA_RS20895,MA_4005,4913001,ATG,False,0,neighbor_gene,4913001,ATG,0.83,False,WP_048173808.1,1,91.045,4913001,ATG,4913001,ATG,現行アノテーションを支持
MA_RS20900,MA_4006,4915091,ATG,False,1,stop_codon,4915112,TTG,3.13,True,WP_048173809.1,8,95.283,4915112,TTG,4915112,TTG,高確信度: 上流への延長を提案(RNA-seq・BLAST一致)
MA_RS20905,MA_4007,4917195,ATG,False,1,stop_codon,4917195,ATG,5.35,True,WP_048173810.1,7,94.563,4917213,GTG,4917213,GTG,中確信度: 上流への延長の可能性(片方の証拠のみ)
MA_RS20910,MA_4008,4917467,GTG,False,0,stop_codon,4917467,GTG,1.31,False,WP_011032853.1,1,79.602,4917467,GTG,4917467,GTG,現行アノテーションを支持
MA_RS20915,MA_4009,4918449,ATG,False,0,stop_codon,4918449,ATG,1.59,False,WP_011032852.1,1,78.261,4918449,ATG,4918449,ATG,現行アノテーションを支持
MA_RS20920,MA_4010,4920379,ATG,False,0,stop_codon,4920379,ATG,1.84,False,WP_048173812.1,1,92.834,4920379,ATG,4920379,ATG,現行アノテーションを支持
MA_RS20925,MA_4011,4922348,GTG,False,0,stop_codon,4922348,GTG,1.21,False,WP_048173813.1,1,97.318,4922348,GTG,4922348,GTG,現行アノテーションを支持
MA_RS20930,MA_4012,4924727,TTG,False,0,stop_codon,4924727,TTG,6.2,True,WP_048173814.1,1,95.353,4924727,TTG,4924727,TTG,現行アノテーションを支持
MA_RS20935,MA_4013,4925125,ATG,False,1,stop_codon,4925113,ATG,1.95,False,WP_048173815.1,5,91.333,4925113,ATG,4925113,ATG,中確信度: 上流への延長の可能性(片方の証拠のみ)
MA_RS20940,MA_4014,4926667,ATG,False,1,stop_codon,4926601,ATG,1.19,False,WP_048173816.1,23,92.308,4926601,ATG,4926601,ATG,中確信度: 上流への延長の可能性(片方の証拠のみ)
MA_RS20945,,4927903,ATG,False,0,stop_codon,4927903,ATG,1.18,False,WP_048173817.1,1,98.02,4927903,ATG,4927903,ATG,現行アノテーションを支持
MA_RS20950,MA_4015,4928565,ATG,False,0,stop_codon,4928565,ATG,1.17,False,WP_231589958.1,8,96.729,4928565,ATG,4928565,ATG,現行アノテーションを支持
MA_RS20955,MA_4016,4929267,CTG,True,0,stop_codon,4929267,CTG,0.83,False,WP_231589960.1,1,88.557,4929267,CTG,4929267,CTG,現行アノテーションを支持
MA_RS20960,MA_4017,4930203,ATG,False,0,stop_codon,4930203,ATG,1.65,False,WP_231589961.1,31,88.846,4930203,ATG,4930203,ATG,現行アノテーションを支持
MA_RS20965,MA_4018,4931068,GTG,False,0,stop_codon,4931068,GTG,0.86,False,WP_231589963.1,1,83.883,4931068,GTG,4931068,GTG,現行アノテーションを支持
MA_RS20970,MA_4019,4932769,ATG,False,0,stop_codon,4932769,ATG,0.92,False,WP_048137144.1,1,86.891,4932769,ATG,4932769,ATG,現行アノテーションを支持
MA_RS20975,MA_4020,4933785,ATG,False,0,stop_codon,4933785,ATG,2.14,False,WP_048137145.1,1,82.043,4933785,ATG,4933785,ATG,現行アノテーションを支持
MA_RS20985,MA_4021,4934927,ATG,False,0,neighbor_gene,4934927,ATG,1.07,False,WP_231589969.1,1,85.455,4934927,ATG,4934927,ATG,現行アノテーションを支持
MA_RS20990,MA_4022,4935869,ATG,False,0,neighbor_gene,4935869,ATG,0.92,False,WP_048173823.1,1,85.209,4935869,ATG,4935869,ATG,現行アノテーションを支持
MA_RS20995,MA_4023,4936904,ATG,False,4,stop_codon,4936928,TTG,9.44,True,WP_048173824.1,30,80.06,4936991,TTG,,,要確認: RNA-seqとBLASTが異なる候補を支持
MA_RS27615,,4937696,ATG,False,0,stop_codon,4937696,ATG,1.25,False,,,,,,4937696,ATG,現行アノテーションを支持
MA_RS21010,MA_4026,4938476,ATG,False,0,stop_codon,4938476,ATG,0.81,False,WP_204245376.1,3,74.18,4938476,ATG,4938476,ATG,現行アノテーションを支持
MA_RS21015,MA_4027,4941117,ATG,False,1,stop_codon,4941117,ATG,1.12,False,WP_082089063.1,1,93.169,4941114,GTG,4941114,GTG,中確信度: 上流への延長の可能性(片方の証拠のみ)
MA_RS21020,MA_4028,4942695,ATG,False,0,stop_codon,4942695,ATG,0.65,False,WP_048173825.1,1,97.619,4942695,ATG,4942695,ATG,現行アノテーションを支持
MA_RS29570,,4943522,GTG,False,4,stop_codon,4943522,GTG,1.37,False,,,,,,4943522,GTG,現行アノテーションを支持
MA_RS21035,MA_4030,4945740,ATG,False,0,stop_codon,4945740,ATG,4.7,True,WP_048173827.1,1,96.842,4945740,ATG,4945740,ATG,現行アノテーションを支持
MA_RS27620,,4946492,ATG,False,0,neighbor_gene,4946492,ATG,1.16,False,,,,,,4946492,ATG,現行アノテーションを支持
MA_RS21045,MA_4032,4947110,ATG,False,0,stop_codon,4947110,ATG,0.7,False,WP_048173828.1,1,88.889,4947110,ATG,4947110,ATG,現行アノテーションを支持
MA_RS21050,MA_4033,4948652,ATG,False,1,stop_codon,4948652,ATG,1.67,False,WP_449288710.1,23,90.497,4948712,ATG,4948712,ATG,中確信度: 上流への延長の可能性(片方の証拠のみ)
MA_RS21055,MA_4034,4951190,ATG,False,0,stop_codon,4951190,ATG,0.9,False,WP_048173830.1,1,90.476,4951190,ATG,4951190,ATG,現行アノテーションを支持
MA_RS21065,MA_4035,4953092,ATG,False,0,stop_codon,4953092,ATG,3.17,True,WP_231589974.1,24,95.703,4953092,ATG,4953092,ATG,現行アノテーションを支持
MA_RS21070,MA_4036,4954365,GTG,False,0,neighbor_gene,4954365,GTG,1.3,False,WP_261789152.1,2,95.114,4954365,GTG,4954365,GTG,現行アノテーションを支持
MA_RS21075,MA_4037,4954886,ATC,True,7,neighbor_gene,4955012,ATG,1.25,False,WP_048137162.1,1,89.202,4955012,ATG,4955012,ATG,中確信度: 上流への延長の可能性(片方の証拠のみ)
MA_RS21080,MA_4038,4955497,ATG,False,0,stop_codon,4955497,ATG,1.23,False,WP_048143071.1,1,88.0,4955497,ATG,4955497,ATG,現行アノテーションを支持
MA_RS21085,MA_4039,4956803,ATG,False,1,stop_codon,4956803,ATG,1.91,False,WP_231589978.1,2,93.382,4956806,GTG,4956806,GTG,中確信度: 上流への延長の可能性(片方の証拠のみ)
MA_RS21090,MA_4040,4956944,ATG,False,0,stop_codon,4956944,ATG,3.6,True,WP_048173833.1,1,97.967,4956944,ATG,4956944,ATG,現行アノテーションを支持
MA_RS21095,MA_4041,4957728,ATG,False,0,stop_codon,4957728,ATG,1.33,False,WP_048175056.1,1,97.421,4957728,ATG,4957728,ATG,現行アノテーションを支持
MA_RS21100,MA_4042,4958795,ATG,False,0,stop_codon,4958795,ATG,0.76,False,WP_048137168.1,1,93.846,4958795,ATG,4958795,ATG,現行アノテーションを支持
MA_RS21105,MA_4043,4959974,ATG,False,0,neighbor_gene,4959974,ATG,1.31,False,WP_048173835.1,1,90.909,4959974,ATG,4959974,ATG,現行アノテーションを支持
MA_RS21110,MA_4044,4960473,ATG,False,1,stop_codon,4960437,TTG,1.49,False,WP_048173836.1,13,92.045,4960437,TTG,4960437,TTG,中確信度: 上流への延長の可能性(片方の証拠のみ)
MA_RS21115,MA_4045,4962013,ATG,False,0,stop_codon,4962013,ATG,1.12,False,WP_048173837.1,1,96.911,4962013,ATG,4962013,ATG,現行アノテーションを支持
MA_RS21120,MA_4046,4964477,ATG,False,1,stop_codon,4964477,ATG,1.41,False,WP_048173838.1,5,95.499,4964489,ATG,4964489,ATG,中確信度: 上流への延長の可能性(片方の証拠のみ)
MA_RS21125,MA_4047,4964806,ATG,False,0,stop_codon,4964806,ATG,1.02,False,WP_048173839.1,1,85.99,4964806,ATG,4964806,ATG,現行アノテーションを支持
MA_RS21130,MA_4048,4966172,ATG,False,0,stop_codon,4966172,ATG,1.79,False,WP_048173840.1,1,96.912,4966172,ATG,4966172,ATG,現行アノテーションを支持
MA_RS21140,MA_4050,4969622,GTG,False,0,stop_codon,4969622,GTG,0.75,False,WP_048173841.1,1,98.024,4969622,GTG,4969622,GTG,現行アノテーションを支持
MA_RS21145,MA_4051,4970425,ATG,False,3,neighbor_gene,4970425,ATG,1.4,False,WP_048173842.1,14,96.269,4970464,ATG,4970464,ATG,中確信度: 上流への延長の可能性(片方の証拠のみ)
MA_RS21150,MA_4052,4971659,ATG,False,0,stop_codon,4971659,ATG,1.54,False,WP_048173843.1,1,97.475,4971659,ATG,4971659,ATG,現行アノテーションを支持
MA_RS21155,MA_4053,4972765,GTG,False,4,stop_codon,4972777,ATG,4.24,True,WP_048173844.1,1,96.032,4972792,ATG,,,要確認: RNA-seqとBLASTが異なる候補を支持
MA_RS21165,MA_4055,4975377,ATG,False,0,stop_codon,4975377,ATG,1.63,False,WP_048137197.1,1,91.329,4975377,ATG,4975377,ATG,現行アノテーションを支持
MA_RS21170,MA_4057,4975823,GTG,False,0,stop_codon,4975823,GTG,1.44,False,WP_082089262.1,1,90.789,4975823,GTG,4975823,GTG,現行アノテーションを支持
MA_RS21175,MA_4058,4977162,ATG,False,0,stop_codon,4977162,ATG,1.71,False,WP_048173846.1,1,94.937,4977162,ATG,4977162,ATG,現行アノテーションを支持
MA_RS21180,MA_4059,4977707,ATG,False,0,stop_codon,4977707,ATG,1.76,False,WP_011023951.1,1,100.0,4977707,ATG,4977707,ATG,現行アノテーションを支持
MA_RS21185,MA_4060,4978223,ATG,False,0,stop_codon,4978223,ATG,1.41,False,WP_048173847.1,1,98.347,4978223,ATG,4978223,ATG,現行アノテーションを支持
MA_RS21190,MA_4061,4978585,GTG,False,0,stop_codon,4978585,GTG,1.17,False,WP_048173848.1,1,97.044,4978585,GTG,4978585,GTG,現行アノテーションを支持
MA_RS21195,MA_4062,4980059,GTG,False,0,stop_codon,4980059,GTG,0.99,False,WP_048172434.1,1,93.333,4980059,GTG,4980059,GTG,現行アノテーションを支持
MA_RS21200,MA_4063,4981808,ATG,False,1,stop_codon,4981883,TTG,1.51,False,WP_048173849.1,26,95.781,4981883,TTG,4981883,TTG,中確信度: 上流への延長の可能性(片方の証拠のみ)
MA_RS21205,MA_4064,4982291,ATG,False,0,stop_codon,4982291,ATG,1.27,False,WP_048173850.1,1,96.495,4982291,ATG,4982291,ATG,現行アノテーションを支持
MA_RS21210,MA_4065,4983574,ATG,False,0,stop_codon,4983574,ATG,1.09,False,WP_048173851.1,1,92.683,4983574,ATG,4983574,ATG,現行アノテーションを支持
MA_RS21215,MA_4066,4984508,ATG,False,0,stop_codon,4984508,ATG,1.33,False,WP_048173853.1,1,92.424,4984508,ATG,4984508,ATG,現行アノテーションを支持
MA_RS21220,,4986194,ATG,False,0,stop_codon,4986194,ATG,1.3,False,WP_048122452.1,1,90.741,4986194,ATG,4986194,ATG,現行アノテーションを支持
MA_RS27625,,4986559,ATG,False,0,stop_codon,4986559,ATG,1.07,False,,,,,,4986559,ATG,現行アノテーションを支持
MA_RS21225,MA_4067,4986888,ATG,False,1,stop_codon,4986879,GTG,2.77,False,WP_048173855.1,4,98.701,4986879,GTG,4986879,GTG,中確信度: 上流への延長の可能性(片方の証拠のみ)
MA_RS21230,MA_4068,4987895,ATG,False,0,stop_codon,4987895,ATG,1.23,False,WP_048173856.1,1,92.453,4987895,ATG,4987895,ATG,現行アノテーションを支持
MA_RS21235,MA_4069,4989001,GTG,False,10,max_distance,4989061,TTG,1.2,False,WP_231589979.1,87,84.049,4989289,GTG,4989289,GTG,中確信度: 上流への延長の可能性(片方の証拠のみ)
MA_RS21240,MA_4070,4989218,ATG,False,0,stop_codon,4989218,ATG,1.32,False,WP_048173858.1,1,98.165,4989218,ATG,4989218,ATG,現行アノテーションを支持
MA_RS21245,MA_4071,4989866,ATG,False,1,stop_codon,4989866,ATG,1.12,False,WP_048173043.1,3,87.432,4989860,ATG,4989860,ATG,中確信度: 上流への延長の可能性(片方の証拠のみ)
MA_RS21250,MA_4072,4990537,ATG,False,1,stop_codon,4990534,TTG,2.29,False,WP_048173045.1,1,91.743,4990534,TTG,4990534,TTG,中確信度: 上流への延長の可能性(片方の証拠のみ)
MA_RS21260,MA_4074,4991487,TTG,False,1,stop_codon,4991466,TTG,1.16,False,WP_082089071.1,8,95.133,4991466,TTG,4991466,TTG,中確信度: 上流への延長の可能性(片方の証拠のみ)
MA_RS21265,MA_4075,4993189,ATG,False,0,stop_codon,4993189,ATG,2.91,False,WP_011023967.1,1,100.0,4993189,ATG,4993189,ATG,現行アノテーションを支持
MA_RS21270,MA_4076,4994069,ATG,False,1,stop_codon,4994078,GTG,1.52,False,WP_048173992.1,4,95.763,4994078,GTG,4994078,GTG,中確信度: 上流への延長の可能性(片方の証拠のみ)
MA_RS21275,MA_4077,4996134,ATA,True,0,stop_codon,4996134,ATA,1.27,False,WP_197080300.1,1,97.77,4996134,ATA,4996134,ATA,現行アノテーションを支持
MA_RS21280,MA_4078,4998629,GTG,False,0,stop_codon,4998629,GTG,0.8,False,WP_048173991.1,1,90.264,4998629,GTG,4998629,GTG,現行アノテーションを支持
MA_RS21285,MA_4079,4999225,ATG,False,1,stop_codon,4999216,GTG,7.91,True,WP_231590023.1,4,91.789,4999216,GTG,4999216,GTG,高確信度: 上流への延長を提案(RNA-seq・BLAST一致)
MA_RS21290,,5001134,ATG,False,0,stop_codon,5001134,ATG,0.9,False,WP_048065897.1,1,100.0,5001134,ATG,5001134,ATG,現行アノテーションを支持
MA_RS21295,MA_4081,5003095,ATG,False,0,stop_codon,5003095,ATG,1.34,False,WP_048173987.1,1,95.423,5003095,ATG,5003095,ATG,現行アノテーションを支持
MA_RS21300,MA_4082,5003360,TTG,False,0,stop_codon,5003360,TTG,1.09,False,WP_048173986.1,1,95.27,5003360,TTG,5003360,TTG,現行アノテーションを支持
MA_RS21305,MA_4083,5007351,GTG,False,0,neighbor_gene,5007351,GTG,0.81,False,WP_048173985.1,1,94.615,5007351,GTG,5007351,GTG,現行アノテーションを支持
MA_RS21310,MA_4084,5008042,ATG,False,0,stop_codon,5008042,ATG,2.09,False,WP_231590020.1,5,88.837,5008042,ATG,5008042,ATG,現行アノテーションを支持
MA_RS21320,MA_4085,5010058,ATG,False,0,stop_codon,5010058,ATG,4.61,True,WP_048173982.1,1,91.771,5010058,ATG,5010058,ATG,現行アノテーションを支持
MA_RS21325,MA_4086,5010139,ATG,False,0,stop_codon,5010139,ATG,3.91,True,WP_048173981.1,1,84.536,5010139,ATG,5010139,ATG,現行アノテーションを支持
MA_RS21330,MA_4087,5010454,ATG,False,0,neighbor_gene,5010454,ATG,1.12,False,WP_048137251.1,1,83.375,5010454,ATG,5010454,ATG,現行アノテーションを支持
MA_RS21335,MA_4088,5011801,ATG,False,1,stop_codon,5011792,GTG,3.37,True,WP_048175094.1,4,97.619,5011792,GTG,5011792,GTG,高確信度: 上流への延長を提案(RNA-seq・BLAST一致)
MA_RS21340,MA_4089,5012185,ATG,False,0,neighbor_gene,5012185,ATG,1.09,False,WP_048173979.1,1,95.902,5012185,ATG,5012185,ATG,現行アノテーションを支持
MA_RS28005,MA_4090,5012735,GTG,False,0,stop_codon,5012735,GTG,0.77,False,,,,,,5012735,GTG,現行アノテーションを支持
MA_RS27635,,5013183,ATG,False,1,stop_codon,5013189,ATG,0.85,False,WP_157860371.1,3,100.0,5013189,ATG,5013189,ATG,中確信度: 上流への延長の可能性(片方の証拠のみ)
MA_RS21345,MA_4091,5013762,GTG,False,0,stop_codon,5013762,GTG,1.07,False,WP_048173978.1,1,88.462,5013762,GTG,5013762,GTG,現行アノテーションを支持
MA_RS27640,,5014591,ATG,False,0,stop_codon,5014591,ATG,0.87,False,WP_048137259.1,1,79.07,5014591,ATG,5014591,ATG,現行アノテーションを支持
MA_RS21355,MA_4092,5015868,ATG,False,1,stop_codon,5015868,ATG,1.49,False,WP_048036542.1,19,90.749,5015922,GTG,5015922,GTG,中確信度: 上流への延長の可能性(片方の証拠のみ)
MA_RS21360,MA_4093,5016934,ATG,False,0,stop_codon,5016934,ATG,1.14,False,WP_048175092.1,1,97.535,5016934,ATG,5016934,ATG,現行アノテーションを支持
MA_RS21365,MA_4094,5017481,ATG,False,0,neighbor_gene,5017481,ATG,0.89,False,WP_048173976.1,1,97.368,5017481,ATG,5017481,ATG,現行アノテーションを支持
MA_RS21370,MA_4095,5018610,ATG,False,0,stop_codon,5018610,ATG,1.54,False,WP_048173975.1,1,94.58,5018610,ATG,5018610,ATG,現行アノテーションを支持
MA_RS27645,,5018895,GTG,False,2,stop_codon,5018895,GTG,1.11,False,WP_156149735.1,64,91.111,5018706,ATG,5018706,ATG,中確信度: 上流への延長の可能性(片方の証拠のみ)
MA_RS21375,MA_4097,5019162,ATG,False,2,neighbor_gene,5019162,ATG,1.37,False,WP_449288713.1,19,97.143,5019117,TTG,5019117,TTG,中確信度: 上流への延長の可能性(片方の証拠のみ)
MA_RS21380,MA_4098,5019631,GTG,False,0,stop_codon,5019631,GTG,1.3,False,WP_048173974.1,1,95.775,5019631,GTG,5019631,GTG,現行アノテーションを支持
MA_RS21385,MA_4099,5020918,ATG,False,0,stop_codon,5020918,ATG,2.42,False,WP_048137274.1,1,97.101,5020918,ATG,5020918,ATG,現行アノテーションを支持
MA_RS21395,MA_4100,5021763,ATG,False,0,stop_codon,5021763,ATG,2.42,False,WP_048173972.1,1,94.407,5021763,ATG,5021763,ATG,現行アノテーションを支持
MA_RS21400,MA_4101,5023245,TTG,False,0,stop_codon,5023245,TTG,0.96,False,WP_048173971.1,1,95.065,5023245,TTG,5023245,TTG,現行アノテーションを支持
MA_RS21405,MA_4102,5024676,ATG,False,0,stop_codon,5024676,ATG,1.59,False,WP_048173970.1,1,96.667,5024676,ATG,5024676,ATG,現行アノテーションを支持
MA_RS21410,MA_4103,5027116,ATA,True,0,stop_codon,5027116,ATA,1.08,False,WP_261789154.1,1,98.643,5027116,ATA,5027116,ATA,現行アノテーションを支持
MA_RS21415,MA_4104,5027438,ATG,False,0,stop_codon,5027438,ATG,4.03,True,WP_048173968.1,1,92.025,5027438,ATG,5027438,ATG,現行アノテーションを支持
MA_RS21420,MA_4105,5028445,GTG,False,0,stop_codon,5028445,GTG,0.7,False,WP_048173967.1,4,96.143,5028445,GTG,5028445,GTG,現行アノテーションを支持
MA_RS21425,MA_4106,5029914,ATG,False,0,stop_codon,5029914,ATG,1.12,False,WP_048173966.1,1,94.915,5029914,ATG,5029914,ATG,現行アノテーションを支持
MA_RS21440,MA_4109,5032260,GTG,False,1,stop_codon,5032269,ATG,3.45,True,WP_048175088.1,4,94.724,5032269,ATG,5032269,ATG,高確信度: 上流への延長を提案(RNA-seq・BLAST一致)
MA_RS21445,MA_4110,5032901,ATG,False,0,neighbor_gene,5032901,ATG,0.9,False,WP_048173965.1,1,95.07,5032901,ATG,5032901,ATG,現行アノテーションを支持
MA_RS21450,MA_4111,5033083,ATG,False,2,neighbor_gene,5033083,ATG,1.07,False,WP_239525099.1,4,94.828,5033092,GTG,5033092,GTG,中確信度: 上流への延長の可能性(片方の証拠のみ)
MA_RS21455,MA_4112,5033794,ATG,False,0,neighbor_gene,5033794,ATG,1.14,False,WP_048173963.1,1,92.694,5033794,ATG,5033794,ATG,現行アノテーションを支持
MA_RS21460,MA_4113,5034095,ATG,False,0,neighbor_gene,5034095,ATG,0.64,False,WP_048173962.1,1,95.506,5034095,ATG,5034095,ATG,現行アノテーションを支持
MA_RS26070,MA_4114,5034270,TTG,False,1,stop_codon,5034279,GTG,1.51,False,WP_011024005.1,4,98.039,5034279,GTG,5034279,GTG,中確信度: 上流への延長の可能性(片方の証拠のみ)
MA_RS21465,MA_4115,5035172,ATG,False,0,neighbor_gene,5035172,ATG,0.37,False,WP_048173961.1,1,93.5,5035172,ATG,5035172,ATG,現行アノテーションを支持
MA_RS21470,MA_4116,5035546,GTG,False,0,stop_codon,5035546,GTG,1.35,False,WP_048173960.1,1,98.361,5035546,GTG,5035546,GTG,現行アノテーションを支持
MA_RS21475,MA_4117,5036085,ATG,False,0,stop_codon,5036085,ATG,0.86,False,WP_048173959.1,1,96.644,5036085,ATG,5036085,ATG,現行アノテーションを支持
MA_RS21480,MA_4118,5037655,ATG,False,0,stop_codon,5037655,ATG,13.6,True,WP_048173958.1,1,96.454,5037655,ATG,5037655,ATG,現行アノテーションを支持
MA_RS21485,MA_4119,5038470,GTG,False,0,stop_codon,5038470,GTG,0.87,False,WP_231590009.1,13,85.841,5038470,GTG,5038470,GTG,現行アノテーションを支持
MA_RS21490,MA_4120,5038697,ATG,False,0,stop_codon,5038697,ATG,11.33,True,WP_231590007.1,1,97.531,5038697,ATG,5038697,ATG,現行アノテーションを支持
MA_RS27650,,5039302,ATG,False,2,stop_codon,5039302,ATG,1.58,False,,,,,,5039302,ATG,現行アノテーションを支持
MA_RS21495,MA_4121,5039654,ATG,False,2,stop_codon,5039654,ATG,1.64,False,WP_048137303.1,8,93.056,5039633,TTG,5039633,TTG,中確信度: 上流への延長の可能性(片方の証拠のみ)
MA_RS21500,MA_4122,5041369,ATG,False,0,stop_codon,5041369,ATG,1.89,False,WP_082088898.1,1,99.533,5041369,ATG,5041369,ATG,現行アノテーションを支持
MA_RS21515,MA_4124,5043307,ATG,False,0,stop_codon,5043307,ATG,1.32,False,WP_239450984.1,19,53.846,5043307,ATG,5043307,ATG,現行アノテーションを支持
MA_RS21520,MA_4125,5043454,ATG,False,0,stop_codon,5043454,ATG,1.71,False,WP_048170435.1,1,97.222,5043454,ATG,5043454,ATG,現行アノテーションを支持
MA_RS21525,MA_4126,5043673,ATG,False,0,neighbor_gene,5043673,ATG,1.08,False,WP_048170433.1,1,98.75,5043673,ATG,5043673,ATG,現行アノテーションを支持
MA_RS21530,MA_4127,5044756,ATG,False,5,stop_codon,5044909,TTG,1.98,False,WP_048140558.1,3,52.349,5045044,ATG,5045044,ATG,中確信度: 上流への延長の可能性(片方の証拠のみ)
MA_RS21535,MA_4128,5045450,ATG,False,1,stop_codon,5045450,ATG,1.25,False,,,,,,5045450,ATG,現行アノテーションを支持
MA_RS21540,MA_4129,5046162,ATG,False,0,stop_codon,5046162,ATG,1.02,False,,,,,,5046162,ATG,現行アノテーションを支持
MA_RS29575,,5046612,ATG,False,0,stop_codon,5046612,ATG,1.25,False,,,,,,5046612,ATG,現行アノテーションを支持
MA_RS21545,,5046757,ATG,False,1,neighbor_gene,5046757,ATG,1.4,False,,,,,,5046757,ATG,現行アノテーションを支持
MA_RS21550,MA_4131,5047389,ATG,False,0,stop_codon,5047389,ATG,0.69,False,,,,,,5047389,ATG,現行アノテーションを支持
MA_RS21555,MA_4132,5049499,ATG,False,0,stop_codon,5049499,ATG,1.79,False,WP_048154708.1,1,81.25,5049499,ATG,5049499,ATG,現行アノテーションを支持
MA_RS21560,MA_4133,5050740,ATG,False,0,stop_codon,5050740,ATG,1.08,False,WP_048174208.1,1,91.051,5050740,ATG,5050740,ATG,現行アノテーションを支持
MA_RS21570,MA_4134,5051833,GTG,False,0,stop_codon,5051833,GTG,0.74,False,,,,,,5051833,GTG,現行アノテーションを支持
MA_RS21575,MA_4135,5053011,ATG,False,0,stop_codon,5053011,ATG,3.39,True,WP_011021898.1,1,99.766,5053011,ATG,5053011,ATG,現行アノテーションを支持
MA_RS29040,MA_4136,5054731,ATG,False,0,stop_codon,5054731,ATG,6.6,True,WP_082088898.1,1,97.297,5054731,ATG,5054731,ATG,現行アノテーションを支持
MA_RS21580,MA_4137,5056855,ATG,False,0,stop_codon,5056855,ATG,0.48,False,WP_048118431.1,46,26.923,5056855,ATG,5056855,ATG,現行アノテーションを支持
MA_RS21585,MA_4138,5057351,ATG,False,0,stop_codon,5057351,ATG,0.83,False,,,,,,5057351,ATG,現行アノテーションを支持
MA_RS21590,MA_4139,5058006,ATG,False,0,stop_codon,5058006,ATG,1.05,False,WP_048140489.1,66,39.831,5058006,ATG,5058006,ATG,現行アノテーションを支持
MA_RS21595,MA_4140,5058491,GTG,False,0,stop_codon,5058491,GTG,0.81,False,,,,,,5058491,GTG,現行アノテーションを支持
MA_RS27660,MA_4141,5058892,TTG,False,0,stop_codon,5058892,TTG,0.97,False,,,,,,5058892,TTG,現行アノテーションを支持
MA_RS21605,MA_4142,5059394,ATG,False,0,stop_codon,5059394,ATG,1.04,False,,,,,,5059394,ATG,現行アノテーションを支持
MA_RS21610,MA_4143,5059966,ATG,False,1,stop_codon,5059969,TTG,1.45,False,WP_158024086.1,57,42.857,5059969,TTG,5059969,TTG,中確信度: 上流への延長の可能性(片方の証拠のみ)
MA_RS21620,MA_4144,5060557,ATG,False,1,stop_codon,5060557,ATG,5.29,True,WP_048173956.1,9,87.937,5060545,TTG,5060545,TTG,中確信度: 上流への延長の可能性(片方の証拠のみ)
MA_RS21625,MA_4145,5061543,ATG,False,1,stop_codon,5061543,ATG,1.25,False,WP_231590004.1,3,87.333,5061537,TTG,5061537,TTG,中確信度: 上流への延長の可能性(片方の証拠のみ)
MA_RS21630,MA_4147,5062220,ATG,False,0,stop_codon,5062220,ATG,2.04,False,WP_048173955.1,1,94.291,5062220,ATG,5062220,ATG,現行アノテーションを支持
MA_RS21635,MA_4148,5063968,ATG,False,3,stop_codon,5063932,ATG,1.06,False,WP_148705980.1,25,90.411,5063896,TTG,5063896,TTG,中確信度: 上流への延長の可能性(片方の証拠のみ)
MA_RS29860,,5065945,ATG,False,1,stop_codon,5065936,GTG,1.16,False,WP_082089223.1,4,97.059,5065936,GTG,5065936,GTG,中確信度: 上流への延長の可能性(片方の証拠のみ)
MA_RS21650,MA_4149,5066075,ATG,False,0,neighbor_gene,5066075,ATG,1.36,False,WP_048175082.1,1,96.825,5066075,ATG,5066075,ATG,現行アノテーションを支持
MA_RS21655,MA_4150,5066431,ATG,False,0,stop_codon,5066431,ATG,0.88,False,WP_048173953.1,1,95.932,5066431,ATG,5066431,ATG,現行アノテーションを支持
MA_RS21660,MA_4151,5067457,ATG,False,1,stop_codon,5067457,ATG,1.07,False,WP_048173952.1,10,96.438,5067430,TTG,5067430,TTG,中確信度: 上流への延長の可能性(片方の証拠のみ)
MA_RS21665,MA_4152,5069683,ATG,False,0,stop_codon,5069683,ATG,2.71,False,WP_011024040.1,1,100.0,5069683,ATG,5069683,ATG,現行アノテーションを支持
MA_RS21670,MA_4153,5070005,ATG,False,2,stop_codon,5070005,ATG,1.02,False,WP_204245377.1,11,96.451,5069975,TTG,5069975,TTG,中確信度: 上流への延長の可能性(片方の証拠のみ)
MA_RS21675,MA_4154,5071956,ATG,False,0,neighbor_gene,5071956,ATG,0.8,False,WP_048173950.1,1,97.561,5071956,ATG,5071956,ATG,現行アノテーションを支持
MA_RS21680,MA_4155,5072405,ATG,False,0,stop_codon,5072405,ATG,0.94,False,WP_048173949.1,1,95.628,5072405,ATG,5072405,ATG,現行アノテーションを支持
MA_RS21685,MA_4156,5072963,ATG,False,0,neighbor_gene,5072963,ATG,1.22,False,WP_048137325.1,1,95.556,5072963,ATG,5072963,ATG,現行アノテーションを支持
MA_RS21690,MA_4157,5074045,ATG,False,0,stop_codon,5074045,ATG,1.19,False,WP_048137327.1,1,92.079,5074045,ATG,5074045,ATG,現行アノテーションを支持
MA_RS21695,MA_4158,5074341,GTG,False,0,stop_codon,5074341,GTG,1.23,False,WP_048137328.1,1,96.713,5074341,GTG,5074341,GTG,現行アノテーションを支持
MA_RS21700,MA_4159,5076080,ATG,False,0,neighbor_gene,5076080,ATG,0.81,False,WP_048137330.1,1,99.348,5076080,ATG,5076080,ATG,現行アノテーションを支持
MA_RS21705,MA_4160,5077468,ATG,False,0,neighbor_gene,5077468,ATG,0.81,False,WP_204245378.1,1,95.215,5077468,ATG,5077468,ATG,現行アノテーションを支持
MA_RS21710,MA_4161,5078583,ATG,False,0,stop_codon,5078583,ATG,12.84,True,WP_048173942.1,1,89.583,5078583,ATG,5078583,ATG,現行アノテーションを支持
MA_RS21715,MA_4162,5081050,ATG,False,0,stop_codon,5081050,ATG,2.39,False,WP_052721722.1,1,96.104,5081050,ATG,5081050,ATG,現行アノテーションを支持
MA_RS21720,MA_4163,5083230,ATG,False,0,stop_codon,5083230,ATG,4.65,True,WP_048173941.1,1,85.613,5083230,ATG,5083230,ATG,現行アノテーションを支持
MA_RS21735,MA_4164,5084184,ATG,False,0,stop_codon,5084184,ATG,1.2,False,WP_052721721.1,1,96.97,5084184,ATG,5084184,ATG,現行アノテーションを支持
MA_RS21740,MA_4165,5085048,ATG,False,2,neighbor_gene,5084988,GTG,1.03,False,WP_148705978.1,21,97.674,5084988,GTG,5084988,GTG,中確信度: 上流への延長の可能性(片方の証拠のみ)
MA_RS21745,MA_4166,5086340,ATG,False,0,stop_codon,5086340,ATG,0.42,False,WP_231590002.1,1,96.264,5086340,ATG,5086340,ATG,現行アノテーションを支持
MA_RS29580,,5088383,TTG,False,4,stop_codon,5088389,GTG,14.67,True,,,,,,5088389,GTG,中確信度: 上流への延長の可能性(片方の証拠のみ)
MA_RS21750,MA_4167,5088682,TTG,False,1,stop_codon,5088676,TTG,1.82,False,WP_048173936.1,3,94.366,5088676,TTG,5088676,TTG,中確信度: 上流への延長の可能性(片方の証拠のみ)
MA_RS21755,MA_4168,5090220,GTG,False,0,stop_codon,5090220,GTG,1.05,False,WP_048137341.1,1,85.714,5090220,GTG,5090220,GTG,現行アノテーションを支持
MA_RS21760,MA_4169,5091455,TTG,False,0,stop_codon,5091455,TTG,2.68,False,WP_048173935.1,1,99.259,5091455,TTG,5091455,TTG,現行アノテーションを支持
MA_RS21765,MA_4170,5093718,ATG,False,1,stop_codon,5093724,ATG,1.59,False,WP_048175076.1,3,93.151,5093724,ATG,5093724,ATG,中確信度: 上流への延長の可能性(片方の証拠のみ)
MA_RS21770,MA_4171,5094392,GTG,False,1,stop_codon,5094431,TTG,12.61,True,WP_048137355.1,20,88.06,5094431,TTG,5094431,TTG,高確信度: 上流への延長を提案(RNA-seq・BLAST一致)
MA_RS21775,MA_4172,5095697,ATG,False,0,stop_codon,5095697,ATG,1.63,False,WP_048173933.1,1,95.286,5095697,ATG,5095697,ATG,現行アノテーションを支持
MA_RS21780,MA_4173,5096138,ATG,False,0,stop_codon,5096138,ATG,1.14,False,WP_048123708.1,1,80.165,5096138,ATG,5096138,ATG,現行アノテーションを支持
MA_RS21785,MA_4174,5097380,ATG,False,0,stop_codon,5097380,ATG,0.74,False,WP_048142449.1,1,86.705,5097380,ATG,5097380,ATG,現行アノテーションを支持
MA_RS21790,MA_4175,5098421,ATG,False,0,neighbor_gene,5098421,ATG,1.23,False,WP_048173931.1,1,95.205,5098421,ATG,5098421,ATG,現行アノテーションを支持
MA_RS21795,MA_4176,5100180,ATG,False,0,neighbor_gene,5100180,ATG,1.3,False,WP_048175075.1,1,98.611,5100180,ATG,5100180,ATG,現行アノテーションを支持
MA_RS21800,MA_4177,5101057,ATG,False,1,neighbor_gene,5101057,ATG,1.67,False,WP_048142444.1,4,92.248,5101048,GTG,5101048,GTG,中確信度: 上流への延長の可能性(片方の証拠のみ)
MA_RS21805,MA_4178,5101449,ATG,False,0,neighbor_gene,5101449,ATG,0.32,False,WP_048173930.1,1,95.843,5101449,ATG,5101449,ATG,現行アノテーションを支持
MA_RS27665,MA_4179,5103005,ATG,False,1,stop_codon,5102945,TTG,1.45,False,WP_052730953.1,21,54.902,5102945,TTG,5102945,TTG,中確信度: 上流への延長の可能性(片方の証拠のみ)
MA_RS21810,MA_4180,5103987,TTG,False,0,stop_codon,5103987,TTG,0.99,False,WP_048142453.1,63,29.126,5103987,TTG,5103987,TTG,現行アノテーションを支持
MA_RS21815,MA_4181,5104774,ATG,False,0,stop_codon,5104774,ATG,1.17,False,WP_048118504.1,8,43.431,5104774,ATG,5104774,ATG,現行アノテーションを支持
MA_RS29865,MA_4182,5105572,ATA,True,0,stop_codon,5105572,ATA,0.9,False,WP_048174449.1,1,71.111,5105572,ATA,5105572,ATA,現行アノテーションを支持
MA_RS26290,,5105790,GTG,False,0,stop_codon,5105790,GTG,0.88,False,WP_048174449.1,6,80.952,5105790,GTG,5105790,GTG,現行アノテーションを支持
MA_RS21825,MA_4183,5107090,ATG,False,0,neighbor_gene,5107090,ATG,0.73,False,WP_048174449.1,17,33.25,5107090,ATG,5107090,ATG,現行アノテーションを支持
MA_RS27670,,5107311,GTG,False,0,stop_codon,5107311,GTG,0.79,False,,,,,,5107311,GTG,現行アノテーションを支持
MA_RS21830,MA_4184,5108508,ATG,False,2,stop_codon,5108553,ATG,1.04,False,WP_011034594.1,16,91.409,5108553,ATG,5108553,ATG,中確信度: 上流への延長の可能性(片方の証拠のみ)
MA_RS21835,MA_4185,5109790,ATG,False,0,stop_codon,5109790,ATG,1.01,False,WP_011034594.1,1,90.947,5109790,ATG,5109790,ATG,現行アノテーションを支持
MA_RS29045,,5111315,ATG,False,0,neighbor_gene,5111315,ATG,1.2,False,WP_048174449.1,1,82.243,5111315,ATG,5111315,ATG,現行アノテーションを支持
MA_RS29050,,5111732,ATG,False,1,stop_codon,5111732,ATG,1.09,False,WP_048154177.1,6,70.833,5111747,ATG,5111747,ATG,中確信度: 上流への延長の可能性(片方の証拠のみ)
MA_RS21850,MA_4188,5113606,ATG,False,1,stop_codon,5113606,ATG,2.23,False,WP_048173929.1,11,96.17,5113618,ATG,5113618,ATG,中確信度: 上流への延長の可能性(片方の証拠のみ)
MA_RS21865,MA_4189,5114839,ATT,True,0,neighbor_gene,5114839,ATT,1.19,False,WP_329957000.1,1,90.761,5114839,ATT,5114839,ATT,現行アノテーションを支持
MA_RS21870,MA_4190,5115181,ATG,False,2,stop_codon,5115181,ATG,1.36,False,WP_048175073.1,30,96.154,5115268,TTG,5115268,TTG,中確信度: 上流への延長の可能性(片方の証拠のみ)
MA_RS21880,MA_4191,5115974,ATG,False,0,stop_codon,5115974,ATG,1.12,False,WP_048173926.1,1,99.194,5115974,ATG,5115974,ATG,現行アノテーションを支持
MA_RS21885,,5116986,ATG,False,0,stop_codon,5116986,ATG,0.98,False,WP_048173925.1,1,90.0,5116986,ATG,5116986,ATG,現行アノテーションを支持
MA_RS21890,MA_4193,5118415,TTG,False,0,stop_codon,5118415,TTG,1.61,False,WP_048173924.1,1,93.976,5118415,TTG,5118415,TTG,現行アノテーションを支持
MA_RS21895,MA_4194,5118713,ATG,False,1,stop_codon,5118704,GTG,1.82,False,WP_048137377.1,4,98.276,5118704,GTG,5118704,GTG,中確信度: 上流への延長の可能性(片方の証拠のみ)
MA_RS21900,MA_4195,5119959,TTG,False,0,stop_codon,5119959,TTG,1.48,False,WP_048173922.1,1,96.894,5119959,TTG,5119959,TTG,現行アノテーションを支持
MA_RS21905,MA_4196,5120525,ATG,False,1,stop_codon,5120525,ATG,0.84,False,WP_048118728.1,4,91.453,5120534,ATG,5120534,ATG,中確信度: 上流への延長の可能性(片方の証拠のみ)
MA_RS21910,MA_4197,5121419,ATG,False,0,neighbor_gene,5121419,ATG,1.33,False,WP_048173921.1,1,90.588,5121419,ATG,5121419,ATG,現行アノテーションを支持
MA_RS21915,MA_4198,5121980,ATG,False,0,stop_codon,5121980,ATG,1.2,False,WP_048173920.1,1,96.237,5121980,ATG,5121980,ATG,現行アノテーションを支持
MA_RS21920,MA_4199,5122800,ATG,False,0,stop_codon,5122800,ATG,1.19,False,WP_048173919.1,1,91.775,5122800,ATG,5122800,ATG,現行アノテーションを支持
MA_RS21925,MA_4200,5123013,TTG,False,0,stop_codon,5123013,TTG,15.48,True,WP_048173918.1,1,96.386,5123013,TTG,5123013,TTG,現行アノテーションを支持
MA_RS21930,MA_4201,5123731,ATG,False,0,stop_codon,5123731,ATG,2.26,False,WP_048173917.1,1,88.571,5123731,ATG,5123731,ATG,現行アノテーションを支持
MA_RS21935,MA_4202,5124866,ATG,False,0,stop_codon,5124866,ATG,1.66,False,WP_048118747.1,1,78.97,5124866,ATG,5124866,ATG,現行アノテーションを支持
MA_RS21940,MA_4203,5126963,ATG,False,0,stop_codon,5126963,ATG,1.48,False,WP_048173916.1,1,94.696,5126963,ATG,5126963,ATG,現行アノテーションを支持
MA_RS21945,MA_4204,5127315,ATG,False,0,stop_codon,5127315,ATG,2.09,False,WP_048173915.1,1,92.275,5127315,ATG,5127315,ATG,現行アノテーションを支持
MA_RS21950,MA_4205,5129048,ATG,False,0,stop_codon,5129048,ATG,1.23,False,WP_048173914.1,1,88.448,5129048,ATG,5129048,ATG,現行アノテーションを支持
MA_RS21955,MA_4206,5130046,GTG,False,0,stop_codon,5130046,GTG,0.86,False,WP_011032906.1,1,89.264,5130046,GTG,5130046,GTG,現行アノテーションを支持
MA_RS21960,MA_4207,5130958,ATG,False,0,stop_codon,5130958,ATG,1.29,False,WP_048173912.1,1,98.294,5130958,ATG,5130958,ATG,現行アノテーションを支持
MA_RS21965,MA_4208,5132369,ATG,False,0,neighbor_gene,5132369,ATG,1.3,False,WP_048173911.1,1,97.391,5132369,ATG,5132369,ATG,現行アノテーションを支持
MA_RS21970,MA_4209,5132804,ATG,False,0,neighbor_gene,5132804,ATG,1.52,False,WP_231589989.1,1,94.406,5132804,ATG,5132804,ATG,現行アノテーションを支持
MA_RS21975,MA_4210,5134531,ATG,False,0,stop_codon,5134531,ATG,2.05,False,WP_048036781.1,4,46.486,5134531,ATG,5134531,ATG,現行アノテーションを支持
MA_RS21990,,5136553,ATG,False,2,stop_codon,5136553,ATG,6.91,True,WP_048173910.1,10,94.949,5136526,TTG,5136526,TTG,中確信度: 上流への延長の可能性(片方の証拠のみ)
MA_RS21995,,5136933,ATG,False,0,stop_codon,5136933,ATG,0.99,False,WP_048137032.1,1,86.275,5136933,ATG,5136933,ATG,現行アノテーションを支持
MA_RS22000,MA_4213,5137379,ATG,False,0,stop_codon,5137379,ATG,1.57,False,WP_048173908.1,1,94.595,5137379,ATG,5137379,ATG,現行アノテーションを支持
MA_RS22005,MA_4214,5138344,ATG,False,0,stop_codon,5138344,ATG,7.8,True,WP_048175068.1,1,88.679,5138344,ATG,5138344,ATG,現行アノテーションを支持
MA_RS22015,MA_4216,5138708,ATG,False,0,stop_codon,5138708,ATG,1.27,False,WP_048173907.1,1,96.421,5138708,ATG,5138708,ATG,現行アノテーションを支持
MA_RS22025,MA_4217,5140863,ATG,False,1,stop_codon,5140863,ATG,1.37,False,WP_048173905.1,4,96.857,5140854,GTG,5140854,GTG,中確信度: 上流への延長の可能性(片方の証拠のみ)
MA_RS22030,MA_4218,5141912,ATG,False,0,stop_codon,5141912,ATG,1.04,False,WP_048173904.1,1,98.41,5141912,ATG,5141912,ATG,現行アノテーションを支持
MA_RS22035,MA_4219,5143426,ATG,False,0,neighbor_gene,5143426,ATG,0.96,False,WP_048173903.1,1,97.166,5143426,ATG,5143426,ATG,現行アノテーションを支持
MA_RS22040,MA_4220,5144176,ATG,False,0,neighbor_gene,5144176,ATG,1.32,False,WP_048137017.1,1,91.014,5144176,ATG,5144176,ATG,現行アノテーションを支持
MA_RS22045,MA_4221,5145774,TTG,False,0,stop_codon,5145774,TTG,1.52,False,WP_080503046.1,4,67.692,5145774,TTG,5145774,TTG,現行アノテーションを支持
MA_RS22050,MA_4222,5146947,ATG,False,1,stop_codon,5146947,ATG,1.38,False,WP_198146734.1,3,51.743,5146953,TTG,5146953,TTG,中確信度: 上流への延長の可能性(片方の証拠のみ)
MA_RS22055,MA_4223,5147328,GTG,False,1,stop_codon,5147328,GTG,1.35,False,WP_011024107.1,4,99.438,5147319,GTG,5147319,GTG,中確信度: 上流への延長の可能性(片方の証拠のみ)
MA_RS22070,MA_4226,5149194,ATG,False,0,stop_codon,5149194,ATG,1.15,False,WP_231589986.1,1,93.75,5149194,ATG,5149194,ATG,現行アノテーションを支持
MA_RS22075,MA_4227,5151632,ATG,False,3,stop_codon,5151632,ATG,1.33,False,WP_015411731.1,32,94.534,5151725,ATG,5151725,ATG,中確信度: 上流への延長の可能性(片方の証拠のみ)
MA_RS22080,MA_4228,5152506,GTG,False,0,stop_codon,5152506,GTG,0.91,False,WP_052721718.1,1,98.601,5152506,GTG,5152506,GTG,現行アノテーションを支持
MA_RS27685,,5153327,ATG,False,0,stop_codon,5153327,ATG,0.91,False,WP_156157498.1,1,100.0,5153327,ATG,5153327,ATG,現行アノテーションを支持
MA_RS22090,MA_4229,5153773,ATG,False,1,stop_codon,5153773,ATG,1.44,False,WP_048065937.1,4,100.0,5153782,GTG,5153782,GTG,中確信度: 上流への延長の可能性(片方の証拠のみ)
MA_RS22095,MA_4230,5154824,ATG,False,1,stop_codon,5154869,TTG,2.63,False,WP_048065938.1,16,100.0,5154869,TTG,5154869,TTG,中確信度: 上流への延長の可能性(片方の証拠のみ)
MA_RS26095,,5155391,ATC,True,0,stop_codon,5155391,ATC,0.93,False,WP_082089067.1,1,98.077,5155391,ATC,5155391,ATC,現行アノテーションを支持
MA_RS22100,MA_4232,5156819,ATG,False,0,stop_codon,5156819,ATG,2.76,False,WP_048173898.1,1,93.955,5156819,ATG,5156819,ATG,現行アノテーションを支持
MA_RS22105,MA_4233,5157331,ATG,False,0,stop_codon,5157331,ATG,1.32,False,WP_048173897.1,1,97.765,5157331,ATG,5157331,ATG,現行アノテーションを支持
MA_RS22110,MA_4234,5159614,GTG,False,5,stop_codon,5159806,TTG,3.04,True,WP_231589985.1,75,92.308,5159806,TTG,5159806,TTG,高確信度: 上流への延長を提案(RNA-seq・BLAST一致)
MA_RS22115,MA_4235,5160168,TTG,False,3,stop_codon,5160159,TTG,11.18,True,WP_052721717.1,27,95.319,5160090,GTG,,,要確認: RNA-seqとBLASTが異なる候補を支持
MA_RS22120,MA_4236,5161627,ATG,False,0,stop_codon,5161627,ATG,1.14,False,WP_048173895.1,1,96.894,5161627,ATG,5161627,ATG,現行アノテーションを支持
MA_RS22125,MA_4237,5162128,ATG,False,0,neighbor_gene,5162128,ATG,1.03,False,WP_048173894.1,1,95.0,5162128,ATG,5162128,ATG,現行アノテーションを支持
MA_RS22130,MA_4238,5163642,ATG,False,0,stop_codon,5163642,ATG,2.25,False,WP_048173893.1,1,88.889,5163642,ATG,5163642,ATG,現行アノテーションを支持
MA_RS22135,MA_4239,5164240,GTG,False,0,stop_codon,5164240,GTG,0.62,False,WP_048136988.1,1,90.395,5164240,GTG,5164240,GTG,現行アノテーションを支持
MA_RS22140,MA_4240,5165504,ATG,False,0,stop_codon,5165504,ATG,2.23,False,WP_048173891.1,1,96.121,5165504,ATG,5165504,ATG,現行アノテーションを支持
MA_RS22145,MA_4241,5166594,ATG,False,2,stop_codon,5166663,ATG,1.18,False,WP_048173890.1,24,91.29,5166663,ATG,5166663,ATG,中確信度: 上流への延長の可能性(片方の証拠のみ)
MA_RS22150,MA_4242,5167445,ATG,False,0,stop_codon,5167445,ATG,1.06,False,WP_048173889.1,1,91.901,5167445,ATG,5167445,ATG,現行アノテーションを支持
MA_RS22155,MA_4243,5167865,ATG,False,1,stop_codon,5167874,GTG,1.22,False,WP_048136980.1,4,84.167,5167874,GTG,5167874,GTG,中確信度: 上流への延長の可能性(片方の証拠のみ)
MA_RS22160,MA_4244,5168332,ATG,False,0,stop_codon,5168332,ATG,1.26,False,WP_048173887.1,1,88.618,5168332,ATG,5168332,ATG,現行アノテーションを支持
MA_RS22165,MA_4245,5168548,ATG,False,0,stop_codon,5168548,ATG,27.01,True,WP_048173886.1,1,95.536,5168548,ATG,5168548,ATG,現行アノテーションを支持
MA_RS22170,MA_4246,5168938,ATG,False,0,stop_codon,5168938,ATG,1.08,False,WP_197080298.1,1,95.714,5168938,ATG,5168938,ATG,現行アノテーションを支持
MA_RS22175,MA_4247,5170319,GTG,False,3,stop_codon,5170262,GTG,7.53,True,WP_231589984.1,19,94.687,5170253,GTG,,,要確認: RNA-seqとBLASTが異なる候補を支持
MA_RS22180,MA_4248,5172034,ATG,False,0,stop_codon,5172034,ATG,1.7,False,WP_052721716.1,36,94.66,5172034,ATG,5172034,ATG,現行アノテーションを支持
MA_RS22185,MA_4249,5173704,TTG,False,1,stop_codon,5173737,GTG,1.75,False,WP_156158904.1,18,87.778,5173737,GTG,5173737,GTG,中確信度: 上流への延長の可能性(片方の証拠のみ)
MA_RS22190,MA_4250,5174024,ATA,True,3,stop_codon,5174000,GTG,2.01,False,WP_048173883.1,9,96.19,5174000,GTG,5174000,GTG,中確信度: 上流への延長の可能性(片方の証拠のみ)
MA_RS22195,MA_4251,5174955,ATG,False,3,stop_codon,5174955,ATG,1.27,False,WP_048173882.1,15,95.29,5174913,TTG,5174913,TTG,中確信度: 上流への延長の可能性(片方の証拠のみ)
MA_RS22200,MA_4252,5175782,ATG,False,0,stop_codon,5175782,ATG,0.83,False,WP_048173881.1,1,92.661,5175782,ATG,5175782,ATG,現行アノテーションを支持
MA_RS22205,MA_4253,5176758,ATG,False,0,stop_codon,5176758,ATG,0.91,False,WP_048173880.1,1,93.93,5176758,ATG,5176758,ATG,現行アノテーションを支持
MA_RS22210,MA_4254,5177955,ATG,False,0,stop_codon,5177955,ATG,2.95,False,WP_048173879.1,1,88.82,5177955,ATG,5177955,ATG,現行アノテーションを支持
MA_RS22215,MA_4255,5178588,ATG,False,0,stop_codon,5178588,ATG,0.68,False,WP_048173878.1,1,97.685,5178588,ATG,5178588,ATG,現行アノテーションを支持
MA_RS22220,MA_4256,5179770,TTG,False,0,stop_codon,5179770,TTG,1.17,False,WP_052721714.1,1,77.465,5179770,TTG,5179770,TTG,現行アノテーションを支持
MA_RS22225,MA_4257,5180281,TTG,False,2,stop_codon,5180338,TTG,1.12,False,WP_052721714.1,22,72.603,5180344,ATG,5180344,ATG,中確信度: 上流への延長の可能性(片方の証拠のみ)
MA_RS22230,MA_4258,5181337,ATG,False,0,stop_codon,5181337,ATG,0.91,False,WP_048173877.1,1,98.75,5181337,ATG,5181337,ATG,現行アノテーションを支持
MA_RS22235,MA_4259,5182127,ATG,False,0,stop_codon,5182127,ATG,0.84,False,WP_048173876.1,1,98.12,5182127,ATG,5182127,ATG,現行アノテーションを支持
MA_RS22240,,5182452,ATG,False,0,stop_codon,5182452,ATG,1.28,False,WP_011032945.1,1,95.763,5182452,ATG,5182452,ATG,現行アノテーションを支持
MA_RS22245,,5183037,ATT,True,0,neighbor_gene,5183037,ATT,0.95,False,WP_082089065.1,20,96.689,5183037,ATT,5183037,ATT,現行アノテーションを支持
MA_RS22250,MA_4261,5183789,ATG,False,0,neighbor_gene,5183789,ATG,1.16,False,WP_048173873.1,1,97.107,5183789,ATG,5183789,ATG,現行アノテーションを支持
MA_RS22255,MA_4262,5184415,ATG,False,0,stop_codon,5184415,ATG,1.15,False,WP_048173872.1,1,98.02,5184415,ATG,5184415,ATG,現行アノテーションを支持
MA_RS22260,MA_4263,5185060,ATG,False,0,stop_codon,5185060,ATG,1.41,False,WP_261789153.1,1,95.652,5185060,ATG,5185060,ATG,現行アノテーションを支持
MA_RS22265,MA_4264,5185846,ATG,False,1,stop_codon,5185846,ATG,1.09,False,WP_048173870.1,7,98.871,5185828,ATG,5185828,ATG,中確信度: 上流への延長の可能性(片方の証拠のみ)
MA_RS22270,MA_4265,5188296,ATG,False,0,stop_codon,5188296,ATG,1.47,False,WP_048173869.1,1,97.076,5188296,ATG,5188296,ATG,現行アノテーションを支持
MA_RS22275,MA_4266,5188650,ATG,False,0,stop_codon,5188650,ATG,1.86,False,WP_048175059.1,1,96.071,5188650,ATG,5188650,ATG,現行アノテーションを支持
MA_RS22280,MA_4267,5190284,ATG,False,1,stop_codon,5190284,ATG,14.95,True,WP_048173868.1,4,95.031,5190293,GTG,5190293,GTG,中確信度: 上流への延長の可能性(片方の証拠のみ)
MA_RS22285,MA_4268,5190315,ATG,False,0,stop_codon,5190315,ATG,0.87,False,WP_048173867.1,10,98.843,5190315,ATG,5190315,ATG,現行アノテーションを支持
MA_RS22290,MA_4269,5191775,GTG,False,0,stop_codon,5191775,GTG,0.48,False,WP_048175058.1,1,93.367,5191775,GTG,5191775,GTG,現行アノテーションを支持
MA_RS22295,MA_4270,5192362,ATG,False,0,stop_codon,5192362,ATG,1.07,False,,,,,,5192362,ATG,現行アノテーションを支持
MA_RS22300,MA_4271,5192880,ATG,False,2,stop_codon,5192862,ATG,2.29,False,WP_048173866.1,26,98.396,5192805,TTG,5192805,TTG,中確信度: 上流への延長の可能性(片方の証拠のみ)
MA_RS22305,MA_4272,5194431,TTG,False,0,stop_codon,5194431,TTG,1.28,False,WP_048129861.1,1,98.592,5194431,TTG,5194431,TTG,現行アノテーションを支持
MA_RS22310,MA_4273,5194643,ATG,False,1,stop_codon,5194643,ATG,1.43,False,WP_048173865.1,5,98.684,5194631,GTG,5194631,GTG,中確信度: 上流への延長の可能性(片方の証拠のみ)
MA_RS22315,MA_4274,5195216,ATG,False,0,stop_codon,5195216,ATG,1.41,False,WP_011032960.1,1,96.894,5195216,ATG,5195216,ATG,現行アノテーションを支持
MA_RS22320,MA_4275,5195933,ATG,False,0,stop_codon,5195933,ATG,0.95,False,WP_048136930.1,1,96.714,5195933,ATG,5195933,ATG,現行アノテーションを支持
MA_RS22325,MA_4276,5196575,ATG,False,0,neighbor_gene,5196575,ATG,0.83,False,WP_048173862.1,1,95.115,5196575,ATG,5196575,ATG,現行アノテーションを支持
MA_RS22330,MA_4277,5197662,ATG,False,0,stop_codon,5197662,ATG,1.6,False,WP_048136926.1,1,97.115,5197662,ATG,5197662,ATG,現行アノテーションを支持
MA_RS22335,MA_4278,5199267,ATG,False,2,stop_codon,5199267,ATG,1.11,False,WP_048167945.1,44,67.841,5199279,ATG,5199279,ATG,中確信度: 上流への延長の可能性(片方の証拠のみ)
MA_RS29870,,5200311,CTG,True,0,stop_codon,5200311,CTG,0.97,False,,,,,,5200311,CTG,現行アノテーションを支持
MA_RS22340,MA_4279,5200517,ATG,False,0,neighbor_gene,5200517,ATG,1.82,False,WP_048173859.1,1,95.455,5200517,ATG,5200517,ATG,現行アノテーションを支持
MA_RS26105,MA_4280,5202082,ATG,False,1,neighbor_gene,5202091,GTG,1.0,False,WP_048116630.1,6,44.706,5202091,GTG,5202091,GTG,中確信度: 上流への延長の可能性(片方の証拠のみ)
MA_RS22345,MA_4281,5202388,ATG,False,1,stop_codon,5202391,ATG,0.91,False,,,,,,5202388,ATG,現行アノテーションを支持
MA_RS28110,,5202543,ATG,False,4,stop_codon,5202555,ATG,41.5,True,,,,,,5202555,ATG,中確信度: 上流への延長の可能性(片方の証拠のみ)
MA_RS22350,MA4282,5203213,ATG,False,5,stop_codon,5203324,GTG,1.36,False,WP_048156376.1,29,58.14,5203420,GTG,5203420,GTG,中確信度: 上流への延長の可能性(片方の証拠のみ)
MA_RS27695,,5203649,ATG,False,0,neighbor_gene,5203649,ATG,1.0,False,WP_048156376.1,1,85.0,5203649,ATG,5203649,ATG,現行アノテーションを支持
MA_RS29585,MA_4283,5204062,ATG,False,1,stop_codon,5204098,TTG,1.15,False,WP_158024021.1,1,86.239,5204098,TTG,5204098,TTG,中確信度: 上流への延長の可能性(片方の証拠のみ)
MA_RS22360,,5204663,ATG,False,0,stop_codon,5204663,ATG,0.47,False,WP_082091179.1,1,75.41,5204663,ATG,5204663,ATG,現行アノテーションを支持
MA_RS27700,,5205176,ATG,False,2,stop_codon,5205227,TTG,1.03,False,WP_048155637.1,14,62.264,5205254,TTG,5205254,TTG,中確信度: 上流への延長の可能性(片方の証拠のみ)
MA_RS22365,MA_4284,5208153,ATG,False,0,stop_codon,5208153,ATG,0.84,False,WP_048173993.1,1,91.652,5208153,ATG,5208153,ATG,現行アノテーションを支持
MA_RS22370,MA_4285,5213634,ATG,False,0,stop_codon,5213634,ATG,0.88,False,WP_048170221.1,1,78.845,5213634,ATG,5213634,ATG,現行アノテーションを支持
MA_RS29590,MA_4287,5219872,ATG,False,1,stop_codon,5219872,ATG,1.61,False,WP_048170221.1,1395,90.256,5219848,ATG,5219848,ATG,中確信度: 上流への延長の可能性(片方の証拠のみ)
MA_RS22385,MA_4289,5227553,ATG,False,1,stop_codon,5227553,ATG,2.35,False,WP_231590041.1,1,93.585,5227517,ATG,5227517,ATG,中確信度: 上流への延長の可能性(片方の証拠のみ)
MA_RS22390,MA_4290,5233948,ATG,False,2,stop_codon,5233777,ATG,1.01,False,WP_197080301.1,58,88.128,5233777,ATG,5233777,ATG,中確信度: 上流への延長の可能性(片方の証拠のみ)
MA_RS22395,MA_4291,5235309,ATG,False,0,stop_codon,5235309,ATG,0.92,False,WP_048173996.1,1,90.641,5235309,ATG,5235309,ATG,現行アノテーションを支持
MA_RS27730,,5242233,TTG,False,0,stop_codon,5242233,TTG,1.02,False,,,,,,5242233,TTG,現行アノテーションを支持
MA_RS22400,MA_4292,5242439,ATG,False,1,stop_codon,5242439,ATG,0.9,False,WP_231590431.1,396,85.386,5242331,TTG,5242331,TTG,中確信度: 上流への延長の可能性(片方の証拠のみ)
MA_RS22415,MA_4293,5250288,ATG,False,0,stop_codon,5250288,ATG,1.17,False,WP_048174001.1,1,93.333,5250288,ATG,5250288,ATG,現行アノテーションを支持
MA_RS22420,MA_4294,5251925,ATG,False,0,stop_codon,5251925,ATG,0.81,False,WP_048174002.1,1,93.561,5251925,ATG,5251925,ATG,現行アノテーションを支持
MA_RS22425,MA_4295,5258900,ATG,False,0,stop_codon,5258900,ATG,1.42,False,WP_048174003.1,1,95.609,5258900,ATG,5258900,ATG,現行アノテーションを支持
MA_RS26120,MA_4297,5262623,ATG,False,0,stop_codon,5262623,ATG,1.43,False,WP_048174007.1,426,90.785,5262623,ATG,5262623,ATG,現行アノテーションを支持
MA_RS22440,MA_4298,5268189,TTG,False,0,stop_codon,5268189,TTG,5.23,True,WP_048174008.1,1,87.255,5268189,TTG,5268189,TTG,現行アノテーションを支持
MA_RS22445,MA_4299,5269127,ATG,False,1,stop_codon,5269112,ATG,1.78,False,WP_048174007.1,259,82.535,5269112,ATG,5269112,ATG,中確信度: 上流への延長の可能性(片方の証拠のみ)
MA_RS22455,MA_4301,5273285,ATG,False,0,stop_codon,5273285,ATG,1.78,False,WP_231590037.1,1,93.251,5273285,ATG,5273285,ATG,現行アノテーションを支持
MA_RS22465,MA_4302,5279088,ATG,False,0,stop_codon,5279088,ATG,0.96,False,WP_048117759.1,1,67.361,5279088,ATG,5279088,ATG,現行アノテーションを支持
MA_RS22470,MA_4304,5279626,ATG,False,0,stop_codon,5279626,ATG,2.1,False,WP_176722173.1,18,82.833,5279626,ATG,5279626,ATG,現行アノテーションを支持
MA_RS22480,MA_4305,5282175,ATG,False,0,stop_codon,5282175,ATG,1.38,False,WP_230669118.1,4,75.268,5282175,ATG,5282175,ATG,現行アノテーションを支持
MA_RS22485,MA_4306,5289131,ATG,False,0,stop_codon,5289131,ATG,1.07,False,WP_231589805.1,1,92.308,5289131,ATG,5289131,ATG,現行アノテーションを支持
MA_RS22500,MA_4309,5293762,ATG,False,0,stop_codon,5293762,ATG,2.0,False,WP_048174000.1,1,93.74,5293762,ATG,5293762,ATG,現行アノテーションを支持
MA_RS22510,MA_4310,5298435,TTG,False,1,stop_codon,5298435,TTG,1.15,False,WP_048173999.1,6,62.441,5298393,ATG,5298393,ATG,中確信度: 上流への延長の可能性(片方の証拠のみ)
MA_RS22520,MA_4312,5300960,ATG,False,0,stop_codon,5300960,ATG,1.0,False,WP_048173996.1,540,87.919,5300960,ATG,5300960,ATG,現行アノテーションを支持
MA_RS22530,MA_4314,5308010,ATG,False,0,stop_codon,5308010,ATG,0.82,False,WP_052721724.1,1,83.746,5308010,ATG,5308010,ATG,現行アノテーションを支持
MA_RS24845,MA_4315,5309826,ATG,False,0,stop_codon,5309826,ATG,1.15,False,WP_052721725.1,1,76.238,5309826,ATG,5309826,ATG,現行アノテーションを支持
MA_RS22545,MA_4317,5318104,ATG,False,1,stop_codon,5318104,ATG,1.27,False,WP_048174011.1,5,83.811,5318116,TTG,5318116,TTG,中確信度: 上流への延長の可能性(片方の証拠のみ)
MA_RS22550,MA_4318,5319002,ATG,False,0,stop_codon,5319002,ATG,4.35,True,WP_048174012.1,1,90.84,5319002,ATG,5319002,ATG,現行アノテーションを支持
MA_RS22555,MA_4319,5319898,ATG,False,0,stop_codon,5319898,ATG,2.1,False,WP_048174015.1,1,93.117,5319898,ATG,5319898,ATG,現行アノテーションを支持
MA_RS29075,,5319977,ATG,False,1,stop_codon,5319977,ATG,0.58,False,WP_048045861.1,7,60.0,5319962,GTG,5319962,GTG,中確信度: 上流への延長の可能性(片方の証拠のみ)
MA_RS22565,MA_4320,5321363,ATG,False,0,stop_codon,5321363,ATG,1.04,False,WP_048174017.1,1,95.389,5321363,ATG,5321363,ATG,現行アノテーションを支持
MA_RS22570,MA_4321,5322153,GTG,False,1,stop_codon,5322153,GTG,0.98,False,WP_231590044.1,1,87.681,5322183,TTG,5322183,TTG,中確信度: 上流への延長の可能性(片方の証拠のみ)
MA_RS22575,MA_4322,5322896,ATG,False,0,stop_codon,5322896,ATG,1.08,False,WP_048174019.1,1,91.667,5322896,ATG,5322896,ATG,現行アノテーションを支持
MA_RS26125,MA_4323,5323196,ATA,True,0,stop_codon,5323196,ATA,1.24,False,WP_261788927.1,3,86.765,5323196,ATA,5323196,ATA,現行アノテーションを支持
MA_RS22585,MA_4324,5324468,ATG,False,0,stop_codon,5324468,ATG,0.96,False,WP_082089205.1,1,82.249,5324468,ATG,5324468,ATG,現行アノテーションを支持
MA_RS22590,MA_4325,5325191,ATG,False,0,stop_codon,5325191,ATG,0.91,False,WP_048174023.1,1,93.801,5325191,ATG,5325191,ATG,現行アノテーションを支持
MA_RS22595,MA_4326,5326341,ATG,False,2,neighbor_gene,5326332,GTG,1.15,False,WP_048174024.1,9,88.859,5326317,TTG,5326317,TTG,中確信度: 上流への延長の可能性(片方の証拠のみ)
MA_RS22600,MA_4327,5327491,ATG,False,3,neighbor_gene,5327467,TTG,1.09,False,WP_048174025.1,9,92.857,5327467,TTG,5327467,TTG,中確信度: 上流への延長の可能性(片方の証拠のみ)
MA_RS22605,MA_4328,5328637,ATG,False,1,stop_codon,5328634,GTG,1.13,False,WP_048174026.1,5,86.26,5328634,GTG,5328634,GTG,中確信度: 上流への延長の可能性(片方の証拠のみ)
MA_RS22610,MA_4329,5331324,ATG,False,0,stop_codon,5331324,ATG,1.93,False,WP_048174030.1,1,98.598,5331324,ATG,5331324,ATG,現行アノテーションを支持
MA_RS22615,MA_4330,5332693,GTG,False,0,stop_codon,5332693,GTG,1.08,False,WP_048174031.1,1,90.492,5332693,GTG,5332693,GTG,現行アノテーションを支持
MA_RS22620,MA_4331,5333374,ATG,False,0,stop_codon,5333374,ATG,8.82,True,WP_011024211.1,1,100.0,5333374,ATG,5333374,ATG,現行アノテーションを支持
MA_RS22625,MA_4332,5334684,ATG,False,1,neighbor_gene,5334684,ATG,1.34,False,WP_048174032.1,4,94.34,5334693,GTG,5334693,GTG,中確信度: 上流への延長の可能性(片方の証拠のみ)
MA_RS22630,MA_4333,5335815,ATG,False,0,stop_codon,5335815,ATG,0.99,False,WP_048174033.1,1,91.136,5335815,ATG,5335815,ATG,現行アノテーションを支持
MA_RS22635,MA_4334,5339335,GTG,False,0,stop_codon,5339335,GTG,1.04,False,WP_048174034.1,1,96.34,5339335,GTG,5339335,GTG,現行アノテーションを支持
MA_RS22640,MA_4335,5340346,ATG,False,1,stop_codon,5340364,TTG,1.51,False,WP_048174035.1,7,92.429,5340364,TTG,5340364,TTG,中確信度: 上流への延長の可能性(片方の証拠のみ)
MA_RS22650,MA_4336,5341330,ATG,False,3,stop_codon,5341393,ATG,245.67,True,WP_048136884.1,1,95.0,5341393,ATG,5341393,ATG,高確信度: 上流への延長を提案(RNA-seq・BLAST一致)
MA_RS22660,MA_4337,5344198,ATG,False,0,stop_codon,5344198,ATG,0.85,False,WP_048174037.1,1,96.813,5344198,ATG,5344198,ATG,現行アノテーションを支持
MA_RS22665,MA_4338,5344908,ATG,False,2,stop_codon,5344917,ATG,1.75,False,WP_048174038.1,4,98.19,5344917,ATG,5344917,ATG,中確信度: 上流への延長の可能性(片方の証拠のみ)
MA_RS22670,MA_4339,5345625,TTG,False,0,stop_codon,5345625,TTG,1.83,False,WP_082089074.1,1,94.04,5345625,TTG,5345625,TTG,現行アノテーションを支持
MA_RS22685,MA_4340,5346561,ATG,False,0,stop_codon,5346561,ATG,1.09,False,WP_048174040.1,1,90.909,5346561,ATG,5346561,ATG,現行アノテーションを支持
MA_RS22690,MA_4341,5347197,ATG,False,0,stop_codon,5347197,ATG,1.33,False,WP_048174041.1,1,92.336,5347197,ATG,5347197,ATG,現行アノテーションを支持
MA_RS22695,MA_4342,5347997,ATG,False,0,stop_codon,5347997,ATG,0.91,False,WP_048174042.1,1,94.245,5347997,ATG,5347997,ATG,現行アノテーションを支持
MA_RS22700,MA_4343,5349005,ATG,False,0,stop_codon,5349005,ATG,1.77,False,WP_048174043.1,1,92.607,5349005,ATG,5349005,ATG,現行アノテーションを支持
MA_RS22705,MA_4344,5350223,ATG,False,0,stop_codon,5350223,ATG,39.53,True,WP_048136876.1,1,92.105,5350223,ATG,5350223,ATG,現行アノテーションを支持
MA_RS22710,MA_4345,5350567,ATG,False,0,stop_codon,5350567,ATG,1.06,False,WP_011032990.1,1,74.725,5350567,ATG,5350567,ATG,現行アノテーションを支持
MA_RS22715,MA_4346,5352029,ATG,False,0,stop_codon,5352029,ATG,2.11,False,WP_052721729.1,1,89.84,5352029,ATG,5352029,ATG,現行アノテーションを支持
MA_RS22720,MA_4347,5353314,ATG,False,0,stop_codon,5353314,ATG,0.69,False,WP_232316218.1,1,79.439,5353314,ATG,5353314,ATG,現行アノテーションを支持
MA_RS22735,MA_4349,5355028,ATG,False,1,stop_codon,5355022,TTG,1.01,False,WP_048174046.1,3,94.863,5355022,TTG,5355022,TTG,中確信度: 上流への延長の可能性(片方の証拠のみ)
MA_RS22740,MA_4350,5356225,ATG,False,4,stop_codon,5356216,TTG,2.39,False,WP_048136867.1,32,88.099,5356132,TTG,5356132,TTG,中確信度: 上流への延長の可能性(片方の証拠のみ)
MA_RS27745,,5358450,TTG,False,0,stop_codon,5358450,TTG,1.07,False,,,,,,5358450,TTG,現行アノテーションを支持
MA_RS22745,MA_4351,5359324,ATG,False,1,stop_codon,5359324,ATG,1.47,False,WP_048175111.1,23,97.253,5359258,TTG,5359258,TTG,中確信度: 上流への延長の可能性(片方の証拠のみ)
MA_RS22750,MA_4352,5362823,ATG,False,0,stop_codon,5362823,ATG,12.16,True,WP_048174049.1,1,93.324,5362823,ATG,5362823,ATG,現行アノテーションを支持
MA_RS29085,,5363714,TTG,False,1,stop_codon,5363714,TTG,0.45,False,WP_048136863.1,1,86.916,5363723,GTG,5363723,GTG,中確信度: 上流への延長の可能性(片方の証拠のみ)
MA_RS29090,,5364037,GTG,False,1,stop_codon,5364037,GTG,1.04,False,WP_048046287.1,1,89.831,5364067,GTG,5364067,GTG,中確信度: 上流への延長の可能性(片方の証拠のみ)
MA_RS29095,,5364243,GTG,False,1,stop_codon,5364243,GTG,1.33,False,WP_048157159.1,32,58.025,5364327,TTG,5364327,TTG,中確信度: 上流への延長の可能性(片方の証拠のみ)
MA_RS22760,,5364476,ATG,False,0,stop_codon,5364476,ATG,1.25,False,WP_048174050.1,1,98.413,5364476,ATG,5364476,ATG,現行アノテーションを支持
MA_RS22765,MA_4354,5366466,ATG,False,0,stop_codon,5366466,ATG,1.4,False,WP_048174051.1,1,91.582,5366466,ATG,5366466,ATG,現行アノテーションを支持
MA_RS22770,MA_4355,5368060,ATG,False,0,stop_codon,5368060,ATG,3.2,True,WP_048174052.1,1,95.405,5368060,ATG,5368060,ATG,現行アノテーションを支持
MA_RS29100,MA_4356,5371207,ATG,False,1,stop_codon,5371216,TTG,1.43,False,WP_048167533.1,4,76.271,5371216,TTG,5371216,TTG,中確信度: 上流への延長の可能性(片方の証拠のみ)
MA_RS22790,MA_4357,5371992,GTG,False,1,stop_codon,5372013,TTG,0.78,False,WP_048136858.1,8,84.232,5372013,TTG,5372013,TTG,中確信度: 上流への延長の可能性(片方の証拠のみ)
MA_RS22795,MA_4358,5372614,ATG,False,0,stop_codon,5372614,ATG,1.43,False,WP_048136857.1,1,81.221,5372614,ATG,5372614,ATG,現行アノテーションを支持
MA_RS22800,MA_4359,5373828,ATG,False,0,neighbor_gene,5373828,ATG,0.73,False,WP_048136855.1,1,82.906,5373828,ATG,5373828,ATG,現行アノテーションを支持
MA_RS22805,MA_4360,5374731,ATG,False,0,neighbor_gene,5374731,ATG,1.02,False,WP_052730664.1,1,91.0,5374731,ATG,5374731,ATG,現行アノテーションを支持
MA_RS22810,MA_4361,5375951,ATG,False,1,stop_codon,5375951,ATG,0.61,False,WP_048136854.1,8,85.366,5375972,ATG,5375972,ATG,中確信度: 上流への延長の可能性(片方の証拠のみ)
MA_RS22815,MA_4362,5376449,GTG,False,0,stop_codon,5376449,GTG,1.22,False,WP_331456198.1,14,94.118,5376449,GTG,5376449,GTG,現行アノテーションを支持
MA_RS22820,MA_4363,5378384,TTG,False,0,stop_codon,5378384,TTG,0.53,False,WP_048174058.1,1,94.729,5378384,TTG,5378384,TTG,現行アノテーションを支持
MA_RS22825,MA_4364,5380318,ATG,False,0,stop_codon,5380318,ATG,0.88,False,WP_082089075.1,1,88.318,5380318,ATG,5380318,ATG,現行アノテーションを支持
MA_RS22830,MA_4365,5382892,GTG,False,2,stop_codon,5382892,GTG,1.25,False,WP_231590062.1,9,95.444,5382916,TTG,5382916,TTG,中確信度: 上流への延長の可能性(片方の証拠のみ)
MA_RS22835,MA_4366,5383796,ATG,False,0,stop_codon,5383796,ATG,51.59,True,WP_048174060.1,1,94.719,5383796,ATG,5383796,ATG,現行アノテーションを支持
MA_RS22840,MA_4367,5383911,ATG,False,0,stop_codon,5383911,ATG,1.92,False,WP_048174061.1,1,93.694,5383911,ATG,5383911,ATG,現行アノテーションを支持
MA_RS22845,MA_4368,5385309,GTG,False,0,stop_codon,5385309,GTG,0.98,False,WP_239451151.1,1,90.741,5385309,GTG,5385309,GTG,現行アノテーションを支持
MA_RS22850,MA_4369,5387252,ATG,False,0,stop_codon,5387252,ATG,1.02,False,WP_048136844.1,1,95.527,5387252,ATG,5387252,ATG,現行アノテーションを支持
MA_RS22855,MA_4370,5388190,ATG,False,0,stop_codon,5388190,ATG,0.83,False,WP_048136843.1,1,94.298,5388190,ATG,5388190,ATG,現行アノテーションを支持
MA_RS22860,MA_4371,5388873,GTG,False,0,stop_codon,5388873,GTG,1.26,False,WP_048136842.1,1,87.452,5388873,GTG,5388873,GTG,現行アノテーションを支持
MA_RS22865,MA_4372,5390436,ATG,False,0,neighbor_gene,5390436,ATG,0.69,False,WP_048136841.1,1,82.018,5390436,ATG,5390436,ATG,現行アノテーションを支持
MA_RS22870,MA_4373,5392120,ATG,False,0,stop_codon,5392120,ATG,1.41,False,WP_048036648.1,1,90.588,5392120,ATG,5392120,ATG,現行アノテーションを支持
MA_RS22875,MA_4374,5392805,ATG,False,1,stop_codon,5392760,ATG,2.51,False,WP_080943721.1,26,67.931,5392760,ATG,5392760,ATG,中確信度: 上流への延長の可能性(片方の証拠のみ)
MA_RS27750,,5393757,GTG,False,0,stop_codon,5393757,GTG,0.14,False,,,,,,5393757,GTG,現行アノテーションを支持
MA_RS22880,MA_4375,5394084,ATG,False,0,stop_codon,5394084,ATG,1.09,False,WP_048174063.1,1,98.851,5394084,ATG,5394084,ATG,現行アノテーションを支持
MA_RS22885,MA_4376,5395493,ATG,False,1,stop_codon,5395499,GTG,17.07,True,WP_048136838.1,3,99.174,5395499,GTG,5395499,GTG,高確信度: 上流への延長を提案(RNA-seq・BLAST一致)
MA_RS22890,MA_4377,5398551,ATG,False,0,stop_codon,5398551,ATG,1.66,False,WP_048174065.1,1,91.44,5398551,ATG,5398551,ATG,現行アノテーションを支持
MA_RS22895,MA_4378,5401918,ATG,False,0,stop_codon,5401918,ATG,2.47,False,WP_048174066.1,1,95.91,5401918,ATG,5401918,ATG,現行アノテーションを支持
MA_RS22900,MA_4379,5402478,ATG,False,1,stop_codon,5402469,ATG,2.12,False,WP_187151965.1,4,96.46,5402469,ATG,5402469,ATG,中確信度: 上流への延長の可能性(片方の証拠のみ)
MA_RS22905,MA_4380,5403822,ATG,False,0,stop_codon,5403822,ATG,1.3,False,WP_048174068.1,1,97.588,5403822,ATG,5403822,ATG,現行アノテーションを支持
MA_RS22910,MA_4381,5406278,ATG,False,0,stop_codon,5406278,ATG,1.34,False,WP_239451149.1,1,89.276,5406278,ATG,5406278,ATG,現行アノテーションを支持
MA_RS22915,MA_4382,5408423,GTG,False,1,stop_codon,5408423,GTG,1.32,False,WP_048174069.1,64,93.798,5408234,ATG,5408234,ATG,中確信度: 上流への延長の可能性(片方の証拠のみ)
MA_RS22920,MA_4383,5410492,ATG,False,3,stop_codon,5410549,TTG,1.01,False,WP_048136831.1,9,91.016,5410591,ATG,5410591,ATG,中確信度: 上流への延長の可能性(片方の証拠のみ)
MA_RS22925,MA_4384,5411710,ATG,False,0,stop_codon,5411710,ATG,0.68,False,WP_048174070.1,1,96.83,5411710,ATG,5411710,ATG,現行アノテーションを支持
MA_RS22930,MA_4385,5413906,ATG,False,0,stop_codon,5413906,ATG,1.75,False,WP_048174072.1,1,74.797,5413906,ATG,5413906,ATG,現行アノテーションを支持
MA_RS22935,MA_4386,5414799,ATG,False,0,stop_codon,5414799,ATG,1.17,False,WP_048170225.1,1,94.766,5414799,ATG,5414799,ATG,現行アノテーションを支持
MA_RS22945,MA_4389,5417074,ATG,False,0,stop_codon,5417074,ATG,0.36,False,WP_048174074.1,1,89.918,5417074,ATG,5417074,ATG,現行アノテーションを支持
MA_RS22955,MA_4391,5419261,ATG,False,0,stop_codon,5419261,ATG,1.01,False,WP_048174076.1,1,96.124,5419261,ATG,5419261,ATG,現行アノテーションを支持
MA_RS22960,MA_4392,5420052,ATG,False,0,neighbor_gene,5420052,ATG,0.57,False,WP_048136826.1,1,98.048,5420052,ATG,5420052,ATG,現行アノテーションを支持
MA_RS22965,MA_4393,5421493,ATG,False,0,stop_codon,5421493,ATG,0.74,False,WP_048174078.1,1,98.446,5421493,ATG,5421493,ATG,現行アノテーションを支持
MA_RS22970,MA_4394,5422491,ATG,False,1,stop_codon,5422491,ATG,0.99,False,WP_052721731.1,20,85.093,5422434,TTG,5422434,TTG,中確信度: 上流への延長の可能性(片方の証拠のみ)
MA_RS22975,MA_4395,5424079,ATG,False,0,stop_codon,5424079,ATG,1.13,False,WP_048174079.1,1,96.423,5424079,ATG,5424079,ATG,現行アノテーションを支持
MA_RS22980,MA_4396,5426252,ATG,False,1,stop_codon,5426246,TTG,1.55,False,WP_048174080.1,3,96.262,5426246,TTG,5426246,TTG,中確信度: 上流への延長の可能性(片方の証拠のみ)
MA_RS22985,MA_4397,5428320,ATG,False,0,stop_codon,5428320,ATG,1.17,False,WP_048174081.1,1,96.935,5428320,ATG,5428320,ATG,現行アノテーションを支持
MA_RS22990,MA_4398,5429469,ATG,False,0,stop_codon,5429469,ATG,1.49,False,WP_048174082.1,1,97.328,5429469,ATG,5429469,ATG,現行アノテーションを支持
MA_RS22995,MA_4399,5433299,ATG,False,0,stop_codon,5433299,ATG,0.8,False,WP_048173696.1,1,96.894,5433299,ATG,5433299,ATG,現行アノテーションを支持
MA_RS23000,MA_4400,5434151,ATG,False,2,stop_codon,5434160,GTG,45.07,True,WP_048174087.1,5,93.525,5434163,ATG,,,要確認: RNA-seqとBLASTが異なる候補を支持
MA_RS23010,MA_4401,5434643,ATG,False,0,stop_codon,5434643,ATG,4.35,True,WP_048174088.1,1,97.716,5434643,ATG,5434643,ATG,現行アノテーションを支持
MA_RS23015,MA_4402,5435952,ATG,False,0,stop_codon,5435952,ATG,0.99,False,WP_048174089.1,1,95.982,5435952,ATG,5435952,ATG,現行アノテーションを支持
MA_RS23020,MA_4403,5436633,ATG,False,0,neighbor_gene,5436633,ATG,0.89,False,WP_048174090.1,1,81.714,5436633,ATG,5436633,ATG,現行アノテーションを支持
MA_RS23025,MA_4404,5437758,ATG,False,1,stop_codon,5437656,TTG,1.09,False,WP_048174091.1,35,97.222,5437656,TTG,5437656,TTG,中確信度: 上流への延長の可能性(片方の証拠のみ)
MA_RS23030,MA_4405,5438765,ATG,False,0,stop_codon,5438765,ATG,1.09,False,WP_048174092.1,1,91.818,5438765,ATG,5438765,ATG,現行アノテーションを支持
MA_RS23035,MA_4406,5439875,ATG,False,0,stop_codon,5439875,ATG,0.84,False,WP_048174093.1,1,97.571,5439875,ATG,5439875,ATG,現行アノテーションを支持
MA_RS23040,MA_4407,5440600,ATG,False,2,stop_codon,5440600,ATG,1.31,False,WP_048174094.1,23,98.526,5440534,GTG,5440534,GTG,中確信度: 上流への延長の可能性(片方の証拠のみ)
MA_RS29105,,5441996,GTG,False,0,stop_codon,5441996,GTG,1.94,False,,,,,,5441996,GTG,現行アノテーションを支持
MA_RS27760,,5442176,ATG,False,0,neighbor_gene,5442176,ATG,1.09,False,WP_048174095.1,1,80.0,5442176,ATG,5442176,ATG,現行アノテーションを支持
MA_RS23045,MA_4408,5442559,ATG,False,0,stop_codon,5442559,ATG,5.22,True,WP_048174097.1,1,99.153,5442559,ATG,5442559,ATG,現行アノテーションを支持
MA_RS23050,MA_4409,5442924,ATG,False,0,neighbor_gene,5442924,ATG,1.01,False,WP_187151821.1,1,98.537,5442924,ATG,5442924,ATG,現行アノテーションを支持
MA_RS23055,MA_4410,5443811,ATG,False,0,stop_codon,5443811,ATG,1.24,False,WP_048174098.1,1,95.669,5443811,ATG,5443811,ATG,現行アノテーションを支持
MA_RS23060,MA_4411,5448121,ATG,False,2,stop_codon,5448175,TTG,1.26,False,,,,,,5448121,ATG,現行アノテーションを支持
MA_RS23065,MA_4413,5449038,TTG,False,0,stop_codon,5449038,TTG,1.94,False,WP_048174105.1,1,97.606,5449038,TTG,5449038,TTG,現行アノテーションを支持
MA_RS23070,MA_4414,5451429,ATG,False,0,neighbor_gene,5451429,ATG,0.98,False,WP_048174107.1,1,93.023,5451429,ATG,5451429,ATG,現行アノテーションを支持
MA_RS23075,MA_4415,5452192,GTG,False,0,stop_codon,5452192,GTG,1.11,False,WP_082089077.1,1,98.81,5452192,GTG,5452192,GTG,現行アノテーションを支持
MA_RS23080,MA_4416,5452624,ATG,False,0,stop_codon,5452624,ATG,1.17,False,WP_048174109.1,1,97.949,5452624,ATG,5452624,ATG,現行アノテーションを支持
MA_RS23085,MA_4417,5453775,ATG,False,1,neighbor_gene,5453775,ATG,1.38,False,WP_048136801.1,1,90.476,5453799,TTG,5453799,TTG,中確信度: 上流への延長の可能性(片方の証拠のみ)
MA_RS29110,,5454023,TTG,False,0,stop_codon,5454023,TTG,0.92,False,WP_231590065.1,1,75.362,5454023,TTG,5454023,TTG,現行アノテーションを支持
MA_RS23090,MA_4418,5454709,ATG,False,1,stop_codon,5454709,ATG,2.98,False,WP_231590066.1,1,98.013,5454721,GTG,5454721,GTG,中確信度: 上流への延長の可能性(片方の証拠のみ)
MA_RS23095,MA_4419,5454844,ATG,False,0,stop_codon,5454844,ATG,2.57,False,WP_048039627.1,1,93.878,5454844,ATG,5454844,ATG,現行アノテーションを支持
MA_RS23100,MA_4420,5456590,TTG,False,1,stop_codon,5456590,TTG,1.49,False,WP_048136797.1,4,97.125,5456581,GTG,5456581,GTG,中確信度: 上流への延長の可能性(片方の証拠のみ)
MA_RS23105,MA_4421,5457549,ATG,False,0,neighbor_gene,5457549,ATG,0.85,False,WP_048174117.1,1,93.506,5457549,ATG,5457549,ATG,現行アノテーションを支持
MA_RS23110,MA_4422,5458893,ATG,False,0,stop_codon,5458893,ATG,1.08,False,WP_048174119.1,1,93.931,5458893,ATG,5458893,ATG,現行アノテーションを支持
MA_RS24850,,5460659,GTG,False,0,stop_codon,5460659,GTG,1.2,False,WP_048119521.1,2,38.095,5460659,GTG,5460659,GTG,現行アノテーションを支持
MA_RS23120,MA_4424,5469998,ATG,False,0,stop_codon,5469998,ATG,1.31,False,WP_048169468.1,276,41.971,5469998,ATG,5469998,ATG,現行アノテーションを支持
MA_RS23125,MA_4425,5470577,ATG,False,0,stop_codon,5470577,ATG,1.27,False,WP_048169452.1,1,90.909,5470577,ATG,5470577,ATG,現行アノテーションを支持
MA_RS23130,MA_4426,5471319,ATG,False,0,stop_codon,5471319,ATG,1.06,False,WP_048122714.1,1,65.366,5471319,ATG,5471319,ATG,現行アノテーションを支持
MA_RS23135,MA_4427,5471993,ATG,False,0,stop_codon,5471993,ATG,11.8,True,WP_011033541.1,1,59.389,5471993,ATG,5471993,ATG,現行アノテーションを支持
MA_RS23140,MA_4428,5473520,ATG,False,0,stop_codon,5473520,ATG,0.98,False,WP_048174121.1,1,97.193,5473520,ATG,5473520,ATG,現行アノテーションを支持
MA_RS23145,MA_4429,5474256,ATG,False,3,stop_codon,5474331,ATG,1.09,False,WP_187151966.1,26,94.372,5474331,ATG,5474331,ATG,中確信度: 上流への延長の可能性(片方の証拠のみ)
MA_RS23150,MA_4430,5474669,ATG,False,1,stop_codon,5474660,TTG,6.87,True,WP_048174122.1,4,97.826,5474660,TTG,5474660,TTG,高確信度: 上流への延長を提案(RNA-seq・BLAST一致)
MA_RS27765,,5475641,ATG,False,1,stop_codon,5475659,TTG,1.12,False,,,,,,5475641,ATG,現行アノテーションを支持
MA_RS23155,MA_4431,5476154,CTG,True,0,stop_codon,5476154,CTG,2.37,False,WP_394297758.1,6,91.489,5476154,CTG,5476154,CTG,現行アノテーションを支持
MA_RS23160,MA_4432,5476881,ATG,False,0,stop_codon,5476881,ATG,6.09,True,WP_048174125.1,1,95.0,5476881,ATG,5476881,ATG,現行アノテーションを支持
MA_RS23165,MA_4433,5477043,ATG,False,0,stop_codon,5477043,ATG,2.28,False,WP_048174128.1,1,95.588,5477043,ATG,5477043,ATG,現行アノテーションを支持
MA_RS23170,MA_4434,5478045,ATG,False,0,stop_codon,5478045,ATG,1.85,False,WP_048136790.1,1,88.889,5478045,ATG,5478045,ATG,現行アノテーションを支持
MA_RS23175,MA_4435,5478920,ATG,False,0,stop_codon,5478920,ATG,2.14,False,WP_048174132.1,1,91.837,5478920,ATG,5478920,ATG,現行アノテーションを支持
MA_RS23180,MA_4436,5479033,ATG,False,0,stop_codon,5479033,ATG,1.92,False,WP_048174133.1,1,96.581,5479033,ATG,5479033,ATG,現行アノテーションを支持
MA_RS23185,MA_4437,5479856,ATG,False,0,stop_codon,5479856,ATG,1.1,False,WP_048174135.1,1,87.831,5479856,ATG,5479856,ATG,現行アノテーションを支持
MA_RS23190,MA_4438,5482556,TTG,False,1,stop_codon,5482556,TTG,1.52,False,WP_231590068.1,1,89.149,5482610,TTG,5482610,TTG,中確信度: 上流への延長の可能性(片方の証拠のみ)
MA_RS23195,MA_4440,5484156,ATG,False,0,stop_codon,5484156,ATG,2.78,False,WP_048174137.1,1,98.671,5484156,ATG,5484156,ATG,現行アノテーションを支持
MA_RS23205,MA_4442,5486734,ATG,False,1,stop_codon,5486695,TTG,1.17,False,WP_048174139.1,14,92.979,5486695,TTG,5486695,TTG,中確信度: 上流への延長の可能性(片方の証拠のみ)
MA_RS23210,MA_4444,5489742,ATG,False,1,stop_codon,5489742,ATG,21.68,True,WP_048174140.1,7,89.08,5489724,GTG,5489724,GTG,中確信度: 上流への延長の可能性(片方の証拠のみ)
MA_RS23215,MA_4445,5492009,ATG,False,0,stop_codon,5492009,ATG,1.1,False,WP_048171605.1,1,58.929,5492009,ATG,5492009,ATG,現行アノテーションを支持
MA_RS23220,MA_4446,5494242,TTG,False,0,stop_codon,5494242,TTG,2.02,False,WP_048136782.1,1,93.032,5494242,TTG,5494242,TTG,現行アノテーションを支持
MA_RS23225,,5494923,ATG,False,0,stop_codon,5494923,ATG,1.35,False,,,,,,5494923,ATG,現行アノテーションを支持
MA_RS23230,MA_4448,5495669,TTG,False,0,stop_codon,5495669,TTG,0.53,False,WP_197080304.1,1,92.926,5495669,TTG,5495669,TTG,現行アノテーションを支持
MA_RS23235,MA_4449,5496815,ATG,False,1,stop_codon,5496806,GTG,1.48,False,WP_048046279.1,4,82.71,5496806,GTG,5496806,GTG,中確信度: 上流への延長の可能性(片方の証拠のみ)
MA_RS23240,MA_4450,5498846,ATG,False,1,neighbor_gene,5498822,ATG,1.56,False,WP_048174150.1,9,90.947,5498822,ATG,5498822,ATG,中確信度: 上流への延長の可能性(片方の証拠のみ)
MA_RS23245,MA_4451,5500781,ATG,False,0,stop_codon,5500781,ATG,1.72,False,WP_048136778.1,1,79.121,5500781,ATG,5500781,ATG,現行アノテーションを支持
MA_RS23250,MA_4452,5502064,ATG,False,0,stop_codon,5502064,ATG,1.05,False,WP_048174154.1,1,91.832,5502064,ATG,5502064,ATG,現行アノテーションを支持
MA_RS23255,MA_4453,5503035,ATG,False,0,stop_codon,5503035,ATG,1.01,False,WP_048174156.1,1,91.234,5503035,ATG,5503035,ATG,現行アノテーションを支持
MA_RS23260,MA_4454,5504074,ATG,False,0,stop_codon,5504074,ATG,1.02,False,WP_082089078.1,1,92.023,5504074,ATG,5504074,ATG,現行アノテーションを支持
MA_RS23265,MA_4455,5505131,TTG,False,1,stop_codon,5505140,GTG,0.66,False,WP_048174159.1,4,94.944,5505140,GTG,5505140,GTG,中確信度: 上流への延長の可能性(片方の証拠のみ)
MA_RS23270,MA_4456,5506010,ATG,False,1,stop_codon,5506019,GTG,3.68,True,WP_226987736.1,4,80.435,5506019,GTG,5506019,GTG,高確信度: 上流への延長を提案(RNA-seq・BLAST一致)
MA_RS23275,MA_4457,5506259,ATG,False,0,stop_codon,5506259,ATG,2.2,False,WP_048136774.1,1,92.74,5506259,ATG,5506259,ATG,現行アノテーションを支持
MA_RS23280,MA_4458,5507514,ATG,False,0,stop_codon,5507514,ATG,0.53,False,WP_155400475.1,14,57.143,5507514,ATG,5507514,ATG,現行アノテーションを支持
MA_RS23285,MA_4459,5508694,GTG,False,1,stop_codon,5508694,GTG,4.25,True,WP_187151822.1,24,95.578,5508763,GTG,5508763,GTG,中確信度: 上流への延長の可能性(片方の証拠のみ)
MA_RS23290,MA_4460,5508886,ATG,False,1,stop_codon,5508886,ATG,16.02,True,WP_048174166.1,5,95.886,5508874,TTG,5508874,TTG,中確信度: 上流への延長の可能性(片方の証拠のみ)
MA_RS23295,MA_4461,5511484,ATG,False,0,stop_codon,5511484,ATG,1.01,False,WP_239451141.1,2,87.117,5511484,ATG,5511484,ATG,現行アノテーションを支持
MA_RS27770,,5512656,ATG,False,0,stop_codon,5512656,ATG,0.9,False,WP_048136768.1,1,53.333,5512656,ATG,5512656,ATG,現行アノテーションを支持
MA_RS27775,,5512950,ATG,False,0,neighbor_gene,5512950,ATG,0.78,False,WP_048174170.1,2,71.875,5512950,ATG,5512950,ATG,現行アノテーションを支持
MA_RS23305,MA_4463,5514681,GTG,False,0,stop_codon,5514681,GTG,1.67,False,WP_082089262.1,1,91.118,5514681,GTG,5514681,GTG,現行アノテーションを支持
MA_RS23310,MA_4464,5515660,ATG,False,2,stop_codon,5515660,ATG,3.65,True,WP_048175145.1,47,93.96,5515798,ATG,5515798,ATG,中確信度: 上流への延長の可能性(片方の証拠のみ)
MA_RS27780,,5515811,ATG,False,0,stop_codon,5515811,ATG,1.85,False,,,,,,5515811,ATG,現行アノテーションを支持
MA_RS23315,MA_4465,5516195,ATG,False,3,stop_codon,5516195,ATG,2.01,False,WP_048174230.1,24,91.864,5516126,TTG,5516126,TTG,中確信度: 上流への延長の可能性(片方の証拠のみ)
MA_RS23320,MA_4466,5517084,GTG,False,0,neighbor_gene,5517084,GTG,1.01,False,WP_048174231.1,1,96.564,5517084,GTG,5517084,GTG,現行アノテーションを支持
MA_RS29115,MA_4467,5518244,GTG,False,0,stop_codon,5518244,GTG,0.76,False,WP_204245369.1,1,82.927,5518244,GTG,5518244,GTG,現行アノテーションを支持
MA_RS29120,MA_4468,5518498,GTG,False,0,neighbor_gene,5518498,GTG,0.81,False,WP_204245369.1,1,58.523,5518498,GTG,5518498,GTG,現行アノテーションを支持
MA_RS23330,MA_4469,5519140,ATG,False,1,stop_codon,5519140,ATG,1.62,False,WP_048175147.1,25,89.764,5519068,GTG,5519068,GTG,中確信度: 上流への延長の可能性(片方の証拠のみ)
MA_RS23335,MA_4470,5520335,ATG,False,1,stop_codon,5520335,ATG,0.96,False,WP_048174232.1,5,88.496,5520323,ATG,5520323,ATG,中確信度: 上流への延長の可能性(片方の証拠のみ)
MA_RS23340,MA_4472,5521340,ATG,False,0,stop_codon,5521340,ATG,0.7,False,WP_011024348.1,1,100.0,5521340,ATG,5521340,ATG,現行アノテーションを支持
MA_RS23345,MA_4473,5521605,ATG,False,0,neighbor_gene,5521605,ATG,1.32,False,WP_048174234.1,1,97.251,5521605,ATG,5521605,ATG,現行アノテーションを支持
MA_RS23350,MA_4474,5522477,ATG,False,0,stop_codon,5522477,ATG,0.87,False,WP_048174235.1,1,96.198,5522477,ATG,5522477,ATG,現行アノテーションを支持
MA_RS23355,MA_4475,5524129,ATG,False,0,neighbor_gene,5524129,ATG,1.07,False,WP_152688653.1,9,73.077,5524129,ATG,5524129,ATG,現行アノテーションを支持
MA_RS23360,MA_4476,5524672,ATG,False,0,neighbor_gene,5524672,ATG,0.72,False,WP_011033676.1,5,53.503,5524672,ATG,5524672,ATG,現行アノテーションを支持
MA_RS23365,MA_4477,5525113,ATG,False,0,stop_codon,5525113,ATG,1.31,False,WP_048174236.1,1,61.151,5525113,ATG,5525113,ATG,現行アノテーションを支持
MA_RS27785,,5525315,ATG,False,0,stop_codon,5525315,ATG,0.91,False,WP_048174236.1,4,71.429,5525315,ATG,5525315,ATG,現行アノテーションを支持
MA_RS23370,MA_4478,5526404,ATG,False,0,stop_codon,5526404,ATG,1.34,False,WP_048174237.1,104,93.519,5526404,ATG,5526404,ATG,現行アノテーションを支持
MA_RS23375,MA_4479,5527112,ATG,False,0,stop_codon,5527112,ATG,0.83,False,WP_048171118.1,12,47.581,5527112,ATG,5527112,ATG,現行アノテーションを支持
MA_RS23380,MA_4480,5528610,ATG,False,0,stop_codon,5528610,ATG,1.0,False,WP_048174326.1,1,91.6,5528610,ATG,5528610,ATG,現行アノテーションを支持
MA_RS23385,MA_4481,5530627,ATG,False,0,stop_codon,5530627,ATG,1.11,False,WP_082089095.1,1,84.211,5530627,ATG,5530627,ATG,現行アノテーションを支持
MA_RS23390,MA_4482,5531544,ATG,False,0,stop_codon,5531544,ATG,1.11,False,WP_232316163.1,18,79.839,5531544,ATG,5531544,ATG,現行アノテーションを支持
MA_RS23395,MA_4483,5531741,GTG,False,2,stop_codon,5531681,TTG,6.37,True,WP_082089262.1,28,90.461,5531660,ATG,,,要確認: RNA-seqとBLASTが異なる候補を支持
MA_RS23400,MA_4484,5533428,TTG,False,1,stop_codon,5533458,ATG,1.43,False,WP_048174324.1,1,98.438,5533458,ATG,5533458,ATG,中確信度: 上流への延長の可能性(片方の証拠のみ)
MA_RS23405,MA_4485,5533711,ATG,False,0,stop_codon,5533711,ATG,30.86,True,WP_048174323.1,1,98.675,5533711,ATG,5533711,ATG,現行アノテーションを支持
MA_RS23410,MA_4486,5534201,ATG,False,0,stop_codon,5534201,ATG,0.79,False,WP_048136703.1,1,78.607,5534201,ATG,5534201,ATG,現行アノテーションを支持
MA_RS23415,MA_4487,5534806,ATG,False,0,stop_codon,5534806,ATG,1.12,False,WP_048174320.1,1,92.469,5534806,ATG,5534806,ATG,現行アノテーションを支持
MA_RS23420,MA_4488,5535531,ATG,False,0,neighbor_gene,5535531,ATG,0.96,False,WP_048174319.1,1,93.137,5535531,ATG,5535531,ATG,現行アノテーションを支持
MA_RS23425,MA_4489,5536163,ATA,True,0,neighbor_gene,5536163,ATA,0.97,False,WP_048136700.1,1,53.465,5536163,ATA,5536163,ATA,現行アノテーションを支持
MA_RS23430,MA_4490,5536748,ATG,False,0,neighbor_gene,5536748,ATG,1.04,False,WP_048174319.1,6,89.163,5536748,ATG,5536748,ATG,現行アノテーションを支持
MA_RS23435,MA_4491,5537374,GTG,False,1,stop_codon,5537257,GTG,1.04,False,WP_048136701.1,47,88.177,5537257,GTG,5537257,GTG,中確信度: 上流への延長の可能性(片方の証拠のみ)
MA_RS23440,MA_4492,5538003,GTG,False,0,stop_codon,5538003,GTG,1.22,False,WP_048174318.1,6,79.798,5538003,GTG,5538003,GTG,現行アノテーションを支持
MA_RS23445,MA_4493,5538615,ATG,False,0,neighbor_gene,5538615,ATG,0.94,False,WP_048174317.1,1,93.237,5538615,ATG,5538615,ATG,現行アノテーションを支持
MA_RS23450,MA_4494,5539239,ATG,False,0,neighbor_gene,5539239,ATG,1.02,False,WP_011033158.1,5,82.439,5539239,ATG,5539239,ATG,現行アノテーションを支持
MA_RS23455,,5539866,ATG,False,0,neighbor_gene,5539866,ATG,1.1,False,WP_048174316.1,1,94.262,5539866,ATG,5539866,ATG,現行アノテーションを支持
MA_RS23460,MA_4497,5540602,ATG,False,0,neighbor_gene,5540602,ATG,0.89,False,WP_048174313.1,1,94.694,5540602,ATG,5540602,ATG,現行アノテーションを支持
MA_RS23465,MA_4498,5541496,ATG,False,1,stop_codon,5541496,ATG,1.06,False,WP_231590163.1,6,89.113,5541481,ATG,5541481,ATG,中確信度: 上流への延長の可能性(片方の証拠のみ)
MA_RS23470,MA_4499,5542381,GTG,False,0,stop_codon,5542381,GTG,1.07,False,WP_048174313.1,5,61.803,5542381,GTG,5542381,GTG,現行アノテーションを支持
MA_RS23475,MA_4500,5543651,ATG,False,0,stop_codon,5543651,ATG,1.12,False,WP_048174310.1,1,89.809,5543651,ATG,5543651,ATG,現行アノテーションを支持
MA_RS23480,MA_4501,5544258,GTG,False,0,stop_codon,5544258,GTG,0.95,False,WP_048174309.1,1,95.513,5544258,GTG,5544258,GTG,現行アノテーションを支持
MA_RS23485,MA_4502,5545181,ATG,False,1,stop_codon,5545181,ATG,3.28,True,WP_048174308.1,22,97.727,5545244,GTG,5545244,GTG,中確信度: 上流への延長の可能性(片方の証拠のみ)
MA_RS23490,MA_4503,5545766,ATG,False,0,stop_codon,5545766,ATG,56.57,True,WP_048136692.1,1,86.164,5545766,ATG,5545766,ATG,現行アノテーションを支持
MA_RS23495,MA_4504,5546145,ATA,True,1,stop_codon,5546055,TTG,4.77,True,WP_048174306.1,39,97.831,5546055,TTG,5546055,TTG,高確信度: 上流への延長を提案(RNA-seq・BLAST一致)
MA_RS23500,MA_4505,5547697,ATG,False,0,stop_codon,5547697,ATG,1.43,False,WP_048174305.1,1,92.188,5547697,ATG,5547697,ATG,現行アノテーションを支持
MA_RS29125,,5548793,ATG,False,1,stop_codon,5548760,GTG,1.02,False,WP_082089182.1,9,77.778,5548760,GTG,5548760,GTG,中確信度: 上流への延長の可能性(片方の証拠のみ)
MA_RS23510,MA_4506,5551633,TTG,False,1,stop_codon,5551633,TTG,1.19,False,WP_231590155.1,7,95.08,5551651,ATG,5551651,ATG,中確信度: 上流への延長の可能性(片方の証拠のみ)
MA_RS23515,MA_4507,5554692,ATG,False,0,stop_codon,5554692,ATG,0.85,False,WP_082089093.1,1,89.549,5554692,ATG,5554692,ATG,現行アノテーションを支持
MA_RS23525,MA_4510,5556920,ATG,False,1,stop_codon,5556926,ATG,1.83,False,WP_048136689.1,31,52.874,5556926,ATG,5556926,ATG,中確信度: 上流への延長の可能性(片方の証拠のみ)
MA_RS23530,MA_4511,5557403,ATG,False,0,stop_codon,5557403,ATG,1.56,False,WP_048174301.1,1,97.705,5557403,ATG,5557403,ATG,現行アノテーションを支持
MA_RS23535,MA_4512,5558508,ATG,False,0,stop_codon,5558508,ATG,0.76,False,,,,,,5558508,ATG,現行アノテーションを支持
MA_RS23540,MA_4513,5559546,ATG,False,1,stop_codon,5559522,TTG,1.1,False,WP_048174300.1,9,95.087,5559522,TTG,5559522,TTG,中確信度: 上流への延長の可能性(片方の証拠のみ)
MA_RS23545,MA_4514,5561129,ATG,False,0,stop_codon,5561129,ATG,1.08,False,WP_048174299.1,1,95.808,5561129,ATG,5561129,ATG,現行アノテーションを支持
MA_RS23550,MA_4515,5562088,ATG,False,0,stop_codon,5562088,ATG,1.07,False,WP_048174298.1,1,97.324,5562088,ATG,5562088,ATG,現行アノテーションを支持
MA_RS23555,MA_4516,5562712,ATG,False,2,stop_codon,5562745,GTG,235.16,True,WP_048174297.1,12,98.936,5562745,GTG,5562745,GTG,高確信度: 上流への延長を提案(RNA-seq・BLAST一致)
MA_RS23560,MA_4517,5563124,ATG,False,1,stop_codon,5563073,TTG,1.82,False,WP_048174296.1,18,98.113,5563073,TTG,5563073,TTG,中確信度: 上流への延長の可能性(片方の証拠のみ)
MA_RS23565,MA_4518,5564326,ATG,False,1,stop_codon,5564278,TTG,4.24,True,WP_048174295.1,17,94.898,5564278,TTG,5564278,TTG,高確信度: 上流への延長を提案(RNA-seq・BLAST一致)
MA_RS23570,MA_4519,5566163,ATG,False,0,stop_codon,5566163,ATG,1.48,False,WP_048174294.1,1,96.646,5566163,ATG,5566163,ATG,現行アノテーションを支持
MA_RS23575,MA_4520,5566780,ATG,False,0,stop_codon,5566780,ATG,0.42,False,WP_048174293.1,1,97.416,5566780,ATG,5566780,ATG,現行アノテーションを支持
MA_RS23580,MA_4521,5568780,GTG,False,0,stop_codon,5568780,GTG,1.0,False,WP_197080308.1,16,94.089,5568780,GTG,5568780,GTG,現行アノテーションを支持
MA_RS23585,MA_4522,5569184,ATG,False,0,stop_codon,5569184,ATG,2.12,False,WP_048174291.1,1,95.699,5569184,ATG,5569184,ATG,現行アノテーションを支持
MA_RS23590,MA_4523,5569478,ATG,False,1,neighbor_gene,5569478,ATG,0.94,False,WP_048174290.1,2,96.0,5569475,TTG,5569475,TTG,中確信度: 上流への延長の可能性(片方の証拠のみ)
MA_RS23595,MA_4524,5570906,ATG,False,0,neighbor_gene,5570906,ATG,1.14,False,WP_048174289.1,1,97.576,5570906,ATG,5570906,ATG,現行アノテーションを支持
MA_RS23600,MA_4525,5573281,ATG,False,1,stop_codon,5573293,GTG,4.34,True,WP_048174288.1,5,86.245,5573293,GTG,5573293,GTG,高確信度: 上流への延長を提案(RNA-seq・BLAST一致)
MA_RS23605,MA_4527,5573662,ATG,False,0,stop_codon,5573662,ATG,1.76,False,WP_048174287.1,6,96.067,5573662,ATG,5573662,ATG,現行アノテーションを支持
MA_RS29595,,5574733,ATG,False,0,stop_codon,5574733,ATG,1.63,False,WP_261788950.1,1,97.727,5574733,ATG,5574733,ATG,現行アノテーションを支持
MA_RS23615,MA_4529,5576014,ATG,False,0,stop_codon,5576014,ATG,0.99,False,WP_048174208.1,1,91.051,5576014,ATG,5576014,ATG,現行アノテーションを支持
MA_RS23625,MA_4531,5579431,ATG,False,0,stop_codon,5579431,ATG,1.46,False,WP_048174286.1,1,93.333,5579431,ATG,5579431,ATG,現行アノテーションを支持
MA_RS23630,MA_4532,5580386,ATG,False,0,stop_codon,5580386,ATG,0.98,False,WP_048174285.1,1,98.462,5580386,ATG,5580386,ATG,現行アノテーションを支持
MA_RS23635,MA_4533,5581396,ATG,False,0,stop_codon,5581396,ATG,0.86,False,WP_048174284.1,1,98.82,5581396,ATG,5581396,ATG,現行アノテーションを支持
MA_RS23640,MA_4534,5583155,ATG,False,0,stop_codon,5583155,ATG,0.84,False,WP_048174283.1,1,97.449,5583155,ATG,5583155,ATG,現行アノテーションを支持
MA_RS23645,MA_4535,5583805,GTG,False,0,neighbor_gene,5583805,GTG,0.94,False,WP_048174282.1,1,96.429,5583805,GTG,5583805,GTG,現行アノテーションを支持
MA_RS23650,MA_4536,5584920,ATG,False,1,stop_codon,5584920,ATG,3.44,True,WP_048174281.1,18,94.324,5584971,ATG,5584971,ATG,中確信度: 上流への延長の可能性(片方の証拠のみ)
MA_RS23655,MA_4537,5586486,ATG,False,2,neighbor_gene,5586486,ATG,1.09,False,WP_048174280.1,25,88.674,5586558,TTG,5586558,TTG,中確信度: 上流への延長の可能性(片方の証拠のみ)
MA_RS23660,MA_4538,5587455,ATG,False,3,stop_codon,5587512,ATG,1.27,False,WP_048174279.1,31,99.643,5587545,GTG,5587545,GTG,中確信度: 上流への延長の可能性(片方の証拠のみ)
MA_RS24870,,5587946,GTG,False,2,neighbor_gene,5587946,GTG,3.3,True,WP_052721743.1,1,86.301,5587958,GTG,5587958,GTG,中確信度: 上流への延長の可能性(片方の証拠のみ)
MA_RS24875,,5588408,GTG,False,0,stop_codon,5588408,GTG,1.32,False,WP_052721743.1,18,93.701,5588408,GTG,5588408,GTG,現行アノテーションを支持
MA_RS23670,MA_4540,5588911,GTG,False,0,stop_codon,5588911,GTG,2.25,False,WP_048174278.1,1,87.293,5588911,GTG,5588911,GTG,現行アノテーションを支持
MA_RS23675,MA_4541,5589531,ATG,False,2,stop_codon,5589519,TTG,10.91,True,WP_048174277.1,5,88.889,5589519,TTG,5589519,TTG,高確信度: 上流への延長を提案(RNA-seq・BLAST一致)
MA_RS23680,MA_4542,5591063,ATG,False,0,stop_codon,5591063,ATG,1.27,False,WP_048174276.1,1,97.902,5591063,ATG,5591063,ATG,現行アノテーションを支持
MA_RS27790,,5592143,ATG,False,0,stop_codon,5592143,ATG,0.84,False,,,,,,5592143,ATG,現行アノテーションを支持
MA_RS23685,MA_4543,5592477,ATG,False,1,stop_codon,5592438,TTG,1.01,False,WP_048174275.1,14,98.618,5592438,TTG,5592438,TTG,中確信度: 上流への延長の可能性(片方の証拠のみ)
MA_RS23690,MA_4544,5593231,ATG,False,0,stop_codon,5593231,ATG,1.37,False,WP_048174274.1,1,94.884,5593231,ATG,5593231,ATG,現行アノテーションを支持
MA_RS23695,MA_4545,5595442,ATG,False,0,stop_codon,5595442,ATG,3.36,True,WP_048174273.1,1,92.025,5595442,ATG,5595442,ATG,現行アノテーションを支持
MA_RS23700,MA_4546,5598387,ATG,False,1,neighbor_gene,5598396,GTG,0.94,False,WP_048174272.1,4,98.772,5598396,GTG,5598396,GTG,中確信度: 上流への延長の可能性(片方の証拠のみ)
MA_RS23705,MA_4547,5599144,ATG,False,0,neighbor_gene,5599144,ATG,1.31,False,WP_048174271.1,1,99.597,5599144,ATG,5599144,ATG,現行アノテーションを支持
MA_RS23710,MA_4548,5599766,ATG,False,0,neighbor_gene,5599766,ATG,1.61,False,WP_048174270.1,1,98.058,5599766,ATG,5599766,ATG,現行アノテーションを支持
MA_RS23715,MA_4549,5600285,ATG,False,1,stop_codon,5600285,ATG,1.44,False,WP_048174269.1,6,96.815,5600300,GTG,5600300,GTG,中確信度: 上流への延長の可能性(片方の証拠のみ)
MA_RS23720,MA_4550,5601614,GTG,False,0,stop_codon,5601614,GTG,1.63,False,WP_048174268.1,1,95.853,5601614,GTG,5601614,GTG,現行アノテーションを支持
MA_RS23725,MA_4551,5602034,ATG,False,0,stop_codon,5602034,ATG,28.08,True,WP_048174267.1,1,94.647,5602034,ATG,5602034,ATG,現行アノテーションを支持
MA_RS23730,MA_4552,5607067,ATG,False,0,neighbor_gene,5607067,ATG,0.75,False,WP_048174266.1,1,95.812,5607067,ATG,5607067,ATG,現行アノテーションを支持
MA_RS23735,MA_4553,5607346,TTG,False,1,stop_codon,5607346,TTG,1.31,False,WP_231590147.1,9,95.181,5607376,TTG,5607376,TTG,中確信度: 上流への延長の可能性(片方の証拠のみ)
MA_RS23740,MA_4554,5608522,GTG,False,0,stop_codon,5608522,GTG,1.32,False,WP_048174264.1,1,93.056,5608522,GTG,5608522,GTG,現行アノテーションを支持
MA_RS23745,MA_4555,5609945,ATG,False,0,max_distance,5609945,ATG,1.85,False,WP_048174263.1,1,97.196,5609945,ATG,5609945,ATG,現行アノテーションを支持
MA_RS29600,,5610106,GTG,False,0,stop_codon,5610106,GTG,3.02,True,,,,,,5610106,GTG,現行アノテーションを支持
MA_RS23750,MA_4556,5611435,ATG,False,1,stop_codon,5611474,ATG,2.41,False,WP_048174262.1,14,93.473,5611474,ATG,5611474,ATG,中確信度: 上流への延長の可能性(片方の証拠のみ)
MA_RS23755,,5612507,ATG,False,0,stop_codon,5612507,ATG,3.68,True,WP_048174259.1,6,88.571,5612507,ATG,5612507,ATG,現行アノテーションを支持
MA_RS23765,MA_4558,5614909,ATG,False,0,stop_codon,5614909,ATG,0.81,False,WP_048174258.1,1,99.226,5614909,ATG,5614909,ATG,現行アノテーションを支持
MA_RS27795,,5615266,ATG,False,0,stop_codon,5615266,ATG,0.92,False,WP_156158919.1,1,98.276,5615266,ATG,5615266,ATG,現行アノテーションを支持
MA_RS23770,MA_4559,5616667,ATG,False,0,stop_codon,5616667,ATG,8.75,True,WP_048174257.1,1,97.011,5616667,ATG,5616667,ATG,現行アノテーションを支持
MA_RS23775,MA_4560,5617538,ATG,False,0,stop_codon,5617538,ATG,1.25,False,WP_231590145.1,20,96.721,5617538,ATG,5617538,ATG,現行アノテーションを支持
MA_RS23780,MA_4561,5620557,ATG,False,0,stop_codon,5620557,ATG,1.02,False,WP_239451048.1,306,67.388,5620557,ATG,5620557,ATG,現行アノテーションを支持
MA_RS23785,MA_4562,5622606,ATG,False,0,stop_codon,5622606,ATG,1.61,False,WP_048175155.1,4,97.542,5622606,ATG,5622606,ATG,現行アノテーションを支持
MA_RS23790,MA_4563,5624799,ATG,False,0,stop_codon,5624799,ATG,3.62,True,WP_048174254.1,1,94.163,5624799,ATG,5624799,ATG,現行アノテーションを支持
MA_RS23795,MA_4564,5625952,ATG,False,0,stop_codon,5625952,ATG,1.25,False,WP_082089087.1,1,93.478,5625952,ATG,5625952,ATG,現行アノテーションを支持
MA_RS23800,MA_4565,5626458,ATG,False,1,stop_codon,5626458,ATG,17.3,True,,,,,,5626458,ATG,現行アノテーションを支持
MA_RS23805,MA_4566,5627207,ATG,False,0,stop_codon,5627207,ATG,1.09,False,WP_048174253.1,1,88.71,5627207,ATG,5627207,ATG,現行アノテーションを支持
MA_RS23810,MA_4567,5627422,GTG,False,1,neighbor_gene,5627437,ATG,1.03,False,WP_048174252.1,1,98.684,5627437,ATG,5627437,ATG,中確信度: 上流への延長の可能性(片方の証拠のみ)
MA_RS23815,MA_4568,5627976,ATG,False,0,stop_codon,5627976,ATG,0.97,False,WP_048136650.1,1,93.939,5627976,ATG,5627976,ATG,現行アノテーションを支持
MA_RS23820,MA_4569,5629541,ATG,False,0,stop_codon,5629541,ATG,0.89,False,WP_048174250.1,1,95.785,5629541,ATG,5629541,ATG,現行アノテーションを支持
MA_RS23825,MA_4570,5629963,ATG,False,0,stop_codon,5629963,ATG,0.81,False,WP_048174249.1,1,96.454,5629963,ATG,5629963,ATG,現行アノテーションを支持
MA_RS23830,MA_4665,5630411,ATG,False,0,stop_codon,5630411,ATG,1.02,False,WP_048174248.1,1,99.338,5630411,ATG,5630411,ATG,現行アノテーションを支持
MA_RS23835,MA_4572,5632831,ATG,False,0,stop_codon,5632831,ATG,1.35,False,WP_048174247.1,1,97.643,5632831,ATG,5632831,ATG,現行アノテーションを支持
MA_RS23845,MA_4573,5634694,ATG,False,0,stop_codon,5634694,ATG,0.58,False,WP_048174246.1,1,95.152,5634694,ATG,5634694,ATG,現行アノテーションを支持
MA_RS23850,MA_4574,5635252,ATG,False,0,stop_codon,5635252,ATG,2.01,False,WP_048174245.1,1,97.126,5635252,ATG,5635252,ATG,現行アノテーションを支持
MA_RS23855,MA_4575,5637673,ATG,False,0,stop_codon,5637673,ATG,0.94,False,WP_048174244.1,1,97.344,5637673,ATG,5637673,ATG,現行アノテーションを支持
MA_RS23860,MA_4576,5638362,ATG,False,0,stop_codon,5638362,ATG,2.98,False,WP_048174243.1,1,98.696,5638362,ATG,5638362,ATG,現行アノテーションを支持
MA_RS27800,,5638666,ATG,False,0,stop_codon,5638666,ATG,2.04,False,WP_048174242.1,1,89.286,5638666,ATG,5638666,ATG,現行アノテーションを支持
MA_RS23865,MA_4577,5638852,TTG,False,0,stop_codon,5638852,TTG,3.94,True,WP_048174241.1,7,91.471,5638852,TTG,5638852,TTG,現行アノテーションを支持
MA_RS23870,MA_4578,5641071,ATG,False,0,neighbor_gene,5641071,ATG,0.94,False,WP_048174240.1,1,60.518,5641071,ATG,5641071,ATG,現行アノテーションを支持
MA_RS24880,MA_4579,5642140,ATG,False,1,stop_codon,5642167,TTG,2.85,False,WP_052721740.1,10,84.932,5642167,TTG,5642167,TTG,中確信度: 上流への延長の可能性(片方の証拠のみ)
MA_RS23885,MA_4580,5642884,ATG,False,1,stop_codon,5642902,TTG,1.12,False,WP_048142933.1,7,94.079,5642902,TTG,5642902,TTG,中確信度: 上流への延長の可能性(片方の証拠のみ)
MA_RS27805,,5643386,ATG,False,0,stop_codon,5643386,ATG,0.98,False,,,,,,5643386,ATG,現行アノテーションを支持
MA_RS23895,MA_4581,5644192,GTG,False,1,stop_codon,5644243,ATG,1.88,False,WP_048174238.1,1,96.266,5644243,ATG,5644243,ATG,中確信度: 上流への延長の可能性(片方の証拠のみ)
MA_RS23900,MA_4582,5644562,ATG,False,1,stop_codon,5644553,GTG,1.19,False,WP_231590236.1,1,90.84,5644553,GTG,5644553,GTG,中確信度: 上流への延長の可能性(片方の証拠のみ)
MA_RS23905,MA_4583,5645706,ATG,False,0,neighbor_gene,5645706,ATG,1.3,False,WP_052712635.1,1,59.016,5645706,ATG,5645706,ATG,現行アノテーションを支持
MA_RS23910,MA_4584,5646116,TTG,False,0,stop_codon,5646116,TTG,0.91,False,WP_052728029.1,13,69.62,5646116,TTG,5646116,TTG,現行アノテーションを支持
MA_RS23915,MA_4585,5646265,ATG,False,0,stop_codon,5646265,ATG,2.99,False,WP_048136639.1,1,78.322,5646265,ATG,5646265,ATG,現行アノテーションを支持
MA_RS29130,MA_4586,5647611,TTG,False,0,stop_codon,5647611,TTG,1.0,False,WP_048142930.1,63,83.871,5647611,TTG,5647611,TTG,現行アノテーションを支持
MA_RS23935,MA_4587,5648960,ATG,False,0,stop_codon,5648960,ATG,1.31,False,WP_048169035.1,1,98.866,5648960,ATG,5648960,ATG,現行アノテーションを支持
MA_RS29135,MA_4588,5659469,ATG,False,0,stop_codon,5659469,ATG,0.88,False,WP_231589806.1,1506,79.603,5659469,ATG,5659469,ATG,現行アノテーションを支持
MA_RS29140,MA_4589,5664559,ATG,False,1,stop_codon,5664559,ATG,1.39,False,WP_052721725.1,450,52.138,5664562,GTG,5664562,GTG,中確信度: 上流への延長の可能性(片方の証拠のみ)
MA_RS23955,MA_4590,5666345,ATG,False,0,stop_codon,5666345,ATG,1.69,False,WP_048169033.1,1,97.354,5666345,ATG,5666345,ATG,現行アノテーションを支持
MA_RS23960,MA_4591,5666859,ATG,False,0,stop_codon,5666859,ATG,1.27,False,WP_048169031.1,1,98.113,5666859,ATG,5666859,ATG,現行アノテーションを支持
MA_RS23965,MA_4592,5667764,TTG,False,0,stop_codon,5667764,TTG,1.32,False,WP_048169029.1,1,97.895,5667764,TTG,5667764,TTG,現行アノテーションを支持
MA_RS23970,MA_4593,5669066,ATG,False,0,stop_codon,5669066,ATG,1.02,False,WP_048169027.1,1,90.083,5669066,ATG,5669066,ATG,現行アノテーションを支持
MA_RS23975,MA_4594,5669791,ATG,False,0,stop_codon,5669791,ATG,0.87,False,WP_048169026.1,1,92.143,5669791,ATG,5669791,ATG,現行アノテーションを支持
MA_RS23980,MA_4595,5670630,TTG,False,0,stop_codon,5670630,TTG,0.93,False,WP_048169023.1,1,93.697,5670630,TTG,5670630,TTG,現行アノテーションを支持
MA_RS23985,MA_4596,5672228,GTG,False,1,stop_codon,5672138,ATG,4.46,True,WP_231590224.1,31,90.683,5672138,ATG,5672138,ATG,高確信度: 上流への延長を提案(RNA-seq・BLAST一致)
MA_RS23990,MA_4597,5674669,ATG,False,0,neighbor_gene,5674669,ATG,0.78,False,WP_048169020.1,1,95.636,5674669,ATG,5674669,ATG,現行アノテーションを支持
MA_RS23995,MA_4598,5675625,ATG,False,1,stop_codon,5675625,ATG,0.84,False,WP_048169018.1,2,93.375,5675628,TTG,5675628,TTG,中確信度: 上流への延長の可能性(片方の証拠のみ)
MA_RS24000,MA_4599,5676449,ATG,False,0,neighbor_gene,5676449,ATG,1.12,False,WP_048169016.1,1,97.81,5676449,ATG,5676449,ATG,現行アノテーションを支持
MA_RS24005,MA_4600,5677450,TTG,False,0,stop_codon,5677450,TTG,0.9,False,WP_048169014.1,1,97.59,5677450,TTG,5677450,TTG,現行アノテーションを支持
MA_RS24010,MA_4601,5679218,ATG,False,0,neighbor_gene,5679218,ATG,1.19,False,WP_231590222.1,1,95.883,5679218,ATG,5679218,ATG,現行アノテーションを支持
MA_RS24015,MA_4602,5679873,ATG,False,0,stop_codon,5679873,ATG,57.12,True,WP_048169010.1,1,98.157,5679873,ATG,5679873,ATG,現行アノテーションを支持
MA_RS24025,MA_4604,5680339,ATG,False,1,stop_codon,5680330,TTG,1.2,False,WP_048169006.1,4,95.979,5680330,TTG,5680330,TTG,中確信度: 上流への延長の可能性(片方の証拠のみ)
MA_RS24030,MA_4605,5681476,ATG,False,0,neighbor_gene,5681476,ATG,0.86,False,WP_052721458.1,1,97.746,5681476,ATG,5681476,ATG,現行アノテーションを支持
MA_RS24035,MA_4606,5682540,ATG,False,1,stop_codon,5682540,ATG,0.85,False,WP_231590207.1,3,94.178,5682534,ATG,5682534,ATG,中確信度: 上流への延長の可能性(片方の証拠のみ)
MA_RS24040,MA_4607,5684245,TTG,False,0,neighbor_gene,5684245,TTG,0.6,False,WP_048168999.1,1,98.649,5684245,TTG,5684245,TTG,現行アノテーションを支持
MA_RS24045,MA_4608,5685484,ATG,False,0,stop_codon,5685484,ATG,1.81,False,WP_048168998.1,1,98.214,5685484,ATG,5685484,ATG,現行アノテーションを支持
MA_RS24050,MA_4609,5686324,ATG,False,1,stop_codon,5686324,ATG,4.2,True,WP_048168996.1,13,95.588,5686360,TTG,5686360,TTG,中確信度: 上流への延長の可能性(片方の証拠のみ)
MA_RS24060,MA_4610,5687486,ATG,False,0,stop_codon,5687486,ATG,0.84,False,WP_048168994.1,18,83.152,5687486,ATG,5687486,ATG,現行アノテーションを支持
MA_RS24065,MA_4611,5688069,ATG,False,1,stop_codon,5688069,ATG,4.14,True,WP_052712710.1,473,65.7,5688042,ATG,5688042,ATG,中確信度: 上流への延長の可能性(片方の証拠のみ)
MA_RS24085,MA_4615,5695744,ATG,False,0,stop_codon,5695744,ATG,359.37,True,WP_048168992.1,1,98.447,5695744,ATG,5695744,ATG,現行アノテーションを支持
MA_RS24090,MA_4616,5697439,ATG,False,1,stop_codon,5697424,ATG,1.06,False,WP_231590204.1,6,91.27,5697424,ATG,5697424,ATG,中確信度: 上流への延長の可能性(片方の証拠のみ)
MA_RS24095,MA_4617,5698281,ATG,False,0,stop_codon,5698281,ATG,1.49,False,WP_048168988.1,1,99.061,5698281,ATG,5698281,ATG,現行アノテーションを支持
MA_RS24100,MA_4618,5699337,ATG,False,0,max_distance,5699337,ATG,1.23,False,WP_048174389.1,1,95.277,5699337,ATG,5699337,ATG,現行アノテーションを支持
MA_RS24890,MA_4619,5702285,ATG,False,1,stop_codon,5702285,ATG,2.05,False,WP_048154024.1,1,70.428,5702303,TTG,5702303,TTG,中確信度: 上流への延長の可能性(片方の証拠のみ)
MA_RS24110,MA_4620,5702451,ATG,False,0,stop_codon,5702451,ATG,1.11,False,WP_052712632.1,1,76.471,5702451,ATG,5702451,ATG,現行アノテーションを支持
MA_RS24115,MA_4621,5703053,TTG,False,0,stop_codon,5703053,TTG,1.0,False,WP_052712631.1,1,78.542,5703053,TTG,5703053,TTG,現行アノテーションを支持
MA_RS24120,MA_4622,5704594,ATG,False,0,stop_codon,5704594,ATG,1.43,False,WP_048046530.1,1,75.676,5704594,ATG,5704594,ATG,現行アノテーションを支持
MA_RS24125,MA_4623,5705462,ATG,False,1,neighbor_gene,5705462,ATG,1.24,False,WP_048168986.1,1,92.473,5705540,ATG,5705540,ATG,中確信度: 上流への延長の可能性(片方の証拠のみ)
MA_RS24130,MA_4624,5705824,ATG,False,2,stop_codon,5705851,TTG,8.22,True,WP_011033236.1,14,83.529,5705863,GTG,,,要確認: RNA-seqとBLASTが異なる候補を支持
MA_RS24135,MA_4625,5706981,GTG,False,0,stop_codon,5706981,GTG,0.76,False,WP_048154177.1,6,83.495,5706981,GTG,5706981,GTG,現行アノテーションを支持
MA_RS24140,MA_4626,5708281,ATG,False,0,neighbor_gene,5708281,ATG,0.85,False,WP_048174449.1,17,33.0,5708281,ATG,5708281,ATG,現行アノテーションを支持
MA_RS27825,,5708502,GTG,False,0,stop_codon,5708502,GTG,0.68,False,,,,,,5708502,GTG,現行アノテーションを支持
MA_RS29605,,5709069,ATG,False,0,stop_codon,5709069,ATG,1.22,False,WP_449288714.1,1,92.593,5709069,ATG,5709069,ATG,現行アノテーションを支持
MA_RS24145,MA_4627,5709695,ATG,False,0,stop_codon,5709695,ATG,1.16,False,WP_230633238.1,1,89.474,5709695,ATG,5709695,ATG,現行アノテーションを支持
MA_RS24150,MA_4628,5711000,ATG,False,3,stop_codon,5711012,GTG,1.04,False,WP_048154177.1,11,86.056,5711030,GTG,5711030,GTG,中確信度: 上流への延長の可能性(片方の証拠のみ)
MA_RS24155,MA_4629,5712449,TTG,False,0,stop_codon,5712449,TTG,2.24,False,WP_048136619.1,24,48.718,5712449,TTG,5712449,TTG,現行アノテーションを支持
MA_RS24160,MA_4630,5714019,ATG,False,0,neighbor_gene,5714019,ATG,1.01,False,WP_048168982.1,1,95.561,5714019,ATG,5714019,ATG,現行アノテーションを支持
MA_RS24165,MA_4631,5715395,ATG,False,2,stop_codon,5715407,TTG,1.83,False,WP_048136615.1,48,96.053,5715536,ATG,5715536,ATG,中確信度: 上流への延長の可能性(片方の証拠のみ)
MA_RS24170,MA_4632,5715639,ATG,False,0,stop_codon,5715639,ATG,1.39,False,WP_048168974.1,1,92.8,5715639,ATG,5715639,ATG,現行アノテーションを支持
MA_RS24175,MA_4633,5717720,ATG,False,0,stop_codon,5717720,ATG,1.2,False,WP_080503104.1,1,94.886,5717720,ATG,5717720,ATG,現行アノテーションを支持
MA_RS24180,MA_4634,5718512,ATG,False,0,stop_codon,5718512,ATG,4.94,True,WP_011024502.1,1,100.0,5718512,ATG,5718512,ATG,現行アノテーションを支持
MA_RS24185,MA_4635,5720485,ATG,False,0,stop_codon,5720485,ATG,1.11,False,WP_048168971.1,1,96.724,5720485,ATG,5720485,ATG,現行アノテーションを支持
MA_RS24190,MA_4636,5722007,ATG,False,0,stop_codon,5722007,ATG,0.9,False,WP_048168968.1,1,91.278,5722007,ATG,5722007,ATG,現行アノテーションを支持
MA_RS24195,MA_4637,5723568,ATG,False,0,stop_codon,5723568,ATG,0.73,False,WP_048168967.1,1,90.423,5723568,ATG,5723568,ATG,現行アノテーションを支持
MA_RS24200,MA_4638,5725410,ATG,False,0,stop_codon,5725410,ATG,15.18,True,WP_048168966.1,1,97.585,5725410,ATG,5725410,ATG,現行アノテーションを支持
MA_RS24205,MA_4640,5726681,ATG,False,1,stop_codon,5726672,TTG,1.19,False,WP_048169448.1,4,96.07,5726672,TTG,5726672,TTG,中確信度: 上流への延長の可能性(片方の証拠のみ)
MA_RS24210,MA_4641,5727367,ATG,False,0,stop_codon,5727367,ATG,1.14,False,WP_048142400.1,1,96.172,5727367,ATG,5727367,ATG,現行アノテーションを支持
MA_RS24215,MA_4642,5728022,ATG,False,0,neighbor_gene,5728022,ATG,1.1,False,WP_048169452.1,1,86.066,5728022,ATG,5728022,ATG,現行アノテーションを支持
MA_RS24220,MA_4643,5728534,TTG,False,7,stop_codon,5728516,TTG,1.83,False,WP_048046827.1,83,36.274,5728423,GTG,5728423,GTG,中確信度: 上流への延長の可能性(片方の証拠のみ)
MA_RS24225,MA_4644,5734280,ATG,False,1,stop_codon,5734280,ATG,1.15,False,WP_048168964.1,2,96.317,5734283,TTG,5734283,TTG,中確信度: 上流への延長の可能性(片方の証拠のみ)
MA_RS24230,MA_4645,5735021,ATG,False,0,stop_codon,5735021,ATG,0.87,False,WP_048168962.1,1,96.488,5735021,ATG,5735021,ATG,現行アノテーションを支持
MA_RS24240,MA_4647,5737506,ATG,False,0,stop_codon,5737506,ATG,0.87,False,WP_048168958.1,1,95.694,5737506,ATG,5737506,ATG,現行アノテーションを支持
MA_RS24245,MA_4648,5738490,ATG,False,0,stop_codon,5738490,ATG,1.25,False,WP_048168956.1,1,94.318,5738490,ATG,5738490,ATG,現行アノテーションを支持
MA_RS24250,MA_4649,5739655,GTG,False,0,stop_codon,5739655,GTG,0.85,False,WP_048168954.1,1,97.598,5739655,GTG,5739655,GTG,現行アノテーションを支持
MA_RS24255,MA_4650,5741085,ATG,False,0,stop_codon,5741085,ATG,9.04,True,WP_048168950.1,1,96.797,5741085,ATG,5741085,ATG,現行アノテーションを支持
MA_RS24260,MA_4651,5742241,ATG,False,2,stop_codon,5742193,TTG,1.1,False,WP_204245367.1,17,93.411,5742193,TTG,5742193,TTG,中確信度: 上流への延長の可能性(片方の証拠のみ)
MA_RS24265,MA_4652,5744022,ATG,False,0,stop_codon,5744022,ATG,3.98,True,WP_082088827.1,1,98.479,5744022,ATG,5744022,ATG,現行アノテーションを支持
MA_RS24270,MA_4653,5744219,ATG,False,0,stop_codon,5744219,ATG,3.66,True,WP_048168948.1,1,96.154,5744219,ATG,5744219,ATG,現行アノテーションを支持
MA_RS24275,MA_4654,5745796,ATG,False,0,stop_codon,5745796,ATG,1.05,False,WP_048168933.1,1,97.143,5745796,ATG,5745796,ATG,現行アノテーションを支持
MA_RS24280,MA_4655,5746967,ATG,False,1,stop_codon,5746967,ATG,1.18,False,WP_048168931.1,8,92.5,5746946,GTG,5746946,GTG,中確信度: 上流への延長の可能性(片方の証拠のみ)
MA_RS24285,MA_4656,5747851,ATG,False,1,stop_codon,5747851,ATG,1.28,False,WP_082088825.1,1,91.065,5747815,ATG,5747815,ATG,中確信度: 上流への延長の可能性(片方の証拠のみ)
MA_RS27830,,5748723,TTG,False,0,neighbor_gene,5748723,TTG,0.82,False,,,,,,5748723,TTG,現行アノテーションを支持
MA_RS24295,MA_4658,5749764,ATG,False,0,stop_codon,5749764,ATG,1.29,False,WP_048168925.1,1,95.72,5749764,ATG,5749764,ATG,現行アノテーションを支持
MA_RS24300,MA_4659,5750505,ATG,False,1,stop_codon,5750505,ATG,1.12,False,WP_048168921.1,6,92.405,5750520,TTG,5750520,TTG,中確信度: 上流への延長の可能性(片方の証拠のみ)
MA_RS24305,MA_4660,5751244,ATG,False,1,stop_codon,5751244,ATG,1.56,False,WP_048168917.1,2,95.161,5751247,TTG,5751247,TTG,中確信度: 上流への延長の可能性(片方の証拠のみ)
