locus_tag,old_locus_tag,current_start_pos,current_codon,current_codon_noncanonical,n_candidates_upstream,upstream_limit_reason,rna_best_pos,rna_best_codon,rna_step_ratio,rna_step_ratio_exceeds_threshold,blast_best_species_hit,blast_qstart_aa,blast_pident,blast_supported_pos,blast_supported_codon,proposed_start_pos,proposed_codon,verdict
MA_RS00230,MA_0045,56958,TTG,False,1,stop_codon,56925,ATG,4.53,True,WP_048174356.1,1,92.537,56925,ATG,56925,ATG,高確信度: 上流への延長を提案(RNA-seq・BLAST一致)
MA_RS00470,MA_0092,115917,ATG,False,2,stop_codon,115938,TTG,18.15,True,WP_048064806.1,8,100.0,115938,TTG,115938,TTG,高確信度: 上流への延長を提案(RNA-seq・BLAST一致)
MA_RS00475,MA_0093,116164,ATG,False,1,stop_codon,116131,GTG,15.79,True,WP_048169048.1,12,85.398,116131,GTG,116131,GTG,高確信度: 上流への延長を提案(RNA-seq・BLAST一致)
MA_RS00485,,117748,ATG,False,1,stop_codon,117730,TTG,6033.37,True,WP_048169053.1,7,95.0,117730,TTG,117730,TTG,高確信度: 上流への延長を提案(RNA-seq・BLAST一致)
MA_RS00650,MA_0124,150169,TTG,False,1,stop_codon,150106,GTG,9.81,True,WP_048169115.1,22,95.213,150106,GTG,150106,GTG,高確信度: 上流への延長を提案(RNA-seq・BLAST一致)
MA_RS00900,MA_0166,198400,ATG,False,6,stop_codon,198136,ATG,3.46,True,WP_082089102.1,31,90.445,198136,ATG,198136,ATG,高確信度: 上流への延長を提案(RNA-seq・BLAST一致)
MA_RS01105,MA_0206,251315,ATG,False,1,stop_codon,251351,GTG,20.72,True,WP_048142614.1,13,97.753,251351,GTG,251351,GTG,高確信度: 上流への延長を提案(RNA-seq・BLAST一致)
MA_RS01200,MA_0223,270074,GTG,False,1,stop_codon,270086,GTG,11.29,True,WP_048169278.1,5,90.179,270086,GTG,270086,GTG,高確信度: 上流への延長を提案(RNA-seq・BLAST一致)
MA_RS01340,MA_0251,304429,ATG,False,1,stop_codon,304438,GTG,98.67,True,WP_048169309.1,4,90.196,304438,GTG,304438,GTG,高確信度: 上流への延長を提案(RNA-seq・BLAST一致)
MA_RS02060,,474915,ATG,False,1,stop_codon,474879,TTG,3.89,True,WP_187151845.1,13,91.379,474879,TTG,474879,TTG,高確信度: 上流への延長を提案(RNA-seq・BLAST一致)
MA_RS02230,MA_0425,505885,ATG,False,5,stop_codon,505966,GTG,3.86,True,WP_048122562.1,40,63.2,505966,GTG,505966,GTG,高確信度: 上流への延長を提案(RNA-seq・BLAST一致)
MA_RS02330,MA_0445,525616,ATG,False,1,stop_codon,525613,TTG,8.4,True,WP_048169563.1,1,93.989,525613,TTG,525613,TTG,高確信度: 上流への延長を提案(RNA-seq・BLAST一致)
MA_RS02595,MA_0499,582774,ATG,False,1,stop_codon,582771,TTG,7.47,True,WP_231590382.1,2,79.747,582771,TTG,582771,TTG,高確信度: 上流への延長を提案(RNA-seq・BLAST一致)
MA_RS02680,,598502,ATG,False,3,stop_codon,598712,TTG,3.17,True,WP_231590379.1,57,91.463,598712,TTG,598712,TTG,高確信度: 上流への延長を提案(RNA-seq・BLAST一致)
MA_RS02805,MA_0534,624104,ATG,False,2,stop_codon,624035,ATG,4.41,True,WP_048169693.1,24,95.522,624035,ATG,624035,ATG,高確信度: 上流への延長を提案(RNA-seq・BLAST一致)
MA_RS02945,MA_0560,661627,TTG,False,2,stop_codon,661579,GTG,3.48,True,WP_048174456.1,41,90.199,661579,GTG,661579,GTG,高確信度: 上流への延長を提案(RNA-seq・BLAST一致)
MA_RS03255,,727425,ATG,False,1,stop_codon,727437,TTG,3.38,True,WP_048169844.1,5,92.056,727437,TTG,727437,TTG,高確信度: 上流への延長を提案(RNA-seq・BLAST一致)
MA_RS03360,MA_0639,752129,ATG,False,1,stop_codon,752162,GTG,3.94,True,WP_048169878.1,12,99.387,752162,GTG,752162,GTG,高確信度: 上流への延長を提案(RNA-seq・BLAST一致)
MA_RS03740,MA_0714,832366,ATG,False,2,stop_codon,832300,TTG,53.01,True,WP_048170014.1,23,95.44,832300,TTG,832300,TTG,高確信度: 上流への延長を提案(RNA-seq・BLAST一致)
MA_RS03990,MA_0763,896812,ATG,False,1,stop_codon,896848,ATG,15.53,True,WP_048156261.1,13,73.127,896848,ATG,896848,ATG,高確信度: 上流への延長を提案(RNA-seq・BLAST一致)
MA_RS04030,MA_0771,902511,ATG,False,1,stop_codon,902556,TTG,3.31,True,WP_048121714.1,19,28.614,902556,TTG,902556,TTG,高確信度: 上流への延長を提案(RNA-seq・BLAST一致)
MA_RS04075,MA_0778,911995,ATG,False,1,stop_codon,912076,GTG,13.16,True,WP_048141847.1,23,73.913,912076,GTG,912076,GTG,高確信度: 上流への延長を提案(RNA-seq・BLAST一致)
MA_RS04080,MA_0779,912278,ATG,False,1,stop_codon,912263,ATG,3.09,True,WP_048170108.1,6,95.894,912263,ATG,912263,ATG,高確信度: 上流への延長を提案(RNA-seq・BLAST一致)
MA_RS04175,MA_0800,933719,GTG,False,1,stop_codon,933815,ATG,9.93,True,WP_231590402.1,15,90.272,933815,ATG,933815,ATG,高確信度: 上流への延長を提案(RNA-seq・BLAST一致)
MA_RS04200,MA_0805,939161,ATG,False,1,stop_codon,939146,ATG,24.0,True,WP_048141810.1,6,86.082,939146,ATG,939146,ATG,高確信度: 上流への延長を提案(RNA-seq・BLAST一致)
MA_RS04445,MA_0853,1009398,ATG,False,1,stop_codon,1009419,TTG,5.24,True,WP_239451004.1,12,40.654,1009419,TTG,1009419,TTG,高確信度: 上流への延長を提案(RNA-seq・BLAST一致)
MA_RS04620,MA_0887,1064522,ATG,False,1,stop_codon,1064492,TTG,3.02,True,WP_048170275.1,11,95.765,1064492,TTG,1064492,TTG,高確信度: 上流への延長を提案(RNA-seq・BLAST一致)
MA_RS04775,MA_0921,1102056,ATG,False,1,stop_codon,1102089,TTG,3.64,True,WP_048170323.1,12,95.175,1102089,TTG,1102089,TTG,高確信度: 上流への延長を提案(RNA-seq・BLAST一致)
MA_RS05145,MA_0986,1178389,ATG,False,1,stop_codon,1178383,ATG,5.25,True,WP_232316134.1,3,94.979,1178383,ATG,1178383,ATG,高確信度: 上流への延長を提案(RNA-seq・BLAST一致)
MA_RS05340,MA_1021,1222800,ATG,False,1,stop_codon,1222782,GTG,7.5,True,WP_048173550.1,7,96.578,1222782,GTG,1222782,GTG,高確信度: 上流への延長を提案(RNA-seq・BLAST一致)
MA_RS05390,MA_1033,1235254,ATG,False,2,stop_codon,1235329,TTG,31.07,True,WP_048141548.1,12,77.32,1235329,TTG,1235329,TTG,高確信度: 上流への延長を提案(RNA-seq・BLAST一致)
MA_RS05720,MA_1097,1300099,ATG,False,1,stop_codon,1300084,TTG,6.6,True,WP_048173506.1,6,95.652,1300084,TTG,1300084,TTG,高確信度: 上流への延長を提案(RNA-seq・BLAST一致)
MA_RS05775,MA_1108,1312030,ATG,False,2,stop_codon,1311970,TTG,4.63,True,WP_082089026.1,21,98.765,1311970,TTG,1311970,TTG,高確信度: 上流への延長を提案(RNA-seq・BLAST一致)
MA_RS26590,MA_1124,1329593,ATG,False,1,stop_codon,1329575,TTG,8.54,True,WP_048119771.1,33,50.45,1329575,TTG,1329575,TTG,高確信度: 上流への延長を提案(RNA-seq・BLAST一致)
MA_RS05885,MA_1130,1337783,ATG,False,1,stop_codon,1337765,TTG,28.52,True,WP_052730905.1,7,81.279,1337765,TTG,1337765,TTG,高確信度: 上流への延長を提案(RNA-seq・BLAST一致)
MA_RS06455,MA_1243,1477774,ATG,False,1,stop_codon,1477762,ATG,5.88,True,WP_080503047.1,5,62.338,1477762,ATG,1477762,ATG,高確信度: 上流への延長を提案(RNA-seq・BLAST一致)
MA_RS06490,MA_1250,1490296,ATG,False,2,stop_codon,1490305,TTG,5.79,True,WP_048170592.1,5,97.51,1490305,TTG,1490305,TTG,高確信度: 上流への延長を提案(RNA-seq・BLAST一致)
MA_RS06795,MA_1312,1572857,ATG,False,2,stop_codon,1572806,TTG,10.13,True,WP_048174512.1,18,91.667,1572806,TTG,1572806,TTG,高確信度: 上流への延長を提案(RNA-seq・BLAST一致)
MA_RS07040,MA_1354,1623543,ATG,False,1,stop_codon,1623555,TTG,3.32,True,WP_048173250.1,5,94.485,1623555,TTG,1623555,TTG,高確信度: 上流への延長を提案(RNA-seq・BLAST一致)
MA_RS07090,MA_1366,1635548,ATG,False,1,stop_codon,1635563,ATG,11.88,True,WP_048174629.1,6,85.882,1635563,ATG,1635563,ATG,高確信度: 上流への延長を提案(RNA-seq・BLAST一致)
MA_RS07230,MA_1395,1661702,ATG,False,3,stop_codon,1661678,TTG,32.01,True,WP_048171776.1,9,94.286,1661678,TTG,1661678,TTG,高確信度: 上流への延長を提案(RNA-seq・BLAST一致)
MA_RS07515,MA_1448,1716876,ATG,False,1,stop_codon,1716933,GTG,4.08,True,WP_048174608.1,20,94.313,1716933,GTG,1716933,GTG,高確信度: 上流への延長を提案(RNA-seq・BLAST一致)
MA_RS07615,MA_1468,1735618,ATG,False,1,stop_codon,1735666,TTG,3.58,True,WP_048171515.1,17,76.378,1735666,TTG,1735666,TTG,高確信度: 上流への延長を提案(RNA-seq・BLAST一致)
MA_RS07660,MA_1476,1744592,TTG,False,3,stop_codon,1744544,TTG,32.74,True,WP_231590479.1,19,93.893,1744544,TTG,1744544,TTG,高確信度: 上流への延長を提案(RNA-seq・BLAST一致)
MA_RS08065,MA_1554,1837393,ATG,False,2,stop_codon,1837402,GTG,5.07,True,WP_048172216.1,4,96.296,1837402,GTG,1837402,GTG,高確信度: 上流への延長を提案(RNA-seq・BLAST一致)
MA_RS08185,MA_1575,1867153,GTG,False,1,stop_codon,1867108,TTG,3.05,True,WP_048120261.1,16,88.194,1867108,TTG,1867108,TTG,高確信度: 上流への延長を提案(RNA-seq・BLAST一致)
MA_RS08670,MA_1672,2005904,ATG,False,1,stop_codon,2005901,ATG,3.41,True,WP_048139282.1,2,99.299,2005901,ATG,2005901,ATG,高確信度: 上流への延長を提案(RNA-seq・BLAST一致)
MA_RS08850,MA_1704,2044264,ATG,False,1,stop_codon,2044315,ATG,9.53,True,WP_231590444.1,8,89.749,2044315,ATG,2044315,ATG,高確信度: 上流への延長を提案(RNA-seq・BLAST一致)
MA_RS08855,MA_1705,2044430,ATG,False,1,stop_codon,2044406,ATG,141.02,True,WP_048170895.1,1,93.388,2044406,ATG,2044406,ATG,高確信度: 上流への延長を提案(RNA-seq・BLAST一致)
MA_RS08890,MA_1712,2052893,ATG,False,1,stop_codon,2052881,GTG,9.13,True,WP_048170884.1,5,95.325,2052881,GTG,2052881,GTG,高確信度: 上流への延長を提案(RNA-seq・BLAST一致)
MA_RS09075,MA_1748,2101613,TTG,False,1,stop_codon,2101580,TTG,20.14,True,WP_048172827.1,12,94.774,2101580,TTG,2101580,TTG,高確信度: 上流への延長を提案(RNA-seq・BLAST一致)
MA_RS09160,MA_1763,2151432,ATG,False,1,stop_codon,2151447,TTG,4.45,True,WP_048172843.1,6,95.0,2151447,TTG,2151447,TTG,高確信度: 上流への延長を提案(RNA-seq・BLAST一致)
MA_RS09340,MA_1796,2206902,ATG,False,1,stop_codon,2206887,GTG,8.15,True,WP_048172568.1,6,98.519,2206887,GTG,2206887,GTG,高確信度: 上流への延長を提案(RNA-seq・BLAST一致)
MA_RS09500,MA_1826,2244278,ATG,False,1,stop_codon,2244239,ATG,9.07,True,WP_048171951.1,14,95.833,2244239,ATG,2244239,ATG,高確信度: 上流への延長を提案(RNA-seq・BLAST一致)
MA_RS09830,MA_1885,2322276,TTG,False,1,stop_codon,2322273,TTG,3.42,True,WP_141706400.1,61,32.331,2322273,TTG,2322273,TTG,高確信度: 上流への延長を提案(RNA-seq・BLAST一致)
MA_RS10045,MA_1928,2381380,ATG,False,1,stop_codon,2381368,TTG,5.94,True,WP_048172073.1,4,60.181,2381368,TTG,2381368,TTG,高確信度: 上流への延長を提案(RNA-seq・BLAST一致)
MA_RS10935,MA_2106,2611021,ATG,False,1,stop_codon,2611027,GTG,7.62,True,WP_048046430.1,3,94.544,2611027,GTG,2611027,GTG,高確信度: 上流への延長を提案(RNA-seq・BLAST一致)
MA_RS12140,MA_2342,2881679,ATG,False,2,stop_codon,2881706,ATG,3.32,True,WP_231589772.1,10,91.011,2881706,ATG,2881706,ATG,高確信度: 上流への延長を提案(RNA-seq・BLAST一致)
MA_RS12250,MA_2363,2918955,ATG,False,1,stop_codon,2918973,ATG,22.43,True,WP_048171268.1,7,97.483,2918973,ATG,2918973,ATG,高確信度: 上流への延長を提案(RNA-seq・BLAST一致)
MA_RS12610,MA_2429,3011832,ATG,False,1,stop_codon,3011751,ATG,298.88,True,WP_231590474.1,28,83.756,3011751,ATG,3011751,ATG,高確信度: 上流への延長を提案(RNA-seq・BLAST一致)
MA_RS13215,MA_2541,3160756,ATG,False,1,stop_codon,3160801,TTG,3.36,True,WP_231590454.1,16,92.617,3160801,TTG,3160801,TTG,高確信度: 上流への延長を提案(RNA-seq・BLAST一致)
MA_RS13285,MA_2555,3181599,ATG,False,2,stop_codon,3181698,TTG,4.67,True,WP_048171140.1,1,96.301,3181698,TTG,3181698,TTG,高確信度: 上流への延長を提案(RNA-seq・BLAST一致)
MA_RS13385,MA_2573,3200802,ATG,False,3,stop_codon,3200859,TTG,4.6,True,WP_048038009.1,20,96.407,3200859,TTG,3200859,TTG,高確信度: 上流への延長を提案(RNA-seq・BLAST一致)
MA_RS28210,MA_2625,3252049,ATG,False,1,stop_codon,3252076,TTG,25.37,True,WP_158024164.1,10,72.959,3252076,TTG,3252076,TTG,高確信度: 上流への延長を提案(RNA-seq・BLAST一致)
MA_RS14225,MA_2718,3388827,ATT,True,1,stop_codon,3388833,GTG,7.78,True,WP_082089142.1,3,91.582,3388833,GTG,3388833,GTG,高確信度: 上流への延長を提案(RNA-seq・BLAST一致)
MA_RS14230,MA_2719,3389051,ATG,False,1,stop_codon,3389048,GTG,52.04,True,WP_231589799.1,1,90.756,3389048,GTG,3389048,GTG,高確信度: 上流への延長を提案(RNA-seq・BLAST一致)
MA_RS14295,MA_2732,3409625,ATG,False,2,stop_codon,3409682,TTG,11.11,True,WP_048140282.1,20,96.768,3409682,TTG,3409682,TTG,高確信度: 上流への延長を提案(RNA-seq・BLAST一致)
MA_RS14455,MA_2759,3442320,ATG,False,1,stop_codon,3442332,GTG,3.38,True,WP_048171038.1,25,77.778,3442332,GTG,3442332,GTG,高確信度: 上流への延長を提案(RNA-seq・BLAST一致)
MA_RS14480,MA_2764,3448368,ATG,False,2,stop_codon,3448413,TTG,4.06,True,WP_052727840.1,23,77.251,3448413,TTG,3448413,TTG,高確信度: 上流への延長を提案(RNA-seq・BLAST一致)
MA_RS14515,MA_2771,3456342,TTG,False,1,stop_codon,3456453,ATG,4.36,True,WP_048170805.1,1,73.51,3456453,ATG,3456453,ATG,高確信度: 上流への延長を提案(RNA-seq・BLAST一致)
MA_RS14565,MA_2782,3467135,TTG,False,1,stop_codon,3467171,ATG,3.74,True,WP_048137817.1,9,27.228,3467171,ATG,3467171,ATG,高確信度: 上流への延長を提案(RNA-seq・BLAST一致)
MA_RS15055,MA_2868,3585664,ATG,False,1,stop_codon,3585733,ATG,3.06,True,WP_048173038.1,24,98.991,3585733,ATG,3585733,ATG,高確信度: 上流への延長を提案(RNA-seq・BLAST一致)
MA_RS15120,MA_2882,3594276,GTG,False,1,stop_codon,3594267,GTG,3.73,True,WP_048173051.1,4,97.814,3594267,GTG,3594267,GTG,高確信度: 上流への延長を提案(RNA-seq・BLAST一致)
MA_RS15135,MA_2885,3598811,ATG,False,1,stop_codon,3598871,TTG,6.48,True,WP_082089008.1,1,84.985,3598871,TTG,3598871,TTG,高確信度: 上流への延長を提案(RNA-seq・BLAST一致)
MA_RS15275,MA_2916,3642248,ATG,False,1,stop_codon,3642236,GTG,22.38,True,WP_048171350.1,5,84.874,3642236,GTG,3642236,GTG,高確信度: 上流への延長を提案(RNA-seq・BLAST一致)
MA_RS16065,MA_3072,3813420,ATG,False,1,stop_codon,3813399,TTG,5.23,True,WP_048065599.1,8,100.0,3813399,TTG,3813399,TTG,高確信度: 上流への延長を提案(RNA-seq・BLAST一致)
MA_RS16470,MA_3149,3910651,ATG,False,1,stop_codon,3910717,GTG,3.8,True,WP_048173123.1,23,93.603,3910717,GTG,3910717,GTG,高確信度: 上流への延長を提案(RNA-seq・BLAST一致)
MA_RS16605,MA_3177,3938326,ATG,False,1,stop_codon,3938341,GTG,3.57,True,WP_231590440.1,6,86.826,3938341,GTG,3938341,GTG,高確信度: 上流への延長を提案(RNA-seq・BLAST一致)
MA_RS16640,MA_3186,3947730,ATG,False,1,stop_codon,3947808,TTG,14.6,True,WP_048181134.1,27,84.746,3947808,TTG,3947808,TTG,高確信度: 上流への延長を提案(RNA-seq・BLAST一致)
MA_RS16735,,3968965,TTG,False,1,stop_codon,3968989,TTG,3.03,True,WP_048170777.1,9,86.131,3968989,TTG,3968989,TTG,高確信度: 上流への延長を提案(RNA-seq・BLAST一致)
MA_RS16945,MA_3248,4010162,ATG,False,1,stop_codon,4010189,TTG,15.93,True,WP_048172905.1,10,91.123,4010189,TTG,4010189,TTG,高確信度: 上流への延長を提案(RNA-seq・BLAST一致)
MA_RS16975,MA_3254,4017610,ATG,False,1,stop_codon,4017616,TTG,8.71,True,WP_048172899.1,3,92.857,4017616,TTG,4017616,TTG,高確信度: 上流への延長を提案(RNA-seq・BLAST一致)
MA_RS17190,MA_3295,4067837,ATG,False,1,stop_codon,4067852,GTG,13.02,True,WP_048171080.1,6,89.855,4067852,GTG,4067852,GTG,高確信度: 上流への延長を提案(RNA-seq・BLAST一致)
MA_RS17630,MA_3378,4175815,ATG,False,1,stop_codon,4175824,ATG,3.16,True,WP_048172642.1,4,98.925,4175824,ATG,4175824,ATG,高確信度: 上流への延長を提案(RNA-seq・BLAST一致)
MA_RS17755,MA_3400,4204779,GTG,False,1,stop_codon,4204746,TTG,4.1,True,WP_230625049.1,10,91.617,4204746,TTG,4204746,TTG,高確信度: 上流への延長を提案(RNA-seq・BLAST一致)
MA_RS18215,MA_3485,4311454,ATG,False,1,stop_codon,4311505,TTG,3.04,True,WP_231589849.1,18,96.154,4311505,TTG,4311505,TTG,高確信度: 上流への延長を提案(RNA-seq・BLAST一致)
MA_RS18515,MA_3545,4384389,ATG,False,1,stop_codon,4384410,GTG,5.61,True,WP_048170620.1,8,97.846,4384410,GTG,4384410,GTG,高確信度: 上流への延長を提案(RNA-seq・BLAST一致)
MA_RS18870,MA_3619,4463983,ATG,False,2,stop_codon,4463998,TTG,291.47,True,WP_048173416.1,6,96.809,4463998,TTG,4463998,TTG,高確信度: 上流への延長を提案(RNA-seq・BLAST一致)
MA_RS18930,MA_3632,4476320,ATG,False,1,stop_codon,4476308,TTG,13.69,True,WP_231589886.1,1,95.981,4476308,TTG,4476308,TTG,高確信度: 上流への延長を提案(RNA-seq・BLAST一致)
MA_RS18945,MA_3634,4480952,ATG,False,2,stop_codon,4481000,TTG,3.04,True,WP_048173400.1,17,85.714,4481000,TTG,4481000,TTG,高確信度: 上流への延長を提案(RNA-seq・BLAST一致)
MA_RS19065,MA_3657,4508624,ATG,False,1,stop_codon,4508618,ATG,11.7,True,WP_239451216.1,3,87.466,4508618,ATG,4508618,ATG,高確信度: 上流への延長を提案(RNA-seq・BLAST一致)
MA_RS20030,MA_3840,4719718,GTG,False,2,stop_codon,4719727,GTG,4.45,True,WP_048122059.1,4,75.487,4719727,GTG,4719727,GTG,高確信度: 上流への延長を提案(RNA-seq・BLAST一致)
MA_RS20475,MA_3922,4822504,ATG,False,1,stop_codon,4822543,ATG,5.63,True,WP_048139816.1,42,29.268,4822543,ATG,4822543,ATG,高確信度: 上流への延長を提案(RNA-seq・BLAST一致)
MA_RS20595,MA_3947,4840813,ATG,False,5,stop_codon,4840732,ATG,3.47,True,WP_048173761.1,28,96.825,4840732,ATG,4840732,ATG,高確信度: 上流への延長を提案(RNA-seq・BLAST一致)
MA_RS20625,MA_3954,4847969,ATG,False,1,stop_codon,4847981,GTG,31.71,True,WP_048173767.1,5,89.944,4847981,GTG,4847981,GTG,高確信度: 上流への延長を提案(RNA-seq・BLAST一致)
MA_RS20710,MA_3970,4869447,ATG,False,1,stop_codon,4869456,GTG,4.43,True,WP_048184753.1,4,97.959,4869456,GTG,4869456,GTG,高確信度: 上流への延長を提案(RNA-seq・BLAST一致)
MA_RS20870,MA_4000,4906969,TTG,False,1,stop_codon,4906996,GTG,5.58,True,WP_048173804.1,10,93.919,4906996,GTG,4906996,GTG,高確信度: 上流への延長を提案(RNA-seq・BLAST一致)
MA_RS20900,MA_4006,4915091,ATG,False,1,stop_codon,4915112,TTG,3.13,True,WP_048173809.1,8,95.283,4915112,TTG,4915112,TTG,高確信度: 上流への延長を提案(RNA-seq・BLAST一致)
MA_RS21285,MA_4079,4999225,ATG,False,1,stop_codon,4999216,GTG,7.91,True,WP_231590023.1,4,91.789,4999216,GTG,4999216,GTG,高確信度: 上流への延長を提案(RNA-seq・BLAST一致)
MA_RS21335,MA_4088,5011801,ATG,False,1,stop_codon,5011792,GTG,3.37,True,WP_048175094.1,4,97.619,5011792,GTG,5011792,GTG,高確信度: 上流への延長を提案(RNA-seq・BLAST一致)
MA_RS21440,MA_4109,5032260,GTG,False,1,stop_codon,5032269,ATG,3.45,True,WP_048175088.1,4,94.724,5032269,ATG,5032269,ATG,高確信度: 上流への延長を提案(RNA-seq・BLAST一致)
MA_RS21770,MA_4171,5094392,GTG,False,1,stop_codon,5094431,TTG,12.61,True,WP_048137355.1,20,88.06,5094431,TTG,5094431,TTG,高確信度: 上流への延長を提案(RNA-seq・BLAST一致)
MA_RS22110,MA_4234,5159614,GTG,False,5,stop_codon,5159806,TTG,3.04,True,WP_231589985.1,75,92.308,5159806,TTG,5159806,TTG,高確信度: 上流への延長を提案(RNA-seq・BLAST一致)
MA_RS22650,MA_4336,5341330,ATG,False,3,stop_codon,5341393,ATG,245.67,True,WP_048136884.1,1,95.0,5341393,ATG,5341393,ATG,高確信度: 上流への延長を提案(RNA-seq・BLAST一致)
MA_RS22885,MA_4376,5395493,ATG,False,1,stop_codon,5395499,GTG,17.07,True,WP_048136838.1,3,99.174,5395499,GTG,5395499,GTG,高確信度: 上流への延長を提案(RNA-seq・BLAST一致)
MA_RS23150,MA_4430,5474669,ATG,False,1,stop_codon,5474660,TTG,6.87,True,WP_048174122.1,4,97.826,5474660,TTG,5474660,TTG,高確信度: 上流への延長を提案(RNA-seq・BLAST一致)
MA_RS23270,MA_4456,5506010,ATG,False,1,stop_codon,5506019,GTG,3.68,True,WP_226987736.1,4,80.435,5506019,GTG,5506019,GTG,高確信度: 上流への延長を提案(RNA-seq・BLAST一致)
MA_RS23495,MA_4504,5546145,ATA,True,1,stop_codon,5546055,TTG,4.77,True,WP_048174306.1,39,97.831,5546055,TTG,5546055,TTG,高確信度: 上流への延長を提案(RNA-seq・BLAST一致)
MA_RS23555,MA_4516,5562712,ATG,False,2,stop_codon,5562745,GTG,235.16,True,WP_048174297.1,12,98.936,5562745,GTG,5562745,GTG,高確信度: 上流への延長を提案(RNA-seq・BLAST一致)
MA_RS23565,MA_4518,5564326,ATG,False,1,stop_codon,5564278,TTG,4.24,True,WP_048174295.1,17,94.898,5564278,TTG,5564278,TTG,高確信度: 上流への延長を提案(RNA-seq・BLAST一致)
MA_RS23600,MA_4525,5573281,ATG,False,1,stop_codon,5573293,GTG,4.34,True,WP_048174288.1,5,86.245,5573293,GTG,5573293,GTG,高確信度: 上流への延長を提案(RNA-seq・BLAST一致)
MA_RS23675,MA_4541,5589531,ATG,False,2,stop_codon,5589519,TTG,10.91,True,WP_048174277.1,5,88.889,5589519,TTG,5589519,TTG,高確信度: 上流への延長を提案(RNA-seq・BLAST一致)
MA_RS23985,MA_4596,5672228,GTG,False,1,stop_codon,5672138,ATG,4.46,True,WP_231590224.1,31,90.683,5672138,ATG,5672138,ATG,高確信度: 上流への延長を提案(RNA-seq・BLAST一致)
MA_RS00795,MA_0150,178886,ATG,False,5,stop_codon,178775,TTG,15.86,True,WP_048169173.1,50,94.074,178739,ATG,,,要確認: RNA-seqとBLASTが異なる候補を支持
MA_RS02100,MA_0399,482086,GTG,False,3,stop_codon,482026,ATG,3.18,True,WP_082089262.1,37,90.461,481978,ATG,,,要確認: RNA-seqとBLASTが異なる候補を支持
MA_RS02285,MA_0436,516253,ATG,False,3,stop_codon,516199,ATG,8.91,True,WP_048169551.1,21,95.468,516193,GTG,,,要確認: RNA-seqとBLASTが異なる候補を支持
MA_RS03285,,736513,ATG,False,5,stop_codon,736555,TTG,8.43,True,WP_239451062.1,41,83.951,736660,ATG,,,要確認: RNA-seqとBLASTが異なる候補を支持
MA_RS03935,MA_0753,873486,GTG,False,2,stop_codon,873477,GTG,4.15,True,WP_231590400.1,76,66.154,873465,TTG,,,要確認: RNA-seqとBLASTが異なる候補を支持
MA_RS03995,MA_0764,897256,TTG,False,2,stop_codon,897241,ATG,37.08,True,WP_230633283.1,3,87.368,897175,TTG,,,要確認: RNA-seqとBLASTが異なる候補を支持
MA_RS05250,MA_1004,1198131,ATG,False,7,stop_codon,1198182,GTG,4.23,True,WP_082089044.1,45,95.149,1198263,ATG,,,要確認: RNA-seqとBLASTが異なる候補を支持
MA_RS06415,MA_1234,1468138,ATG,False,2,stop_codon,1468150,GTG,7.11,True,WP_048173486.1,20,97.085,1468195,TTG,,,要確認: RNA-seqとBLASTが異なる候補を支持
MA_RS07220,MA_1393,1659940,ATG,False,2,stop_codon,1659964,ATG,7.73,True,WP_204245458.1,4,96.028,1659973,ATG,,,要確認: RNA-seqとBLASTが異なる候補を支持
MA_RS07375,MA_1421,1689517,TTG,False,3,stop_codon,1689634,ATG,45.23,True,WP_231590490.1,46,95.556,1689646,ATG,,,要確認: RNA-seqとBLASTが異なる候補を支持
MA_RS26685,,1732508,ATG,False,2,stop_codon,1732616,GTG,521.46,True,WP_156157324.1,41,96.491,1732628,TTG,,,要確認: RNA-seqとBLASTが異なる候補を支持
MA_RS08060,MA_1553,1836408,ATG,False,3,stop_codon,1836438,TTG,4.32,True,WP_048172214.1,18,95.575,1836459,ATG,,,要確認: RNA-seqとBLASTが異なる候補を支持
MA_RS28080,,2083217,ATG,False,4,stop_codon,2083118,TTG,32.19,True,WP_015412686.1,74,96.491,2082998,ATG,,,要確認: RNA-seqとBLASTが異なる候補を支持
MA_RS10430,MA_2003,2485674,ATG,False,3,stop_codon,2485704,TTG,159.66,True,WP_048172944.1,21,97.799,2485734,ATG,,,要確認: RNA-seqとBLASTが異なる候補を支持
MA_RS10510,MA_2020,2508974,GTG,False,6,stop_codon,2508905,ATG,3.55,True,WP_082089262.1,56,90.461,2508809,TTG,,,要確認: RNA-seqとBLASTが異なる候補を支持
MA_RS10945,MA_2108,2613066,ATG,False,4,stop_codon,2613108,ATG,3.05,True,WP_048171592.1,24,97.115,2613135,TTG,,,要確認: RNA-seqとBLASTが異なる候補を支持
MA_RS12145,MA_2343,2882418,ATG,False,2,stop_codon,2882406,ATG,3.09,True,WP_048137812.1,16,32.203,2882394,ATG,,,要確認: RNA-seqとBLASTが異なる候補を支持
MA_RS12405,MA_2391,2961448,ATG,False,3,stop_codon,2961328,TTG,11.61,True,WP_048172337.1,67,91.617,2961250,TTG,,,要確認: RNA-seqとBLASTが異なる候補を支持
MA_RS14010,,3334850,ATG,False,3,stop_codon,3334892,TTG,3.15,True,WP_048172360.1,4,93.382,3334913,GTG,,,要確認: RNA-seqとBLASTが異なる候補を支持
MA_RS14355,,3420363,TTG,False,2,stop_codon,3420312,GTG,4.15,True,WP_158024188.1,29,76.923,3420279,ATG,,,要確認: RNA-seqとBLASTが異なる候補を支持
MA_RS15470,MA_2951,3684313,ATG,False,3,stop_codon,3684325,GTG,222.83,True,WP_048139665.1,7,86.512,3684331,GTG,,,要確認: RNA-seqとBLASTが異なる候補を支持
MA_RS16705,MA_3198,3958639,ATG,False,2,stop_codon,3958624,GTG,14.92,True,WP_048141222.1,11,96.52,3958609,TTG,,,要確認: RNA-seqとBLASTが異なる候補を支持
MA_RS17095,MA_3276,4042056,ATG,False,2,stop_codon,4042077,TTG,3.11,True,WP_048121355.1,12,80.503,4042089,TTG,,,要確認: RNA-seqとBLASTが異なる候補を支持
MA_RS24755,MA_3293,4062907,ATG,False,3,stop_codon,4062862,TTG,26.82,True,WP_048118254.1,99,46.972,4062850,ATG,,,要確認: RNA-seqとBLASTが異なる候補を支持
MA_RS17265,MA_3305,4079759,ATG,False,2,stop_codon,4079798,ATG,7.78,True,WP_048171064.1,18,95.28,4079810,TTG,,,要確認: RNA-seqとBLASTが異なる候補を支持
MA_RS17800,,4215701,ATG,False,2,stop_codon,4215674,GTG,5.92,True,WP_048172285.1,12,96.875,4215668,TTG,,,要確認: RNA-seqとBLASTが異なる候補を支持
MA_RS20445,MA_3916,4815215,ATG,False,3,stop_codon,4815206,GTG,106.09,True,WP_048173743.1,13,96.491,4815179,ATG,,,要確認: RNA-seqとBLASTが異なる候補を支持
MA_RS20995,MA_4023,4936904,ATG,False,4,stop_codon,4936928,TTG,9.44,True,WP_048173824.1,30,80.06,4936991,TTG,,,要確認: RNA-seqとBLASTが異なる候補を支持
MA_RS21155,MA_4053,4972765,GTG,False,4,stop_codon,4972777,ATG,4.24,True,WP_048173844.1,1,96.032,4972792,ATG,,,要確認: RNA-seqとBLASTが異なる候補を支持
MA_RS22115,MA_4235,5160168,TTG,False,3,stop_codon,5160159,TTG,11.18,True,WP_052721717.1,27,95.319,5160090,GTG,,,要確認: RNA-seqとBLASTが異なる候補を支持
MA_RS22175,MA_4247,5170319,GTG,False,3,stop_codon,5170262,GTG,7.53,True,WP_231589984.1,19,94.687,5170253,GTG,,,要確認: RNA-seqとBLASTが異なる候補を支持
MA_RS23000,MA_4400,5434151,ATG,False,2,stop_codon,5434160,GTG,45.07,True,WP_048174087.1,5,93.525,5434163,ATG,,,要確認: RNA-seqとBLASTが異なる候補を支持
MA_RS23395,MA_4483,5531741,GTG,False,2,stop_codon,5531681,TTG,6.37,True,WP_082089262.1,28,90.461,5531660,ATG,,,要確認: RNA-seqとBLASTが異なる候補を支持
MA_RS24130,MA_4624,5705824,ATG,False,2,stop_codon,5705851,TTG,8.22,True,WP_011033236.1,14,83.529,5705863,GTG,,,要確認: RNA-seqとBLASTが異なる候補を支持
MA_RS00050,MA_0011,17538,ATG,False,1,stop_codon,17538,ATG,1.01,False,WP_048174330.1,1,90.566,17559,TTG,17559,TTG,中確信度: 上流への延長の可能性(片方の証拠のみ)
MA_RS00065,MA_0014,21523,ATG,False,1,stop_codon,21529,ATG,1.36,False,WP_011033271.1,1,68.209,21529,ATG,21529,ATG,中確信度: 上流への延長の可能性(片方の証拠のみ)
MA_RS00070,MA_0015,22783,ATG,False,1,stop_codon,22792,GTG,2.39,False,WP_048175162.1,4,93.838,22792,GTG,22792,GTG,中確信度: 上流への延長の可能性(片方の証拠のみ)
MA_RS00075,MA_0016,23492,ATG,False,1,stop_codon,23522,TTG,1.6,False,WP_048174334.1,11,99.174,23522,TTG,23522,TTG,中確信度: 上流への延長の可能性(片方の証拠のみ)
MA_RS00095,MA_0019,25854,ATG,False,1,stop_codon,25764,TTG,2.77,False,WP_231590166.1,31,92.918,25764,TTG,25764,TTG,中確信度: 上流への延長の可能性(片方の証拠のみ)
MA_RS00105,MA_0021,28677,ATG,False,1,neighbor_gene,28662,GTG,0.84,False,WP_048174337.1,6,85.366,28662,GTG,28662,GTG,中確信度: 上流への延長の可能性(片方の証拠のみ)
MA_RS00110,MA_0022,30256,ATG,False,1,stop_codon,30256,ATG,53.11,True,WP_048175166.1,14,96.774,30217,ATG,30217,ATG,中確信度: 上流への延長の可能性(片方の証拠のみ)
MA_RS00155,MA_0030,41054,ATG,False,1,stop_codon,41078,ATG,2.91,False,WP_048174344.1,9,91.154,41078,ATG,41078,ATG,中確信度: 上流への延長の可能性(片方の証拠のみ)
MA_RS00190,MA_0037,47351,ATG,False,1,stop_codon,47306,ATG,1.56,False,WP_048174352.1,16,80.144,47306,ATG,47306,ATG,中確信度: 上流への延長の可能性(片方の証拠のみ)
MA_RS00290,MA_0056,68403,ATG,False,3,stop_codon,68286,GTG,1.5,False,WP_048175167.1,40,98.529,68286,GTG,68286,GTG,中確信度: 上流への延長の可能性(片方の証拠のみ)
MA_RS00295,MA_0057,68676,ATG,False,1,stop_codon,68676,ATG,1.28,False,WP_011033302.1,4,100.0,68667,ATG,68667,ATG,中確信度: 上流への延長の可能性(片方の証拠のみ)
MA_RS00300,MA_0058,68950,ATG,False,1,stop_codon,68941,ATG,1.89,False,WP_011033303.1,4,100.0,68941,ATG,68941,ATG,中確信度: 上流への延長の可能性(片方の証拠のみ)
MA_RS00305,MA_0059,69214,ATG,False,1,stop_codon,69205,ATG,1.31,False,WP_048122559.1,4,98.529,69205,ATG,69205,ATG,中確信度: 上流への延長の可能性(片方の証拠のみ)
MA_RS00315,MA_0061,71146,ATG,False,7,stop_codon,71215,TTG,1.33,False,WP_048174730.1,100,41.538,71347,ATG,71347,ATG,中確信度: 上流への延長の可能性(片方の証拠のみ)
MA_RS00355,MA_0069,80597,ATG,False,1,stop_codon,80603,ATG,0.89,False,WP_048175169.1,3,93.155,80603,ATG,80603,ATG,中確信度: 上流への延長の可能性(片方の証拠のみ)
MA_RS00380,MA_0074,85487,ATC,True,2,stop_codon,85394,TTG,1.46,False,WP_331456174.1,2,97.368,85394,TTG,85394,TTG,中確信度: 上流への延長の可能性(片方の証拠のみ)
MA_RS00390,MA_0076,88183,ATG,False,2,stop_codon,88156,TTG,2.98,False,WP_048174374.1,10,95.28,88156,TTG,88156,TTG,中確信度: 上流への延長の可能性(片方の証拠のみ)
MA_RS00395,,89462,ATG,False,1,stop_codon,89462,ATG,2.49,False,WP_048064803.1,5,100.0,89450,GTG,89450,GTG,中確信度: 上流への延長の可能性(片方の証拠のみ)
MA_RS24315,MA_0079,92000,ATG,False,3,stop_codon,92000,ATG,1.04,False,WP_052721748.1,29,80.416,91916,TTG,91916,TTG,中確信度: 上流への延長の可能性(片方の証拠のみ)
MA_RS00420,MA_0081,97563,ATG,False,1,stop_codon,97554,GTG,1.44,False,WP_052721749.1,4,93.956,97554,GTG,97554,GTG,中確信度: 上流への延長の可能性(片方の証拠のみ)
MA_RS00430,MA_0084,104516,ATG,False,1,stop_codon,104516,ATG,1.52,False,WP_048142815.1,19,78.474,104570,TTG,104570,TTG,中確信度: 上流への延長の可能性(片方の証拠のみ)
MA_RS00435,MA_0085,105273,TTG,False,2,stop_codon,105132,GTG,1.59,False,WP_048142813.1,48,94.892,105132,GTG,105132,GTG,中確信度: 上流への延長の可能性(片方の証拠のみ)
MA_RS00445,MA_0087,109126,GTG,False,1,stop_codon,109117,TTG,1.73,False,WP_329957003.1,1,87.726,109117,TTG,109117,TTG,中確信度: 上流への延長の可能性(片方の証拠のみ)
MA_RS00450,MA_0088,110763,GTG,False,1,stop_codon,110727,TTG,1.44,False,WP_230633313.1,13,71.967,110727,TTG,110727,TTG,中確信度: 上流への延長の可能性(片方の証拠のみ)
MA_RS00455,MA_0089,112200,ATG,False,1,stop_codon,112200,ATG,1.04,False,WP_048169040.1,1,86.222,112209,ATG,112209,ATG,中確信度: 上流への延長の可能性(片方の証拠のみ)
MA_RS00495,MA_0096,122275,ATG,False,1,stop_codon,122311,ATG,2.16,False,WP_052721750.1,13,92.448,122311,ATG,122311,ATG,中確信度: 上流への延長の可能性(片方の証拠のみ)
MA_RS00535,MA_0102,127336,GTG,False,2,neighbor_gene,127327,GTG,1.05,False,WP_261788927.1,19,69.512,127318,TTG,127318,TTG,中確信度: 上流への延長の可能性(片方の証拠のみ)
MA_RS00545,MA_0103,129463,ATG,False,3,stop_codon,129463,ATG,1.17,False,WP_052721459.1,29,96.429,129547,TTG,129547,TTG,中確信度: 上流への延長の可能性(片方の証拠のみ)
MA_RS00560,MA_0106,132513,ATG,False,2,stop_codon,132513,ATG,6.03,True,WP_048169077.1,20,96.355,132456,TTG,132456,TTG,中確信度: 上流への延長の可能性(片方の証拠のみ)
MA_RS00570,MA_0108,135133,ATG,False,1,stop_codon,135106,ATG,1.55,False,WP_048169080.1,10,91.558,135106,ATG,135106,ATG,中確信度: 上流への延長の可能性(片方の証拠のみ)
MA_RS00585,MA_0112,138120,ATG,False,2,stop_codon,138120,ATG,1.0,False,WP_048037443.1,8,96.154,138141,ATG,138141,ATG,中確信度: 上流への延長の可能性(片方の証拠のみ)
MA_RS00615,MA_0118,143543,ATG,False,1,stop_codon,143546,TTG,1.21,False,WP_048169098.1,2,92.623,143546,TTG,143546,TTG,中確信度: 上流への延長の可能性(片方の証拠のみ)
MA_RS00620,MA_0119,144711,TTG,False,1,stop_codon,144711,TTG,1.51,False,WP_048169100.1,11,94.684,144741,ATG,144741,ATG,中確信度: 上流への延長の可能性(片方の証拠のみ)
MA_RS00630,MA_0120,146253,ATG,False,1,stop_codon,146262,ATG,0.91,False,WP_231590254.1,4,94.512,146262,ATG,146262,ATG,中確信度: 上流への延長の可能性(片方の証拠のみ)
MA_RS00640,MA_0122,147571,TTG,False,1,stop_codon,147568,TTG,1.07,False,WP_048169111.1,2,93.207,147568,TTG,147568,TTG,中確信度: 上流への延長の可能性(片方の証拠のみ)
MA_RS00655,MA_0125,151346,ATG,False,1,neighbor_gene,151346,ATG,1.35,False,WP_048169116.1,15,96.257,151304,TTG,151304,TTG,中確信度: 上流への延長の可能性(片方の証拠のみ)
MA_RS00695,MA_0132,158892,ATG,False,1,stop_codon,158874,TTG,2.21,False,WP_048174395.1,7,94.192,158874,TTG,158874,TTG,中確信度: 上流への延長の可能性(片方の証拠のみ)
MA_RS00735,MA_0140,167353,ATG,False,1,stop_codon,167353,ATG,1.1,False,WP_048169144.1,4,95.894,167344,GTG,167344,GTG,中確信度: 上流への延長の可能性(片方の証拠のみ)
MA_RS00765,MA_0145,173245,ATG,False,2,stop_codon,173245,ATG,0.99,False,WP_048169156.1,34,95.872,173344,GTG,173344,GTG,中確信度: 上流への延長の可能性(片方の証拠のみ)
MA_RS24320,,181135,ATG,False,1,stop_codon,181135,ATG,0.99,False,WP_048154717.1,1,75.385,181120,GTG,181120,GTG,中確信度: 上流への延長の可能性(片方の証拠のみ)
MA_RS00845,MA_0158,189736,ATG,False,1,stop_codon,189727,TTG,1.18,False,WP_048169184.1,4,97.674,189727,TTG,189727,TTG,中確信度: 上流への延長の可能性(片方の証拠のみ)
MA_RS00880,MA_0164,195154,ATG,False,1,stop_codon,195154,ATG,1.02,False,WP_231590285.1,5,94.064,195166,GTG,195166,GTG,中確信度: 上流への延長の可能性(片方の証拠のみ)
MA_RS00885,MA_0165,196425,ATG,False,1,stop_codon,196425,ATG,1.25,False,WP_048169196.1,7,95.519,196443,ATG,196443,ATG,中確信度: 上流への延長の可能性(片方の証拠のみ)
MA_RS00910,MA_0168,201678,ATG,False,1,stop_codon,201729,TTG,1.96,False,WP_048169206.1,18,94.444,201729,TTG,201729,TTG,中確信度: 上流への延長の可能性(片方の証拠のみ)
MA_RS00955,MA_0176,211183,ATG,False,3,stop_codon,211216,TTG,1.88,False,WP_048171883.1,21,33.577,211216,TTG,211216,TTG,中確信度: 上流への延長の可能性(片方の証拠のみ)
MA_RS00960,MA_0177,211761,ATG,False,1,stop_codon,211761,ATG,1.76,False,WP_048167233.1,4,74.51,211770,TTG,211770,TTG,中確信度: 上流への延長の可能性(片方の証拠のみ)
MA_RS00965,MA_0178,212391,ATG,False,4,stop_codon,212475,ATG,1.16,False,WP_048141569.1,25,87.958,212475,ATG,212475,ATG,中確信度: 上流への延長の可能性(片方の証拠のみ)
MA_RS00970,MA_0179,213361,ATG,False,1,stop_codon,213373,ATG,1.07,False,WP_048122829.1,5,80.0,213373,ATG,213373,ATG,中確信度: 上流への延長の可能性(片方の証拠のみ)
MA_RS00990,MA_0183,217016,ATG,False,1,stop_codon,217016,ATG,1.77,False,WP_048169226.1,21,98.266,217076,GTG,217076,GTG,中確信度: 上流への延長の可能性(片方の証拠のみ)
MA_RS01010,MA_0187,221645,ATG,False,1,stop_codon,221645,ATG,1.49,False,WP_048174399.1,4,94.972,221636,GTG,221636,GTG,中確信度: 上流への延長の可能性(片方の証拠のみ)
MA_RS01050,MA_0195,236253,GTG,False,3,stop_codon,236253,GTG,14.89,True,WP_231590309.1,54,95.415,236421,TTG,236421,TTG,中確信度: 上流への延長の可能性(片方の証拠のみ)
MA_RS01090,MA_0203,243156,ATG,False,1,stop_codon,243126,TTG,1.39,False,WP_048169245.1,11,93.354,243126,TTG,243126,TTG,中確信度: 上流への延長の可能性(片方の証拠のみ)
MA_RS01100,MA_0205,249118,GTG,False,2,stop_codon,249109,GTG,1.7,False,WP_011033438.1,5,71.786,249106,GTG,249106,GTG,中確信度: 上流への延長の可能性(片方の証拠のみ)
MA_RS01125,MA_0210,255385,ATG,False,1,stop_codon,255385,ATG,1.48,False,WP_048174403.1,8,93.684,255406,TTG,255406,TTG,中確信度: 上流への延長の可能性(片方の証拠のみ)
MA_RS01175,MA_0218,263960,ATG,False,1,stop_codon,263960,ATG,1.82,False,WP_015411867.1,5,88.163,263948,ATG,263948,ATG,中確信度: 上流への延長の可能性(片方の証拠のみ)
MA_RS24335,MA_0225,271766,TTG,False,1,stop_codon,271766,TTG,1.36,False,WP_082089444.1,16,79.076,271721,TTG,271721,TTG,中確信度: 上流への延長の可能性(片方の証拠のみ)
MA_RS01225,MA_0228,274729,ATG,False,3,stop_codon,274729,ATG,2.28,False,WP_048174730.1,63,41.538,274744,TTG,274744,TTG,中確信度: 上流への延長の可能性(片方の証拠のみ)
MA_RS24925,MA_0230,276950,TTG,False,1,stop_codon,277010,ATG,2.92,False,WP_082088835.1,21,90.492,277010,ATG,277010,ATG,中確信度: 上流への延長の可能性(片方の証拠のみ)
MA_RS01300,MA_0243,291626,ATG,False,1,stop_codon,291638,GTG,1.64,False,WP_048169298.1,5,93.207,291638,GTG,291638,GTG,中確信度: 上流への延長の可能性(片方の証拠のみ)
MA_RS01305,MA_0244,292170,GTG,False,3,stop_codon,292266,TTG,0.99,False,WP_048169299.1,33,92.361,292266,TTG,292266,TTG,中確信度: 上流への延長の可能性(片方の証拠のみ)
MA_RS01335,MA_0250,302484,ATG,False,1,stop_codon,302484,ATG,2.08,False,WP_048169307.1,8,95.391,302505,TTG,302505,TTG,中確信度: 上流への延長の可能性(片方の証拠のみ)
MA_RS01355,MA_0254,308860,ATG,False,1,stop_codon,308860,ATG,1.34,False,WP_048169311.1,4,95.635,308869,TTG,308869,TTG,中確信度: 上流への延長の可能性(片方の証拠のみ)
MA_RS01385,MA_0260,315578,ATG,False,2,stop_codon,315557,TTG,2.62,False,WP_052712907.1,22,69.565,315515,TTG,315515,TTG,中確信度: 上流への延長の可能性(片方の証拠のみ)
MA_RS01395,MA_0262,319666,ATG,False,3,stop_codon,319693,TTG,1.51,False,WP_048142531.1,11,83.889,319696,ATG,319696,ATG,中確信度: 上流への延長の可能性(片方の証拠のみ)
MA_RS01435,MA_0270,328263,ATG,False,1,neighbor_gene,328278,TTG,1.0,False,WP_048174413.1,6,97.26,328278,TTG,328278,TTG,中確信度: 上流への延長の可能性(片方の証拠のみ)
MA_RS01510,MA_0284,341950,ATG,False,5,stop_codon,341980,ATG,1.29,False,WP_048169356.1,11,93.768,341980,ATG,341980,ATG,中確信度: 上流への延長の可能性(片方の証拠のみ)
MA_RS01535,MA_0289,348379,ATG,False,2,stop_codon,348361,GTG,1.41,False,WP_048169365.1,7,93.119,348361,GTG,348361,GTG,中確信度: 上流への延長の可能性(片方の証拠のみ)
MA_RS01550,MA_0292,350108,ATG,False,2,stop_codon,350108,ATG,2.7,False,WP_048174414.1,3,95.05,350114,ATG,350114,ATG,中確信度: 上流への延長の可能性(片方の証拠のみ)
MA_RS01560,MA_0294,350802,ATG,False,1,stop_codon,350802,ATG,1.41,False,WP_231590517.1,3,94.406,350796,GTG,350796,GTG,中確信度: 上流への延長の可能性(片方の証拠のみ)
MA_RS01565,MA_0295,351805,TTG,False,1,stop_codon,351772,GTG,1.03,False,WP_048169373.1,1,95.595,351772,GTG,351772,GTG,中確信度: 上流への延長の可能性(片方の証拠のみ)
MA_RS01605,MA_0303,361289,ATG,False,1,stop_codon,361289,ATG,10.42,True,WP_048169388.1,2,90.588,361292,TTG,361292,TTG,中確信度: 上流への延長の可能性(片方の証拠のみ)
MA_RS01620,MA_0304,362830,ATG,False,4,stop_codon,362830,ATG,1.05,False,WP_231590329.1,34,94.18,362731,TTG,362731,TTG,中確信度: 上流への延長の可能性(片方の証拠のみ)
MA_RS01640,MA_0308,367095,ATG,False,1,neighbor_gene,367095,ATG,1.01,False,WP_048174417.1,4,95.349,367086,GTG,367086,GTG,中確信度: 上流への延長の可能性(片方の証拠のみ)
MA_RS01650,MA_0310,369250,ATG,False,1,stop_codon,369238,GTG,1.16,False,WP_048169405.1,3,57.55,369238,GTG,369238,GTG,中確信度: 上流への延長の可能性(片方の証拠のみ)
MA_RS01655,MA_0311,370777,ATG,False,2,stop_codon,370756,TTG,2.92,False,WP_048169399.1,8,95.181,370756,TTG,370756,TTG,中確信度: 上流への延長の可能性(片方の証拠のみ)
MA_RS01670,MA_0314,374464,ATT,True,5,stop_codon,374512,GTG,2.05,False,WP_048174419.1,41,96.581,374584,GTG,374584,GTG,中確信度: 上流への延長の可能性(片方の証拠のみ)
MA_RS01710,MA_0322,380837,ATG,False,2,stop_codon,380852,TTG,1.19,False,WP_048169414.1,6,93.156,380852,TTG,380852,TTG,中確信度: 上流への延長の可能性(片方の証拠のみ)
MA_RS01735,MA_0327,385146,ATG,False,1,stop_codon,385146,ATG,1.41,False,WP_048169422.1,9,95.288,385170,ATG,385170,ATG,中確信度: 上流への延長の可能性(片方の証拠のみ)
MA_RS01745,MA_0329,386206,TTG,False,1,stop_codon,386206,TTG,0.82,False,WP_048037476.1,2,76.768,386218,TTG,386218,TTG,中確信度: 上流への延長の可能性(片方の証拠のみ)
MA_RS01750,MA_0330,386826,ATG,False,1,stop_codon,386841,ATG,1.11,False,WP_048142424.1,6,92.486,386841,ATG,386841,ATG,中確信度: 上流への延長の可能性(片方の証拠のみ)
MA_RS01760,MA_0332,388475,ATG,False,2,stop_codon,388475,ATG,1.13,False,WP_048169427.1,7,95.135,388493,TTG,388493,TTG,中確信度: 上流への延長の可能性(片方の証拠のみ)
MA_RS01775,MA_0335,391064,ATG,False,1,stop_codon,391031,TTG,1.13,False,WP_048169433.1,12,92.668,391031,TTG,391031,TTG,中確信度: 上流への延長の可能性(片方の証拠のみ)
MA_RS01790,MA_0338,397635,ATG,False,1,stop_codon,397635,ATG,0.91,False,WP_048169439.1,4,81.579,397626,TTG,397626,TTG,中確信度: 上流への延長の可能性(片方の証拠のみ)
MA_RS01795,MA_0339,398698,ATG,False,2,stop_codon,398698,ATG,1.4,False,WP_048174423.1,7,95.312,398680,ATG,398680,ATG,中確信度: 上流への延長の可能性(片方の証拠のみ)
MA_RS01855,MA_0352,421036,ATG,False,2,stop_codon,421036,ATG,1.3,False,WP_052730952.1,4,53.282,421159,GTG,421159,GTG,中確信度: 上流への延長の可能性(片方の証拠のみ)
MA_RS01870,MA_0356,423671,GTG,False,1,stop_codon,423671,GTG,0.74,False,WP_048170155.1,1,39.827,423695,ATG,423695,ATG,中確信度: 上流への延長の可能性(片方の証拠のみ)
MA_RS01875,MA_0357,424020,ATG,False,3,stop_codon,424020,ATG,0.83,False,WP_048120431.1,24,66.667,424089,ATG,424089,ATG,中確信度: 上流への延長の可能性(片方の証拠のみ)
MA_RS29260,,424244,GTG,False,1,stop_codon,424250,ATG,1.07,False,WP_048172251.1,1,64.516,424250,ATG,424250,ATG,中確信度: 上流への延長の可能性(片方の証拠のみ)
MA_RS01905,MA_0362,430029,ATG,False,2,stop_codon,430029,ATG,1.98,False,WP_048171326.1,164,25.214,430101,ATG,430101,ATG,中確信度: 上流への延長の可能性(片方の証拠のみ)
MA_RS01920,MA_0365,432943,ATG,False,1,neighbor_gene,432943,ATG,0.76,False,WP_231590336.1,5,90.769,432955,TTG,432955,TTG,中確信度: 上流への延長の可能性(片方の証拠のみ)
MA_RS01940,MA_0369,436552,ATG,False,2,stop_codon,436552,ATG,0.82,False,WP_239451406.1,4,91.71,436561,TTG,436561,TTG,中確信度: 上流への延長の可能性(片方の証拠のみ)
MA_RS01975,MA_0377,442881,ATG,False,2,stop_codon,442818,ATG,2.04,False,WP_394296906.1,22,94.515,442818,ATG,442818,ATG,中確信度: 上流への延長の可能性(片方の証拠のみ)
MA_RS02005,MA_0382,447990,ATG,False,1,stop_codon,447990,ATG,1.06,False,WP_048169472.1,5,96.528,447978,TTG,447978,TTG,中確信度: 上流への延長の可能性(片方の証拠のみ)
MA_RS02010,MA_0383,453072,GTG,False,4,stop_codon,453201,ATG,1.42,False,WP_231590334.1,61,97.029,453309,ATG,453309,ATG,中確信度: 上流への延長の可能性(片方の証拠のみ)
MA_RS02025,MA_0385,464422,ATG,False,4,stop_codon,464494,ATG,1.27,False,WP_231590332.1,25,95.732,464494,ATG,464494,ATG,中確信度: 上流への延長の可能性(片方の証拠のみ)
MA_RS02030,MA_0386,469318,ATG,False,2,stop_codon,469318,ATG,0.93,False,WP_048169467.1,15,96.592,469360,TTG,469360,TTG,中確信度: 上流への延長の可能性(片方の証拠のみ)
MA_RS02055,,474240,ATG,False,1,stop_codon,474231,TTG,1.7,False,WP_048169461.1,4,89.516,474231,TTG,474231,TTG,中確信度: 上流への延長の可能性(片方の証拠のみ)
MA_RS02070,MA_0393,475733,ATG,False,5,stop_codon,475733,ATG,1.06,False,WP_048174424.1,33,73.745,475637,TTG,475637,TTG,中確信度: 上流への延長の可能性(片方の証拠のみ)
MA_RS02075,MA_0394,476549,ATG,False,1,stop_codon,476540,TTG,1.23,False,WP_048169456.1,4,89.425,476540,TTG,476540,TTG,中確信度: 上流への延長の可能性(片方の証拠のみ)
MA_RS02105,MA_0400,483000,GTG,False,1,stop_codon,483000,GTG,0.93,False,WP_080942096.1,13,56.679,482997,GTG,482997,GTG,中確信度: 上流への延長の可能性(片方の証拠のみ)
MA_RS02125,MA_0404,486521,TTG,False,1,stop_codon,486506,ATG,1.54,False,WP_048169508.1,1,99.451,486506,ATG,486506,ATG,中確信度: 上流への延長の可能性(片方の証拠のみ)
MA_RS02135,MA_0406,488865,GTG,False,1,stop_codon,488865,GTG,1.04,False,WP_048169510.1,1,93.237,488862,TTG,488862,TTG,中確信度: 上流への延長の可能性(片方の証拠のみ)
MA_RS28295,,490985,ATT,True,9,max_distance,490985,ATT,1.2,False,WP_048169515.1,1,90.217,490715,GTG,490715,GTG,中確信度: 上流への延長の可能性(片方の証拠のみ)
MA_RS02175,MA_0415,496128,ATG,False,1,stop_codon,496128,ATG,1.25,False,WP_231590340.1,33,95.142,496059,GTG,496059,GTG,中確信度: 上流への延長の可能性(片方の証拠のみ)
MA_RS29265,,500884,ATG,False,1,stop_codon,500884,ATG,1.08,False,WP_261788985.1,1,87.179,500845,ATG,500845,ATG,中確信度: 上流への延長の可能性(片方の証拠のみ)
MA_RS02235,MA_0426,506196,GTG,False,1,stop_codon,506196,GTG,1.21,False,WP_048120425.1,3,65.306,506187,GTG,506187,GTG,中確信度: 上流への延長の可能性(片方の証拠のみ)
MA_RS02305,MA_0440,520823,ATG,False,1,stop_codon,520931,TTG,2.98,False,WP_048169556.1,37,95.322,520931,TTG,520931,TTG,中確信度: 上流への延長の可能性(片方の証拠のみ)
MA_RS02345,MA_0448,528495,ATG,False,1,stop_codon,528495,ATG,2.22,False,WP_048142331.1,6,76.51,528510,GTG,528510,GTG,中確信度: 上流への延長の可能性(片方の証拠のみ)
MA_RS02350,MA_0449,528705,CTG,True,2,stop_codon,528705,CTG,1.52,False,WP_048143697.1,11,87.857,528675,TTG,528675,TTG,中確信度: 上流への延長の可能性(片方の証拠のみ)
MA_RS02370,MA_0453,532971,ATG,False,3,stop_codon,532971,ATG,0.89,False,WP_048169582.1,38,92.268,533082,TTG,533082,TTG,中確信度: 上流への延長の可能性(片方の証拠のみ)
MA_RS02375,MA_0454,533783,ATG,False,2,stop_codon,533768,ATG,2.52,False,WP_082088845.1,6,93.675,533768,ATG,533768,ATG,中確信度: 上流への延長の可能性(片方の証拠のみ)
MA_RS28315,,547604,ATG,False,1,stop_codon,547604,ATG,1.52,False,WP_048142297.1,5,89.583,547592,ATG,547592,ATG,中確信度: 上流への延長の可能性(片方の証拠のみ)
MA_RS02470,MA_0472,554347,ATG,False,2,stop_codon,554347,ATG,3.75,True,WP_015411731.1,20,94.332,554404,TTG,554404,TTG,中確信度: 上流への延長の可能性(片方の証拠のみ)
MA_RS02475,MA_0473,554458,ATG,False,1,stop_codon,554458,ATG,0.85,False,WP_148704756.1,12,95.522,554425,TTG,554425,TTG,中確信度: 上流への延長の可能性(片方の証拠のみ)
MA_RS02495,MA_0477,557862,ATG,False,2,stop_codon,557853,GTG,1.93,False,WP_048169600.1,10,93.496,557835,GTG,557835,GTG,中確信度: 上流への延長の可能性(片方の証拠のみ)
MA_RS29275,,558966,GTG,False,1,stop_codon,558948,TTG,0.98,False,WP_156158769.1,1,91.667,558948,TTG,558948,TTG,中確信度: 上流への延長の可能性(片方の証拠のみ)
MA_RS02520,,562271,ATG,False,3,stop_codon,562361,GTG,2.16,False,WP_048168984.1,54,54.217,562421,ATG,562421,ATG,中確信度: 上流への延長の可能性(片方の証拠のみ)
MA_RS24350,MA_0488,567850,ATG,False,1,stop_codon,567850,ATG,1.52,False,WP_048154376.1,288,50.0,567841,TTG,567841,TTG,中確信度: 上流への延長の可能性(片方の証拠のみ)
MA_RS02610,MA_0502,584723,ATG,False,6,stop_codon,584567,ATG,1.33,False,WP_048155381.1,17,63.348,584567,ATG,584567,ATG,中確信度: 上流への延長の可能性(片方の証拠のみ)
MA_RS02625,MA_0505,586505,ATG,False,2,stop_codon,586481,TTG,2.2,False,WP_048169626.1,12,99.592,586472,ATG,586472,ATG,中確信度: 上流への延長の可能性(片方の証拠のみ)
MA_RS02645,MA_0509,591371,ATG,False,1,stop_codon,591371,ATG,0.79,False,WP_048172445.1,5,81.513,591359,TTG,591359,TTG,中確信度: 上流への延長の可能性(片方の証拠のみ)
MA_RS02670,MA_0513,597652,ATG,False,1,stop_codon,597652,ATG,1.97,False,WP_214023877.1,6,89.691,597667,ATG,597667,ATG,中確信度: 上流への延長の可能性(片方の証拠のみ)
MA_RS02690,MA_0516,601283,ATG,False,1,stop_codon,601283,ATG,4.19,True,WP_231590382.1,2,82.911,601280,TTG,601280,TTG,中確信度: 上流への延長の可能性(片方の証拠のみ)
MA_RS02775,MA_0529,617913,ATG,False,2,stop_codon,617913,ATG,1.56,False,WP_048142237.1,44,96.296,617784,ATG,617784,ATG,中確信度: 上流への延長の可能性(片方の証拠のみ)
MA_RS02885,MA_0549,638399,ATG,False,2,stop_codon,638354,GTG,2.45,False,WP_048169716.1,16,95.946,638354,GTG,638354,GTG,中確信度: 上流への延長の可能性(片方の証拠のみ)
MA_RS02905,MA_0552,645562,ATG,False,5,stop_codon,645382,ATG,1.9,False,WP_082088852.1,61,87.136,645382,ATG,645382,ATG,中確信度: 上流への延長の可能性(片方の証拠のみ)
MA_RS02925,MA_0556,652958,ATG,False,3,stop_codon,652832,TTG,1.28,False,WP_082089107.1,43,92.011,652832,TTG,652832,TTG,中確信度: 上流への延長の可能性(片方の証拠のみ)
MA_RS02935,MA_0558,657701,ATG,False,4,stop_codon,657563,TTG,1.39,False,WP_082089107.1,50,85.906,657563,TTG,657563,TTG,中確信度: 上流への延長の可能性(片方の証拠のみ)
MA_RS02950,MA_0561,664051,TTG,False,1,stop_codon,664015,TTG,1.2,False,WP_048174457.1,13,86.521,664015,TTG,664015,TTG,中確信度: 上流への延長の可能性(片方の証拠のみ)
MA_RS02960,MA_0563,667157,ATG,False,1,stop_codon,667136,ATG,1.1,False,WP_048169727.1,8,93.112,667136,ATG,667136,ATG,中確信度: 上流への延長の可能性(片方の証拠のみ)
MA_RS03025,MA_0576,679496,ATG,False,1,stop_codon,679496,ATG,2.75,False,WP_048169755.1,29,95.0,679412,TTG,679412,TTG,中確信度: 上流への延長の可能性(片方の証拠のみ)
MA_RS03035,MA_0578,681830,ATG,False,1,neighbor_gene,681830,ATG,1.64,False,WP_048169759.1,47,95.37,681692,GTG,681692,GTG,中確信度: 上流への延長の可能性(片方の証拠のみ)
MA_RS03080,MA_0587,690641,ATG,False,1,stop_codon,690617,TTG,2.1,False,WP_048169775.1,9,95.096,690617,TTG,690617,TTG,中確信度: 上流への延長の可能性(片方の証拠のみ)
MA_RS03100,MA_0591,695536,TTG,False,8,stop_codon,695473,TTG,1.16,False,WP_048169780.1,54,90.625,695377,TTG,695377,TTG,中確信度: 上流への延長の可能性(片方の証拠のみ)
MA_RS03125,MA_0595,701308,TTG,False,1,stop_codon,701308,TTG,1.31,False,WP_048142153.1,13,95.238,701272,GTG,701272,GTG,中確信度: 上流への延長の可能性(片方の証拠のみ)
MA_RS03130,MA_0596,701699,ATG,False,2,neighbor_gene,701699,ATG,0.97,False,WP_048169795.1,4,97.857,701690,GTG,701690,GTG,中確信度: 上流への延長の可能性(片方の証拠のみ)
MA_RS03165,MA_0602,705010,ATG,False,1,stop_codon,705010,ATG,1.33,False,WP_048154424.1,5,94.684,704998,TTG,704998,TTG,中確信度: 上流への延長の可能性(片方の証拠のみ)
MA_RS03185,MA_0606,710692,ATG,False,2,stop_codon,710692,ATG,1.28,False,WP_048174464.1,4,94.081,710683,GTG,710683,GTG,中確信度: 上流への延長の可能性(片方の証拠のみ)
MA_RS03195,MA_0608,714773,TTG,False,1,stop_codon,714800,ATG,1.5,False,WP_048142136.1,10,95.13,714800,ATG,714800,ATG,中確信度: 上流への延長の可能性(片方の証拠のみ)
MA_RS03200,MA_0609,715092,ATG,False,1,stop_codon,715092,ATG,1.52,False,WP_048174465.1,4,97.674,715083,GTG,715083,GTG,中確信度: 上流への延長の可能性(片方の証拠のみ)
MA_RS03210,MA_0611,716760,ATG,False,1,stop_codon,716754,TTG,1.96,False,WP_048169815.1,3,91.705,716754,TTG,716754,TTG,中確信度: 上流への延長の可能性(片方の証拠のみ)
MA_RS03275,MA_0622,734439,ATG,False,1,stop_codon,734433,ATG,1.79,False,WP_048169850.1,1,86.38,734433,ATG,734433,ATG,中確信度: 上流への延長の可能性(片方の証拠のみ)
MA_RS03295,MA_0626,737081,ATG,False,1,stop_codon,737066,TTG,1.19,False,WP_048174468.1,6,91.321,737066,TTG,737066,TTG,中確信度: 上流への延長の可能性(片方の証拠のみ)
MA_RS03300,MA_0627,738028,ATG,False,1,stop_codon,738028,ATG,0.92,False,WP_048169858.1,3,94.648,738022,GTG,738022,GTG,中確信度: 上流への延長の可能性(片方の証拠のみ)
MA_RS03315,MA_0630,741925,GTG,False,2,stop_codon,741874,GTG,1.85,False,WP_048169863.1,18,96.739,741874,GTG,741874,GTG,中確信度: 上流への延長の可能性(片方の証拠のみ)
MA_RS03325,MA_0633,744374,ATG,False,1,stop_codon,744362,GTG,2.33,False,WP_231590390.1,1,92.115,744362,GTG,744362,GTG,中確信度: 上流への延長の可能性(片方の証拠のみ)
MA_RS03335,MA_0635,746169,ATG,False,1,stop_codon,746160,GTG,1.21,False,WP_048169871.1,4,91.469,746160,GTG,746160,GTG,中確信度: 上流への延長の可能性(片方の証拠のみ)
MA_RS26485,,751307,ATG,False,1,stop_codon,751328,TTG,2.15,False,WP_156157252.1,8,100.0,751328,TTG,751328,TTG,中確信度: 上流への延長の可能性(片方の証拠のみ)
MA_RS03390,MA_0644,757856,ATG,False,1,stop_codon,757856,ATG,1.7,False,WP_048142083.1,4,97.015,757865,GTG,757865,GTG,中確信度: 上流への延長の可能性(片方の証拠のみ)
MA_RS03405,MA_0647,759527,ATG,False,2,stop_codon,759539,GTG,1.27,False,WP_048169892.1,5,92.531,759539,GTG,759539,GTG,中確信度: 上流への延長の可能性(片方の証拠のみ)
MA_RS03435,MA_0653,767242,TTG,False,4,stop_codon,767206,GTG,1.6,False,WP_231590391.1,13,93.964,767206,GTG,767206,GTG,中確信度: 上流への延長の可能性(片方の証拠のみ)
MA_RS03440,MA_0654,770496,ATG,False,1,stop_codon,770496,ATG,2.44,False,WP_048169908.1,18,93.724,770547,GTG,770547,GTG,中確信度: 上流への延長の可能性(片方の証拠のみ)
MA_RS03450,MA_0656,771947,CTG,True,1,stop_codon,771947,CTG,33.35,True,WP_082088860.1,1,94.022,771938,GTG,771938,GTG,中確信度: 上流への延長の可能性(片方の証拠のみ)
MA_RS03460,MA_0658,774913,ATG,False,1,stop_codon,774913,ATG,1.07,False,WP_048169914.1,4,95.372,774904,GTG,774904,GTG,中確信度: 上流への延長の可能性(片方の証拠のみ)
MA_RS03505,MA_0667,783465,ATG,False,1,stop_codon,783465,ATG,1.7,False,WP_048169928.1,6,95.143,783480,GTG,783480,GTG,中確信度: 上流への延長の可能性(片方の証拠のみ)
MA_RS03510,,784769,ATG,False,1,stop_codon,784787,TTG,1.45,False,WP_048169930.1,7,87.004,784787,TTG,784787,TTG,中確信度: 上流への延長の可能性(片方の証拠のみ)
MA_RS03515,MA_0669,785002,ATG,False,1,stop_codon,785002,ATG,33.44,True,WP_048169931.1,5,98.802,784990,GTG,784990,GTG,中確信度: 上流への延長の可能性(片方の証拠のみ)
MA_RS03545,MA_0675,791006,ATG,False,2,neighbor_gene,791006,ATG,1.33,False,WP_048174474.1,8,96.755,790985,TTG,790985,TTG,中確信度: 上流への延長の可能性(片方の証拠のみ)
MA_RS03555,MA_0677,793566,ATG,False,2,stop_codon,793566,ATG,0.83,False,WP_048169940.1,14,86.957,793527,ATG,793527,ATG,中確信度: 上流への延長の可能性(片方の証拠のみ)
MA_RS03565,MA_0679,796395,GTG,False,2,stop_codon,796395,GTG,1.72,False,WP_048174475.1,34,89.372,796494,ATG,796494,ATG,中確信度: 上流への延長の可能性(片方の証拠のみ)
MA_RS03580,MA_0682,799951,TTG,False,1,stop_codon,799951,TTG,2.18,False,WP_048169949.1,4,95.635,799960,TTG,799960,TTG,中確信度: 上流への延長の可能性(片方の証拠のみ)
MA_RS03595,MA_0685,801921,ATG,False,1,stop_codon,801921,ATG,0.9,False,WP_048169955.1,5,97.321,801909,GTG,801909,GTG,中確信度: 上流への延長の可能性(片方の証拠のみ)
MA_RS26490,,803107,GTG,False,1,stop_codon,803107,GTG,1.95,False,WP_156158779.1,12,75.862,803206,TTG,803206,TTG,中確信度: 上流への延長の可能性(片方の証拠のみ)
MA_RS03620,MA_0691,806927,ATG,False,1,stop_codon,806882,GTG,2.4,False,WP_048142000.1,16,85.561,806882,GTG,806882,GTG,中確信度: 上流への延長の可能性(片方の証拠のみ)
MA_RS03650,MA_0697,814775,ATG,False,1,stop_codon,814784,GTG,1.3,False,WP_231590394.1,4,87.719,814784,GTG,814784,GTG,中確信度: 上流への延長の可能性(片方の証拠のみ)
MA_RS03665,MA_0700,817631,ATG,False,1,stop_codon,817631,ATG,1.85,False,WP_048169987.1,3,95.541,817637,ATG,817637,ATG,中確信度: 上流への延長の可能性(片方の証拠のみ)
MA_RS03690,MA_0705,822155,ATG,False,1,stop_codon,822155,ATG,1.15,False,WP_048121572.1,15,79.295,822113,GTG,822113,GTG,中確信度: 上流への延長の可能性(片方の証拠のみ)
MA_RS03695,MA_0706,823576,TTG,False,1,stop_codon,823576,TTG,1.43,False,WP_048169997.1,2,76.667,823573,TTG,823573,TTG,中確信度: 上流への延長の可能性(片方の証拠のみ)
MA_RS03790,MA_0724,843354,ATG,False,2,stop_codon,843414,TTG,1.26,False,WP_048170035.1,21,92.424,843414,TTG,843414,TTG,中確信度: 上流への延長の可能性(片方の証拠のみ)
MA_RS03810,MA_0728,849730,ATG,False,2,stop_codon,849730,ATG,1.06,False,WP_197080332.1,26,93.621,849805,ATG,849805,ATG,中確信度: 上流への延長の可能性(片方の証拠のみ)
MA_RS03820,MA_0729,850568,ATG,False,1,stop_codon,850568,ATG,17.22,True,WP_011034842.1,5,90.441,850580,ATG,850580,ATG,中確信度: 上流への延長の可能性(片方の証拠のみ)
MA_RS03845,MA_0734,854297,ATG,False,2,neighbor_gene,854234,GTG,2.21,False,WP_052725502.1,1,77.253,854222,GTG,854222,GTG,中確信度: 上流への延長の可能性(片方の証拠のみ)
MA_RS03850,MA_0735,855461,ATG,False,1,stop_codon,855461,ATG,3.09,True,WP_082088867.1,7,95.0,855494,GTG,855494,GTG,中確信度: 上流への延長の可能性(片方の証拠のみ)
MA_RS03870,MA_0739,859521,ATG,False,1,stop_codon,859557,TTG,1.33,False,WP_048170044.1,21,94.472,859557,TTG,859557,TTG,中確信度: 上流への延長の可能性(片方の証拠のみ)
MA_RS03885,MA_0743,863532,TTG,False,1,stop_codon,863532,TTG,2.56,False,WP_231590397.1,42,90.968,863655,GTG,863655,GTG,中確信度: 上流への延長の可能性(片方の証拠のみ)
MA_RS03900,MA_0746,865857,TTG,False,2,stop_codon,865857,TTG,1.51,False,WP_231590399.1,16,90.441,865812,TTG,865812,TTG,中確信度: 上流への延長の可能性(片方の証拠のみ)
MA_RS03910,MA_0748,867686,ATG,False,3,stop_codon,867686,ATG,4.9,True,WP_048174482.1,39,92.386,867572,GTG,867572,GTG,中確信度: 上流への延長の可能性(片方の証拠のみ)
MA_RS03915,MA_0749,868435,ATG,False,1,stop_codon,868426,GTG,2.11,False,WP_048170054.1,4,93.446,868426,GTG,868426,GTG,中確信度: 上流への延長の可能性(片方の証拠のみ)
MA_RS03925,MA_0751,871621,ATG,False,1,stop_codon,871621,ATG,1.18,False,WP_048170059.1,39,70.073,871507,ATG,871507,ATG,中確信度: 上流への延長の可能性(片方の証拠のみ)
MA_RS03980,MA_0761,887894,ATG,False,1,stop_codon,887882,GTG,2.38,False,WP_048174484.1,5,95.818,887882,GTG,887882,GTG,中確信度: 上流への延長の可能性(片方の証拠のみ)
MA_RS04015,MA_0768,898820,ATG,False,1,stop_codon,898814,GTG,2.53,False,WP_048170082.1,3,93.452,898814,GTG,898814,GTG,中確信度: 上流への延長の可能性(片方の証拠のみ)
MA_RS28370,,900424,ATG,False,1,stop_codon,900367,TTG,1.82,False,WP_239450996.1,41,61.404,900367,TTG,900367,TTG,中確信度: 上流への延長の可能性(片方の証拠のみ)
MA_RS27855,,909054,GTG,False,1,stop_codon,909021,ATG,8.33,True,,,,,,909021,ATG,中確信度: 上流への延長の可能性(片方の証拠のみ)
MA_RS04070,MA_0777,910007,ATG,False,1,stop_codon,910007,ATG,1.07,False,WP_048170104.1,4,95.567,909998,TTG,909998,TTG,中確信度: 上流への延長の可能性(片方の証拠のみ)
MA_RS04125,MA_0790,921378,ATG,False,1,stop_codon,921378,ATG,7.08,True,WP_048170131.1,17,93.939,921330,ATG,921330,ATG,中確信度: 上流への延長の可能性(片方の証拠のみ)
MA_RS04130,MA_0791,922460,TTG,False,2,stop_codon,922313,TTG,0.94,False,WP_048141834.1,75,63.14,922313,TTG,922313,TTG,中確信度: 上流への延長の可能性(片方の証拠のみ)
MA_RS04135,MA_0792,924438,ATG,False,1,neighbor_gene,924438,ATG,1.29,False,WP_048170134.1,11,93.498,924468,ATG,924468,ATG,中確信度: 上流への延長の可能性(片方の証拠のみ)
MA_RS04140,MA_0793,925478,TTG,False,1,stop_codon,925478,TTG,0.9,False,WP_048170136.1,1,89.213,925502,GTG,925502,GTG,中確信度: 上流への延長の可能性(片方の証拠のみ)
MA_RS04160,MA_0797,929260,ATG,False,3,stop_codon,929347,TTG,1.02,False,WP_048170145.1,30,92.437,929347,TTG,929347,TTG,中確信度: 上流への延長の可能性(片方の証拠のみ)
MA_RS04180,MA_0802,934184,ATG,False,1,stop_codon,934184,ATG,63.84,True,WP_048141817.1,14,95.96,934145,GTG,934145,GTG,中確信度: 上流への延長の可能性(片方の証拠のみ)
MA_RS04190,MA_0804,937708,ATG,False,2,stop_codon,937750,GTG,2.09,False,WP_048170161.1,15,90.043,937750,GTG,937750,GTG,中確信度: 上流への延長の可能性(片方の証拠のみ)
MA_RS04230,MA_0811,944560,ATG,False,1,stop_codon,944560,ATG,1.25,False,WP_048170167.1,12,93.525,944593,GTG,944593,GTG,中確信度: 上流への延長の可能性(片方の証拠のみ)
MA_RS04240,MA_0813,947916,ATG,False,1,stop_codon,947916,ATG,0.86,False,WP_231590405.1,163,86.286,947937,GTG,947937,GTG,中確信度: 上流への延長の可能性(片方の証拠のみ)
MA_RS04245,MA_0814,950003,ATG,False,1,stop_codon,950012,GTG,2.5,False,WP_048170173.1,4,94.103,950012,GTG,950012,GTG,中確信度: 上流への延長の可能性(片方の証拠のみ)
MA_RS04290,MA_0823,958709,ATG,False,1,stop_codon,958709,ATG,1.15,False,WP_048170189.1,11,92.903,958739,ATG,958739,ATG,中確信度: 上流への延長の可能性(片方の証拠のみ)
MA_RS04300,,960123,ATG,False,1,stop_codon,960132,GTG,1.79,False,WP_011033905.1,4,96.183,960132,GTG,960132,GTG,中確信度: 上流への延長の可能性(片方の証拠のみ)
MA_RS04370,MA_0838,977515,ATG,False,3,stop_codon,977515,ATG,1.41,False,WP_048174730.1,63,41.538,977530,TTG,977530,TTG,中確信度: 上流への延長の可能性(片方の証拠のみ)
MA_RS04385,MA_0841,980748,ATG,False,3,stop_codon,980748,ATG,0.87,False,WP_048170208.1,17,92.657,980700,ATG,980700,ATG,中確信度: 上流への延長の可能性(片方の証拠のみ)
MA_RS04405,MA_0845,985457,ATG,False,2,stop_codon,985448,TTG,1.41,False,WP_048174489.1,7,97.879,985439,TTG,985439,TTG,中確信度: 上流への延長の可能性(片方の証拠のみ)
MA_RS04415,MA_0847,987383,ATG,False,1,stop_codon,987383,ATG,3.0,False,WP_048170218.1,36,96.369,987278,ATG,987278,ATG,中確信度: 上流への延長の可能性(片方の証拠のみ)
MA_RS04450,MA_0854,1009640,ATG,False,2,stop_codon,1009640,ATG,0.99,False,WP_052730707.1,21,80.723,1009601,GTG,1009601,GTG,中確信度: 上流への延長の可能性(片方の証拠のみ)
MA_RS04470,MA_0858,1018281,ATG,False,1,stop_codon,1018281,ATG,0.9,False,WP_048170226.1,7,96.894,1018299,TTG,1018299,TTG,中確信度: 上流への延長の可能性(片方の証拠のみ)
MA_RS04475,MA_0859,1020910,ATG,False,2,stop_codon,1020925,TTG,1.4,False,WP_048170227.1,7,97.003,1020928,ATG,1020928,ATG,中確信度: 上流への延長の可能性(片方の証拠のみ)
MA_RS04530,MA_0870,1034123,ATG,False,1,neighbor_gene,1034147,TTG,1.0,False,WP_156158785.1,9,86.256,1034147,TTG,1034147,TTG,中確信度: 上流への延長の可能性(片方の証拠のみ)
MA_RS04605,MA_0884,1058343,ATG,False,2,stop_codon,1058322,GTG,1.26,False,WP_052721506.1,8,93.38,1058322,GTG,1058322,GTG,中確信度: 上流への延長の可能性(片方の証拠のみ)
MA_RS04695,MA_0904,1082313,ATG,False,1,stop_codon,1082313,ATG,4.94,True,WP_048170293.1,4,87.664,1082322,GTG,1082322,GTG,中確信度: 上流への延長の可能性(片方の証拠のみ)
MA_RS04700,MA_0905,1082474,ATG,False,1,stop_codon,1082474,ATG,70.6,True,WP_048170295.1,22,96.206,1082411,ATG,1082411,ATG,中確信度: 上流への延長の可能性(片方の証拠のみ)
MA_RS04720,MA_0910,1088846,ATG,False,1,stop_codon,1088846,ATG,4.06,True,WP_048170301.1,7,91.579,1088837,ATG,1088837,ATG,中確信度: 上流への延長の可能性(片方の証拠のみ)
MA_RS04730,MA_0912,1090906,ATG,False,5,stop_codon,1090999,ATG,1.93,False,WP_048170305.1,1,91.772,1091029,TTG,1091029,TTG,中確信度: 上流への延長の可能性(片方の証拠のみ)
MA_RS04735,MA_0913,1091615,ATG,False,1,stop_codon,1091615,ATG,1.37,False,WP_048170307.1,6,93.564,1091600,TTG,1091600,TTG,中確信度: 上流への延長の可能性(片方の証拠のみ)
MA_RS04740,MA_0914,1092417,ATG,False,3,stop_codon,1092387,GTG,1.03,False,WP_048170309.1,11,96.396,1092387,GTG,1092387,GTG,中確信度: 上流への延長の可能性(片方の証拠のみ)
MA_RS04755,MA_0917,1096558,ATG,False,2,stop_codon,1096558,ATG,1.24,False,WP_048170314.1,5,97.606,1096546,GTG,1096546,GTG,中確信度: 上流への延長の可能性(片方の証拠のみ)
MA_RS04770,MA_0920,1100861,ATG,False,1,stop_codon,1100861,ATG,1.23,False,WP_048143610.1,13,93.452,1100897,ATG,1100897,ATG,中確信度: 上流への延長の可能性(片方の証拠のみ)
MA_RS04790,MA_0924,1103632,ATG,False,2,stop_codon,1103632,ATG,1.21,False,WP_048174498.1,6,97.546,1103617,GTG,1103617,GTG,中確信度: 上流への延長の可能性(片方の証拠のみ)
MA_RS04795,MA_0925,1104205,TTG,False,1,stop_codon,1104205,TTG,1.19,False,WP_048170329.1,9,94.148,1104181,ATG,1104181,ATG,中確信度: 上流への延長の可能性(片方の証拠のみ)
MA_RS04855,MA_0935,1114790,GTG,False,2,stop_codon,1114799,GTG,1.09,False,WP_315968696.1,6,90.909,1114805,ATG,1114805,ATG,中確信度: 上流への延長の可能性(片方の証拠のみ)
MA_RS04880,MA_0940,1118620,ATG,False,1,stop_codon,1118620,ATG,1.61,False,WP_048170348.1,4,95.0,1118629,GTG,1118629,GTG,中確信度: 上流への延長の可能性(片方の証拠のみ)
MA_RS04905,MA_0944,1124670,ATG,False,2,stop_codon,1124670,ATG,2.54,False,WP_015411731.1,20,94.332,1124727,TTG,1124727,TTG,中確信度: 上流への延長の可能性(片方の証拠のみ)
MA_RS04925,MA_0947,1126372,TTG,False,1,stop_codon,1126372,TTG,0.93,False,WP_231590526.1,10,89.904,1126354,GTG,1126354,GTG,中確信度: 上流への延長の可能性(片方の証拠のみ)
MA_RS04930,MA_0948,1127122,GTG,False,3,stop_codon,1127044,GTG,1.01,False,WP_231590413.1,66,90.404,1127044,GTG,1127044,GTG,中確信度: 上流への延長の可能性(片方の証拠のみ)
MA_RS04955,MA_0953,1133958,TTG,False,2,neighbor_gene,1133988,GTG,0.96,False,WP_048170371.1,11,97.035,1133988,GTG,1133988,GTG,中確信度: 上流への延長の可能性(片方の証拠のみ)
MA_RS24380,MA_0960,1146589,ATG,False,2,stop_codon,1146694,TTG,2.02,False,WP_275425592.1,308,70.776,1146694,TTG,1146694,TTG,中確信度: 上流への延長の可能性(片方の証拠のみ)
MA_RS05015,MA_0964,1151312,ATG,False,1,stop_codon,1151312,ATG,0.46,False,WP_231590415.1,5,95.139,1151300,ATG,1151300,ATG,中確信度: 上流への延長の可能性(片方の証拠のみ)
MA_RS05045,MA_0969,1155621,ATG,False,1,neighbor_gene,1155618,TTG,1.45,False,WP_048170390.1,2,94.57,1155618,TTG,1155618,TTG,中確信度: 上流への延長の可能性(片方の証拠のみ)
MA_RS24390,MA_0970,1157351,ATG,False,1,stop_codon,1157294,TTG,1.77,False,WP_048119355.1,20,36.791,1157294,TTG,1157294,TTG,中確信度: 上流への延長の可能性(片方の証拠のみ)
MA_RS05060,MA_0972,1160915,ATG,False,1,stop_codon,1160915,ATG,0.72,False,WP_048154525.1,6,92.486,1160900,ATG,1160900,ATG,中確信度: 上流への延長の可能性(片方の証拠のみ)
MA_RS05095,MA_0978,1168352,ATG,False,1,neighbor_gene,1168343,GTG,0.94,False,WP_048170472.1,4,92.784,1168343,GTG,1168343,GTG,中確信度: 上流への延長の可能性(片方の証拠のみ)
MA_RS05120,,1173682,ATG,False,1,stop_codon,1173682,ATG,2.75,False,WP_048140239.1,4,94.03,1173673,TTG,1173673,TTG,中確信度: 上流への延長の可能性(片方の証拠のみ)
MA_RS05125,MA_0982,1173882,ATG,False,1,stop_codon,1173882,ATG,1.18,False,WP_052730865.1,4,96.46,1173873,TTG,1173873,TTG,中確信度: 上流への延長の可能性(片方の証拠のみ)
MA_RS05160,MA_0988,1181283,ATG,False,2,stop_codon,1181337,TTG,1.0,False,WP_048173573.1,19,92.935,1181337,TTG,1181337,TTG,中確信度: 上流への延長の可能性(片方の証拠のみ)
MA_RS05165,MA_0989,1181616,ATG,False,1,stop_codon,1181616,ATG,2.71,False,WP_048173572.1,4,98.592,1181607,TTG,1181607,TTG,中確信度: 上流への延長の可能性(片方の証拠のみ)
MA_RS28425,MA_0992,1184641,ATG,False,3,stop_codon,1184653,ATG,2.02,False,WP_156158887.1,11,90.0,1184701,TTG,1184701,TTG,中確信度: 上流への延長の可能性(片方の証拠のみ)
MA_RS05190,MA_0994,1186691,GTG,False,2,stop_codon,1186691,GTG,1.34,False,WP_015412704.1,65,27.193,1186790,TTG,1186790,TTG,中確信度: 上流への延長の可能性(片方の証拠のみ)
MA_RS05195,MA_0995,1187129,ATG,False,1,stop_codon,1187129,ATG,1.44,False,WP_048173569.1,2,96.8,1187126,TTG,1187126,TTG,中確信度: 上流への延長の可能性(片方の証拠のみ)
MA_RS28435,MA_0998,1189519,ATG,False,9,stop_codon,1189345,TTG,1.09,False,WP_231589914.1,130,90.0,1189345,TTG,1189345,TTG,中確信度: 上流への延長の可能性(片方の証拠のみ)
MA_RS24395,MA_1000,1191973,ATG,False,2,stop_codon,1191973,ATG,0.8,False,WP_158024216.1,92,35.78,1191940,TTG,1191940,TTG,中確信度: 上流への延長の可能性(片方の証拠のみ)
MA_RS05225,MA_1001,1194679,GTG,False,1,neighbor_gene,1194691,TTG,1.28,False,WP_148704582.1,31,42.641,1194691,TTG,1194691,TTG,中確信度: 上流への延長の可能性(片方の証拠のみ)
MA_RS05295,MA_1013,1209825,GTG,False,1,stop_codon,1209825,GTG,0.96,False,WP_048173699.1,18,97.233,1209876,GTG,1209876,GTG,中確信度: 上流への延長の可能性(片方の証拠のみ)
MA_RS29720,MA_1017,1217171,ATG,False,1,stop_codon,1217171,ATG,1.85,False,WP_048173554.1,2,94.611,1217168,TTG,1217168,TTG,中確信度: 上流への延長の可能性(片方の証拠のみ)
MA_RS05345,MA_1022,1223996,ATG,False,3,stop_codon,1223981,GTG,1.22,False,WP_048173548.1,6,94.833,1223981,GTG,1223981,GTG,中確信度: 上流への延長の可能性(片方の証拠のみ)
MA_RS05365,MA_1028,1228753,ATG,False,1,neighbor_gene,1228753,ATG,1.1,False,WP_048167052.1,4,78.252,1228744,GTG,1228744,GTG,中確信度: 上流への延長の可能性(片方の証拠のみ)
MA_RS05375,MA_1030,1231307,ATG,False,1,stop_codon,1231307,ATG,1.33,False,WP_048118134.1,12,79.091,1231274,TTG,1231274,TTG,中確信度: 上流への延長の可能性(片方の証拠のみ)
MA_RS29730,MA_1044,1246528,ATG,False,1,stop_codon,1246528,ATG,1.41,False,WP_048169639.1,2,90.816,1246525,TTG,1246525,TTG,中確信度: 上流への延長の可能性(片方の証拠のみ)
MA_RS05440,MA_1045,1248389,ATG,False,2,stop_codon,1248389,ATG,2.08,False,WP_015411731.1,20,94.332,1248446,TTG,1248446,TTG,中確信度: 上流への延長の可能性(片方の証拠のみ)
MA_RS05520,MA_1059,1267617,ATG,False,1,stop_codon,1267617,ATG,0.55,False,WP_048141546.1,4,58.032,1267626,GTG,1267626,GTG,中確信度: 上流への延長の可能性(片方の証拠のみ)
MA_RS05570,MA_1068,1280232,ATG,False,1,stop_codon,1280232,ATG,1.05,False,WP_048141532.1,3,85.885,1280238,ATG,1280238,ATG,中確信度: 上流への延長の可能性(片方の証拠のみ)
MA_RS05575,MA_1069,1281584,GTG,False,2,stop_codon,1281584,GTG,1.05,False,WP_048141531.1,1,59.574,1281365,ATG,1281365,ATG,中確信度: 上流への延長の可能性(片方の証拠のみ)
MA_RS05645,MA_1082,1291444,ATG,False,1,stop_codon,1291387,ATG,1.04,False,WP_011034065.1,20,97.727,1291387,ATG,1291387,ATG,中確信度: 上流への延長の可能性(片方の証拠のみ)
MA_RS05650,MA_1083,1291853,ATG,False,1,neighbor_gene,1291844,GTG,0.98,False,WP_048173519.1,4,96.552,1291844,GTG,1291844,GTG,中確信度: 上流への延長の可能性(片方の証拠のみ)
MA_RS05680,MA_1089,1294539,ATG,False,2,neighbor_gene,1294539,ATG,0.91,False,WP_048174950.1,4,91.772,1294530,GTG,1294530,GTG,中確信度: 上流への延長の可能性(片方の証拠のみ)
MA_RS05765,MA_1106,1309343,ATG,False,1,stop_codon,1309343,ATG,1.0,False,WP_048173346.1,3,96.596,1309337,TTG,1309337,TTG,中確信度: 上流への延長の可能性(片方の証拠のみ)
MA_RS05770,MA_1107,1310037,ATG,False,1,stop_codon,1309983,ATG,1.41,False,WP_231589854.1,19,96.183,1309983,ATG,1309983,ATG,中確信度: 上流への延長の可能性(片方の証拠のみ)
MA_RS05850,MA_1122,1327623,ATG,False,1,stop_codon,1327641,ATG,1.48,False,WP_231589861.1,1,92.308,1327641,ATG,1327641,ATG,中確信度: 上流への延長の可能性(片方の証拠のみ)
MA_RS24400,MA_1126,1331057,GTG,False,1,stop_codon,1331057,GTG,1.24,False,WP_048119771.1,27,55.243,1330931,ATG,1330931,ATG,中確信度: 上流への延長の可能性(片方の証拠のみ)
MA_RS05875,MA_1128,1335895,ATG,False,2,stop_codon,1335913,TTG,1.4,False,WP_052730906.1,7,89.706,1335913,TTG,1335913,TTG,中確信度: 上流への延長の可能性(片方の証拠のみ)
MA_RS05890,MA_1131,1339430,ATG,False,1,stop_codon,1339430,ATG,1.01,False,WP_048143587.1,4,91.854,1339421,GTG,1339421,GTG,中確信度: 上流への延長の可能性(片方の証拠のみ)
MA_RS05900,MA_1133,1342183,TTG,False,1,stop_codon,1342198,ATG,1.16,False,WP_048141444.1,1,80.66,1342198,ATG,1342198,ATG,中確信度: 上流への延長の可能性(片方の証拠のみ)
MA_RS05920,MA_1137,1345432,ATG,False,3,neighbor_gene,1345447,GTG,1.33,False,WP_048174546.1,6,94.619,1345447,GTG,1345447,GTG,中確信度: 上流への延長の可能性(片方の証拠のみ)
MA_RS05925,MA_1138,1346054,TTG,False,1,stop_codon,1346054,TTG,1.14,False,WP_048170750.1,52,91.729,1346207,GTG,1346207,GTG,中確信度: 上流への延長の可能性(片方の証拠のみ)
MA_RS05930,MA_1139,1347132,ATG,False,1,neighbor_gene,1347165,ATG,0.97,False,WP_231590437.1,1,91.935,1347165,ATG,1347165,ATG,中確信度: 上流への延長の可能性(片方の証拠のみ)
MA_RS05935,MA_1140,1347445,ATG,False,1,stop_codon,1347481,TTG,1.24,False,WP_048170747.1,13,91.304,1347481,TTG,1347481,TTG,中確信度: 上流への延長の可能性(片方の証拠のみ)
MA_RS05945,MA_1141,1348886,ATG,False,2,stop_codon,1348859,TTG,2.79,False,WP_197080370.1,10,98.172,1348859,TTG,1348859,TTG,中確信度: 上流への延長の可能性(片方の証拠のみ)
MA_RS06020,MA_1156,1371111,ATG,False,2,neighbor_gene,1371111,ATG,1.1,False,WP_048173421.1,5,95.025,1371099,TTG,1371099,TTG,中確信度: 上流への延長の可能性(片方の証拠のみ)
MA_RS06065,MA_1165,1382947,ATG,False,1,stop_codon,1382953,TTG,1.7,False,WP_048173427.1,3,93.939,1382953,TTG,1382953,TTG,中確信度: 上流への延長の可能性(片方の証拠のみ)
MA_RS06080,MA_1168,1385749,GTG,False,1,stop_codon,1385758,GTG,1.22,False,WP_048141363.1,4,92.258,1385758,GTG,1385758,GTG,中確信度: 上流への延長の可能性(片方の証拠のみ)
MA_RS06085,,1386178,ATG,False,2,stop_codon,1386217,TTG,0.92,False,WP_048173436.1,14,96.721,1386217,TTG,1386217,TTG,中確信度: 上流への延長の可能性(片方の証拠のみ)
MA_RS06095,MA_1171,1388704,TTG,False,1,stop_codon,1388653,TTG,1.21,False,WP_048173438.1,18,98.156,1388653,TTG,1388653,TTG,中確信度: 上流への延長の可能性(片方の証拠のみ)
MA_RS06100,MA_1172,1392905,ATG,False,1,stop_codon,1392914,GTG,2.44,False,WP_048173439.1,12,90.424,1392914,GTG,1392914,GTG,中確信度: 上流への延長の可能性(片方の証拠のみ)
MA_RS06105,MA_1173,1394033,ATG,False,1,stop_codon,1394033,ATG,1.3,False,WP_048141354.1,4,93.567,1394042,GTG,1394042,GTG,中確信度: 上流への延長の可能性(片方の証拠のみ)
MA_RS06115,MA_1175,1395472,ATG,False,1,stop_codon,1395472,ATG,2.67,False,WP_048168166.1,5,68.436,1395460,ATG,1395460,ATG,中確信度: 上流への延長の可能性(片方の証拠のみ)
MA_RS06125,MA_1177,1397311,ATG,False,1,stop_codon,1397230,TTG,1.33,False,WP_048168168.1,28,72.993,1397230,TTG,1397230,TTG,中確信度: 上流への延長の可能性(片方の証拠のみ)
MA_RS24405,MA_1178,1398528,ATG,False,1,stop_codon,1398522,TTG,1.0,False,WP_052721896.1,20,55.94,1398522,TTG,1398522,TTG,中確信度: 上流への延長の可能性(片方の証拠のみ)
MA_RS06135,MA_1179,1399970,ATG,False,1,neighbor_gene,1399970,ATG,0.9,False,WP_148704378.1,4,33.9,1399961,GTG,1399961,GTG,中確信度: 上流への延長の可能性(片方の証拠のみ)
MA_RS06205,MA_1193,1421117,ATG,False,1,stop_codon,1421108,ATG,1.62,False,WP_048173457.1,4,95.527,1421108,ATG,1421108,ATG,中確信度: 上流への延長の可能性(片方の証拠のみ)
MA_RS06210,MA_1194,1422102,ATG,False,2,neighbor_gene,1422075,ATG,1.01,False,WP_156158876.1,12,92.558,1422069,TTG,1422069,TTG,中確信度: 上流への延長の可能性(片方の証拠のみ)
MA_RS06215,MA_1195,1425149,ATG,False,3,stop_codon,1425203,ATG,1.36,False,WP_048173458.1,27,87.174,1425227,ATG,1425227,ATG,中確信度: 上流への延長の可能性(片方の証拠のみ)
MA_RS06225,MA_1197,1428312,ATG,False,1,neighbor_gene,1428312,ATG,1.36,False,WP_052721685.1,6,94.413,1428327,ATG,1428327,ATG,中確信度: 上流への延長の可能性(片方の証拠のみ)
MA_RS06245,MA_1200,1431478,ATG,False,2,stop_codon,1431478,ATG,3.87,True,WP_231589889.1,91,93.827,1431637,ATG,1431637,ATG,中確信度: 上流への延長の可能性(片方の証拠のみ)
MA_RS28465,,1432029,ATG,False,1,stop_codon,1431981,TTG,1.24,False,WP_048173464.1,10,83.824,1431981,TTG,1431981,TTG,中確信度: 上流への延長の可能性(片方の証拠のみ)
MA_RS06310,MA_1213,1446358,ATG,False,2,stop_codon,1446358,ATG,0.85,False,WP_011021227.1,12,100.0,1446325,ATG,1446325,ATG,中確信度: 上流への延長の可能性(片方の証拠のみ)
MA_RS06315,MA_1214,1447205,ATG,False,1,neighbor_gene,1447205,ATG,0.69,False,WP_011021235.1,5,100.0,1447193,GTG,1447193,GTG,中確信度: 上流への延長の可能性(片方の証拠のみ)
MA_RS06340,MA_1219,1451365,ATG,False,2,stop_codon,1451326,TTG,0.84,False,WP_048173477.1,14,95.481,1451326,TTG,1451326,TTG,中確信度: 上流への延長の可能性(片方の証拠のみ)
MA_RS06345,MA_1220,1452879,ATG,False,1,stop_codon,1452879,ATG,1.14,False,WP_048173478.1,12,92.601,1452846,TTG,1452846,TTG,中確信度: 上流への延長の可能性(片方の証拠のみ)
MA_RS06360,MA_1223,1456238,ATG,False,2,stop_codon,1456238,ATG,1.52,False,WP_048173480.1,4,94.512,1456229,GTG,1456229,GTG,中確信度: 上流への延長の可能性(片方の証拠のみ)
MA_RS06365,MA_1224,1457748,ATG,False,1,stop_codon,1457757,GTG,1.69,False,WP_048173481.1,4,96.474,1457757,GTG,1457757,GTG,中確信度: 上流への延長の可能性(片方の証拠のみ)
MA_RS06390,MA_1229,1462519,ATG,False,2,stop_codon,1462627,ATG,1.36,False,WP_156158877.1,1,95.472,1462627,ATG,1462627,ATG,中確信度: 上流への延長の可能性(片方の証拠のみ)
MA_RS06410,MA_1233,1467116,ATG,False,1,stop_codon,1467116,ATG,1.06,False,WP_048173485.1,34,95.42,1467215,GTG,1467215,GTG,中確信度: 上流への延長の可能性(片方の証拠のみ)
MA_RS06440,MA_1239,1473314,ATG,False,2,stop_codon,1473332,TTG,1.98,False,WP_048170607.1,16,97.101,1473359,GTG,1473359,GTG,中確信度: 上流への延長の可能性(片方の証拠のみ)
MA_RS06445,MA_1241,1473916,ATG,False,1,stop_codon,1473916,ATG,1.14,False,WP_048170605.1,3,96.296,1473910,GTG,1473910,GTG,中確信度: 上流への延長の可能性(片方の証拠のみ)
MA_RS06470,MA_1246,1485273,ATG,False,1,stop_codon,1485273,ATG,1.09,False,WP_048170602.1,10,98.566,1485300,ATG,1485300,ATG,中確信度: 上流への延長の可能性(片方の証拠のみ)
MA_RS06485,MA_1249,1488505,ATG,False,2,stop_codon,1488505,ATG,1.27,False,WP_048170594.1,13,98.077,1488541,TTG,1488541,TTG,中確信度: 上流への延長の可能性(片方の証拠のみ)
MA_RS06505,,1494282,ATG,False,1,stop_codon,1494252,TTG,1.46,False,WP_156158793.1,11,98.077,1494252,TTG,1494252,TTG,中確信度: 上流への延長の可能性(片方の証拠のみ)
MA_RS06540,MA_1261,1501643,ATG,False,2,stop_codon,1501652,TTG,1.44,False,WP_082088889.1,2,96.939,1501652,TTG,1501652,TTG,中確信度: 上流への延長の可能性(片方の証拠のみ)
MA_RS06625,MA_1276,1529509,ATG,False,1,stop_codon,1529539,TTG,1.05,False,WP_048170550.1,11,95.602,1529539,TTG,1529539,TTG,中確信度: 上流への延長の可能性(片方の証拠のみ)
MA_RS06640,MA_1279,1532600,ATG,False,3,stop_codon,1532600,ATG,1.08,False,WP_048138002.1,36,87.987,1532705,GTG,1532705,GTG,中確信度: 上流への延長の可能性(片方の証拠のみ)
MA_RS06645,MA_1280,1534015,ATG,False,1,stop_codon,1534045,TTG,1.89,False,WP_394296912.1,1,88.865,1534045,TTG,1534045,TTG,中確信度: 上流への延長の可能性(片方の証拠のみ)
MA_RS06655,MA_1282,1536571,ATG,False,1,stop_codon,1536571,ATG,1.94,False,WP_048170538.1,1,96.667,1536577,ATG,1536577,ATG,中確信度: 上流への延長の可能性(片方の証拠のみ)
MA_RS06670,MA_1285,1539406,ATG,False,3,stop_codon,1539289,ATG,1.39,False,WP_048170536.1,1,94.286,1539280,ATG,1539280,ATG,中確信度: 上流への延長の可能性(片方の証拠のみ)
MA_RS06690,MA_1289,1543709,TTG,False,1,stop_codon,1543700,GTG,2.52,False,WP_048170526.1,4,94.884,1543700,GTG,1543700,GTG,中確信度: 上流への延長の可能性(片方の証拠のみ)
MA_RS06700,MA_1291,1546595,TTG,False,1,stop_codon,1546586,GTG,1.28,False,WP_048036925.1,4,88.837,1546586,GTG,1546586,GTG,中確信度: 上流への延長の可能性(片方の証拠のみ)
MA_RS06720,MA_1295,1553631,ATG,False,1,stop_codon,1553631,ATG,1.35,False,WP_230633249.1,1,89.623,1553607,TTG,1553607,TTG,中確信度: 上流への延長の可能性(片方の証拠のみ)
MA_RS28490,,1565479,ATG,False,1,stop_codon,1565479,ATG,1.26,False,WP_048046562.1,27,77.778,1565533,GTG,1565533,GTG,中確信度: 上流への延長の可能性(片方の証拠のみ)
MA_RS06775,MA_1307,1566811,ATG,False,3,stop_codon,1566811,ATG,16.91,True,WP_231590425.1,55,95.178,1566973,TTG,1566973,TTG,中確信度: 上流への延長の可能性(片方の証拠のみ)
MA_RS06800,MA_1313,1574242,ATG,False,3,neighbor_gene,1574242,ATG,1.0,False,WP_082089113.1,40,92.601,1574125,ATG,1574125,ATG,中確信度: 上流への延長の可能性(片方の証拠のみ)
MA_RS06815,MA_1316,1578873,ATG,False,1,stop_codon,1578873,ATG,0.89,False,WP_048172762.1,4,96.558,1578882,ATG,1578882,ATG,中確信度: 上流への延長の可能性(片方の証拠のみ)
MA_RS06845,MA_1321,1585299,ATG,False,2,stop_codon,1585332,GTG,2.55,False,WP_048172769.1,12,97.674,1585332,GTG,1585332,GTG,中確信度: 上流への延長の可能性(片方の証拠のみ)
MA_RS06850,MA_1322,1590092,ATG,False,1,stop_codon,1590092,ATG,0.93,False,WP_082088988.1,13,89.559,1590128,TTG,1590128,TTG,中確信度: 上流への延長の可能性(片方の証拠のみ)
MA_RS06865,MA_1323,1590819,ATG,False,2,stop_codon,1590798,TTG,0.87,False,WP_048166853.1,5,65.517,1590798,TTG,1590798,TTG,中確信度: 上流への延長の可能性(片方の証拠のみ)
MA_RS06890,MA_1328,1595636,ATG,False,1,stop_codon,1595612,ATG,0.75,False,WP_048172096.1,13,28.646,1595612,ATG,1595612,ATG,中確信度: 上流への延長の可能性(片方の証拠のみ)
MA_RS25180,,1600834,ATG,False,1,stop_codon,1600834,ATG,3.28,True,WP_082088968.1,5,91.837,1600822,TTG,1600822,TTG,中確信度: 上流への延長の可能性(片方の証拠のみ)
MA_RS26655,,1600995,ATG,False,1,neighbor_gene,1600986,GTG,1.13,False,WP_158024214.1,4,52.941,1600986,GTG,1600986,GTG,中確信度: 上流への延長の可能性(片方の証拠のみ)
MA_RS06965,MA_1343,1609739,ATG,False,6,stop_codon,1609739,ATG,1.1,False,WP_048173235.1,30,91.566,1609652,ATG,1609652,ATG,中確信度: 上流への延長の可能性(片方の証拠のみ)
MA_RS06970,MA_1344,1610154,ATG,False,1,stop_codon,1610154,ATG,1.0,False,WP_231589842.1,4,87.179,1610103,ATG,1610103,ATG,中確信度: 上流への延長の可能性(片方の証拠のみ)
MA_RS06990,MA_1347,1615914,ATG,False,2,stop_codon,1615869,TTG,0.88,False,WP_048174868.1,25,85.022,1615842,TTG,1615842,TTG,中確信度: 上流への延長の可能性(片方の証拠のみ)
MA_RS06995,MA_1348,1617034,ATG,False,1,stop_codon,1617034,ATG,1.34,False,WP_048173242.1,2,95.37,1617037,TTG,1617037,TTG,中確信度: 上流への延長の可能性(片方の証拠のみ)
MA_RS07005,MA_1350,1618145,ATG,False,2,stop_codon,1618106,ATG,1.72,False,WP_048174870.1,14,97.26,1618106,ATG,1618106,ATG,中確信度: 上流への延長の可能性(片方の証拠のみ)
MA_RS07030,MA_1353,1621343,ATT,True,4,stop_codon,1621343,ATT,1.55,False,WP_082089383.1,36,88.793,1621220,ATG,1621220,ATG,中確信度: 上流への延長の可能性(片方の証拠のみ)
MA_RS07055,MA_1357,1626327,ATG,False,1,stop_codon,1626327,ATG,1.95,False,WP_048141120.1,5,47.5,1626315,GTG,1626315,GTG,中確信度: 上流への延長の可能性(片方の証拠のみ)
MA_RS26670,,1628289,TTG,False,1,stop_codon,1628289,TTG,1.52,False,WP_048141116.1,11,78.723,1628292,TTG,1628292,TTG,中確信度: 上流への延長の可能性(片方の証拠のみ)
MA_RS07075,MA_1362,1631797,ATG,False,1,stop_codon,1631803,TTG,1.65,False,WP_048171729.1,3,91.709,1631803,TTG,1631803,TTG,中確信度: 上流への延長の可能性(片方の証拠のみ)
MA_RS07100,MA_1367,1635794,ATG,False,1,stop_codon,1635785,ATG,2.55,False,WP_048171733.1,4,97.849,1635785,ATG,1635785,ATG,中確信度: 上流への延長の可能性(片方の証拠のみ)
MA_RS07105,MA_1368,1637338,ATG,False,2,neighbor_gene,1637356,TTG,0.65,False,WP_048171735.1,11,95.41,1637368,TTG,1637368,TTG,中確信度: 上流への延長の可能性(片方の証拠のみ)
MA_RS07120,MA_1371,1638685,ATG,False,2,stop_codon,1638664,ATG,1.41,False,WP_048171741.1,8,95.699,1638664,ATG,1638664,ATG,中確信度: 上流への延長の可能性(片方の証拠のみ)
MA_RS07135,MA_1374,1641232,ATG,False,1,stop_codon,1641226,ATG,1.63,False,WP_048174630.1,3,98.655,1641226,ATG,1641226,ATG,中確信度: 上流への延長の可能性(片方の証拠のみ)
MA_RS07145,MA_1377,1644132,TTG,False,1,stop_codon,1644132,TTG,1.24,False,WP_048171750.1,11,96.842,1644162,ATG,1644162,ATG,中確信度: 上流への延長の可能性(片方の証拠のみ)
MA_RS07150,MA_1378,1645009,ATG,False,2,neighbor_gene,1645009,ATG,2.85,False,WP_048171752.1,34,93.878,1645108,ATG,1645108,ATG,中確信度: 上流への延長の可能性(片方の証拠のみ)
MA_RS07165,MA_1381,1648366,ATG,False,2,stop_codon,1648333,TTG,1.47,False,WP_048171758.1,12,99.061,1648333,TTG,1648333,TTG,中確信度: 上流への延長の可能性(片方の証拠のみ)
MA_RS07175,MA_1383,1649388,ATG,False,1,neighbor_gene,1649388,ATG,1.15,False,WP_048171760.1,4,98.83,1649379,GTG,1649379,GTG,中確信度: 上流への延長の可能性(片方の証拠のみ)
MA_RS07180,MA_1384,1650249,ATG,False,1,stop_codon,1650213,TTG,1.28,False,WP_048171762.1,13,97.549,1650213,TTG,1650213,TTG,中確信度: 上流への延長の可能性(片方の証拠のみ)
MA_RS07195,MA_1388,1653968,ATG,False,3,stop_codon,1653968,ATG,1.04,False,WP_048174730.1,64,40.206,1653983,TTG,1653983,TTG,中確信度: 上流への延長の可能性(片方の証拠のみ)
MA_RS07200,MA_1389,1654362,ATG,False,1,stop_codon,1654362,ATG,1.0,False,WP_231590486.1,4,95.05,1654353,ATG,1654353,ATG,中確信度: 上流への延長の可能性(片方の証拠のみ)
MA_RS07225,MA_1394,1661032,ATG,False,1,stop_codon,1661032,ATG,1.0,False,WP_231590487.1,1,87.153,1661062,TTG,1661062,TTG,中確信度: 上流への延長の可能性(片方の証拠のみ)
MA_RS07240,MA_1397,1663504,ATG,False,1,stop_codon,1663504,ATG,4.95,True,WP_048172822.1,3,84.91,1663498,ATG,1663498,ATG,中確信度: 上流への延長の可能性(片方の証拠のみ)
MA_RS07255,MA_1400,1667076,ATG,False,1,stop_codon,1667076,ATG,0.66,False,WP_048171782.1,3,96.192,1667082,GTG,1667082,GTG,中確信度: 上流への延長の可能性(片方の証拠のみ)
MA_RS07285,MA_1404,1671283,ATG,False,1,stop_codon,1671283,ATG,1.45,False,WP_048141019.1,2,76.774,1671280,TTG,1671280,TTG,中確信度: 上流への延長の可能性(片方の証拠のみ)
MA_RS07305,MA_1408,1674572,ATG,False,2,stop_codon,1674467,ATG,1.42,False,WP_048171796.1,40,93.651,1674455,ATG,1674455,ATG,中確信度: 上流への延長の可能性(片方の証拠のみ)
MA_RS07325,MA_1412,1680032,ATG,False,1,stop_codon,1680032,ATG,1.24,False,WP_011034305.1,10,90.226,1680005,GTG,1680005,GTG,中確信度: 上流への延長の可能性(片方の証拠のみ)
MA_RS07335,MA_1414,1681265,ATG,False,1,stop_codon,1681253,GTG,0.92,False,WP_187151896.1,5,93.182,1681253,GTG,1681253,GTG,中確信度: 上流への延長の可能性(片方の証拠のみ)
MA_RS07350,MA_1416,1683542,ATG,False,2,max_distance,1683554,TTG,1.28,False,WP_048171804.1,89,85.479,1683806,ATG,1683806,ATG,中確信度: 上流への延長の可能性(片方の証拠のみ)
MA_RS07355,MA_1417,1683955,ATG,False,2,stop_codon,1683943,ATG,1.4,False,WP_048171806.1,5,96.552,1683943,ATG,1683943,ATG,中確信度: 上流への延長の可能性(片方の証拠のみ)
MA_RS07365,MA_1419,1686066,ATG,False,2,stop_codon,1686042,ATG,1.15,False,WP_048171810.1,9,92.72,1686042,ATG,1686042,ATG,中確信度: 上流への延長の可能性(片方の証拠のみ)
MA_RS07380,MA_1422,1692490,ATG,False,1,neighbor_gene,1692565,TTG,1.2,False,WP_048174634.1,26,97.091,1692565,TTG,1692565,TTG,中確信度: 上流への延長の可能性(片方の証拠のみ)
MA_RS07410,MA_1427,1697741,TTG,False,1,stop_codon,1697741,TTG,0.84,False,WP_230669112.1,13,57.692,1697777,ATG,1697777,ATG,中確信度: 上流への延長の可能性(片方の証拠のみ)
MA_RS07415,MA_1428,1698671,ATG,False,1,stop_codon,1698671,ATG,1.51,False,WP_048172424.1,4,94.515,1698680,GTG,1698680,GTG,中確信度: 上流への延長の可能性(片方の証拠のみ)
MA_RS07420,MA_1429,1699739,ATG,False,1,stop_codon,1699760,GTG,1.27,False,WP_048174708.1,8,98.23,1699760,GTG,1699760,GTG,中確信度: 上流への延長の可能性(片方の証拠のみ)
MA_RS07435,MA_1432,1702182,ATG,False,2,stop_codon,1702203,GTG,2.35,False,WP_239451006.1,2,82.326,1702203,GTG,1702203,GTG,中確信度: 上流への延長の可能性(片方の証拠のみ)
MA_RS07440,,1702755,ATG,False,1,stop_codon,1702755,ATG,21.1,True,WP_048172428.1,31,95.588,1702845,GTG,1702845,GTG,中確信度: 上流への延長の可能性(片方の証拠のみ)
MA_RS07445,MA_1433,1703824,ATG,False,1,stop_codon,1703824,ATG,4.95,True,WP_048140983.1,5,86.301,1703836,TTG,1703836,TTG,中確信度: 上流への延長の可能性(片方の証拠のみ)
MA_RS07495,MA_1442,1712896,ATG,False,1,stop_codon,1712896,ATG,2.11,False,WP_048174606.1,3,97.143,1712902,GTG,1712902,GTG,中確信度: 上流への延長の可能性(片方の証拠のみ)
MA_RS07540,,1721040,ATG,False,1,stop_codon,1721028,GTG,1.63,False,WP_048171493.1,5,95.48,1721028,GTG,1721028,GTG,中確信度: 上流への延長の可能性(片方の証拠のみ)
MA_RS07545,MA_1454,1721996,GTG,False,1,stop_codon,1721996,GTG,1.3,False,WP_231590478.1,15,82.969,1721954,TTG,1721954,TTG,中確信度: 上流への延長の可能性(片方の証拠のみ)
MA_RS07575,MA_1460,1726936,ATG,False,1,stop_codon,1726912,TTG,0.94,False,WP_048140819.1,9,93.305,1726912,TTG,1726912,TTG,中確信度: 上流への延長の可能性(片方の証拠のみ)
MA_RS07605,MA_1466,1732985,ATG,False,1,stop_codon,1732985,ATG,1.5,False,WP_048171511.1,27,94.66,1732907,ATG,1732907,ATG,中確信度: 上流への延長の可能性(片方の証拠のみ)
MA_RS07710,MA_1485,1757431,ATG,False,5,stop_codon,1757494,GTG,1.08,False,WP_269430817.1,31,88.889,1757518,ATG,1757518,ATG,中確信度: 上流への延長の可能性(片方の証拠のみ)
MA_RS07715,MA_1486,1759494,ATG,False,2,stop_codon,1759509,TTG,1.52,False,WP_048120523.1,10,79.76,1759521,TTG,1759521,TTG,中確信度: 上流への延長の可能性(片方の証拠のみ)
MA_RS07720,MA_1487,1760210,GTG,False,1,stop_codon,1760261,TTG,2.36,False,WP_048174612.1,18,80.788,1760261,TTG,1760261,TTG,中確信度: 上流への延長の可能性(片方の証拠のみ)
MA_RS07730,MA_1489,1762424,ATG,False,1,neighbor_gene,1762433,ATG,0.96,False,WP_048174613.1,4,94.271,1762433,ATG,1762433,ATG,中確信度: 上流への延長の可能性(片方の証拠のみ)
MA_RS07745,MA_1492,1765947,ATG,False,2,stop_codon,1765989,GTG,1.02,False,WP_048171556.1,18,92.706,1765998,ATG,1765998,ATG,中確信度: 上流への延長の可能性(片方の証拠のみ)
MA_RS07750,MA_1493,1766105,ATG,False,1,stop_codon,1766105,ATG,1.25,False,WP_048140871.1,4,100.0,1766114,GTG,1766114,GTG,中確信度: 上流への延長の可能性(片方の証拠のみ)
MA_RS29335,MA_1502,1771635,GTG,False,2,stop_codon,1771635,GTG,1.39,False,WP_048171573.1,15,97.59,1771593,TTG,1771593,TTG,中確信度: 上流への延長の可能性(片方の証拠のみ)
MA_RS24435,MA_1508,1778369,ATG,False,1,stop_codon,1778318,ATG,1.15,False,WP_162197646.1,14,91.478,1778318,ATG,1778318,ATG,中確信度: 上流への延長の可能性(片方の証拠のみ)
MA_RS25205,MA_1509,1780861,TTG,False,1,stop_codon,1780852,TTG,2.65,False,WP_048171583.1,8,91.549,1780852,TTG,1780852,TTG,中確信度: 上流への延長の可能性(片方の証拠のみ)
MA_RS24440,MA_1510,1781592,ATG,False,5,stop_codon,1781535,TTG,1.51,False,WP_011032345.1,5,53.538,1781526,GTG,1781526,GTG,中確信度: 上流への延長の可能性(片方の証拠のみ)
MA_RS07850,MA_1512,1789391,ATG,False,1,stop_codon,1789391,ATG,3.12,True,WP_048171820.1,25,91.034,1789463,GTG,1789463,GTG,中確信度: 上流への延長の可能性(片方の証拠のみ)
MA_RS07855,MA_1513,1789942,ATG,False,1,stop_codon,1789903,ATG,2.68,False,WP_048116474.1,61,64.272,1789903,ATG,1789903,ATG,中確信度: 上流への延長の可能性(片方の証拠のみ)
MA_RS07885,MA_1518,1798231,GTG,False,1,stop_codon,1798234,TTG,0.89,False,WP_231590540.1,2,96.721,1798234,TTG,1798234,TTG,中確信度: 上流への延長の可能性(片方の証拠のみ)
MA_RS07890,MA_1519,1798744,TTG,False,1,stop_codon,1798714,ATG,2.08,False,WP_048171844.1,1,86.117,1798714,ATG,1798714,ATG,中確信度: 上流への延長の可能性(片方の証拠のみ)
MA_RS07905,MA_1522,1801698,ATG,False,1,stop_codon,1801698,ATG,1.29,False,WP_011034384.1,4,98.63,1801689,GTG,1801689,GTG,中確信度: 上流への延長の可能性(片方の証拠のみ)
MA_RS07915,MA_1524,1802166,ATG,False,1,stop_codon,1802160,GTG,1.01,False,WP_048171850.1,3,99.329,1802160,GTG,1802160,GTG,中確信度: 上流への延長の可能性(片方の証拠のみ)
MA_RS07920,MA_1525,1802751,ATG,False,2,stop_codon,1802751,ATG,0.73,False,WP_048171852.1,7,97.8,1802733,ATG,1802733,ATG,中確信度: 上流への延長の可能性(片方の証拠のみ)
MA_RS07935,MA_1528,1806410,ATG,False,4,stop_codon,1806602,TTG,1.57,False,WP_052735108.1,36,70.968,1806602,TTG,1806602,TTG,中確信度: 上流への延長の可能性(片方の証拠のみ)
MA_RS07940,MA_1529,1807570,GTG,False,1,stop_codon,1807570,GTG,1.16,False,WP_048174618.1,16,90.588,1807615,GTG,1807615,GTG,中確信度: 上流への延長の可能性(片方の証拠のみ)
MA_RS07955,MA_1531,1810669,ATG,False,2,stop_codon,1810741,ATG,0.89,False,WP_048174618.1,17,83.137,1810741,ATG,1810741,ATG,中確信度: 上流への延長の可能性(片方の証拠のみ)
MA_RS08005,MA_1540,1822070,ATG,False,1,stop_codon,1822109,TTG,1.11,False,WP_048172193.1,14,99.008,1822109,TTG,1822109,TTG,中確信度: 上流への延長の可能性(片方の証拠のみ)
MA_RS08015,MA_1543,1824301,ATG,False,1,stop_codon,1824301,ATG,0.69,False,WP_048121069.1,5,60.554,1824289,ATG,1824289,ATG,中確信度: 上流への延長の可能性(片方の証拠のみ)
MA_RS08040,MA_1548,1831765,ATG,False,2,stop_codon,1831765,ATG,1.12,False,WP_048172208.1,8,86.517,1831786,ATG,1831786,ATG,中確信度: 上流への延長の可能性(片方の証拠のみ)
MA_RS08055,MA_1552,1835329,ATG,False,3,stop_codon,1835329,ATG,3.5,True,WP_231590510.1,1,73.77,1835392,TTG,1835392,TTG,中確信度: 上流への延長の可能性(片方の証拠のみ)
MA_RS08135,MA_1565,1854280,ATG,False,1,stop_codon,1854316,ATG,3.2,True,,,,,,1854316,ATG,中確信度: 上流への延長の可能性(片方の証拠のみ)
MA_RS08140,MA_1566,1855406,ATG,False,2,stop_codon,1855415,GTG,1.22,False,WP_048172233.1,5,99.497,1855418,ATG,1855418,ATG,中確信度: 上流への延長の可能性(片方の証拠のみ)
MA_RS08145,MA_1567,1856569,ATG,False,4,stop_codon,1856725,TTG,1.97,False,WP_048172235.1,53,98.993,1856725,TTG,1856725,TTG,中確信度: 上流への延長の可能性(片方の証拠のみ)
MA_RS08155,MA_1569,1860430,TTG,False,1,stop_codon,1860430,TTG,1.35,False,WP_048172239.1,36,90.202,1860535,GTG,1860535,GTG,中確信度: 上流への延長の可能性(片方の証拠のみ)
MA_RS08180,MA_1574,1866321,ATG,False,1,stop_codon,1866321,ATG,0.91,False,WP_048174683.1,7,98.03,1866339,GTG,1866339,GTG,中確信度: 上流への延長の可能性(片方の証拠のみ)
MA_RS08250,MA_1588,1888033,ATG,False,1,stop_codon,1888033,ATG,4.36,True,WP_048171929.1,4,97.368,1888042,GTG,1888042,GTG,中確信度: 上流への延長の可能性(片方の証拠のみ)
MA_RS08255,MA_1589,1889323,ATG,False,1,stop_codon,1889323,ATG,1.03,False,WP_048171921.1,4,94.5,1889332,GTG,1889332,GTG,中確信度: 上流への延長の可能性(片方の証拠のみ)
MA_RS08260,MA_1590,1890808,ATG,False,1,neighbor_gene,1890808,ATG,1.0,False,WP_082089039.1,21,66.59,1890838,TTG,1890838,TTG,中確信度: 上流への延長の可能性(片方の証拠のみ)
MA_RS08300,MA_1597,1897370,ATG,False,2,stop_codon,1897358,GTG,1.08,False,WP_048170987.1,5,98.431,1897358,GTG,1897358,GTG,中確信度: 上流への延長の可能性(片方の証拠のみ)
MA_RS08385,MA_1614,1923295,ATG,False,1,stop_codon,1923295,ATG,1.13,False,WP_048171023.1,22,86.207,1923358,ATG,1923358,ATG,中確信度: 上流への延長の可能性(片方の証拠のみ)
MA_RS08390,MA_1615,1923640,ATG,False,2,stop_codon,1923640,ATG,1.09,False,WP_048171026.1,9,94.1,1923616,TTG,1923616,TTG,中確信度: 上流への延長の可能性(片方の証拠のみ)
MA_RS08400,MA_1617,1927439,ATG,False,1,stop_codon,1927439,ATG,0.94,False,WP_187151875.1,12,98.462,1927472,ATG,1927472,ATG,中確信度: 上流への延長の可能性(片方の証拠のみ)
MA_RS08450,MA_1627,1941145,ATG,False,1,stop_codon,1941097,TTG,1.23,False,WP_048140464.1,125,60.377,1941097,TTG,1941097,TTG,中確信度: 上流への延長の可能性(片方の証拠のみ)
MA_RS08455,MA_1628,1944036,ATG,False,1,stop_codon,1944006,TTG,1.07,False,WP_048046923.1,11,78.111,1944006,TTG,1944006,TTG,中確信度: 上流への延長の可能性(片方の証拠のみ)
MA_RS08465,MA_1630,1948725,ATG,False,3,stop_codon,1948680,TTG,1.29,False,WP_048046360.1,16,66.038,1948680,TTG,1948680,TTG,中確信度: 上流への延長の可能性(片方の証拠のみ)
MA_RS08470,MA_1631,1952419,ATG,False,1,stop_codon,1952419,ATG,3.99,True,WP_048118409.1,7,36.134,1952407,ATG,1952407,ATG,中確信度: 上流への延長の可能性(片方の証拠のみ)
MA_RS08475,MA_1632,1953827,ATG,False,1,stop_codon,1953827,ATG,1.54,False,WP_048173478.1,38,40.233,1953779,TTG,1953779,TTG,中確信度: 上流への延長の可能性(片方の証拠のみ)
MA_RS08495,MA_1636,1959341,ATG,False,1,stop_codon,1959341,ATG,10.7,True,WP_048171040.1,8,97.095,1959362,ATG,1959362,ATG,中確信度: 上流への延長の可能性(片方の証拠のみ)
MA_RS08510,MA_1640,1964540,ATG,False,2,stop_codon,1964555,TTG,1.07,False,WP_050035715.1,7,89.409,1964558,ATG,1964558,ATG,中確信度: 上流への延長の可能性(片方の証拠のみ)
MA_RS08535,MA_1646,1973020,ATG,False,1,stop_codon,1973002,ATG,1.86,False,WP_048155430.1,7,84.301,1973002,ATG,1973002,ATG,中確信度: 上流への延長の可能性(片方の証拠のみ)
MA_RS08575,MA_1654,1984443,ATG,False,1,stop_codon,1984443,ATG,1.02,False,WP_048172400.1,11,94.413,1984413,TTG,1984413,TTG,中確信度: 上流への延長の可能性(片方の証拠のみ)
MA_RS08590,MA_1657,1988711,ATG,False,1,stop_codon,1988702,GTG,1.48,False,WP_048172395.1,4,92.786,1988702,GTG,1988702,GTG,中確信度: 上流への延長の可能性(片方の証拠のみ)
MA_RS24460,MA_1660,1992185,ATG,False,2,stop_codon,1992185,ATG,1.29,False,WP_197080259.1,30,80.97,1992098,ATG,1992098,ATG,中確信度: 上流への延長の可能性(片方の証拠のみ)
MA_RS08645,MA_1667,2001638,ATG,False,2,stop_codon,2001638,ATG,2.1,False,WP_048171713.1,42,94.408,2001515,ATG,2001515,ATG,中確信度: 上流への延長の可能性(片方の証拠のみ)
MA_RS08660,MA_1670,2004011,TTG,False,1,stop_codon,2004011,TTG,1.16,False,WP_231588103.1,53,27.692,2003999,ATG,2003999,ATG,中確信度: 上流への延長の可能性(片方の証拠のみ)
MA_RS08685,MA_1675,2010233,ATG,False,1,stop_codon,2010233,ATG,1.08,False,WP_048174873.1,3,92.593,2010239,ATG,2010239,ATG,中確信度: 上流への延長の可能性(片方の証拠のみ)
MA_RS08700,MA_1678,2013419,ATG,False,2,stop_codon,2013404,GTG,2.59,False,WP_048171448.1,6,94.365,2013404,GTG,2013404,GTG,中確信度: 上流への延長の可能性(片方の証拠のみ)
MA_RS08735,MA_1685,2022308,GTG,False,1,stop_codon,2022284,TTG,1.68,False,WP_048139629.1,9,67.568,2022284,TTG,2022284,TTG,中確信度: 上流への延長の可能性(片方の証拠のみ)
MA_RS08770,MA_1690,2029327,GTG,False,4,stop_codon,2029372,TTG,1.15,False,WP_015410849.1,1,79.481,2029372,TTG,2029372,TTG,中確信度: 上流への延長の可能性(片方の証拠のみ)
MA_RS08805,MA_1696,2034436,ATG,False,1,stop_codon,2034553,ATG,1.17,False,WP_204245328.1,1,53.097,2034553,ATG,2034553,ATG,中確信度: 上流への延長の可能性(片方の証拠のみ)
MA_RS08835,MA_1701,2039855,ATG,False,1,stop_codon,2039855,ATG,1.13,False,WP_048140775.1,15,91.133,2039813,TTG,2039813,TTG,中確信度: 上流への延長の可能性(片方の証拠のみ)
MA_RS08870,MA_1709,2048732,ATG,False,1,stop_codon,2048732,ATG,1.37,False,WP_048174558.1,10,94.221,2048705,ATG,2048705,ATG,中確信度: 上流への延長の可能性(片方の証拠のみ)
MA_RS08900,MA_1714,2056438,ATG,False,3,stop_codon,2056561,ATG,1.27,False,WP_048170880.1,42,90.445,2056561,ATG,2056561,ATG,中確信度: 上流への延長の可能性(片方の証拠のみ)
MA_RS08935,MA_1722,2063894,ATG,False,1,stop_codon,2063894,ATG,1.99,False,WP_048172933.1,40,98.039,2063777,ATG,2063777,ATG,中確信度: 上流への延長の可能性(片方の証拠のみ)
MA_RS08950,MA_1724,2068408,ATG,False,1,stop_codon,2068408,ATG,51.84,True,WP_048172930.1,1,90.501,2068396,ATG,2068396,ATG,中確信度: 上流への延長の可能性(片方の証拠のみ)
MA_RS09015,MA_1736,2082495,ATG,False,1,stop_codon,2082495,ATG,2.69,False,WP_048172369.1,30,97.71,2082408,TTG,2082408,TTG,中確信度: 上流への延長の可能性(片方の証拠のみ)
MA_RS09030,MA_1739,2089254,GTG,False,1,stop_codon,2089254,GTG,2.56,False,WP_048140620.1,15,77.374,2089290,TTG,2089290,TTG,中確信度: 上流への延長の可能性(片方の証拠のみ)
MA_RS09055,MA_1744,2096298,GTG,False,1,stop_codon,2096295,TTG,1.71,False,WP_231589807.1,2,93.25,2096295,TTG,2096295,TTG,中確信度: 上流への延長の可能性(片方の証拠のみ)
MA_RS09080,MA_1749,2103844,ATG,False,2,stop_codon,2103868,GTG,1.8,False,WP_148705545.1,3,86.062,2103868,GTG,2103868,GTG,中確信度: 上流への延長の可能性(片方の証拠のみ)
MA_RS09090,MA_1751,2106255,ATG,False,1,stop_codon,2106255,ATG,1.04,False,WP_048172830.1,8,95.413,2106234,TTG,2106234,TTG,中確信度: 上流への延長の可能性(片方の証拠のみ)
MA_RS09105,MA_1754,2117077,GTG,False,1,stop_codon,2117083,ATG,1.31,False,WP_052712825.1,18,62.876,2117083,ATG,2117083,ATG,中確信度: 上流への延長の可能性(片方の証拠のみ)
MA_RS09135,MA_1758,2127875,ATG,False,1,stop_codon,2127875,ATG,1.9,False,WP_048172834.1,6,68.491,2127890,TTG,2127890,TTG,中確信度: 上流への延長の可能性(片方の証拠のみ)
MA_RS24475,MA_1764,2155154,ATG,False,1,stop_codon,2155154,ATG,1.22,False,WP_048174009.1,6,85.345,2155169,ATG,2155169,ATG,中確信度: 上流への延長の可能性(片方の証拠のみ)
MA_RS28540,MA_1766,2161430,GTG,False,1,stop_codon,2161430,GTG,1.0,False,WP_449288712.1,5,89.897,2161466,TTG,2161466,TTG,中確信度: 上流への延長の可能性(片方の証拠のみ)
MA_RS09185,MA_1768,2170228,TTG,False,1,stop_codon,2170234,TTG,1.36,False,WP_048172847.1,1,91.423,2170234,TTG,2170234,TTG,中確信度: 上流への延長の可能性(片方の証拠のみ)
MA_RS09195,MA_1769,2174655,ATG,False,1,neighbor_gene,2174655,ATG,1.19,False,WP_197080345.1,11,91.156,2174685,ATG,2174685,ATG,中確信度: 上流への延長の可能性(片方の証拠のみ)
MA_RS09205,MA_1771,2176199,ATG,False,2,stop_codon,2176199,ATG,1.45,False,WP_048140126.1,15,93.75,2176241,ATG,2176241,ATG,中確信度: 上流への延長の可能性(片方の証拠のみ)
MA_RS24490,,2177097,GTG,False,2,stop_codon,2177238,GTG,1.07,False,WP_048139859.1,1,83.333,2177238,GTG,2177238,GTG,中確信度: 上流への延長の可能性(片方の証拠のみ)
MA_RS09215,MA_1773,2178213,ATG,False,1,stop_codon,2178213,ATG,1.58,False,WP_048166691.1,34,36.429,2178114,ATG,2178114,ATG,中確信度: 上流への延長の可能性(片方の証拠のみ)
MA_RS09220,MA_1774,2179415,ATG,False,1,stop_codon,2179415,ATG,3.09,True,WP_082089365.1,1,86.425,2179355,TTG,2179355,TTG,中確信度: 上流への延長の可能性(片方の証拠のみ)
MA_RS09270,MA_1784,2189725,TTG,False,2,stop_codon,2189737,TTG,1.44,False,WP_048172913.1,5,98.469,2189737,TTG,2189737,TTG,中確信度: 上流への延長の可能性(片方の証拠のみ)
MA_RS09275,MA_1785,2190122,ATG,False,2,stop_codon,2190110,GTG,0.85,False,WP_048172914.1,5,95.531,2190110,GTG,2190110,GTG,中確信度: 上流への延長の可能性(片方の証拠のみ)
MA_RS09310,MA_1791,2202583,ATG,False,1,stop_codon,2202586,TTG,1.06,False,WP_048172576.1,2,88.782,2202586,TTG,2202586,TTG,中確信度: 上流への延長の可能性(片方の証拠のみ)
MA_RS09320,MA_1793,2204153,ATG,False,3,stop_codon,2204171,TTG,1.95,False,WP_048172572.1,28,88.889,2204234,GTG,2204234,GTG,中確信度: 上流への延長の可能性(片方の証拠のみ)
MA_RS09380,MA_1804,2219534,ATG,False,2,stop_codon,2219555,GTG,1.48,False,WP_048172554.1,11,93.871,2219564,TTG,2219564,TTG,中確信度: 上流への延長の可能性(片方の証拠のみ)
MA_RS09390,MA_1806,2221239,ATG,False,2,stop_codon,2221239,ATG,2.56,False,WP_048172550.1,45,95.088,2221371,GTG,2221371,GTG,中確信度: 上流への延長の可能性(片方の証拠のみ)
MA_RS26780,,2223238,TTG,False,3,stop_codon,2223238,TTG,1.42,False,WP_048138696.1,3,78.333,2223214,TTG,2223214,TTG,中確信度: 上流への延長の可能性(片方の証拠のみ)
MA_RS09415,MA_1810,2224422,ATG,False,1,stop_codon,2224422,ATG,2.56,False,WP_048172543.1,6,86.513,2224407,TTG,2224407,TTG,中確信度: 上流への延長の可能性(片方の証拠のみ)
MA_RS09455,MA_1816,2235047,ATG,False,1,stop_codon,2235047,ATG,1.23,False,WP_048171963.1,9,94.778,2235023,TTG,2235023,TTG,中確信度: 上流への延長の可能性(片方の証拠のみ)
MA_RS09505,MA_1827,2245699,ATG,False,1,stop_codon,2245699,ATG,1.28,False,WP_048171950.1,16,94.203,2245744,TTG,2245744,TTG,中確信度: 上流への延長の可能性(片方の証拠のみ)
MA_RS09515,MA_1829,2248670,TTG,False,1,stop_codon,2248622,TTG,1.12,False,WP_011021898.1,1,99.648,2248622,TTG,2248622,TTG,中確信度: 上流への延長の可能性(片方の証拠のみ)
MA_RS09545,MA_1834,2255127,ATG,False,1,stop_codon,2255136,GTG,1.54,False,WP_187151747.1,4,97.046,2255136,GTG,2255136,GTG,中確信度: 上流への延長の可能性(片方の証拠のみ)
MA_RS09555,MA_1836,2256750,ATG,False,2,stop_codon,2256669,TTG,1.71,False,WP_048139116.1,28,79.583,2256669,TTG,2256669,TTG,中確信度: 上流への延長の可能性(片方の証拠のみ)
MA_RS09565,MA_1837,2258170,ATG,False,1,stop_codon,2258170,ATG,11.07,True,WP_239451319.1,3,89.568,2258164,ATG,2258164,ATG,中確信度: 上流への延長の可能性(片方の証拠のみ)
MA_RS25405,,2259198,GTG,False,1,stop_codon,2259204,GTG,1.04,False,WP_069575262.1,1,93.103,2259204,GTG,2259204,GTG,中確信度: 上流への延長の可能性(片方の証拠のみ)
MA_RS09585,MA_1840,2268239,ATG,False,4,stop_codon,2268239,ATG,1.44,False,WP_231590480.1,29,94.898,2268323,GTG,2268323,GTG,中確信度: 上流への延長の可能性(片方の証拠のみ)
MA_RS09655,MA_1851,2283137,ATG,False,3,stop_codon,2283137,ATG,0.86,False,WP_048139815.1,44,73.039,2283266,TTG,2283266,TTG,中確信度: 上流への延長の可能性(片方の証拠のみ)
MA_RS09670,MA_1853,2284809,ATG,False,2,stop_codon,2284830,TTG,2.09,False,WP_048136800.1,1,64.052,2284830,TTG,2284830,TTG,中確信度: 上流への延長の可能性(片方の証拠のみ)
MA_RS09675,MA_1854,2286323,ATG,False,1,stop_codon,2286320,TTG,1.46,False,WP_048172082.1,2,96.382,2286320,TTG,2286320,TTG,中確信度: 上流への延長の可能性(片方の証拠のみ)
MA_RS09695,MA_1858,2290647,TTG,False,1,stop_codon,2290647,TTG,2.35,False,WP_231590458.1,26,95.63,2290572,ATG,2290572,ATG,中確信度: 上流への延長の可能性(片方の証拠のみ)
MA_RS26805,,2291870,ATG,False,1,neighbor_gene,2291852,GTG,1.03,False,WP_080503093.1,7,74.286,2291852,GTG,2291852,GTG,中確信度: 上流への延長の可能性(片方の証拠のみ)
MA_RS09710,MA_1861,2294660,ATG,False,1,stop_codon,2294660,ATG,1.69,False,WP_048171175.1,1,98.748,2294630,ATG,2294630,ATG,中確信度: 上流への延長の可能性(片方の証拠のみ)
MA_RS09745,MA_1868,2305713,ATG,False,2,stop_codon,2305713,ATG,6.74,True,WP_048171167.1,44,91.608,2305842,GTG,2305842,GTG,中確信度: 上流への延長の可能性(片方の証拠のみ)
MA_RS09910,MA_1901,2341803,ATG,False,1,stop_codon,2341794,GTG,2.49,False,WP_048172170.1,4,95.751,2341794,GTG,2341794,GTG,中確信度: 上流への延長の可能性(片方の証拠のみ)
MA_RS09915,MA_1902,2343944,ATG,False,2,stop_codon,2343983,TTG,1.14,False,WP_082088950.1,17,94.937,2343983,TTG,2343983,TTG,中確信度: 上流への延長の可能性(片方の証拠のみ)
MA_RS09925,MA_1904,2352052,ATG,False,2,stop_codon,2352145,ATG,1.13,False,WP_048172168.1,32,95.681,2352145,ATG,2352145,ATG,中確信度: 上流への延長の可能性(片方の証拠のみ)
MA_RS24515,MA_1920,2373553,ATG,False,1,stop_codon,2373562,TTG,1.31,False,WP_048154963.1,20,34.848,2373562,TTG,2373562,TTG,中確信度: 上流への延長の可能性(片方の証拠のみ)
MA_RS10040,MA_1926,2377891,ATG,False,1,stop_codon,2377882,GTG,1.26,False,WP_082089311.1,1,87.861,2377882,GTG,2377882,GTG,中確信度: 上流への延長の可能性(片方の証拠のみ)
MA_RS10055,MA_1930,2384331,GTG,False,4,stop_codon,2384331,GTG,1.49,False,WP_082089262.1,57,90.789,2384499,ATG,2384499,ATG,中確信度: 上流への延長の可能性(片方の証拠のみ)
MA_RS10095,MA_1938,2394924,ATG,False,2,stop_codon,2394873,ATG,0.94,False,WP_048140023.1,47,72.152,2394786,TTG,2394786,TTG,中確信度: 上流への延長の可能性(片方の証拠のみ)
MA_RS10125,,2398746,ATG,False,6,max_distance,2398965,TTG,1.65,False,WP_148705313.1,1,78.125,2398965,TTG,2398965,TTG,中確信度: 上流への延長の可能性(片方の証拠のみ)
MA_RS10170,MA_1950,2410466,ATG,False,1,stop_codon,2410466,ATG,0.96,False,WP_048120304.1,6,79.961,2410451,ATG,2410451,ATG,中確信度: 上流への延長の可能性(片方の証拠のみ)
MA_RS10175,MA_1951,2413065,TTG,False,1,stop_codon,2413179,GTG,2.6,False,WP_231590497.1,73,90.377,2413179,GTG,2413179,GTG,中確信度: 上流への延長の可能性(片方の証拠のみ)
MA_RS10220,MA_1961,2425154,ATG,False,1,stop_codon,2425154,ATG,1.94,False,WP_048172016.1,13,89.831,2425190,GTG,2425190,GTG,中確信度: 上流への延長の可能性(片方の証拠のみ)
MA_RS10235,MA_1964,2427945,ATG,False,1,stop_codon,2427945,ATG,1.35,False,WP_048174661.1,6,98.795,2427960,TTG,2427960,TTG,中確信度: 上流への延長の可能性(片方の証拠のみ)
MA_RS10260,MA_1969,2434565,ATG,False,3,stop_codon,2434565,ATG,1.46,False,WP_052721595.1,32,94.424,2434658,GTG,2434658,GTG,中確信度: 上流への延長の可能性(片方の証拠のみ)
MA_RS10265,MA_1970,2435926,ATG,False,1,stop_codon,2435929,TTG,1.68,False,WP_048172005.1,2,89.433,2435929,TTG,2435929,TTG,中確信度: 上流への延長の可能性(片方の証拠のみ)
MA_RS10275,MA_1972,2437172,ATG,False,1,stop_codon,2437163,GTG,1.23,False,WP_048172002.1,4,95.816,2437163,GTG,2437163,GTG,中確信度: 上流への延長の可能性(片方の証拠のみ)
MA_RS10290,MA_1975,2443659,ATG,False,1,stop_codon,2443659,ATG,1.09,False,WP_231590496.1,50,87.059,2443668,TTG,2443668,TTG,中確信度: 上流への延長の可能性(片方の証拠のみ)
MA_RS10305,MA_1978,2447102,ATG,False,1,stop_codon,2447102,ATG,7.92,True,WP_048171986.1,2,95.324,2447105,TTG,2447105,TTG,中確信度: 上流への延長の可能性(片方の証拠のみ)
MA_RS10315,MA_1980,2448478,ATG,False,1,stop_codon,2448469,TTG,1.36,False,WP_048171983.1,4,96.875,2448469,TTG,2448469,TTG,中確信度: 上流への延長の可能性(片方の証拠のみ)
MA_RS10330,MA_1983,2454303,TTG,False,1,stop_codon,2454303,TTG,0.36,False,WP_148704936.1,5,86.408,2454291,GTG,2454291,GTG,中確信度: 上流への延長の可能性(片方の証拠のみ)
MA_RS10335,MA_1984,2454831,TTG,False,3,stop_codon,2454801,TTG,0.85,False,WP_048170424.1,13,90.435,2454801,TTG,2454801,TTG,中確信度: 上流への延長の可能性(片方の証拠のみ)
MA_RS10340,MA_1985,2456933,ATG,False,3,stop_codon,2456933,ATG,0.89,False,WP_082088881.1,1,93.248,2456945,ATG,2456945,ATG,中確信度: 上流への延長の可能性(片方の証拠のみ)
MA_RS24525,MA_1991,2468424,ATG,False,2,stop_codon,2468460,GTG,2.19,False,WP_052721513.1,13,86.695,2468460,GTG,2468460,GTG,中確信度: 上流への延長の可能性(片方の証拠のみ)
MA_RS10380,MA_1993,2469807,ATG,False,1,stop_codon,2469834,TTG,0.86,False,WP_048139166.1,10,81.994,2469834,TTG,2469834,TTG,中確信度: 上流への延長の可能性(片方の証拠のみ)
MA_RS10400,MA_1997,2473620,ATG,False,2,stop_codon,2473596,TTG,1.32,False,WP_148704930.1,4,76.147,2473596,TTG,2473596,TTG,中確信度: 上流への延長の可能性(片方の証拠のみ)
MA_RS10425,MA_2002,2483259,ATG,False,1,stop_codon,2483253,TTG,1.59,False,WP_048172942.1,138,88.462,2483253,TTG,2483253,TTG,中確信度: 上流への延長の可能性(片方の証拠のみ)
MA_RS10435,MA_2004,2486124,ATG,False,2,stop_codon,2486124,ATG,2.15,False,WP_048172946.1,39,99.115,2486010,TTG,2486010,TTG,中確信度: 上流への延長の可能性(片方の証拠のみ)
MA_RS10440,MA_2005,2486764,TTG,False,2,stop_codon,2486764,TTG,1.12,False,WP_082089005.1,57,97.748,2486716,TTG,2486716,TTG,中確信度: 上流への延長の可能性(片方の証拠のみ)
MA_RS28195,MA_2006,2488752,GTG,False,1,stop_codon,2488758,TTG,1.61,False,WP_048139611.1,3,63.585,2488758,TTG,2488758,TTG,中確信度: 上流への延長の可能性(片方の証拠のみ)
MA_RS24535,MA_2017,2506369,ATG,False,2,stop_codon,2506369,ATG,1.81,False,WP_231589819.1,5,89.512,2506381,GTG,2506381,GTG,中確信度: 上流への延長の可能性(片方の証拠のみ)
MA_RS10505,MA_2019,2508275,TTG,False,2,stop_codon,2508326,TTG,1.46,False,WP_048171947.1,18,91.059,2508326,TTG,2508326,TTG,中確信度: 上流への延長の可能性(片方の証拠のみ)
MA_RS10515,MA_2021,2511102,ATG,False,4,stop_codon,2511102,ATG,1.35,False,WP_048122562.1,1,63.739,2511171,ATG,2511171,ATG,中確信度: 上流への延長の可能性(片方の証拠のみ)
MA_RS10525,MA_2023,2513521,ATG,False,2,stop_codon,2513443,TTG,17.44,True,,,,,,2513443,TTG,中確信度: 上流への延長の可能性(片方の証拠のみ)
MA_RS10585,MA_2034,2526960,ATG,False,1,stop_codon,2526951,ATG,1.3,False,WP_048172436.1,4,95.341,2526951,ATG,2526951,ATG,中確信度: 上流への延長の可能性(片方の証拠のみ)
MA_RS10640,MA_2044,2534476,ATG,False,1,neighbor_gene,2534476,ATG,0.95,False,WP_048171862.1,4,97.727,2534485,GTG,2534485,GTG,中確信度: 上流への延長の可能性(片方の証拠のみ)
MA_RS10645,MA_2045,2541131,ATG,False,1,stop_codon,2541131,ATG,1.49,False,WP_048141466.1,24,77.039,2541140,ATG,2541140,ATG,中確信度: 上流への延長の可能性(片方の証拠のみ)
MA_RS10670,MA_2051,2546374,ATG,False,1,stop_codon,2546389,ATG,1.09,False,WP_048171883.1,6,89.542,2546389,ATG,2546389,ATG,中確信度: 上流への延長の可能性(片方の証拠のみ)
MA_RS10720,MA_2061,2555964,ATG,False,1,stop_codon,2555931,ATG,0.93,False,WP_222702755.1,12,92.683,2555931,ATG,2555931,ATG,中確信度: 上流への延長の可能性(片方の証拠のみ)
MA_RS10745,MA_2067,2560580,ATG,False,1,neighbor_gene,2560580,ATG,2.17,False,WP_048139381.1,1,44.828,2560562,TTG,2560562,TTG,中確信度: 上流への延長の可能性(片方の証拠のみ)
MA_RS24555,MA_2075,2568427,ATG,False,1,stop_codon,2568418,GTG,1.52,False,WP_148705276.1,4,89.272,2568418,GTG,2568418,GTG,中確信度: 上流への延長の可能性(片方の証拠のみ)
MA_RS10795,MA_2078,2573860,ATG,False,2,stop_codon,2573869,TTG,1.6,False,WP_048138633.1,7,69.006,2573878,ATG,2573878,ATG,中確信度: 上流への延長の可能性(片方の証拠のみ)
MA_RS10825,MA_2084,2583128,ATG,False,1,stop_codon,2583071,ATG,1.83,False,WP_231590539.1,1,93.229,2583071,ATG,2583071,ATG,中確信度: 上流への延長の可能性(片方の証拠のみ)
MA_RS10830,MA_2085,2583770,TTG,False,1,stop_codon,2583749,ATG,1.59,False,WP_048155999.1,1,53.041,2583749,ATG,2583749,ATG,中確信度: 上流への延長の可能性(片方の証拠のみ)
MA_RS10835,MA_2086,2585279,ATG,False,2,stop_codon,2585276,TTG,1.69,False,WP_226987641.1,1,82.857,2585240,ATG,2585240,ATG,中確信度: 上流への延長の可能性(片方の証拠のみ)
MA_RS10845,MA_2088,2587478,GTG,False,3,stop_codon,2587478,GTG,1.12,False,WP_226987641.1,1,83.333,2587313,TTG,2587313,TTG,中確信度: 上流への延長の可能性(片方の証拠のみ)
MA_RS10885,MA_2096,2595973,ATG,False,1,stop_codon,2595979,ATG,1.85,False,WP_048171837.1,1,93.245,2595979,ATG,2595979,ATG,中確信度: 上流への延長の可能性(片方の証拠のみ)
MA_RS10900,MA_2099,2598834,ATG,False,3,stop_codon,2598834,ATG,1.39,False,WP_226987641.1,7,67.174,2598777,GTG,2598777,GTG,中確信度: 上流への延長の可能性(片方の証拠のみ)
MA_RS10920,MA_2103,2606204,GTG,False,2,stop_codon,2606231,TTG,2.26,False,WP_048037616.1,26,35.401,2606231,TTG,2606231,TTG,中確信度: 上流への延長の可能性(片方の証拠のみ)
MA_RS11010,MA_2121,2627856,ATG,False,1,stop_codon,2627856,ATG,0.78,False,WP_158024244.1,3,81.169,2627862,GTG,2627862,GTG,中確信度: 上流への延長の可能性(片方の証拠のみ)
MA_RS11035,MA_2124,2632107,ATG,False,2,stop_codon,2632107,ATG,1.42,False,WP_156158820.1,1,93.851,2632077,TTG,2632077,TTG,中確信度: 上流への延長の可能性(片方の証拠のみ)
MA_RS26880,,2634127,ATG,False,2,stop_codon,2634112,TTG,1.08,False,WP_082089305.1,7,84.615,2634073,TTG,2634073,TTG,中確信度: 上流への延長の可能性(片方の証拠のみ)
MA_RS11045,MA_2126,2634392,ATG,False,2,stop_codon,2634392,ATG,1.03,False,WP_082089305.1,1,85.185,2634380,GTG,2634380,GTG,中確信度: 上流への延長の可能性(片方の証拠のみ)
MA_RS29385,,2637697,ATG,False,1,stop_codon,2637697,ATG,1.03,False,WP_239451297.1,22,91.176,2637634,ATG,2637634,ATG,中確信度: 上流への延長の可能性(片方の証拠のみ)
MA_RS11085,MA_2133,2638824,ATG,False,2,stop_codon,2638824,ATG,55.73,True,WP_052721643.1,17,91.29,2638872,TTG,2638872,TTG,中確信度: 上流への延長の可能性(片方の証拠のみ)
MA_RS11115,MA_2139,2644134,ATG,False,1,stop_codon,2644101,ATG,2.83,False,WP_167829501.1,308,25.743,2644101,ATG,2644101,ATG,中確信度: 上流への延長の可能性(片方の証拠のみ)
MA_RS11120,MA_2140,2646157,ATG,False,1,stop_codon,2646124,ATG,1.04,False,WP_011032144.1,31,25.407,2646124,ATG,2646124,ATG,中確信度: 上流への延長の可能性(片方の証拠のみ)
MA_RS11135,MA_2144,2654236,ATG,False,2,stop_codon,2654236,ATG,2.96,False,WP_048174757.1,12,98.098,2654269,ATG,2654269,ATG,中確信度: 上流への延長の可能性(片方の証拠のみ)
MA_RS11155,MA_2148,2658984,ATG,False,4,stop_codon,2658984,ATG,0.94,False,WP_048140187.1,6,86.198,2658876,GTG,2658876,GTG,中確信度: 上流への延長の可能性(片方の証拠のみ)
MA_RS11160,MA_2149,2660075,ATG,False,1,neighbor_gene,2660075,ATG,1.28,False,WP_048140185.1,9,88.761,2660051,GTG,2660051,GTG,中確信度: 上流への延長の可能性(片方の証拠のみ)
MA_RS11165,MA_2150,2661115,GTG,False,1,stop_codon,2661115,GTG,1.0,False,WP_048140183.1,2,92.453,2661112,TTG,2661112,TTG,中確信度: 上流への延長の可能性(片方の証拠のみ)
MA_RS11205,MA_2158,2668473,GTG,False,1,stop_codon,2668473,GTG,1.38,False,WP_048140779.1,12,78.182,2668440,GTG,2668440,GTG,中確信度: 上流への延長の可能性(片方の証拠のみ)
MA_RS11210,MA_2159,2668880,ATG,False,2,stop_codon,2668880,ATG,5.03,True,WP_011034466.1,11,64.103,2668859,ATG,2668859,ATG,中確信度: 上流への延長の可能性(片方の証拠のみ)
MA_RS11265,MA_2171,2678066,ATG,False,3,stop_codon,2678024,GTG,1.12,False,WP_048172864.1,18,94.521,2678015,TTG,2678015,TTG,中確信度: 上流への延長の可能性(片方の証拠のみ)
MA_RS11295,MA_2177,2682900,ATG,False,3,stop_codon,2682900,ATG,0.99,False,WP_197080271.1,49,37.059,2682840,TTG,2682840,TTG,中確信度: 上流への延長の可能性(片方の証拠のみ)
MA_RS11305,MA_2179,2685164,TTG,False,4,stop_codon,2685062,ATG,1.16,False,WP_048136747.1,22,47.44,2685032,ATG,2685032,ATG,中確信度: 上流への延長の可能性(片方の証拠のみ)
MA_RS11310,MA_2180,2687120,ATG,False,1,stop_codon,2687120,ATG,0.98,False,WP_048141544.1,2,38.517,2687117,GTG,2687117,GTG,中確信度: 上流への延長の可能性(片方の証拠のみ)
MA_RS11320,MA_2182,2690681,ATG,False,2,stop_codon,2690696,TTG,0.88,False,WP_048118576.1,23,43.988,2690729,TTG,2690729,TTG,中確信度: 上流への延長の可能性(片方の証拠のみ)
MA_RS11340,MA_2186,2694796,TTG,False,1,stop_codon,2694805,GTG,2.47,False,WP_048046269.1,4,90.566,2694805,GTG,2694805,GTG,中確信度: 上流への延長の可能性(片方の証拠のみ)
MA_RS11390,MA_2197,2703782,ATG,False,1,stop_codon,2703791,GTG,2.88,False,WP_048172881.1,4,91.447,2703791,GTG,2703791,GTG,中確信度: 上流への延長の可能性(片方の証拠のみ)
MA_RS11430,MA_2205,2714475,TTG,False,3,stop_codon,2714517,ATG,23.41,True,,,,,,2714517,ATG,中確信度: 上流への延長の可能性(片方の証拠のみ)
MA_RS11465,MA_2212,2722379,ATG,False,1,stop_codon,2722379,ATG,1.18,False,WP_048172257.1,6,92.437,2722364,ATG,2722364,ATG,中確信度: 上流への延長の可能性(片方の証拠のみ)
MA_RS11490,MA_2214,2725199,ATG,False,1,stop_codon,2725199,ATG,11.38,True,WP_231590512.1,5,94.334,2725187,ATG,2725187,ATG,中確信度: 上流への延長の可能性(片方の証拠のみ)
MA_RS11515,,2729768,GTG,False,2,stop_codon,2729729,GTG,1.62,False,WP_052721609.1,19,90.217,2729729,GTG,2729729,GTG,中確信度: 上流への延長の可能性(片方の証拠のみ)
MA_RS11645,MA_2245,2762059,ATG,False,1,stop_codon,2762059,ATG,1.53,False,WP_082091042.1,4,78.947,2762050,GTG,2762050,GTG,中確信度: 上流への延長の可能性(片方の証拠のみ)
MA_RS11680,MA_2253,2768993,ATG,False,1,stop_codon,2768993,ATG,1.21,False,WP_048172128.1,12,96.739,2768960,TTG,2768960,TTG,中確信度: 上流への延長の可能性(片方の証拠のみ)
MA_RS29395,,2771677,ATG,False,2,stop_codon,2771677,ATG,0.88,False,WP_048172126.1,55,52.239,2771722,TTG,2771722,TTG,中確信度: 上流への延長の可能性(片方の証拠のみ)
MA_RS11715,MA_2257,2779354,ATG,False,1,stop_codon,2779354,ATG,1.42,False,WP_048140067.1,27,82.74,2779363,TTG,2779363,TTG,中確信度: 上流への延長の可能性(片方の証拠のみ)
MA_RS11725,MA_2259,2781429,ATG,False,2,stop_codon,2781459,ATG,1.27,False,WP_048172121.1,12,73.446,2781462,TTG,2781462,TTG,中確信度: 上流への延長の可能性(片方の証拠のみ)
MA_RS11765,MA_2266,2789677,ATG,False,1,stop_codon,2789677,ATG,1.09,False,WP_048172114.1,8,90.269,2789698,TTG,2789698,TTG,中確信度: 上流への延長の可能性(片方の証拠のみ)
MA_RS11790,MA_2272,2795517,ATG,False,1,stop_codon,2795526,GTG,1.24,False,WP_048172103.1,4,95.575,2795526,GTG,2795526,GTG,中確信度: 上流への延長の可能性(片方の証拠のみ)
MA_RS11795,MA_2273,2796899,ATG,False,1,stop_codon,2796899,ATG,1.06,False,WP_048174028.1,6,90.044,2796914,TTG,2796914,TTG,中確信度: 上流への延長の可能性(片方の証拠のみ)
MA_RS11815,MA_2278,2800102,ATG,False,1,stop_codon,2800171,ATG,1.2,False,WP_048172099.1,24,93.709,2800171,ATG,2800171,ATG,中確信度: 上流への延長の可能性(片方の証拠のみ)
MA_RS24590,MA_2284,2806534,ATG,False,2,stop_codon,2806456,TTG,1.29,False,WP_052728065.1,8,72.029,2806456,TTG,2806456,TTG,中確信度: 上流への延長の可能性(片方の証拠のみ)
MA_RS11865,MA_2287,2813321,ATG,False,1,stop_codon,2813321,ATG,6.99,True,WP_048139978.1,20,88.263,2813363,ATG,2813363,ATG,中確信度: 上流への延長の可能性(片方の証拠のみ)
MA_RS11910,,2821699,ATG,False,1,stop_codon,2821681,TTG,1.16,False,WP_052721622.1,1,86.42,2821681,TTG,2821681,TTG,中確信度: 上流への延長の可能性(片方の証拠のみ)
MA_RS11925,MA_2296,2824983,GTG,False,2,stop_codon,2824935,TTG,2.18,False,WP_048172472.1,1,83.099,2824935,TTG,2824935,TTG,中確信度: 上流への延長の可能性(片方の証拠のみ)
MA_RS11935,MA_2298,2826238,ATG,False,1,stop_codon,2826238,ATG,1.39,False,WP_231590545.1,4,89.815,2826229,TTG,2826229,TTG,中確信度: 上流への延長の可能性(片方の証拠のみ)
MA_RS11960,MA_2303,2834590,ATG,False,1,stop_codon,2834590,ATG,1.12,False,WP_048172482.1,7,81.176,2834572,GTG,2834572,GTG,中確信度: 上流への延長の可能性(片方の証拠のみ)
MA_RS11965,MA_2304,2836835,ATG,False,3,stop_codon,2836994,GTG,1.8,False,WP_048174729.1,54,96.486,2836994,GTG,2836994,GTG,中確信度: 上流への延長の可能性(片方の証拠のみ)
MA_RS11990,MA_2308,2841638,GTG,False,1,stop_codon,2841638,GTG,1.02,False,WP_048172489.1,3,87.73,2841644,GTG,2841644,GTG,中確信度: 上流への延長の可能性(片方の証拠のみ)
MA_RS12050,MA_2322,2857577,ATG,False,1,stop_codon,2857580,TTG,1.19,False,WP_048174752.1,2,96.454,2857580,TTG,2857580,TTG,中確信度: 上流への延長の可能性(片方の証拠のみ)
MA_RS12055,MA_2323,2858398,ATG,False,1,stop_codon,2858395,ATG,1.46,False,WP_048172682.1,2,91.346,2858395,ATG,2858395,ATG,中確信度: 上流への延長の可能性(片方の証拠のみ)
MA_RS12070,,2863737,TTG,False,1,stop_codon,2863725,GTG,0.99,False,WP_156157414.1,3,89.831,2863725,GTG,2863725,GTG,中確信度: 上流への延長の可能性(片方の証拠のみ)
MA_RS12075,MA_2327,2864665,ATG,False,3,max_distance,2864368,GTG,2.54,False,WP_048172671.1,3,96.109,2864368,GTG,2864368,GTG,中確信度: 上流への延長の可能性(片方の証拠のみ)
MA_RS12110,MA_2335,2872703,TTG,False,1,stop_codon,2872604,ATG,1.39,False,WP_231589774.1,34,89.426,2872604,ATG,2872604,ATG,中確信度: 上流への延長の可能性(片方の証拠のみ)
MA_RS12115,MA_2337,2875248,ATG,False,1,stop_codon,2875239,TTG,1.18,False,WP_394296895.1,1,85.824,2875239,TTG,2875239,TTG,中確信度: 上流への延長の可能性(片方の証拠のみ)
MA_RS12130,MA_2340,2879753,ATG,False,1,stop_codon,2879750,TTG,1.59,False,WP_231589773.1,16,78.571,2879750,TTG,2879750,TTG,中確信度: 上流への延長の可能性(片方の証拠のみ)
MA_RS12135,MA_2341,2880905,TTG,False,1,stop_codon,2880968,ATG,1.77,False,WP_048172525.1,1,95.238,2880968,ATG,2880968,ATG,中確信度: 上流への延長の可能性(片方の証拠のみ)
MA_RS12155,MA_2345,2886316,ATG,False,1,stop_codon,2886295,TTG,1.28,False,WP_231589771.1,10,94.545,2886295,TTG,2886295,TTG,中確信度: 上流への延長の可能性(片方の証拠のみ)
MA_RS12165,MA_2347,2889363,GTG,False,1,stop_codon,2889363,GTG,1.85,False,WP_048172522.1,8,95.556,2889342,TTG,2889342,TTG,中確信度: 上流への延長の可能性(片方の証拠のみ)
MA_RS12245,MA_2362,2917652,ATG,False,1,stop_codon,2917679,TTG,0.87,False,WP_048171266.1,10,93.184,2917679,TTG,2917679,TTG,中確信度: 上流への延長の可能性(片方の証拠のみ)
MA_RS12265,MA_2366,2925885,ATG,False,2,stop_codon,2925885,ATG,2.38,False,WP_231590466.1,6,98.291,2925921,ATG,2925921,ATG,中確信度: 上流への延長の可能性(片方の証拠のみ)
MA_RS12305,MA_2373,2938998,ATG,False,1,stop_codon,2939007,GTG,0.94,False,WP_048171288.1,4,86.885,2939007,GTG,2939007,GTG,中確信度: 上流への延長の可能性(片方の証拠のみ)
MA_RS12310,MA_2374,2939704,ATG,False,1,stop_codon,2939704,ATG,2.67,False,WP_011032107.1,7,94.737,2939722,GTG,2939722,GTG,中確信度: 上流への延長の可能性(片方の証拠のみ)
MA_RS12345,MA_2380,2944122,ATG,False,2,stop_codon,2944110,GTG,1.94,False,WP_048174695.1,5,98.246,2944110,GTG,2944110,GTG,中確信度: 上流への延長の可能性(片方の証拠のみ)
MA_RS12365,MA_2384,2950991,ATG,False,3,stop_codon,2950952,TTG,1.69,False,WP_231589760.1,30,89.598,2950904,GTG,2950904,GTG,中確信度: 上流への延長の可能性(片方の証拠のみ)
MA_RS12375,MA_2386,2955023,ATG,False,2,stop_codon,2955008,ATG,0.99,False,WP_048172348.1,6,93.605,2955008,ATG,2955008,ATG,中確信度: 上流への延長の可能性(片方の証拠のみ)
MA_RS12380,MA_2387,2956182,ATG,False,2,stop_codon,2956209,ATG,2.11,False,WP_048174693.1,10,97.778,2956209,ATG,2956209,ATG,中確信度: 上流への延長の可能性(片方の証拠のみ)
MA_RS12395,MA_2389,2957878,ATG,False,2,stop_codon,2957887,GTG,1.58,False,WP_048065388.1,11,100.0,2957908,TTG,2957908,TTG,中確信度: 上流への延長の可能性(片方の証拠のみ)
MA_RS25545,,2965388,ATG,False,1,stop_codon,2965388,ATG,6.57,True,WP_181952266.1,9,50.0,2965364,GTG,2965364,GTG,中確信度: 上流への延長の可能性(片方の証拠のみ)
MA_RS12495,,2981392,ATG,False,1,stop_codon,2981395,TTG,1.08,False,WP_048172441.1,2,95.238,2981395,TTG,2981395,TTG,中確信度: 上流への延長の可能性(片方の証拠のみ)
MA_RS12530,MA_2414,2990012,ATG,False,2,max_distance,2989838,TTG,1.05,False,WP_048171388.1,62,98.319,2989838,TTG,2989838,TTG,中確信度: 上流への延長の可能性(片方の証拠のみ)
MA_RS12565,MA_2421,3000480,ATG,False,2,stop_codon,3000525,TTG,2.37,False,WP_187151890.1,192,89.381,3000528,ATG,3000528,ATG,中確信度: 上流への延長の可能性(片方の証拠のみ)
MA_RS12570,MA_2422,3000967,ATG,False,1,stop_codon,3000940,TTG,1.4,False,WP_048171398.1,10,94.382,3000940,TTG,3000940,TTG,中確信度: 上流への延長の可能性(片方の証拠のみ)
MA_RS12575,MA_2423,3001749,ATG,False,1,stop_codon,3001749,ATG,7.63,True,WP_048171399.1,2,85.782,3001746,TTG,3001746,TTG,中確信度: 上流への延長の可能性(片方の証拠のみ)
MA_RS12595,MA_2426,3005565,ATG,False,2,stop_codon,3005565,ATG,1.04,False,WP_048171406.1,5,97.189,3005553,ATG,3005553,ATG,中確信度: 上流への延長の可能性(片方の証拠のみ)
MA_RS12605,MA_2428,3011258,ATG,False,2,stop_codon,3011309,ATG,1.56,False,WP_048171411.1,18,90.476,3011309,ATG,3011309,ATG,中確信度: 上流への延長の可能性(片方の証拠のみ)
MA_RS27035,,3020251,ATG,False,2,stop_codon,3020269,TTG,1.62,False,WP_158024051.1,22,85.714,3020269,TTG,3020269,TTG,中確信度: 上流への延長の可能性(片方の証拠のみ)
MA_RS12675,MA_2441,3029233,ATG,False,1,stop_codon,3029233,ATG,1.08,False,WP_269430813.1,1,96.488,3029254,GTG,3029254,GTG,中確信度: 上流への延長の可能性(片方の証拠のみ)
MA_RS12680,MA_2442,3029809,ATG,False,2,stop_codon,3029770,TTG,1.33,False,WP_048171307.1,14,96.296,3029770,TTG,3029770,TTG,中確信度: 上流への延長の可能性(片方の証拠のみ)
MA_RS12700,MA_2445,3032492,TTG,False,2,stop_codon,3032492,TTG,1.01,False,WP_390175971.1,9,92.254,3032468,ATG,3032468,ATG,中確信度: 上流への延長の可能性(片方の証拠のみ)
MA_RS12715,MA_2448,3036820,ATG,False,2,stop_codon,3036874,ATG,2.1,False,WP_231590467.1,19,96.657,3036874,ATG,3036874,ATG,中確信度: 上流への延長の可能性(片方の証拠のみ)
MA_RS12750,,3043820,GTG,False,1,stop_codon,3043808,TTG,0.98,False,WP_156157336.1,13,94.231,3043808,TTG,3043808,TTG,中確信度: 上流への延長の可能性(片方の証拠のみ)
MA_RS12770,MA_2456,3048044,ATG,False,1,stop_codon,3048053,ATG,1.21,False,WP_231590465.1,4,98.837,3048053,ATG,3048053,ATG,中確信度: 上流への延長の可能性(片方の証拠のみ)
MA_RS12780,MA_2457,3050386,ATG,False,1,stop_codon,3050431,ATG,1.83,False,WP_231590464.1,16,89.419,3050431,ATG,3050431,ATG,中確信度: 上流への延長の可能性(片方の証拠のみ)
MA_RS12785,MA_2458,3053443,ATG,False,1,stop_codon,3053443,ATG,1.04,False,WP_048171246.1,13,90.82,3053479,TTG,3053479,TTG,中確信度: 上流への延長の可能性(片方の証拠のみ)
MA_RS12800,MA_2462,3057607,ATG,False,1,stop_codon,3057610,TTG,0.99,False,WP_048122302.1,3,88.337,3057610,TTG,3057610,TTG,中確信度: 上流への延長の可能性(片方の証拠のみ)
MA_RS12810,MA_2464,3059416,TTG,False,2,stop_codon,3059416,TTG,1.12,False,WP_230629262.1,72,78.205,3059452,ATG,3059452,ATG,中確信度: 上流への延長の可能性(片方の証拠のみ)
MA_RS12830,MA_2467,3062409,ATG,False,1,stop_codon,3062409,ATG,1.63,False,WP_231590463.1,6,97.845,3062424,ATG,3062424,ATG,中確信度: 上流への延長の可能性(片方の証拠のみ)
MA_RS12835,MA_2468,3063424,ATG,False,1,neighbor_gene,3063424,ATG,0.94,False,WP_048171243.1,58,92.491,3063589,TTG,3063589,TTG,中確信度: 上流への延長の可能性(片方の証拠のみ)
MA_RS12855,MA_2473,3067796,ATG,False,1,stop_codon,3067790,ATG,0.79,False,WP_052730862.1,3,95.167,3067790,ATG,3067790,ATG,中確信度: 上流への延長の可能性(片方の証拠のみ)
MA_RS12870,MA_2476,3072889,ATG,False,1,stop_codon,3072919,GTG,0.94,False,WP_048169993.1,78,30.561,3072919,GTG,3072919,GTG,中確信度: 上流への延長の可能性(片方の証拠のみ)
MA_RS12880,MA_2477,3074935,TTG,False,1,stop_codon,3074935,TTG,0.96,False,WP_048169993.1,54,31.985,3074965,ATG,3074965,ATG,中確信度: 上流への延長の可能性(片方の証拠のみ)
MA_RS12895,MA_2480,3077627,TTG,False,1,neighbor_gene,3077627,TTG,1.1,False,WP_048121169.1,58,48.846,3077711,TTG,3077711,TTG,中確信度: 上流への延長の可能性(片方の証拠のみ)
MA_RS12920,MA_2485,3082971,ATG,False,1,neighbor_gene,3082971,ATG,0.91,False,WP_048118984.1,23,24.444,3082992,TTG,3082992,TTG,中確信度: 上流への延長の可能性(片方の証拠のみ)
MA_RS12925,MA_2486,3084644,ATG,False,2,stop_codon,3084644,ATG,1.43,False,WP_048169993.1,46,34.195,3084650,ATG,3084650,ATG,中確信度: 上流への延長の可能性(片方の証拠のみ)
MA_RS12940,MA_2488,3086065,ATG,False,1,stop_codon,3086065,ATG,1.56,False,WP_048121719.1,7,92.07,3086083,ATG,3086083,ATG,中確信度: 上流への延長の可能性(片方の証拠のみ)
MA_RS12980,MA_2496,3094832,ATG,False,1,stop_codon,3094832,ATG,1.78,False,WP_048171231.1,8,90.114,3094811,TTG,3094811,TTG,中確信度: 上流への延長の可能性(片方の証拠のみ)
MA_RS12985,MA_2497,3095829,TTG,False,2,stop_codon,3095817,TTG,1.29,False,WP_048171229.1,5,93.571,3095817,TTG,3095817,TTG,中確信度: 上流への延長の可能性(片方の証拠のみ)
MA_RS12995,MA_2499,3098651,ATG,False,2,stop_codon,3098651,ATG,2.65,False,WP_048171226.1,16,94.891,3098696,TTG,3098696,TTG,中確信度: 上流への延長の可能性(片方の証拠のみ)
MA_RS13015,MA_2503,3105366,ATG,False,1,stop_codon,3105375,GTG,1.45,False,WP_048171222.1,1,96.176,3105375,GTG,3105375,GTG,中確信度: 上流への延長の可能性(片方の証拠のみ)
MA_RS13030,MA_2506,3107180,ATG,False,1,stop_codon,3107189,ATG,1.12,False,WP_048117870.1,4,73.016,3107189,ATG,3107189,ATG,中確信度: 上流への延長の可能性(片方の証拠のみ)
MA_RS13040,MA_2508,3113263,ATG,False,1,stop_codon,3113263,ATG,1.52,False,WP_048140133.1,2,97.11,3113260,ATG,3113260,ATG,中確信度: 上流への延長の可能性(片方の証拠のみ)
MA_RS13070,MA_2514,3121984,ATG,False,1,stop_codon,3121984,ATG,1.04,False,WP_048171196.1,26,93.923,3121909,ATG,3121909,ATG,中確信度: 上流への延長の可能性(片方の証拠のみ)
MA_RS13105,MA_2521,3131961,ATG,False,1,stop_codon,3131961,ATG,1.15,False,WP_231590459.1,3,92.308,3131955,ATG,3131955,ATG,中確信度: 上流への延長の可能性(片方の証拠のみ)
MA_RS28690,,3133349,ATG,False,3,stop_codon,3133241,TTG,1.48,False,WP_048155827.1,32,60.417,3133241,TTG,3133241,TTG,中確信度: 上流への延長の可能性(片方の証拠のみ)
MA_RS13120,MA_2523,3133591,ATG,False,1,stop_codon,3133591,ATG,1.73,False,WP_230669128.1,10,81.359,3133573,TTG,3133573,TTG,中確信度: 上流への延長の可能性(片方の証拠のみ)
MA_RS13125,MA_2524,3135636,ATG,False,1,stop_codon,3135618,TTG,1.38,False,WP_230669128.1,10,79.688,3135618,TTG,3135618,TTG,中確信度: 上流への延長の可能性(片方の証拠のみ)
MA_RS13135,MA_2526,3140780,ATG,False,2,stop_codon,3140792,GTG,1.32,False,WP_048155457.1,7,85.965,3140798,TTG,3140798,TTG,中確信度: 上流への延長の可能性(片方の証拠のみ)
MA_RS13155,MA_2529,3145373,ATG,False,2,stop_codon,3145373,ATG,2.02,False,WP_197071768.1,157,86.161,3145301,TTG,3145301,TTG,中確信度: 上流への延長の可能性(片方の証拠のみ)
MA_RS13160,MA_2530,3146656,ATG,False,1,stop_codon,3146656,ATG,0.82,False,WP_148704520.1,1,77.358,3146650,ATG,3146650,ATG,中確信度: 上流への延長の可能性(片方の証拠のみ)
MA_RS13195,MA_2537,3154803,ATG,False,1,stop_codon,3154803,ATG,1.5,False,WP_048174868.1,5,51.691,3154791,TTG,3154791,TTG,中確信度: 上流への延長の可能性(片方の証拠のみ)
MA_RS13230,MA_2544,3164339,ATG,False,1,stop_codon,3164339,ATG,1.05,False,WP_048171118.1,29,96.296,3164255,ATG,3164255,ATG,中確信度: 上流への延長の可能性(片方の証拠のみ)
MA_RS13235,MA_2545,3164908,TTG,False,2,stop_codon,3164887,ATG,2.24,False,WP_231590455.1,8,89.181,3164887,ATG,3164887,ATG,中確信度: 上流への延長の可能性(片方の証拠のみ)
MA_RS13275,MA_2553,3177712,ATG,False,5,stop_codon,3177757,TTG,2.02,False,WP_048171136.1,16,90.155,3177757,TTG,3177757,TTG,中確信度: 上流への延長の可能性(片方の証拠のみ)
MA_RS13310,MA_2560,3185315,ATG,False,2,stop_codon,3185315,ATG,1.36,False,WP_048171147.1,5,95.205,3185327,ATG,3185327,ATG,中確信度: 上流への延長の可能性(片方の証拠のみ)
MA_RS13365,MA_2569,3195701,ATG,False,1,stop_codon,3195668,ATG,1.49,False,WP_048173324.1,12,96.084,3195668,ATG,3195668,ATG,中確信度: 上流への延長の可能性(片方の証拠のみ)
MA_RS13390,MA_2574,3202316,ATG,False,1,stop_codon,3202364,GTG,1.77,False,WP_231589852.1,17,84.831,3202364,GTG,3202364,GTG,中確信度: 上流への延長の可能性(片方の証拠のみ)
MA_RS13445,MA_2584,3216232,ATG,False,3,max_distance,3216232,ATG,1.27,False,WP_052721707.1,3,74.631,3216451,TTG,3216451,TTG,中確信度: 上流への延長の可能性(片方の証拠のみ)
MA_RS13480,MA_2589,3222234,ATG,False,1,neighbor_gene,3222234,ATG,1.1,False,WP_048139778.1,260,47.696,3222279,ATG,3222279,ATG,中確信度: 上流への延長の可能性(片方の証拠のみ)
MA_RS13505,MA_2594,3224958,ATG,False,2,stop_codon,3225039,TTG,1.03,False,WP_048139760.1,46,61.589,3225060,TTG,3225060,TTG,中確信度: 上流への延長の可能性(片方の証拠のみ)
MA_RS27060,,3225981,ATG,False,4,stop_codon,3225927,TTG,2.11,False,WP_162197629.1,45,51.02,3225849,TTG,3225849,TTG,中確信度: 上流への延長の可能性(片方の証拠のみ)
MA_RS29815,MA_2598,3226417,ATG,False,1,stop_codon,3226417,ATG,0.92,False,WP_048142256.1,2,37.895,3226414,ATG,3226414,ATG,中確信度: 上流への延長の可能性(片方の証拠のみ)
MA_RS13560,MA_2604,3237081,ATG,False,3,stop_codon,3237174,TTG,1.52,False,WP_158024129.1,135,41.783,3237354,ATG,3237354,ATG,中確信度: 上流への延長の可能性(片方の証拠のみ)
MA_RS13565,MA_2605,3238069,TTG,False,1,stop_codon,3238069,TTG,1.08,False,WP_158024180.1,45,66.187,3238192,ATG,3238192,ATG,中確信度: 上流への延長の可能性(片方の証拠のみ)
MA_RS13580,MA_2607,3239365,ATG,False,2,neighbor_gene,3239392,TTG,1.33,False,WP_048140520.1,22,62.016,3239425,TTG,3239425,TTG,中確信度: 上流への延長の可能性(片方の証拠のみ)
MA_RS27090,,3242685,ATG,False,1,stop_codon,3242562,TTG,1.56,False,WP_231589836.1,1,95.37,3242562,TTG,3242562,TTG,中確信度: 上流への延長の可能性(片方の証拠のみ)
MA_RS13645,MA_2619,3248459,TTG,False,1,stop_codon,3248465,ATG,1.83,False,WP_157206033.1,11,36.744,3248465,ATG,3248465,ATG,中確信度: 上流への延長の可能性(片方の証拠のみ)
MA_RS13660,MA_2622,3250240,ATG,False,1,stop_codon,3250231,GTG,1.64,False,WP_048173086.1,4,98.148,3250231,GTG,3250231,GTG,中確信度: 上流への延長の可能性(片方の証拠のみ)
MA_RS13680,,3254071,ATG,False,1,stop_codon,3254050,TTG,1.07,False,WP_048172637.1,1,90.674,3254050,TTG,3254050,TTG,中確信度: 上流への延長の可能性(片方の証拠のみ)
MA_RS13685,MA_2627,3255085,ATG,False,2,stop_codon,3255085,ATG,1.36,False,WP_048172635.1,8,97.531,3255064,ATG,3255064,ATG,中確信度: 上流への延長の可能性(片方の証拠のみ)
MA_RS13700,MA_2630,3259574,ATG,False,2,stop_codon,3259520,TTG,1.12,False,WP_048036660.1,16,88.571,3259520,TTG,3259520,TTG,中確信度: 上流への延長の可能性(片方の証拠のみ)
MA_RS13725,MA_2635,3265921,ATG,False,1,neighbor_gene,3265867,ATG,1.3,False,WP_048036664.1,2,74.854,3265867,ATG,3265867,ATG,中確信度: 上流への延長の可能性(片方の証拠のみ)
MA_RS13730,MA_2636,3267202,ATG,False,2,stop_codon,3267187,GTG,1.68,False,WP_048172621.1,37,96.045,3267094,GTG,3267094,GTG,中確信度: 上流への延長の可能性(片方の証拠のみ)
MA_RS13740,MA_2639,3269154,GTG,False,2,stop_codon,3269154,GTG,1.78,False,WP_048172614.1,32,95.652,3269067,ATG,3269067,ATG,中確信度: 上流への延長の可能性(片方の証拠のみ)
MA_RS13750,MA_2641,3271158,GTG,False,1,stop_codon,3271158,GTG,1.41,False,WP_048174739.1,16,80.769,3271080,TTG,3271080,TTG,中確信度: 上流への延長の可能性(片方の証拠のみ)
MA_RS13775,MA_2646,3276371,ATG,False,1,stop_codon,3276344,GTG,1.17,False,WP_148705500.1,1,97.313,3276344,GTG,3276344,GTG,中確信度: 上流への延長の可能性(片方の証拠のみ)
MA_RS13785,MA_2648,3278967,ATG,False,1,neighbor_gene,3278967,ATG,1.17,False,WP_048172601.1,40,94.355,3278850,GTG,3278850,GTG,中確信度: 上流への延長の可能性(片方の証拠のみ)
MA_RS13795,MA_2649,3280969,ATG,False,1,stop_codon,3280969,ATG,1.84,False,WP_048172599.1,3,93.77,3280963,TTG,3280963,TTG,中確信度: 上流への延長の可能性(片方の証拠のみ)
MA_RS13810,MA_2652,3285263,ATG,False,1,neighbor_gene,3285263,ATG,1.25,False,WP_048117169.1,29,71.489,3285179,TTG,3285179,TTG,中確信度: 上流への延長の可能性(片方の証拠のみ)
MA_RS25605,MA_2656,3290073,ATG,False,1,stop_codon,3290082,GTG,0.9,False,WP_052712935.1,4,77.616,3290082,GTG,3290082,GTG,中確信度: 上流への延長の可能性(片方の証拠のみ)
MA_RS13840,MA_2657,3291311,ATG,False,2,stop_codon,3291281,TTG,0.69,False,WP_048172587.1,11,96.791,3291281,TTG,3291281,TTG,中確信度: 上流への延長の可能性(片方の証拠のみ)
MA_RS13895,MA_2665,3299817,ATG,False,3,stop_codon,3299700,GTG,1.02,False,WP_048143490.1,40,84.513,3299700,GTG,3299700,GTG,中確信度: 上流への延長の可能性(片方の証拠のみ)
MA_RS13900,MA_2666,3302166,ATG,False,2,stop_codon,3302172,TTG,1.42,False,WP_048168036.1,11,84.512,3302181,TTG,3302181,TTG,中確信度: 上流への延長の可能性(片方の証拠のみ)
MA_RS13925,MA_2670,3310299,ATG,False,1,stop_codon,3310299,ATG,27.12,True,WP_048174209.1,2,96.629,3310302,TTG,3310302,TTG,中確信度: 上流への延長の可能性(片方の証拠のみ)
MA_RS13930,MA_2671,3311443,ATG,False,2,stop_codon,3311419,ATG,1.62,False,WP_048157056.1,9,79.074,3311419,ATG,3311419,ATG,中確信度: 上流への延長の可能性(片方の証拠のみ)
MA_RS28740,MA_2675,3319035,GTG,False,1,stop_codon,3319077,TTG,1.66,False,WP_231588148.1,1,63.59,3319077,TTG,3319077,TTG,中確信度: 上流への延長の可能性(片方の証拠のみ)
MA_RS13950,MA_2676,3319841,ATG,False,1,stop_codon,3319832,GTG,1.12,False,WP_048172921.1,4,95.758,3319832,GTG,3319832,GTG,中確信度: 上流への延長の可能性(片方の証拠のみ)
MA_RS13955,MA_2677,3321569,ATG,False,3,stop_codon,3321509,TTG,1.34,False,WP_082089001.1,14,93.168,3321470,ATG,3321470,ATG,中確信度: 上流への延長の可能性(片方の証拠のみ)
MA_RS13970,MA_2680,3327734,ATG,False,2,stop_codon,3327734,ATG,2.34,False,WP_015411731.1,20,93.927,3327791,TTG,3327791,TTG,中確信度: 上流への延長の可能性(片方の証拠のみ)
MA_RS14020,MA_2686,3337140,ATG,False,1,stop_codon,3337149,GTG,0.75,False,WP_048139181.1,4,82.627,3337149,GTG,3337149,GTG,中確信度: 上流への延長の可能性(片方の証拠のみ)
MA_RS14025,MA_2687,3338295,ATG,False,1,stop_codon,3338295,ATG,1.38,False,WP_048166258.1,7,80.085,3338313,TTG,3338313,TTG,中確信度: 上流への延長の可能性(片方の証拠のみ)
MA_RS14040,MA_4680,3340528,ATG,False,3,stop_codon,3340528,ATG,1.1,False,WP_048174730.1,63,41.538,3340543,TTG,3340543,TTG,中確信度: 上流への延長の可能性(片方の証拠のみ)
MA_RS28745,MA_2697,3358778,GTG,False,1,stop_codon,3358796,GTG,1.25,False,WP_011021898.1,1,93.711,3358796,GTG,3358796,GTG,中確信度: 上流への延長の可能性(片方の証拠のみ)
MA_RS14125,MA_2699,3360963,ATG,False,1,stop_codon,3360939,TTG,1.83,False,WP_048166050.1,11,32.231,3360939,TTG,3360939,TTG,中確信度: 上流への延長の可能性(片方の証拠のみ)
MA_RS14160,MA_2705,3367786,ATG,False,5,stop_codon,3367873,ATG,1.29,False,WP_231589863.1,76,93.333,3367969,ATG,3367969,ATG,中確信度: 上流への延長の可能性(片方の証拠のみ)
MA_RS14195,MA_2713,3379038,TTG,False,1,stop_codon,3379038,TTG,1.21,False,WP_048121529.1,271,48.948,3379029,TTG,3379029,TTG,中確信度: 上流への延長の可能性(片方の証拠のみ)
MA_RS14215,MA_2716,3386885,ATG,False,1,stop_codon,3386885,ATG,0.93,False,WP_048172758.1,7,89.145,3386903,ATG,3386903,ATG,中確信度: 上流への延長の可能性(片方の証拠のみ)
MA_RS14235,MA_2720,3390237,ATG,False,7,stop_codon,3390156,ATG,1.57,False,WP_048139484.1,75,86.364,3390015,GTG,3390015,GTG,中確信度: 上流への延長の可能性(片方の証拠のみ)
MA_RS14255,MA_2724,3396469,ATG,False,2,stop_codon,3396469,ATG,1.15,False,WP_048171434.1,6,83.668,3396484,TTG,3396484,TTG,中確信度: 上流への延長の可能性(片方の証拠のみ)
MA_RS14285,MA_2730,3406389,ATG,False,2,stop_codon,3406401,TTG,2.39,False,WP_048140278.1,5,91.698,3406401,TTG,3406401,TTG,中確信度: 上流への延長の可能性(片方の証拠のみ)
MA_RS14290,MA_2731,3407877,GTG,False,1,stop_codon,3407877,GTG,1.12,False,WP_048140280.1,4,96.203,3407886,GTG,3407886,GTG,中確信度: 上流への延長の可能性(片方の証拠のみ)
MA_RS14365,MA_2741,3423097,TTG,False,1,stop_codon,3423097,TTG,1.38,False,WP_048120073.1,13,90.698,3423031,TTG,3423031,TTG,中確信度: 上流への延長の可能性(片方の証拠のみ)
MA_RS14370,MA_2742,3424172,ATG,False,1,stop_codon,3424181,TTG,1.78,False,WP_048173082.1,4,86.397,3424181,TTG,3424181,TTG,中確信度: 上流への延長の可能性(片方の証拠のみ)
MA_RS14385,MA_2746,3427573,ATG,False,1,stop_codon,3427582,GTG,1.45,False,WP_048140783.1,4,43.243,3427582,GTG,3427582,GTG,中確信度: 上流への延長の可能性(片方の証拠のみ)
MA_RS14400,MA_2749,3430549,TTG,False,1,stop_codon,3430501,TTG,1.51,False,WP_011021898.1,1,98.944,3430501,TTG,3430501,TTG,中確信度: 上流への延長の可能性(片方の証拠のみ)
MA_RS28215,MA_2750,3431807,ATG,False,1,stop_codon,3431837,ATG,1.23,False,WP_048139667.1,1,76.667,3431837,ATG,3431837,ATG,中確信度: 上流への延長の可能性(片方の証拠のみ)
MA_RS28765,MA_2755,3436678,TTG,False,1,stop_codon,3436714,ATG,1.44,False,WP_048120954.1,2,38.596,3436714,ATG,3436714,ATG,中確信度: 上流への延長の可能性(片方の証拠のみ)
MA_RS14435,MA_2756,3438545,ATG,False,3,stop_codon,3438617,TTG,1.08,False,WP_048139985.1,25,78.446,3438617,TTG,3438617,TTG,中確信度: 上流への延長の可能性(片方の証拠のみ)
MA_RS29665,MA_2757,3440454,ATG,False,4,stop_codon,3440553,TTG,2.09,False,WP_048116353.1,347,71.825,3440568,GTG,3440568,GTG,中確信度: 上流への延長の可能性(片方の証拠のみ)
MA_RS24650,MA_2760,3443944,ATG,False,1,stop_codon,3443980,GTG,0.87,False,WP_231589835.1,34,91.768,3443980,GTG,3443980,GTG,中確信度: 上流への延長の可能性(片方の証拠のみ)
MA_RS24655,MA_2765,3450145,ATG,False,1,stop_codon,3450154,GTG,0.88,False,WP_231589835.1,22,76.829,3450154,GTG,3450154,GTG,中確信度: 上流への延長の可能性(片方の証拠のみ)
MA_RS14520,MA_2772,3457371,TTG,False,1,stop_codon,3457371,TTG,1.5,False,WP_048170808.1,8,78.976,3457344,GTG,3457344,GTG,中確信度: 上流への延長の可能性(片方の証拠のみ)
MA_RS14525,MA_2773,3458513,ATG,False,1,neighbor_gene,3458513,ATG,0.74,False,WP_048118062.1,4,78.824,3458504,GTG,3458504,GTG,中確信度: 上流への延長の可能性(片方の証拠のみ)
MA_RS14540,MA_2777,3462924,ATG,False,1,neighbor_gene,3462939,GTG,1.25,False,WP_048170814.1,21,85.242,3462939,GTG,3462939,GTG,中確信度: 上流への延長の可能性(片方の証拠のみ)
MA_RS14550,MA_2779,3464456,ATG,False,1,stop_codon,3464474,TTG,0.93,False,WP_048174548.1,7,72.906,3464474,TTG,3464474,TTG,中確信度: 上流への延長の可能性(片方の証拠のみ)
MA_RS14570,MA_2783,3468465,ATG,False,5,stop_codon,3468492,TTG,1.2,False,WP_048173079.1,1,92.765,3468525,TTG,3468525,TTG,中確信度: 上流への延長の可能性(片方の証拠のみ)
MA_RS14610,MA_2791,3476474,ATG,False,1,stop_codon,3476450,TTG,1.46,False,WP_048139160.1,34,63.918,3476450,TTG,3476450,TTG,中確信度: 上流への延長の可能性(片方の証拠のみ)
MA_RS29460,,3477611,ATG,False,1,stop_codon,3477611,ATG,1.03,False,WP_156158867.1,7,69.231,3477641,GTG,3477641,GTG,中確信度: 上流への延長の可能性(片方の証拠のみ)
MA_RS28800,MA_2793,3479655,ATG,False,1,stop_codon,3479655,ATG,1.31,False,WP_230669065.1,2,62.107,3479652,GTG,3479652,GTG,中確信度: 上流への延長の可能性(片方の証拠のみ)
MA_RS27210,MA_2795,3488579,ATG,False,5,max_distance,3488384,TTG,1.35,False,WP_232316241.1,9,73.93,3488360,TTG,3488360,TTG,中確信度: 上流への延長の可能性(片方の証拠のみ)
MA_RS14675,MA_2801,3496308,ATG,False,1,stop_codon,3496248,TTG,1.18,False,WP_048122065.1,30,72.289,3496248,TTG,3496248,TTG,中確信度: 上流への延長の可能性(片方の証拠のみ)
MA_RS14685,MA_2803,3497049,ATG,False,1,stop_codon,3497016,ATG,1.07,False,WP_048170428.1,20,85.965,3497016,ATG,3497016,ATG,中確信度: 上流への延長の可能性(片方の証拠のみ)
MA_RS14735,MA_2811,3508644,ATG,False,2,stop_codon,3508644,ATG,1.95,False,WP_239450984.1,27,74.662,3508611,TTG,3508611,TTG,中確信度: 上流への延長の可能性(片方の証拠のみ)
MA_RS14750,MA_2813,3511671,ATG,False,1,stop_codon,3511671,ATG,1.71,False,WP_048170448.1,4,92.511,3511680,TTG,3511680,TTG,中確信度: 上流への延長の可能性(片方の証拠のみ)
MA_RS14765,MA_2816,3514901,ATG,False,1,stop_codon,3514793,TTG,1.06,False,WP_231590420.1,37,89.714,3514793,TTG,3514793,TTG,中確信度: 上流への延長の可能性(片方の証拠のみ)
MA_RS14775,MA_2818,3517907,ATG,False,1,stop_codon,3517916,GTG,1.12,False,WP_048174508.1,4,88.06,3517916,GTG,3517916,GTG,中確信度: 上流への延長の可能性(片方の証拠のみ)
MA_RS14805,MA_2824,3523869,ATG,False,1,stop_codon,3523869,ATG,3.89,True,WP_231589850.1,7,92.025,3523851,ATG,3523851,ATG,中確信度: 上流への延長の可能性(片方の証拠のみ)
MA_RS14860,MA_2833,3536222,ATG,False,2,stop_codon,3536222,ATG,0.99,False,WP_048172640.1,10,98.272,3536195,GTG,3536195,GTG,中確信度: 上流への延長の可能性(片方の証拠のみ)
MA_RS14870,MA_2835,3540642,ATG,False,1,stop_codon,3540642,ATG,0.97,False,WP_048172434.1,49,33.772,3540663,ATG,3540663,ATG,中確信度: 上流への延長の可能性(片方の証拠のみ)
MA_RS14875,MA_2836,3540720,GTG,False,1,stop_codon,3540720,GTG,1.55,False,WP_082089262.1,27,90.461,3540642,TTG,3540642,TTG,中確信度: 上流への延長の可能性(片方の証拠のみ)
MA_RS14885,MA_2838,3543351,ATG,False,2,stop_codon,3543267,TTG,1.38,False,WP_048170465.1,29,93.632,3543267,TTG,3543267,TTG,中確信度: 上流への延長の可能性(片方の証拠のみ)
MA_RS14895,MA_2840,3545900,ATG,False,1,neighbor_gene,3545891,GTG,0.98,False,WP_156157282.1,4,96.296,3545891,GTG,3545891,GTG,中確信度: 上流への延長の可能性(片方の証拠のみ)
MA_RS14905,MA_2842,3548559,ATG,False,2,stop_codon,3548505,GTG,1.31,False,WP_048173387.1,19,96.697,3548505,GTG,3548505,GTG,中確信度: 上流への延長の可能性(片方の証拠のみ)
MA_RS14910,MA_2843,3549600,ATG,False,1,neighbor_gene,3549591,ATG,1.19,False,WP_048173386.1,4,95.563,3549591,ATG,3549591,ATG,中確信度: 上流への延長の可能性(片方の証拠のみ)
MA_RS14935,MA_2846,3558338,ATG,False,1,stop_codon,3558338,ATG,1.18,False,WP_231589837.1,15,93.35,3558341,TTG,3558341,TTG,中確信度: 上流への延長の可能性(片方の証拠のみ)
MA_RS28820,,3560634,ATG,False,2,stop_codon,3560574,TTG,1.14,False,WP_158024069.1,1,84.426,3560574,TTG,3560574,TTG,中確信度: 上流への延長の可能性(片方の証拠のみ)
MA_RS14950,MA_2849,3561563,TTG,False,1,stop_codon,3561563,TTG,1.51,False,WP_231589827.1,9,87.805,3561587,ATG,3561587,ATG,中確信度: 上流への延長の可能性(片方の証拠のみ)
MA_RS14980,,3566255,ATG,False,2,stop_codon,3566264,ATG,2.75,False,WP_231589828.1,8,83.784,3566276,TTG,3566276,TTG,中確信度: 上流への延長の可能性(片方の証拠のみ)
MA_RS15000,MA_2856,3569227,ATG,False,1,stop_codon,3569227,ATG,120.98,True,WP_082089151.1,11,78.659,3569197,TTG,3569197,TTG,中確信度: 上流への延長の可能性(片方の証拠のみ)
MA_RS15015,MA_2860,3575522,GTG,False,2,stop_codon,3575522,GTG,1.02,False,WP_048173027.1,12,94.715,3575555,GTG,3575555,GTG,中確信度: 上流への延長の可能性(片方の証拠のみ)
MA_RS15075,MA_2873,3587960,TTG,False,1,stop_codon,3587927,GTG,0.98,False,WP_048173858.1,6,96.774,3587927,GTG,3587927,GTG,中確信度: 上流への延長の可能性(片方の証拠のみ)
MA_RS15110,MA_2880,3592625,ATG,False,1,stop_codon,3592520,TTG,1.11,False,WP_048138615.1,36,83.696,3592520,TTG,3592520,TTG,中確信度: 上流への延長の可能性(片方の証拠のみ)
MA_RS15150,MA_2888,3604380,ATG,False,1,stop_codon,3604380,ATG,0.86,False,WP_048173059.1,7,89.56,3604398,ATG,3604398,ATG,中確信度: 上流への延長の可能性(片方の証拠のみ)
MA_RS15165,MA_2891,3609519,ATG,False,1,stop_codon,3609519,ATG,1.54,False,WP_048173064.1,7,88.136,3609501,ATG,3609501,ATG,中確信度: 上流への延長の可能性(片方の証拠のみ)
MA_RS15190,MA_2896,3617629,ATG,False,1,stop_codon,3617569,TTG,1.14,False,WP_048173071.1,21,96.063,3617569,TTG,3617569,TTG,中確信度: 上流への延長の可能性(片方の証拠のみ)
MA_RS15210,MA_2901,3625485,ATG,False,1,stop_codon,3625485,ATG,2.33,False,WP_231589833.1,6,87.432,3625488,GTG,3625488,GTG,中確信度: 上流への延長の可能性(片方の証拠のみ)
MA_RS28830,,3625679,ATG,False,2,stop_codon,3625664,GTG,1.98,False,WP_052727840.1,9,74.194,3625664,GTG,3625664,GTG,中確信度: 上流への延長の可能性(片方の証拠のみ)
MA_RS28835,,3626051,ATG,False,1,neighbor_gene,3626000,ATG,1.21,False,WP_052727840.1,2,58.491,3626000,ATG,3626000,ATG,中確信度: 上流への延長の可能性(片方の証拠のみ)
MA_RS15225,MA_2904,3627384,ATG,False,1,neighbor_gene,3627384,ATG,1.08,False,WP_048116882.1,8,61.238,3627363,GTG,3627363,GTG,中確信度: 上流への延長の可能性(片方の証拠のみ)
MA_RS15235,MA_2906,3630418,ATG,False,1,neighbor_gene,3630418,ATG,1.54,False,WP_048140275.1,8,82.667,3630427,ATG,3630427,ATG,中確信度: 上流への延長の可能性(片方の証拠のみ)
MA_RS15245,MA_2908,3633504,TTG,False,1,stop_codon,3633504,TTG,0.97,False,WP_239451280.1,6,78.788,3633543,ATG,3633543,ATG,中確信度: 上流への延長の可能性(片方の証拠のみ)
MA_RS15265,MA_2912,3640451,ATG,False,1,stop_codon,3640460,GTG,0.99,False,WP_048171355.1,4,94.065,3640460,GTG,3640460,GTG,中確信度: 上流への延長の可能性(片方の証拠のみ)
MA_RS15290,MA_2919,3646186,ATG,False,1,neighbor_gene,3646057,GTG,1.11,False,WP_048171344.1,44,86.875,3646057,GTG,3646057,GTG,中確信度: 上流への延長の可能性(片方の証拠のみ)
MA_RS15295,MA_2920,3646896,TTG,False,1,stop_codon,3646887,GTG,1.37,False,WP_048171342.1,4,95.775,3646887,GTG,3646887,GTG,中確信度: 上流への延長の可能性(片方の証拠のみ)
MA_RS28840,MA_2926,3654103,ATG,False,1,stop_codon,3654103,ATG,1.83,False,WP_231588134.1,218,78.829,3654109,ATG,3654109,ATG,中確信度: 上流への延長の可能性(片方の証拠のみ)
MA_RS15325,MA_2927,3655319,ATG,False,1,stop_codon,3655292,TTG,1.19,False,WP_048046424.1,10,69.118,3655292,TTG,3655292,TTG,中確信度: 上流への延長の可能性(片方の証拠のみ)
MA_RS15405,MA_2942,3673995,ATG,False,1,stop_codon,3673995,ATG,1.5,False,WP_048117034.1,5,49.621,3674007,TTG,3674007,TTG,中確信度: 上流への延長の可能性(片方の証拠のみ)
MA_RS15505,MA_2958,3691043,ATG,False,3,stop_codon,3691043,ATG,1.44,False,WP_048174730.1,63,41.538,3691058,TTG,3691058,TTG,中確信度: 上流への延長の可能性(片方の証拠のみ)
MA_RS15510,MA_2959,3691521,TTG,False,2,stop_codon,3691455,ATG,1.59,False,WP_231590483.1,333,97.567,3691455,ATG,3691455,ATG,中確信度: 上流への延長の可能性(片方の証拠のみ)
MA_RS15550,MA_2967,3703823,ATG,False,3,stop_codon,3703823,ATG,1.23,False,WP_048171669.1,63,90.952,3704009,ATG,3704009,ATG,中確信度: 上流への延長の可能性(片方の証拠のみ)
MA_RS15560,MA_2969,3705929,ATG,False,1,stop_codon,3705917,GTG,1.4,False,WP_048171672.1,5,95.69,3705917,GTG,3705917,GTG,中確信度: 上流への延長の可能性(片方の証拠のみ)
MA_RS15625,MA_2979,3715401,ATG,False,2,stop_codon,3715458,GTG,1.04,False,WP_048142184.1,20,86.527,3715458,GTG,3715458,GTG,中確信度: 上流への延長の可能性(片方の証拠のみ)
MA_RS15640,MA_2982,3717680,ATG,False,1,stop_codon,3717611,TTG,1.61,False,WP_048171684.1,24,88.136,3717611,TTG,3717611,TTG,中確信度: 上流への延長の可能性(片方の証拠のみ)
MA_RS29475,,3723138,GTG,False,3,stop_codon,3723138,GTG,0.91,False,WP_156157317.1,1,69.388,3723165,ATG,3723165,ATG,中確信度: 上流への延長の可能性(片方の証拠のみ)
MA_RS15670,MA_2988,3725608,ATG,False,1,stop_codon,3725608,ATG,0.87,False,WP_048171694.1,24,88.655,3725677,TTG,3725677,TTG,中確信度: 上流への延長の可能性(片方の証拠のみ)
MA_RS15695,MA_2993,3730495,TTG,False,1,stop_codon,3730513,TTG,1.16,False,WP_048140686.1,2,36.232,3730513,TTG,3730513,TTG,中確信度: 上流への延長の可能性(片方の証拠のみ)
MA_RS15705,MA_2995,3732389,ATG,False,2,stop_codon,3732428,GTG,1.36,False,WP_048139236.1,1,76.316,3732428,GTG,3732428,GTG,中確信度: 上流への延長の可能性(片方の証拠のみ)
MA_RS24715,MA_2996,3732479,ATG,False,1,stop_codon,3732479,ATG,0.77,False,WP_048121941.1,8,77.083,3732458,TTG,3732458,TTG,中確信度: 上流への延長の可能性(片方の証拠のみ)
MA_RS28865,,3736215,GTG,False,3,stop_codon,3736080,ATG,1.44,False,WP_230633344.1,36,63.158,3736080,ATG,3736080,ATG,中確信度: 上流への延長の可能性(片方の証拠のみ)
MA_RS29480,MA_3001,3736514,GTG,False,2,stop_codon,3736514,GTG,1.32,False,WP_052721559.1,8,85.714,3736499,GTG,3736499,GTG,中確信度: 上流への延長の可能性(片方の証拠のみ)
MA_RS15745,MA_3006,3739179,ATG,False,2,stop_codon,3739155,TTG,1.22,False,WP_080941564.1,1,87.135,3739146,GTG,3739146,GTG,中確信度: 上流への延長の可能性(片方の証拠のみ)
MA_RS15750,MA_3007,3740041,ATG,False,1,stop_codon,3740041,ATG,0.92,False,WP_048170936.1,3,93.61,3740035,GTG,3740035,GTG,中確信度: 上流への延長の可能性(片方の証拠のみ)
MA_RS15755,MA_3008,3741869,TTG,False,1,stop_codon,3741896,TTG,1.09,False,WP_048174562.1,10,93.269,3741896,TTG,3741896,TTG,中確信度: 上流への延長の可能性(片方の証拠のみ)
MA_RS15775,MA_3013,3745410,ATG,False,2,stop_codon,3745410,ATG,1.23,False,WP_048170927.1,26,96.232,3745335,TTG,3745335,TTG,中確信度: 上流への延長の可能性(片方の証拠のみ)
MA_RS15785,MA_3015,3747033,ATG,False,1,stop_codon,3747033,ATG,1.52,False,WP_187151936.1,2,98.092,3747030,TTG,3747030,TTG,中確信度: 上流への延長の可能性(片方の証拠のみ)
MA_RS15815,MA_3021,3753783,TTG,False,3,stop_codon,3753783,TTG,1.5,False,WP_331456184.1,12,94.855,3753750,TTG,3753750,TTG,中確信度: 上流への延長の可能性(片方の証拠のみ)
MA_RS15830,MA_3024,3758146,ATG,False,1,stop_codon,3758146,ATG,1.02,False,WP_048174560.1,4,95.161,3758137,ATG,3758137,ATG,中確信度: 上流への延長の可能性(片方の証拠のみ)
MA_RS15840,MA_3026,3761287,ATG,False,3,stop_codon,3761287,ATG,43.95,True,WP_048170904.1,38,90.286,3761398,GTG,3761398,GTG,中確信度: 上流への延長の可能性(片方の証拠のみ)
MA_RS15860,,3762569,ATG,False,2,stop_codon,3762587,ATG,1.0,False,WP_162197611.1,1,96.923,3762587,ATG,3762587,ATG,中確信度: 上流への延長の可能性(片方の証拠のみ)
MA_RS15870,MA_3030,3765072,ATG,False,1,stop_codon,3765045,ATG,1.69,False,WP_048173207.1,10,95.349,3765045,ATG,3765045,ATG,中確信度: 上流への延長の可能性(片方の証拠のみ)
MA_RS15945,MA_3047,3783508,ATG,False,2,stop_codon,3783508,ATG,1.12,False,WP_048173186.1,38,95.71,3783397,ATG,3783397,ATG,中確信度: 上流への延長の可能性(片方の証拠のみ)
MA_RS15955,MA_3049,3786207,ATG,False,2,neighbor_gene,3786195,TTG,1.03,False,WP_082089017.1,4,95.223,3786195,TTG,3786195,TTG,中確信度: 上流への延長の可能性(片方の証拠のみ)
MA_RS27310,MA_3053,3793292,ATG,False,1,stop_codon,3793295,GTG,1.11,False,WP_187151764.1,5,96.226,3793295,GTG,3793295,GTG,中確信度: 上流への延長の可能性(片方の証拠のみ)
MA_RS15980,MA_3055,3796068,ATG,False,1,neighbor_gene,3796068,ATG,1.1,False,WP_048173179.1,4,97.407,3796077,TTG,3796077,TTG,中確信度: 上流への延長の可能性(片方の証拠のみ)
MA_RS16005,MA_3060,3800392,ATG,False,2,stop_codon,3800401,TTG,0.94,False,WP_231589838.1,14,91.031,3800431,GTG,3800431,GTG,中確信度: 上流への延長の可能性(片方の証拠のみ)
MA_RS16030,MA_3065,3805162,ATG,False,1,stop_codon,3805162,ATG,1.58,False,WP_048173163.1,4,92.965,3805171,GTG,3805171,GTG,中確信度: 上流への延長の可能性(片方の証拠のみ)
MA_RS16055,MA_3070,3810519,ATG,False,3,stop_codon,3810519,ATG,1.24,False,WP_048173155.1,24,94.969,3810588,TTG,3810588,TTG,中確信度: 上流への延長の可能性(片方の証拠のみ)
MA_RS16060,MA_3071,3812605,ATG,False,1,stop_codon,3812611,TTG,1.0,False,WP_048173153.1,3,84.673,3812611,TTG,3812611,TTG,中確信度: 上流への延長の可能性(片方の証拠のみ)
MA_RS16070,MA_3073,3814373,ATG,False,1,stop_codon,3814337,TTG,1.48,False,WP_048173151.1,13,95.694,3814337,TTG,3814337,TTG,中確信度: 上流への延長の可能性(片方の証拠のみ)
MA_RS16075,MA_3074,3816370,TTG,False,3,stop_codon,3816373,GTG,1.25,False,WP_156158865.1,1,92.405,3816412,GTG,3816412,GTG,中確信度: 上流への延長の可能性(片方の証拠のみ)
MA_RS16090,MA_3077,3819862,ATG,False,1,stop_codon,3819862,ATG,1.54,False,WP_052721768.1,14,89.95,3819823,ATG,3819823,ATG,中確信度: 上流への延長の可能性(片方の証拠のみ)
MA_RS16125,MA_3084,3827038,ATG,False,3,stop_codon,3827005,TTG,0.86,False,WP_048173136.1,14,83.276,3826999,TTG,3826999,TTG,中確信度: 上流への延長の可能性(片方の証拠のみ)
MA_RS16140,MA_3086,3830873,GTG,False,4,stop_codon,3831038,TTG,2.4,False,WP_048169875.1,224,40.0,3831038,TTG,3831038,TTG,中確信度: 上流への延長の可能性(片方の証拠のみ)
MA_RS16145,MA_3087,3833994,ATG,False,2,stop_codon,3834003,GTG,1.35,False,WP_196296807.1,43,52.009,3834120,TTG,3834120,TTG,中確信度: 上流への延長の可能性(片方の証拠のみ)
MA_RS16190,MA_3094,3842337,ATG,False,3,neighbor_gene,3842325,TTG,1.13,False,WP_048119787.1,45,39.172,3842262,TTG,3842262,TTG,中確信度: 上流への延長の可能性(片方の証拠のみ)
MA_RS24730,MA_3101,3851064,ATG,False,1,stop_codon,3851040,GTG,1.57,False,WP_052721586.1,59,33.159,3851040,GTG,3851040,GTG,中確信度: 上流への延長の可能性(片方の証拠のみ)
MA_RS16230,MA_3102,3855581,ATG,False,1,stop_codon,3855581,ATG,0.83,False,WP_048142256.1,47,80.645,3855497,ATG,3855497,ATG,中確信度: 上流への延長の可能性(片方の証拠のみ)
MA_RS16250,MA_3105,3861507,ATG,False,1,stop_codon,3861459,ATG,0.9,False,WP_231590443.1,11,91.566,3861459,ATG,3861459,ATG,中確信度: 上流への延長の可能性(片方の証拠のみ)
MA_RS16260,MA_3108,3864863,ATG,False,1,stop_codon,3864863,ATG,4.63,True,WP_048174557.1,17,96.974,3864911,GTG,3864911,GTG,中確信度: 上流への延長の可能性(片方の証拠のみ)
MA_RS16265,MA_3109,3866804,ATG,False,1,stop_codon,3866846,ATG,5.23,True,,,,,,3866846,ATG,中確信度: 上流への延長の可能性(片方の証拠のみ)
MA_RS16275,MA_3111,3868289,TTG,False,1,stop_codon,3868289,TTG,1.06,False,WP_048122191.1,5,85.535,3868304,ATG,3868304,ATG,中確信度: 上流への延長の可能性(片方の証拠のみ)
MA_RS16300,MA_3117,3871970,CTG,True,1,stop_codon,3871961,GTG,0.69,False,WP_011024107.1,4,84.27,3871961,GTG,3871961,GTG,中確信度: 上流への延長の可能性(片方の証拠のみ)
MA_RS16305,MA_3118,3872796,ATG,False,1,stop_codon,3872796,ATG,1.0,False,WP_048169633.1,5,66.582,3872784,TTG,3872784,TTG,中確信度: 上流への延長の可能性(片方の証拠のみ)
MA_RS16310,MA_3119,3874134,ATG,False,1,stop_codon,3874125,GTG,1.14,False,WP_231590561.1,4,94.397,3874125,GTG,3874125,GTG,中確信度: 上流への延長の可能性(片方の証拠のみ)
MA_RS16315,MA_3120,3874988,ATG,False,2,stop_codon,3874988,ATG,1.25,False,WP_048174942.1,27,85.249,3874976,TTG,3874976,TTG,中確信度: 上流への延長の可能性(片方の証拠のみ)
MA_RS16325,MA_3122,3878876,ATG,False,4,stop_codon,3878870,GTG,1.44,False,WP_048173499.1,29,73.488,3878798,TTG,3878798,TTG,中確信度: 上流への延長の可能性(片方の証拠のみ)
MA_RS16340,MA_3125,3882609,ATG,False,5,stop_codon,3882546,TTG,1.44,False,WP_082089038.1,43,92.258,3882483,ATG,3882483,ATG,中確信度: 上流への延長の可能性(片方の証拠のみ)
MA_RS28875,MA_3133,3893955,ATG,False,1,stop_codon,3893955,ATG,0.99,False,WP_048170872.1,1,84.567,3893964,GTG,3893964,GTG,中確信度: 上流への延長の可能性(片方の証拠のみ)
MA_RS16400,MA_3134,3894682,ATG,False,1,stop_codon,3894616,GTG,0.85,False,WP_048173106.1,23,89.418,3894616,GTG,3894616,GTG,中確信度: 上流への延長の可能性(片方の証拠のみ)
MA_RS16405,MA_3135,3895584,ATG,False,1,stop_codon,3895584,ATG,1.1,False,WP_048138085.1,8,78.733,3895563,TTG,3895563,TTG,中確信度: 上流への延長の可能性(片方の証拠のみ)
MA_RS16410,MA_3136,3896427,ATG,False,1,stop_codon,3896427,ATG,1.44,False,WP_048173108.1,4,94.375,3896418,TTG,3896418,TTG,中確信度: 上流への延長の可能性(片方の証拠のみ)
MA_RS16425,MA_3139,3898288,ATG,False,2,stop_codon,3898288,ATG,1.76,False,WP_048173111.1,19,89.916,3898273,TTG,3898273,TTG,中確信度: 上流への延長の可能性(片方の証拠のみ)
MA_RS16430,MA_3140,3898826,ATG,False,2,stop_codon,3898826,ATG,1.76,False,WP_048174843.1,20,96.684,3898769,TTG,3898769,TTG,中確信度: 上流への延長の可能性(片方の証拠のみ)
MA_RS16465,MA_3148,3909474,ATG,False,1,stop_codon,3909507,GTG,0.95,False,WP_048173120.1,12,97.531,3909507,GTG,3909507,GTG,中確信度: 上流への延長の可能性(片方の証拠のみ)
MA_RS16475,MA_3150,3911914,ATG,False,1,stop_codon,3911914,ATG,1.23,False,WP_048174845.1,16,91.195,3911959,ATG,3911959,ATG,中確信度: 上流への延長の可能性(片方の証拠のみ)
MA_RS16525,MA_3161,3921059,ATG,False,1,stop_codon,3921068,GTG,0.97,False,WP_048170848.1,4,95.364,3921068,GTG,3921068,GTG,中確信度: 上流への延長の可能性(片方の証拠のみ)
MA_RS16545,MA_3165,3923121,ATG,False,2,stop_codon,3923190,ATG,1.12,False,WP_048170844.1,24,96.347,3923190,ATG,3923190,ATG,中確信度: 上流への延長の可能性(片方の証拠のみ)
MA_RS16555,MA_3167,3924477,ATG,False,1,stop_codon,3924501,TTG,1.23,False,WP_048170840.1,7,96.889,3924501,TTG,3924501,TTG,中確信度: 上流への延長の可能性(片方の証拠のみ)
MA_RS16590,MA_3174,3934621,ATG,False,1,stop_codon,3934636,TTG,0.87,False,WP_231590441.1,6,80.499,3934636,TTG,3934636,TTG,中確信度: 上流への延長の可能性(片方の証拠のみ)
MA_RS16620,MA_3181,3942319,ATG,False,1,stop_codon,3942319,ATG,1.9,False,WP_048170825.1,14,94.949,3942280,TTG,3942280,TTG,中確信度: 上流への延長の可能性(片方の証拠のみ)
MA_RS16625,MA_3182,3945109,TTG,False,1,stop_codon,3945142,TTG,1.03,False,WP_048170823.1,12,88.778,3945142,TTG,3945142,TTG,中確信度: 上流への延長の可能性(片方の証拠のみ)
MA_RS16700,MA_3197,3956923,ATG,False,1,stop_codon,3956923,ATG,1.48,False,WP_048170789.1,17,88.143,3956875,TTG,3956875,TTG,中確信度: 上流への延長の可能性(片方の証拠のみ)
MA_RS16740,MA_3206,3970461,GTG,False,1,stop_codon,3970461,GTG,4.46,True,WP_048170775.1,11,93.805,3970491,ATG,3970491,ATG,中確信度: 上流への延長の可能性(片方の証拠のみ)
MA_RS29510,MA_3209,3973421,GTG,False,2,stop_codon,3973382,TTG,0.98,False,WP_048140001.1,16,79.57,3973367,ATG,3973367,ATG,中確信度: 上流への延長の可能性(片方の証拠のみ)
MA_RS16900,MA_3238,3999683,ATG,False,1,stop_codon,3999644,ATG,0.84,False,WP_048171680.1,59,40.984,3999644,ATG,3999644,ATG,中確信度: 上流への延長の可能性(片方の証拠のみ)
MA_RS16935,MA_3246,4006576,ATG,False,1,stop_codon,4006576,ATG,17.44,True,WP_231589817.1,8,94.521,4006597,TTG,4006597,TTG,中確信度: 上流への延長の可能性(片方の証拠のみ)
MA_RS16940,MA_3247,4008895,ATG,False,1,stop_codon,4008895,ATG,1.04,False,WP_048172907.1,4,96.658,4008904,GTG,4008904,GTG,中確信度: 上流への延長の可能性(片方の証拠のみ)
MA_RS16955,MA_3250,4011141,ATG,False,1,stop_codon,4011132,ATG,1.42,False,WP_048174799.1,4,95.67,4011132,ATG,4011132,ATG,中確信度: 上流への延長の可能性(片方の証拠のみ)
MA_RS16965,MA_3252,4015529,ATG,False,2,stop_codon,4015553,ATG,1.1,False,WP_048174797.1,9,96.012,4015553,ATG,4015553,ATG,中確信度: 上流への延長の可能性(片方の証拠のみ)
MA_RS17005,MA_3259,4021451,ATG,False,3,stop_codon,4021370,TTG,1.27,False,WP_231589814.1,42,90.244,4021247,GTG,4021247,GTG,中確信度: 上流への延長の可能性(片方の証拠のみ)
MA_RS17030,MA_3264,4027135,ATG,False,4,stop_codon,4027135,ATG,13.51,True,WP_048172960.1,52,92.947,4026982,ATG,4026982,ATG,中確信度: 上流への延長の可能性(片方の証拠のみ)
MA_RS17065,MA_3270,4035322,ATG,False,1,stop_codon,4035244,GTG,0.93,False,WP_048172968.1,27,92.548,4035244,GTG,4035244,GTG,中確信度: 上流への延長の可能性(片方の証拠のみ)
MA_RS17070,MA_3271,4036752,ATG,False,1,stop_codon,4036743,TTG,2.09,False,WP_048172970.1,4,92.466,4036743,TTG,4036743,TTG,中確信度: 上流への延長の可能性(片方の証拠のみ)
MA_RS28905,MA_3272,4038674,ATG,False,1,stop_codon,4038740,ATG,1.2,False,WP_048121351.1,39,75.258,4038740,ATG,4038740,ATG,中確信度: 上流への延長の可能性(片方の証拠のみ)
MA_RS28915,MA_3274,4040179,ATG,False,3,neighbor_gene,4040215,ATG,1.18,False,WP_084626139.1,17,63.636,4040215,ATG,4040215,ATG,中確信度: 上流への延長の可能性(片方の証拠のみ)
MA_RS17090,MA_3275,4041486,ATG,False,1,stop_codon,4041528,TTG,0.81,False,WP_048140309.1,15,75.772,4041528,TTG,4041528,TTG,中確信度: 上流への延長の可能性(片方の証拠のみ)
MA_RS17125,MA_3282,4048445,ATG,False,1,stop_codon,4048445,ATG,1.23,False,WP_015410877.1,5,91.667,4048433,GTG,4048433,GTG,中確信度: 上流への延長の可能性(片方の証拠のみ)
MA_RS17175,MA_3292,4061901,ATG,False,3,max_distance,4061901,ATG,2.19,False,WP_048171082.1,96,91.406,4061616,ATG,4061616,ATG,中確信度: 上流への延長の可能性(片方の証拠のみ)
MA_RS17200,MA_3297,4068958,ATG,False,1,stop_codon,4068958,ATG,2.23,False,WP_048174574.1,4,95.433,4068949,TTG,4068949,TTG,中確信度: 上流への延長の可能性(片方の証拠のみ)
MA_RS29520,,4075334,ATG,False,1,stop_codon,4075328,TTG,1.17,False,WP_261789059.1,3,100.0,4075328,TTG,4075328,TTG,中確信度: 上流への延長の可能性(片方の証拠のみ)
MA_RS17255,MA_3302,4076683,ATG,False,1,stop_codon,4076683,ATG,0.9,False,WP_048065665.1,8,100.0,4076704,TTG,4076704,TTG,中確信度: 上流への延長の可能性(片方の証拠のみ)
MA_RS17275,MA_3307,4080715,ATG,False,2,stop_codon,4080682,TTG,1.19,False,WP_048174573.1,12,95.722,4080682,TTG,4080682,TTG,中確信度: 上流への延長の可能性(片方の証拠のみ)
MA_RS17310,MA_3313,4085987,ATG,False,2,stop_codon,4085987,ATG,2.22,False,WP_011033254.1,20,82.909,4085930,TTG,4085930,TTG,中確信度: 上流への延長の可能性(片方の証拠のみ)
MA_RS28920,,4087984,TTG,False,1,stop_codon,4087981,GTG,0.91,False,WP_048172784.1,2,92.424,4087981,GTG,4087981,GTG,中確信度: 上流への延長の可能性(片方の証拠のみ)
MA_RS25815,MA_3316,4090404,ATG,False,1,stop_codon,4090404,ATG,1.59,False,WP_082088989.1,20,94.828,4090461,TTG,4090461,TTG,中確信度: 上流への延長の可能性(片方の証拠のみ)
MA_RS17385,,4106881,ATG,False,1,stop_codon,4106881,ATG,1.24,False,WP_048065670.1,4,100.0,4106890,GTG,4106890,GTG,中確信度: 上流への延長の可能性(片方の証拠のみ)
MA_RS17395,MA_3330,4110347,ATG,False,3,stop_codon,4110347,ATG,1.7,False,WP_048172936.1,25,92.381,4110419,TTG,4110419,TTG,中確信度: 上流への延長の可能性(片方の証拠のみ)
MA_RS17405,MA_3334,4115174,ATG,False,1,stop_codon,4115171,ATG,1.06,False,WP_048174657.1,2,91.805,4115171,ATG,4115171,ATG,中確信度: 上流への延長の可能性(片方の証拠のみ)
MA_RS17425,MA_3338,4121842,ATG,False,1,stop_codon,4121842,ATG,4.38,True,WP_048174209.1,2,96.255,4121845,TTG,4121845,TTG,中確信度: 上流への延長の可能性(片方の証拠のみ)
MA_RS17470,MA_3347,4134123,ATG,False,1,stop_codon,4134123,ATG,1.45,False,WP_048120978.1,13,32.197,4134129,ATG,4134129,ATG,中確信度: 上流への延長の可能性(片方の証拠のみ)
MA_RS17580,MA_3369,4162200,ATG,False,1,stop_codon,4162164,TTG,2.18,False,WP_082088983.1,13,81.788,4162164,TTG,4162164,TTG,中確信度: 上流への延長の可能性(片方の証拠のみ)
MA_RS17590,MA_3371,4168489,ATG,False,1,stop_codon,4168489,ATG,2.31,False,WP_048172651.1,9,93.21,4168513,TTG,4168513,TTG,中確信度: 上流への延長の可能性(片方の証拠のみ)
MA_RS27385,,4176140,ATG,False,1,stop_codon,4176140,ATG,1.5,False,WP_231589787.1,1,83.607,4176161,ATG,4176161,ATG,中確信度: 上流への延長の可能性(片方の証拠のみ)
MA_RS17645,MA_3381,4180386,ATG,False,3,stop_codon,4180425,TTG,1.98,False,WP_048171364.1,23,93.13,4180452,GTG,4180452,GTG,中確信度: 上流への延長の可能性(片方の証拠のみ)
MA_RS17705,MA_3392,4194841,ATG,False,2,neighbor_gene,4194871,ATG,1.06,False,WP_048172513.1,14,33.621,4194871,ATG,4194871,ATG,中確信度: 上流への延長の可能性(片方の証拠のみ)
MA_RS17720,,4196570,ATG,False,3,stop_codon,4196522,GTG,1.71,False,WP_231589826.1,17,80.668,4196522,GTG,4196522,GTG,中確信度: 上流への延長の可能性(片方の証拠のみ)
MA_RS27395,,4206274,GTG,False,1,stop_codon,4206310,ATG,1.57,False,WP_015412599.1,13,80.392,4206310,ATG,4206310,ATG,中確信度: 上流への延長の可能性(片方の証拠のみ)
MA_RS17785,MA_3406,4212007,ATG,False,1,stop_codon,4212007,ATG,4.19,True,WP_048038016.1,3,94.382,4212013,GTG,4212013,GTG,中確信度: 上流への延長の可能性(片方の証拠のみ)
MA_RS17790,MA_3407,4212213,ATG,False,1,stop_codon,4212213,ATG,44.65,True,WP_048172281.1,6,87.261,4212198,ATG,4212198,ATG,中確信度: 上流への延長の可能性(片方の証拠のみ)
MA_RS17795,MA_3408,4213024,ATG,False,1,stop_codon,4213024,ATG,1.01,False,WP_048172283.1,4,97.257,4213015,TTG,4213015,TTG,中確信度: 上流への延長の可能性(片方の証拠のみ)
MA_RS17805,MA_3410,4216405,ATG,False,1,stop_codon,4216396,TTG,2.11,False,WP_048174688.1,4,92.162,4216396,TTG,4216396,TTG,中確信度: 上流への延長の可能性(片方の証拠のみ)
MA_RS17815,,4218710,ATG,False,1,stop_codon,4218710,ATG,1.16,False,WP_148705408.1,4,92.424,4218701,GTG,4218701,GTG,中確信度: 上流への延長の可能性(片方の証拠のみ)
MA_RS17900,MA_3430,4232597,ATG,False,1,stop_codon,4232597,ATG,1.27,False,WP_048174707.1,12,91.096,4232564,TTG,4232564,TTG,中確信度: 上流への延長の可能性(片方の証拠のみ)
MA_RS17940,MA_3437,4242276,ATG,False,1,stop_codon,4242276,ATG,1.87,False,WP_082088965.1,21,88.93,4242216,GTG,4242216,GTG,中確信度: 上流への延長の可能性(片方の証拠のみ)
MA_RS17950,MA_3439,4243519,ATG,False,1,stop_codon,4243519,ATG,3.17,True,WP_048172403.1,4,92.832,4243510,GTG,4243510,GTG,中確信度: 上流への延長の可能性(片方の証拠のみ)
MA_RS17960,MA_3441,4246270,ATG,False,1,stop_codon,4246270,ATG,10.34,True,WP_048172392.1,6,96.45,4246285,ATG,4246285,ATG,中確信度: 上流への延長の可能性(片方の証拠のみ)
MA_RS18010,MA_3449,4255870,ATG,False,1,stop_codon,4255870,ATG,1.08,False,WP_048171457.1,3,95.276,4255864,TTG,4255864,TTG,中確信度: 上流への延長の可能性(片方の証拠のみ)
MA_RS18015,MA_3450,4256782,ATG,False,3,neighbor_gene,4256767,ATG,1.33,False,WP_048174604.1,37,93.78,4256674,ATG,4256674,ATG,中確信度: 上流への延長の可能性(片方の証拠のみ)
MA_RS18025,MA_3452,4258734,ATG,False,1,neighbor_gene,4258734,ATG,1.04,False,WP_048171454.1,14,97.802,4258695,GTG,4258695,GTG,中確信度: 上流への延長の可能性(片方の証拠のみ)
MA_RS18030,MA_3453,4259985,ATG,False,3,neighbor_gene,4259985,ATG,2.2,False,WP_048171452.1,34,95.753,4259886,GTG,4259886,GTG,中確信度: 上流への延長の可能性(片方の証拠のみ)
MA_RS18050,MA_3456,4265446,ATG,False,1,neighbor_gene,4265446,ATG,0.85,False,WP_048121863.1,3,90.031,4265452,TTG,4265452,TTG,中確信度: 上流への延長の可能性(片方の証拠のみ)
MA_RS18065,MA_4673,4268065,ATG,False,2,stop_codon,4268113,ATG,1.27,False,WP_230668943.1,14,91.562,4268137,TTG,4268137,TTG,中確信度: 上流への延長の可能性(片方の証拠のみ)
MA_RS18080,MA_3461,4270669,ATG,False,1,stop_codon,4270663,TTG,0.97,False,WP_048173255.1,3,95.611,4270663,TTG,4270663,TTG,中確信度: 上流への延長の可能性(片方の証拠のみ)
MA_RS18095,MA_3464,4274088,ATG,False,1,stop_codon,4274088,ATG,1.12,False,WP_231589845.1,56,93.51,4273923,ATG,4273923,ATG,中確信度: 上流への延長の可能性(片方の証拠のみ)
MA_RS18100,MA_3465,4275107,ATG,False,1,stop_codon,4275107,ATG,1.15,False,WP_048173259.1,33,93.966,4275011,TTG,4275011,TTG,中確信度: 上流への延長の可能性(片方の証拠のみ)
MA_RS18105,MA_3466,4276107,ATG,False,2,stop_codon,4276035,ATG,1.56,False,WP_048173261.1,25,94.231,4276035,ATG,4276035,ATG,中確信度: 上流への延長の可能性(片方の証拠のみ)
MA_RS18110,,4277657,ATG,False,1,stop_codon,4277678,TTG,1.03,False,WP_156157451.1,13,73.469,4277678,TTG,4277678,TTG,中確信度: 上流への延長の可能性(片方の証拠のみ)
MA_RS18125,MA_3469,4280620,TTG,False,1,stop_codon,4280620,TTG,1.11,False,WP_156158867.1,55,80.392,4280638,ATG,4280638,ATG,中確信度: 上流への延長の可能性(片方の証拠のみ)
MA_RS24770,MA_3471,4295529,ATG,False,1,stop_codon,4295559,TTG,1.01,False,WP_052721666.1,2946,81.048,4295559,TTG,4295559,TTG,中確信度: 上流への延長の可能性(片方の証拠のみ)
MA_RS18150,MA_3472,4296760,ATG,False,1,stop_codon,4296760,ATG,0.75,False,WP_048173270.1,7,95.62,4296778,ATG,4296778,ATG,中確信度: 上流への延長の可能性(片方の証拠のみ)
MA_RS18160,,4301181,ATG,False,1,stop_codon,4301181,ATG,2.33,False,WP_048173276.1,1,98.148,4301229,ATG,4301229,ATG,中確信度: 上流への延長の可能性(片方の証拠のみ)
MA_RS18175,MA_3477,4304895,TTG,False,2,stop_codon,4304910,GTG,1.08,False,WP_048173281.1,6,96.391,4304910,GTG,4304910,GTG,中確信度: 上流への延長の可能性(片方の証拠のみ)
MA_RS18180,MA_3478,4305130,ATG,False,1,neighbor_gene,4305130,ATG,0.92,False,WP_048174879.1,5,98.75,4305142,TTG,4305142,TTG,中確信度: 上流への延長の可能性(片方の証拠のみ)
MA_RS18195,MA_3481,4308644,ATG,False,1,stop_codon,4308644,ATG,2.39,False,WP_048140753.1,17,63.611,4308671,ATG,4308671,ATG,中確信度: 上流への延長の可能性(片方の証拠のみ)
MA_RS18265,,4327963,TTG,False,1,stop_codon,4327963,TTG,0.88,False,WP_011034506.1,17,60.0,4327954,GTG,4327954,GTG,中確信度: 上流への延長の可能性(片方の証拠のみ)
MA_RS18270,MA_3494,4328285,ATG,False,1,stop_codon,4328285,ATG,2.04,False,WP_048173300.1,18,93.893,4328234,GTG,4328234,GTG,中確信度: 上流への延長の可能性(片方の証拠のみ)
MA_RS18275,MA_3495,4329656,ATG,False,1,stop_codon,4329647,TTG,2.13,False,WP_048174885.1,4,92.746,4329647,TTG,4329647,TTG,中確信度: 上流への延長の可能性(片方の証拠のみ)
MA_RS18295,MA_3499,4337027,ATG,False,4,stop_codon,4336973,TTG,1.76,False,WP_048173308.1,19,93.548,4336973,TTG,4336973,TTG,中確信度: 上流への延長の可能性(片方の証拠のみ)
MA_RS18345,MA_3509,4346148,ATG,False,1,stop_codon,4346148,ATG,1.06,False,WP_197080349.1,1,66.82,4346136,ATG,4346136,ATG,中確信度: 上流への延長の可能性(片方の証拠のみ)
MA_RS18380,MA_3516,4353040,ATG,False,3,stop_codon,4353049,TTG,1.58,False,WP_048170766.1,37,94.118,4353148,TTG,4353148,TTG,中確信度: 上流への延長の可能性(片方の証拠のみ)
MA_RS18395,MA_3520,4356600,GTG,False,1,stop_codon,4356609,GTG,1.82,False,WP_048170761.1,4,96.117,4356609,GTG,4356609,GTG,中確信度: 上流への延長の可能性(片方の証拠のみ)
MA_RS18400,MA_3522,4357829,ATG,False,1,stop_codon,4357829,ATG,19.19,True,WP_048170760.1,15,97.03,4357871,ATG,4357871,ATG,中確信度: 上流への延長の可能性(片方の証拠のみ)
MA_RS18410,MA_3524,4359415,ATG,False,1,stop_codon,4359415,ATG,4.2,True,WP_048170759.1,26,94.817,4359490,TTG,4359490,TTG,中確信度: 上流への延長の可能性(片方の証拠のみ)
MA_RS18415,MA_3525,4359569,ATG,False,5,stop_codon,4359464,TTG,1.21,False,WP_048170758.1,61,90.421,4359389,TTG,4359389,TTG,中確信度: 上流への延長の可能性(片方の証拠のみ)
MA_RS18445,MA_3531,4367611,ATG,False,2,stop_codon,4367593,ATG,2.53,False,WP_231588212.1,4,80.38,4367593,ATG,4367593,ATG,中確信度: 上流への延長の可能性(片方の証拠のみ)
MA_RS18450,MA_3532,4368371,ATG,False,1,stop_codon,4368341,GTG,1.28,False,WP_048119059.1,12,78.281,4368341,GTG,4368341,GTG,中確信度: 上流への延長の可能性(片方の証拠のみ)
MA_RS18465,MA_3535,4370564,ATG,False,1,neighbor_gene,4370528,TTG,1.03,False,WP_048141276.1,13,85.465,4370528,TTG,4370528,TTG,中確信度: 上流への延長の可能性(片方の証拠のみ)
MA_RS18480,MA_3538,4374032,ATG,False,2,stop_codon,4374050,GTG,1.65,False,WP_011032407.1,7,71.839,4374050,GTG,4374050,GTG,中確信度: 上流への延長の可能性(片方の証拠のみ)
MA_RS24775,MA_3543,4382156,ATG,False,2,stop_codon,4382186,TTG,1.23,False,WP_052730792.1,15,65.691,4382186,TTG,4382186,TTG,中確信度: 上流への延長の可能性(片方の証拠のみ)
MA_RS18530,MA_3548,4385729,ATG,False,2,stop_codon,4385729,ATG,1.02,False,WP_048170624.1,19,93.502,4385675,ATG,4385675,ATG,中確信度: 上流への延長の可能性(片方の証拠のみ)
MA_RS18550,MA_3552,4390961,ATG,False,1,stop_codon,4390994,TTG,0.95,False,WP_048141305.1,12,93.077,4390994,TTG,4390994,TTG,中確信度: 上流への延長の可能性(片方の証拠のみ)
MA_RS18570,MA_3556,4396350,ATG,False,1,stop_codon,4396368,TTG,1.01,False,WP_048170645.1,1,94.118,4396368,TTG,4396368,TTG,中確信度: 上流への延長の可能性(片方の証拠のみ)
MA_RS18605,MA_3563,4407011,GTG,False,3,stop_codon,4407140,TTG,1.2,False,WP_048170661.1,44,92.872,4407140,TTG,4407140,TTG,中確信度: 上流への延長の可能性(片方の証拠のみ)
MA_RS28955,,4410506,ATG,False,4,stop_codon,4410671,TTG,1.13,False,WP_239451230.1,47,70.27,4410671,TTG,4410671,TTG,中確信度: 上流への延長の可能性(片方の証拠のみ)
MA_RS29530,MA_3573,4414493,TTG,False,1,stop_codon,4414487,TTG,1.73,False,WP_048170692.1,14,88.406,4414487,TTG,4414487,TTG,中確信度: 上流への延長の可能性(片方の証拠のみ)
MA_RS29535,MA_3574,4414870,ATG,False,1,neighbor_gene,4414870,ATG,0.99,False,WP_048170692.1,1,86.335,4414861,GTG,4414861,GTG,中確信度: 上流への延長の可能性(片方の証拠のみ)
MA_RS18670,,4421208,ATG,False,1,stop_codon,4421244,TTG,1.76,False,WP_048171259.1,13,83.544,4421244,TTG,4421244,TTG,中確信度: 上流への延長の可能性(片方の証拠のみ)
MA_RS18675,MA_3580,4421816,ATG,False,1,stop_codon,4421816,ATG,1.02,False,WP_048123343.1,1,46.667,4421834,ATG,4421834,ATG,中確信度: 上流への延長の可能性(片方の証拠のみ)
MA_RS18680,MA_3581,4421829,ATG,False,2,stop_codon,4421787,TTG,1.11,False,WP_231590435.1,50,98.667,4421706,TTG,4421706,TTG,中確信度: 上流への延長の可能性(片方の証拠のみ)
MA_RS18760,MA_3596,4436838,ATG,False,1,stop_codon,4436814,TTG,2.32,False,WP_048170715.1,9,95.312,4436814,TTG,4436814,TTG,中確信度: 上流への延長の可能性(片方の証拠のみ)
MA_RS24790,MA_3597,4437669,TTG,False,1,stop_codon,4437678,TTG,1.53,False,WP_052721538.1,4,84.393,4437678,TTG,4437678,TTG,中確信度: 上流への延長の可能性(片方の証拠のみ)
MA_RS18790,MA_3602,4443776,ATG,False,1,stop_codon,4443776,ATG,1.91,False,WP_048170720.1,1,86.8,4443782,ATG,4443782,ATG,中確信度: 上流への延長の可能性(片方の証拠のみ)
MA_RS18795,MA_3603,4444216,ATG,False,1,stop_codon,4444237,TTG,0.82,False,WP_048166164.1,8,59.551,4444237,TTG,4444237,TTG,中確信度: 上流への延長の可能性(片方の証拠のみ)
MA_RS18805,MA_3606,4447948,ATG,False,2,stop_codon,4447981,TTG,1.48,False,WP_048137849.1,12,95.098,4447981,TTG,4447981,TTG,中確信度: 上流への延長の可能性(片方の証拠のみ)
MA_RS18815,MA_3608,4449310,ATG,False,1,stop_codon,4449301,ATG,2.37,False,WP_048170723.1,4,90.909,4449301,ATG,4449301,ATG,中確信度: 上流への延長の可能性(片方の証拠のみ)
MA_RS18820,MA_3609,4450117,TTG,False,2,stop_codon,4450063,TTG,1.98,False,WP_048137841.1,19,94.058,4450063,TTG,4450063,TTG,中確信度: 上流への延長の可能性(片方の証拠のみ)
MA_RS18830,MA_3611,4453085,ATG,False,1,stop_codon,4453064,GTG,1.04,False,WP_204245388.1,63,72.816,4453064,GTG,4453064,GTG,中確信度: 上流への延長の可能性(片方の証拠のみ)
MA_RS18850,MA_3615,4461403,ATG,False,1,stop_codon,4461403,ATG,1.74,False,WP_332310052.1,22,75.115,4461412,GTG,4461412,GTG,中確信度: 上流への延長の可能性(片方の証拠のみ)
MA_RS18895,MA_3624,4469491,TTG,False,1,stop_codon,4469491,TTG,1.63,False,WP_048173411.1,4,94.0,4469500,GTG,4469500,GTG,中確信度: 上流への延長の可能性(片方の証拠のみ)
MA_RS18940,MA_3633,4480285,ATG,False,2,stop_codon,4480297,GTG,2.52,False,WP_231589884.1,23,85.156,4480351,GTG,4480351,GTG,中確信度: 上流への延長の可能性(片方の証拠のみ)
MA_RS18950,MA_3635,4482048,ATG,False,1,stop_codon,4482048,ATG,1.01,False,WP_011032481.1,13,75.185,4482084,ATG,4482084,ATG,中確信度: 上流への延長の可能性(片方の証拠のみ)
MA_RS18955,MA_3636,4482517,TTG,False,1,stop_codon,4482562,TTG,2.23,False,WP_048173399.1,16,86.325,4482562,TTG,4482562,TTG,中確信度: 上流への延長の可能性(片方の証拠のみ)
MA_RS18970,MA_3639,4485322,ATG,False,2,stop_codon,4485265,ATG,2.5,False,WP_231590391.1,11,81.421,4485265,ATG,4485265,ATG,中確信度: 上流への延長の可能性(片方の証拠のみ)
MA_RS19005,MA_3645,4493729,ATG,False,2,stop_codon,4493684,ATG,1.55,False,WP_011034594.1,16,91.093,4493684,ATG,4493684,ATG,中確信度: 上流への延長の可能性(片方の証拠のみ)
MA_RS19020,MA_3649,4500391,ATG,False,1,stop_codon,4500391,ATG,7.67,True,WP_048173827.1,18,38.462,4500355,ATG,4500355,ATG,中確信度: 上流への延長の可能性(片方の証拠のみ)
MA_RS19070,MA_3658,4510694,ATG,False,1,stop_codon,4510721,TTG,0.74,False,WP_048173577.1,10,94.211,4510721,TTG,4510721,TTG,中確信度: 上流への延長の可能性(片方の証拠のみ)
MA_RS19075,MA_3660,4511882,GTG,False,1,stop_codon,4511882,GTG,1.55,False,WP_156158904.1,9,44.578,4511900,ATG,4511900,ATG,中確信度: 上流への延長の可能性(片方の証拠のみ)
MA_RS19085,MA_3662,4514626,GTG,False,1,stop_codon,4514626,GTG,1.04,False,WP_048117962.1,40,88.764,4514749,TTG,4514749,TTG,中確信度: 上流への延長の可能性(片方の証拠のみ)
MA_RS24805,MA_3664,4517282,GTG,False,1,stop_codon,4517315,GTG,1.13,False,WP_052721698.1,1,83.333,4517315,GTG,4517315,GTG,中確信度: 上流への延長の可能性(片方の証拠のみ)
MA_RS19160,MA_3676,4531728,ATG,False,1,stop_codon,4531728,ATG,1.43,False,WP_148706272.1,2,94.526,4531725,ATG,4531725,ATG,中確信度: 上流への延長の可能性(片方の証拠のみ)
MA_RS19185,MA_3682,4538527,ATG,False,1,stop_codon,4538515,ATG,1.31,False,WP_048173595.1,5,95.607,4538515,ATG,4538515,ATG,中確信度: 上流への延長の可能性(片方の証拠のみ)
MA_RS19190,MA_3683,4540138,ATG,False,2,stop_codon,4540138,ATG,3.17,True,WP_048173596.1,6,98.652,4540123,TTG,4540123,TTG,中確信度: 上流への延長の可能性(片方の証拠のみ)
MA_RS19215,MA_3688,4545709,ATG,False,2,stop_codon,4545661,TTG,0.78,False,WP_048173601.1,17,93.117,4545661,TTG,4545661,TTG,中確信度: 上流への延長の可能性(片方の証拠のみ)
MA_RS19225,MA_3690,4548286,TTG,False,1,stop_codon,4548181,TTG,1.05,False,WP_048174981.1,36,97.794,4548181,TTG,4548181,TTG,中確信度: 上流への延長の可能性(片方の証拠のみ)
MA_RS28990,MA_3699,4568131,ATG,False,3,stop_codon,4568248,GTG,1.03,False,WP_048172841.1,342,82.744,4568248,GTG,4568248,GTG,中確信度: 上流への延長の可能性(片方の証拠のみ)
MA_RS19290,MA_3702,4578097,ATG,False,1,stop_codon,4578097,ATG,1.18,False,WP_230669061.1,3,61.905,4578106,ATG,4578106,ATG,中確信度: 上流への延長の可能性(片方の証拠のみ)
MA_RS19295,MA_3703,4579473,ATG,False,4,stop_codon,4579584,TTG,1.68,False,WP_048119028.1,46,50.445,4579584,TTG,4579584,TTG,中確信度: 上流への延長の可能性(片方の証拠のみ)
MA_RS19330,MA_3710,4588995,ATG,False,1,stop_codon,4588995,ATG,11.82,True,WP_048174988.1,8,93.443,4589016,ATG,4589016,ATG,中確信度: 上流への延長の可能性(片方の証拠のみ)
MA_RS19360,MA_3715,4595203,ATG,False,1,stop_codon,4595254,TTG,0.98,False,WP_048173621.1,18,93.22,4595254,TTG,4595254,TTG,中確信度: 上流への延長の可能性(片方の証拠のみ)
MA_RS19380,MA_3719,4598997,ATG,False,2,stop_codon,4599054,GTG,0.95,False,WP_231589935.1,1,86.122,4599054,GTG,4599054,GTG,中確信度: 上流への延長の可能性(片方の証拠のみ)
MA_RS19425,MA_3728,4606226,ATG,False,1,stop_codon,4606226,ATG,1.14,False,WP_052721702.1,3,89.017,4606220,GTG,4606220,GTG,中確信度: 上流への延長の可能性(片方の証拠のみ)
MA_RS19430,MA_3729,4607006,GTG,False,1,stop_codon,4606997,GTG,1.11,False,WP_048171246.1,11,27.0,4606997,GTG,4606997,GTG,中確信度: 上流への延長の可能性(片方の証拠のみ)
MA_RS19440,MA_3731,4608518,ATG,False,1,neighbor_gene,4608530,GTG,1.61,False,WP_048173638.1,5,94.22,4608530,GTG,4608530,GTG,中確信度: 上流への延長の可能性(片方の証拠のみ)
MA_RS19480,MA_3737,4612744,ATG,False,2,stop_codon,4612732,ATG,1.16,False,WP_048173643.1,6,95.868,4612729,GTG,4612729,GTG,中確信度: 上流への延長の可能性(片方の証拠のみ)
MA_RS19505,MA_3743,4616947,ATG,False,1,neighbor_gene,4616938,TTG,0.84,False,WP_048173647.1,4,96.75,4616938,TTG,4616938,TTG,中確信度: 上流への延長の可能性(片方の証拠のみ)
MA_RS19525,MA_3747,4622867,TTG,False,1,stop_codon,4622900,TTG,1.54,False,WP_048168089.1,25,75.124,4622900,TTG,4622900,TTG,中確信度: 上流への延長の可能性(片方の証拠のみ)
MA_RS19545,MA_3751,4626364,ATG,False,1,stop_codon,4626364,ATG,2.34,False,WP_048173652.1,2,95.732,4626367,GTG,4626367,GTG,中確信度: 上流への延長の可能性(片方の証拠のみ)
MA_RS19550,MA_3752,4629149,ATG,False,3,stop_codon,4629173,ATG,2.1,False,WP_048173653.1,31,94.167,4629239,TTG,4629239,TTG,中確信度: 上流への延長の可能性(片方の証拠のみ)
MA_RS19555,MA_3753,4632224,ATG,False,1,stop_codon,4632248,GTG,1.28,False,WP_048173654.1,9,91.765,4632248,GTG,4632248,GTG,中確信度: 上流への延長の可能性(片方の証拠のみ)
MA_RS19650,MA_3773,4658802,ATG,False,1,stop_codon,4658802,ATG,0.86,False,WP_048173500.1,4,92.308,4658823,ATG,4658823,ATG,中確信度: 上流への延長の可能性(片方の証拠のみ)
MA_RS19665,MA_3776,4660648,ATG,False,2,stop_codon,4660648,ATG,0.95,False,WP_011032786.1,5,73.333,4660660,ATG,4660660,ATG,中確信度: 上流への延長の可能性(片方の証拠のみ)
MA_RS19715,MA_3786,4669652,ATG,False,1,stop_codon,4669652,ATG,1.53,False,WP_048175011.1,19,95.374,4669598,TTG,4669598,TTG,中確信度: 上流への延長の可能性(片方の証拠のみ)
MA_RS19910,MA_3821,4702654,TTG,False,3,stop_codon,4702591,TTG,2.44,False,WP_048154873.1,142,35.955,4702453,TTG,4702453,TTG,中確信度: 上流への延長の可能性(片方の証拠のみ)
MA_RS19920,MA_3823,4705266,ATG,False,1,stop_codon,4705317,GTG,1.13,False,WP_048138694.1,321,41.104,4705317,GTG,4705317,GTG,中確信度: 上流への延長の可能性(片方の証拠のみ)
MA_RS27585,,4718103,ATG,False,1,stop_codon,4718115,TTG,3.5,True,,,,,,4718115,TTG,中確信度: 上流への延長の可能性(片方の証拠のみ)
MA_RS20035,MA_3841,4720733,GTG,False,1,stop_codon,4720799,TTG,1.74,False,WP_082089262.1,23,90.461,4720799,TTG,4720799,TTG,中確信度: 上流への延長の可能性(片方の証拠のみ)
MA_RS20060,MA_3845,4726397,ATG,False,1,stop_codon,4726358,TTG,2.87,False,WP_048138726.1,14,54.867,4726358,TTG,4726358,TTG,中確信度: 上流への延長の可能性(片方の証拠のみ)
MA_RS20075,MA_3849,4730811,ATG,False,1,stop_codon,4730811,ATG,1.8,False,WP_048173687.1,19,93.629,4730865,GTG,4730865,GTG,中確信度: 上流への延長の可能性(片方の証拠のみ)
MA_RS20110,MA_3855,4737389,ATG,False,1,stop_codon,4737380,TTG,1.44,False,WP_048173691.1,4,97.436,4737380,TTG,4737380,TTG,中確信度: 上流への延長の可能性(片方の証拠のみ)
MA_RS20120,MA_3857,4739356,ATG,False,1,stop_codon,4739356,ATG,0.95,False,WP_048137542.1,3,96.875,4739362,TTG,4739362,TTG,中確信度: 上流への延長の可能性(片方の証拠のみ)
MA_RS20130,MA_3859,4740864,ATG,False,1,stop_codon,4740864,ATG,1.06,False,WP_048173695.1,1,90.749,4740915,ATG,4740915,ATG,中確信度: 上流への延長の可能性(片方の証拠のみ)
MA_RS20150,MA_3863,4746750,GTG,False,1,stop_codon,4746750,GTG,1.46,False,WP_048173699.1,18,97.233,4746699,GTG,4746699,GTG,中確信度: 上流への延長の可能性(片方の証拠のみ)
MA_RS20170,MA_3867,4752381,ATG,False,3,stop_codon,4752381,ATG,1.98,False,WP_048174730.1,63,41.538,4752396,TTG,4752396,TTG,中確信度: 上流への延長の可能性(片方の証拠のみ)
MA_RS20190,MA_3871,4756155,TTG,False,1,stop_codon,4756155,TTG,1.56,False,WP_048175014.1,4,93.293,4756146,GTG,4756146,GTG,中確信度: 上流への延長の可能性(片方の証拠のみ)
MA_RS20200,MA_3873,4757421,ATG,False,1,stop_codon,4757421,ATG,1.21,False,WP_048137511.1,3,97.143,4757415,ATG,4757415,ATG,中確信度: 上流への延長の可能性(片方の証拠のみ)
MA_RS20230,MA_3879,4767865,ATG,False,2,stop_codon,4767892,TTG,2.51,False,WP_048175016.1,10,97.633,4767892,TTG,4767892,TTG,中確信度: 上流への延長の可能性(片方の証拠のみ)
MA_RS20240,MA_3881,4772145,ATG,False,1,stop_codon,4772145,ATG,1.34,False,WP_048173712.1,7,90.4,4772127,TTG,4772127,TTG,中確信度: 上流への延長の可能性(片方の証拠のみ)
MA_RS20245,MA_3882,4773481,ATG,False,2,stop_codon,4773433,TTG,1.57,False,WP_048173713.1,32,90.439,4773388,TTG,4773388,TTG,中確信度: 上流への延長の可能性(片方の証拠のみ)
MA_RS20305,MA_3890,4783582,ATG,False,2,stop_codon,4783558,GTG,1.46,False,WP_048175018.1,13,94.549,4783546,GTG,4783546,GTG,中確信度: 上流への延長の可能性(片方の証拠のみ)
MA_RS20320,MA_3893,4787124,ATG,False,1,stop_codon,4787124,ATG,2.04,False,WP_231589952.1,1,90.977,4787121,GTG,4787121,GTG,中確信度: 上流への延長の可能性(片方の証拠のみ)
MA_RS20335,MA_3896,4790131,ATG,False,1,stop_codon,4790131,ATG,0.77,False,WP_048173725.1,4,99.048,4790122,ATG,4790122,ATG,中確信度: 上流への延長の可能性(片方の証拠のみ)
MA_RS20355,MA_3900,4793975,ATG,False,1,stop_codon,4793966,GTG,0.8,False,WP_048175021.1,4,94.38,4793966,GTG,4793966,GTG,中確信度: 上流への延長の可能性(片方の証拠のみ)
MA_RS20365,MA_3902,4797309,ATG,False,1,stop_codon,4797306,TTG,1.04,False,WP_048173730.1,2,96.833,4797306,TTG,4797306,TTG,中確信度: 上流への延長の可能性(片方の証拠のみ)
MA_RS20395,MA_3907,4803824,ATG,False,3,neighbor_gene,4803728,TTG,1.39,False,WP_048173735.1,1,94.237,4803728,TTG,4803728,TTG,中確信度: 上流への延長の可能性(片方の証拠のみ)
MA_RS20405,MA_3909,4805598,ATG,False,2,stop_codon,4805529,GTG,0.88,False,WP_048173737.1,29,95.44,4805514,ATG,4805514,ATG,中確信度: 上流への延長の可能性(片方の証拠のみ)
MA_RS20415,MA_3910,4806819,ATG,False,8,stop_codon,4806600,ATG,1.11,False,WP_048173738.1,1,97.576,4806600,ATG,4806600,ATG,中確信度: 上流への延長の可能性(片方の証拠のみ)
MA_RS29010,,4810505,GTG,False,1,stop_codon,4810505,GTG,0.91,False,WP_048173742.1,1,55.652,4810514,GTG,4810514,GTG,中確信度: 上流への延長の可能性(片方の証拠のみ)
MA_RS20470,MA_3921,4821266,TTG,False,2,neighbor_gene,4821266,TTG,1.03,False,WP_048139824.1,15,44.29,4821401,GTG,4821401,GTG,中確信度: 上流への延長の可能性(片方の証拠のみ)
MA_RS20485,MA_3924,4823833,ATG,False,5,stop_codon,4823752,TTG,1.1,False,WP_048173746.1,32,94.34,4823740,TTG,4823740,TTG,中確信度: 上流への延長の可能性(片方の証拠のみ)
MA_RS20490,MA_3925,4824967,GTG,False,1,stop_codon,4824958,GTG,0.96,False,WP_048137959.1,7,85.878,4824958,GTG,4824958,GTG,中確信度: 上流への延長の可能性(片方の証拠のみ)
MA_RS20495,MA_3926,4825801,TTG,False,1,neighbor_gene,4825801,TTG,1.15,False,WP_048137434.1,5,87.903,4825789,TTG,4825789,TTG,中確信度: 上流への延長の可能性(片方の証拠のみ)
MA_RS20525,MA_3932,4830099,ATG,False,3,neighbor_gene,4830162,ATG,1.05,False,WP_048175027.1,27,98.214,4830177,ATG,4830177,ATG,中確信度: 上流への延長の可能性(片方の証拠のみ)
MA_RS20555,MA_3939,4834442,ATG,False,1,stop_codon,4834433,GTG,1.47,False,WP_048173754.1,4,97.638,4834433,GTG,4834433,GTG,中確信度: 上流への延長の可能性(片方の証拠のみ)
MA_RS20570,MA_3942,4837070,ATG,False,1,stop_codon,4837070,ATG,0.81,False,WP_048175029.1,4,94.737,4837061,GTG,4837061,GTG,中確信度: 上流への延長の可能性(片方の証拠のみ)
MA_RS20580,MA_3944,4838053,ATG,False,1,stop_codon,4837996,GTG,1.26,False,WP_048173758.1,20,92.542,4837996,GTG,4837996,GTG,中確信度: 上流への延長の可能性(片方の証拠のみ)
MA_RS20585,MA_3945,4838933,ATG,False,1,stop_codon,4838918,ATG,0.95,False,WP_048173759.1,6,96.286,4838918,ATG,4838918,ATG,中確信度: 上流への延長の可能性(片方の証拠のみ)
MA_RS20605,MA_3950,4844606,GTG,False,1,max_distance,4844666,TTG,1.22,False,WP_231589955.1,1,89.452,4844666,TTG,4844666,TTG,中確信度: 上流への延長の可能性(片方の証拠のみ)
MA_RS20655,MA_3959,4856166,ATG,False,1,stop_codon,4856166,ATG,0.9,False,WP_048173773.1,6,97.277,4856151,TTG,4856151,TTG,中確信度: 上流への延長の可能性(片方の証拠のみ)
MA_RS20665,MA_3960,4858207,ATG,False,4,stop_codon,4857925,GTG,2.18,False,WP_011032900.1,3,75.748,4857925,GTG,4857925,GTG,中確信度: 上流への延長の可能性(片方の証拠のみ)
MA_RS20680,MA_3963,4862486,ATG,False,2,stop_codon,4862462,GTG,0.97,False,WP_015411469.1,9,87.129,4862462,GTG,4862462,GTG,中確信度: 上流への延長の可能性(片方の証拠のみ)
MA_RS20690,MA_3966,4864919,ATG,False,1,stop_codon,4864919,ATG,1.05,False,WP_048173777.1,6,95.041,4864904,ATG,4864904,ATG,中確信度: 上流への延長の可能性(片方の証拠のみ)
MA_RS20695,MA_3967,4867532,ATG,False,2,stop_codon,4867559,TTG,1.21,False,WP_048173778.1,10,95.675,4867559,TTG,4867559,TTG,中確信度: 上流への延長の可能性(片方の証拠のみ)
MA_RS20715,MA_3971,4870008,GTG,False,1,stop_codon,4869999,GTG,1.48,False,WP_048137050.1,4,94.866,4869999,GTG,4869999,GTG,中確信度: 上流への延長の可能性(片方の証拠のみ)
MA_RS20725,MA_3972,4874485,ATG,False,1,stop_codon,4874500,TTG,1.48,False,WP_048173782.1,6,98.333,4874500,TTG,4874500,TTG,中確信度: 上流への延長の可能性(片方の証拠のみ)
MA_RS20750,MA_3977,4881480,ATG,False,3,stop_codon,4881480,ATG,1.1,False,WP_048175037.1,29,79.412,4881396,TTG,4881396,TTG,中確信度: 上流への延長の可能性(片方の証拠のみ)
MA_RS20770,MA_3981,4885036,ATG,False,1,stop_codon,4885036,ATG,5.59,True,WP_048173787.1,2,95.209,4885033,TTG,4885033,TTG,中確信度: 上流への延長の可能性(片方の証拠のみ)
MA_RS20790,,4889586,ATG,False,1,stop_codon,4889556,TTG,1.23,False,WP_204245375.1,11,89.474,4889556,TTG,4889556,TTG,中確信度: 上流への延長の可能性(片方の証拠のみ)
MA_RS20820,MA_4674,4896609,ATG,False,1,stop_codon,4896609,ATG,1.37,False,WP_082089059.1,7,94.787,4896615,TTG,4896615,TTG,中確信度: 上流への延長の可能性(片方の証拠のみ)
MA_RS20825,MA_3991,4897627,ATG,False,1,stop_codon,4897642,GTG,0.87,False,WP_048173797.1,6,97.468,4897642,GTG,4897642,GTG,中確信度: 上流への延長の可能性(片方の証拠のみ)
MA_RS20850,MA_3996,4901508,ATG,False,2,stop_codon,4901541,GTG,1.3,False,WP_048173800.1,23,96.599,4901574,TTG,4901574,TTG,中確信度: 上流への延長の可能性(片方の証拠のみ)
MA_RS20905,MA_4007,4917195,ATG,False,1,stop_codon,4917195,ATG,5.35,True,WP_048173810.1,7,94.563,4917213,GTG,4917213,GTG,中確信度: 上流への延長の可能性(片方の証拠のみ)
MA_RS20935,MA_4013,4925125,ATG,False,1,stop_codon,4925113,ATG,1.95,False,WP_048173815.1,5,91.333,4925113,ATG,4925113,ATG,中確信度: 上流への延長の可能性(片方の証拠のみ)
MA_RS20940,MA_4014,4926667,ATG,False,1,stop_codon,4926601,ATG,1.19,False,WP_048173816.1,23,92.308,4926601,ATG,4926601,ATG,中確信度: 上流への延長の可能性(片方の証拠のみ)
MA_RS21015,MA_4027,4941117,ATG,False,1,stop_codon,4941117,ATG,1.12,False,WP_082089063.1,1,93.169,4941114,GTG,4941114,GTG,中確信度: 上流への延長の可能性(片方の証拠のみ)
MA_RS21050,MA_4033,4948652,ATG,False,1,stop_codon,4948652,ATG,1.67,False,WP_449288710.1,23,90.497,4948712,ATG,4948712,ATG,中確信度: 上流への延長の可能性(片方の証拠のみ)
MA_RS21075,MA_4037,4954886,ATC,True,7,neighbor_gene,4955012,ATG,1.25,False,WP_048137162.1,1,89.202,4955012,ATG,4955012,ATG,中確信度: 上流への延長の可能性(片方の証拠のみ)
MA_RS21085,MA_4039,4956803,ATG,False,1,stop_codon,4956803,ATG,1.91,False,WP_231589978.1,2,93.382,4956806,GTG,4956806,GTG,中確信度: 上流への延長の可能性(片方の証拠のみ)
MA_RS21110,MA_4044,4960473,ATG,False,1,stop_codon,4960437,TTG,1.49,False,WP_048173836.1,13,92.045,4960437,TTG,4960437,TTG,中確信度: 上流への延長の可能性(片方の証拠のみ)
MA_RS21120,MA_4046,4964477,ATG,False,1,stop_codon,4964477,ATG,1.41,False,WP_048173838.1,5,95.499,4964489,ATG,4964489,ATG,中確信度: 上流への延長の可能性(片方の証拠のみ)
MA_RS21145,MA_4051,4970425,ATG,False,3,neighbor_gene,4970425,ATG,1.4,False,WP_048173842.1,14,96.269,4970464,ATG,4970464,ATG,中確信度: 上流への延長の可能性(片方の証拠のみ)
MA_RS21200,MA_4063,4981808,ATG,False,1,stop_codon,4981883,TTG,1.51,False,WP_048173849.1,26,95.781,4981883,TTG,4981883,TTG,中確信度: 上流への延長の可能性(片方の証拠のみ)
MA_RS21225,MA_4067,4986888,ATG,False,1,stop_codon,4986879,GTG,2.77,False,WP_048173855.1,4,98.701,4986879,GTG,4986879,GTG,中確信度: 上流への延長の可能性(片方の証拠のみ)
MA_RS21235,MA_4069,4989001,GTG,False,10,max_distance,4989061,TTG,1.2,False,WP_231589979.1,87,84.049,4989289,GTG,4989289,GTG,中確信度: 上流への延長の可能性(片方の証拠のみ)
MA_RS21245,MA_4071,4989866,ATG,False,1,stop_codon,4989866,ATG,1.12,False,WP_048173043.1,3,87.432,4989860,ATG,4989860,ATG,中確信度: 上流への延長の可能性(片方の証拠のみ)
MA_RS21250,MA_4072,4990537,ATG,False,1,stop_codon,4990534,TTG,2.29,False,WP_048173045.1,1,91.743,4990534,TTG,4990534,TTG,中確信度: 上流への延長の可能性(片方の証拠のみ)
MA_RS21260,MA_4074,4991487,TTG,False,1,stop_codon,4991466,TTG,1.16,False,WP_082089071.1,8,95.133,4991466,TTG,4991466,TTG,中確信度: 上流への延長の可能性(片方の証拠のみ)
MA_RS21270,MA_4076,4994069,ATG,False,1,stop_codon,4994078,GTG,1.52,False,WP_048173992.1,4,95.763,4994078,GTG,4994078,GTG,中確信度: 上流への延長の可能性(片方の証拠のみ)
MA_RS27635,,5013183,ATG,False,1,stop_codon,5013189,ATG,0.85,False,WP_157860371.1,3,100.0,5013189,ATG,5013189,ATG,中確信度: 上流への延長の可能性(片方の証拠のみ)
MA_RS21355,MA_4092,5015868,ATG,False,1,stop_codon,5015868,ATG,1.49,False,WP_048036542.1,19,90.749,5015922,GTG,5015922,GTG,中確信度: 上流への延長の可能性(片方の証拠のみ)
MA_RS27645,,5018895,GTG,False,2,stop_codon,5018895,GTG,1.11,False,WP_156149735.1,64,91.111,5018706,ATG,5018706,ATG,中確信度: 上流への延長の可能性(片方の証拠のみ)
MA_RS21375,MA_4097,5019162,ATG,False,2,neighbor_gene,5019162,ATG,1.37,False,WP_449288713.1,19,97.143,5019117,TTG,5019117,TTG,中確信度: 上流への延長の可能性(片方の証拠のみ)
MA_RS21450,MA_4111,5033083,ATG,False,2,neighbor_gene,5033083,ATG,1.07,False,WP_239525099.1,4,94.828,5033092,GTG,5033092,GTG,中確信度: 上流への延長の可能性(片方の証拠のみ)
MA_RS26070,MA_4114,5034270,TTG,False,1,stop_codon,5034279,GTG,1.51,False,WP_011024005.1,4,98.039,5034279,GTG,5034279,GTG,中確信度: 上流への延長の可能性(片方の証拠のみ)
MA_RS21495,MA_4121,5039654,ATG,False,2,stop_codon,5039654,ATG,1.64,False,WP_048137303.1,8,93.056,5039633,TTG,5039633,TTG,中確信度: 上流への延長の可能性(片方の証拠のみ)
MA_RS21530,MA_4127,5044756,ATG,False,5,stop_codon,5044909,TTG,1.98,False,WP_048140558.1,3,52.349,5045044,ATG,5045044,ATG,中確信度: 上流への延長の可能性(片方の証拠のみ)
MA_RS21610,MA_4143,5059966,ATG,False,1,stop_codon,5059969,TTG,1.45,False,WP_158024086.1,57,42.857,5059969,TTG,5059969,TTG,中確信度: 上流への延長の可能性(片方の証拠のみ)
MA_RS21620,MA_4144,5060557,ATG,False,1,stop_codon,5060557,ATG,5.29,True,WP_048173956.1,9,87.937,5060545,TTG,5060545,TTG,中確信度: 上流への延長の可能性(片方の証拠のみ)
MA_RS21625,MA_4145,5061543,ATG,False,1,stop_codon,5061543,ATG,1.25,False,WP_231590004.1,3,87.333,5061537,TTG,5061537,TTG,中確信度: 上流への延長の可能性(片方の証拠のみ)
MA_RS21635,MA_4148,5063968,ATG,False,3,stop_codon,5063932,ATG,1.06,False,WP_148705980.1,25,90.411,5063896,TTG,5063896,TTG,中確信度: 上流への延長の可能性(片方の証拠のみ)
MA_RS29860,,5065945,ATG,False,1,stop_codon,5065936,GTG,1.16,False,WP_082089223.1,4,97.059,5065936,GTG,5065936,GTG,中確信度: 上流への延長の可能性(片方の証拠のみ)
MA_RS21660,MA_4151,5067457,ATG,False,1,stop_codon,5067457,ATG,1.07,False,WP_048173952.1,10,96.438,5067430,TTG,5067430,TTG,中確信度: 上流への延長の可能性(片方の証拠のみ)
MA_RS21670,MA_4153,5070005,ATG,False,2,stop_codon,5070005,ATG,1.02,False,WP_204245377.1,11,96.451,5069975,TTG,5069975,TTG,中確信度: 上流への延長の可能性(片方の証拠のみ)
MA_RS21740,MA_4165,5085048,ATG,False,2,neighbor_gene,5084988,GTG,1.03,False,WP_148705978.1,21,97.674,5084988,GTG,5084988,GTG,中確信度: 上流への延長の可能性(片方の証拠のみ)
MA_RS29580,,5088383,TTG,False,4,stop_codon,5088389,GTG,14.67,True,,,,,,5088389,GTG,中確信度: 上流への延長の可能性(片方の証拠のみ)
MA_RS21750,MA_4167,5088682,TTG,False,1,stop_codon,5088676,TTG,1.82,False,WP_048173936.1,3,94.366,5088676,TTG,5088676,TTG,中確信度: 上流への延長の可能性(片方の証拠のみ)
MA_RS21765,MA_4170,5093718,ATG,False,1,stop_codon,5093724,ATG,1.59,False,WP_048175076.1,3,93.151,5093724,ATG,5093724,ATG,中確信度: 上流への延長の可能性(片方の証拠のみ)
MA_RS21800,MA_4177,5101057,ATG,False,1,neighbor_gene,5101057,ATG,1.67,False,WP_048142444.1,4,92.248,5101048,GTG,5101048,GTG,中確信度: 上流への延長の可能性(片方の証拠のみ)
MA_RS27665,MA_4179,5103005,ATG,False,1,stop_codon,5102945,TTG,1.45,False,WP_052730953.1,21,54.902,5102945,TTG,5102945,TTG,中確信度: 上流への延長の可能性(片方の証拠のみ)
MA_RS21830,MA_4184,5108508,ATG,False,2,stop_codon,5108553,ATG,1.04,False,WP_011034594.1,16,91.409,5108553,ATG,5108553,ATG,中確信度: 上流への延長の可能性(片方の証拠のみ)
MA_RS29050,,5111732,ATG,False,1,stop_codon,5111732,ATG,1.09,False,WP_048154177.1,6,70.833,5111747,ATG,5111747,ATG,中確信度: 上流への延長の可能性(片方の証拠のみ)
MA_RS21850,MA_4188,5113606,ATG,False,1,stop_codon,5113606,ATG,2.23,False,WP_048173929.1,11,96.17,5113618,ATG,5113618,ATG,中確信度: 上流への延長の可能性(片方の証拠のみ)
MA_RS21870,MA_4190,5115181,ATG,False,2,stop_codon,5115181,ATG,1.36,False,WP_048175073.1,30,96.154,5115268,TTG,5115268,TTG,中確信度: 上流への延長の可能性(片方の証拠のみ)
MA_RS21895,MA_4194,5118713,ATG,False,1,stop_codon,5118704,GTG,1.82,False,WP_048137377.1,4,98.276,5118704,GTG,5118704,GTG,中確信度: 上流への延長の可能性(片方の証拠のみ)
MA_RS21905,MA_4196,5120525,ATG,False,1,stop_codon,5120525,ATG,0.84,False,WP_048118728.1,4,91.453,5120534,ATG,5120534,ATG,中確信度: 上流への延長の可能性(片方の証拠のみ)
MA_RS21990,,5136553,ATG,False,2,stop_codon,5136553,ATG,6.91,True,WP_048173910.1,10,94.949,5136526,TTG,5136526,TTG,中確信度: 上流への延長の可能性(片方の証拠のみ)
MA_RS22025,MA_4217,5140863,ATG,False,1,stop_codon,5140863,ATG,1.37,False,WP_048173905.1,4,96.857,5140854,GTG,5140854,GTG,中確信度: 上流への延長の可能性(片方の証拠のみ)
MA_RS22050,MA_4222,5146947,ATG,False,1,stop_codon,5146947,ATG,1.38,False,WP_198146734.1,3,51.743,5146953,TTG,5146953,TTG,中確信度: 上流への延長の可能性(片方の証拠のみ)
MA_RS22055,MA_4223,5147328,GTG,False,1,stop_codon,5147328,GTG,1.35,False,WP_011024107.1,4,99.438,5147319,GTG,5147319,GTG,中確信度: 上流への延長の可能性(片方の証拠のみ)
MA_RS22075,MA_4227,5151632,ATG,False,3,stop_codon,5151632,ATG,1.33,False,WP_015411731.1,32,94.534,5151725,ATG,5151725,ATG,中確信度: 上流への延長の可能性(片方の証拠のみ)
MA_RS22090,MA_4229,5153773,ATG,False,1,stop_codon,5153773,ATG,1.44,False,WP_048065937.1,4,100.0,5153782,GTG,5153782,GTG,中確信度: 上流への延長の可能性(片方の証拠のみ)
MA_RS22095,MA_4230,5154824,ATG,False,1,stop_codon,5154869,TTG,2.63,False,WP_048065938.1,16,100.0,5154869,TTG,5154869,TTG,中確信度: 上流への延長の可能性(片方の証拠のみ)
MA_RS22145,MA_4241,5166594,ATG,False,2,stop_codon,5166663,ATG,1.18,False,WP_048173890.1,24,91.29,5166663,ATG,5166663,ATG,中確信度: 上流への延長の可能性(片方の証拠のみ)
MA_RS22155,MA_4243,5167865,ATG,False,1,stop_codon,5167874,GTG,1.22,False,WP_048136980.1,4,84.167,5167874,GTG,5167874,GTG,中確信度: 上流への延長の可能性(片方の証拠のみ)
MA_RS22185,MA_4249,5173704,TTG,False,1,stop_codon,5173737,GTG,1.75,False,WP_156158904.1,18,87.778,5173737,GTG,5173737,GTG,中確信度: 上流への延長の可能性(片方の証拠のみ)
MA_RS22190,MA_4250,5174024,ATA,True,3,stop_codon,5174000,GTG,2.01,False,WP_048173883.1,9,96.19,5174000,GTG,5174000,GTG,中確信度: 上流への延長の可能性(片方の証拠のみ)
MA_RS22195,MA_4251,5174955,ATG,False,3,stop_codon,5174955,ATG,1.27,False,WP_048173882.1,15,95.29,5174913,TTG,5174913,TTG,中確信度: 上流への延長の可能性(片方の証拠のみ)
MA_RS22225,MA_4257,5180281,TTG,False,2,stop_codon,5180338,TTG,1.12,False,WP_052721714.1,22,72.603,5180344,ATG,5180344,ATG,中確信度: 上流への延長の可能性(片方の証拠のみ)
MA_RS22265,MA_4264,5185846,ATG,False,1,stop_codon,5185846,ATG,1.09,False,WP_048173870.1,7,98.871,5185828,ATG,5185828,ATG,中確信度: 上流への延長の可能性(片方の証拠のみ)
MA_RS22280,MA_4267,5190284,ATG,False,1,stop_codon,5190284,ATG,14.95,True,WP_048173868.1,4,95.031,5190293,GTG,5190293,GTG,中確信度: 上流への延長の可能性(片方の証拠のみ)
MA_RS22300,MA_4271,5192880,ATG,False,2,stop_codon,5192862,ATG,2.29,False,WP_048173866.1,26,98.396,5192805,TTG,5192805,TTG,中確信度: 上流への延長の可能性(片方の証拠のみ)
MA_RS22310,MA_4273,5194643,ATG,False,1,stop_codon,5194643,ATG,1.43,False,WP_048173865.1,5,98.684,5194631,GTG,5194631,GTG,中確信度: 上流への延長の可能性(片方の証拠のみ)
MA_RS22335,MA_4278,5199267,ATG,False,2,stop_codon,5199267,ATG,1.11,False,WP_048167945.1,44,67.841,5199279,ATG,5199279,ATG,中確信度: 上流への延長の可能性(片方の証拠のみ)
MA_RS26105,MA_4280,5202082,ATG,False,1,neighbor_gene,5202091,GTG,1.0,False,WP_048116630.1,6,44.706,5202091,GTG,5202091,GTG,中確信度: 上流への延長の可能性(片方の証拠のみ)
MA_RS28110,,5202543,ATG,False,4,stop_codon,5202555,ATG,41.5,True,,,,,,5202555,ATG,中確信度: 上流への延長の可能性(片方の証拠のみ)
MA_RS22350,MA4282,5203213,ATG,False,5,stop_codon,5203324,GTG,1.36,False,WP_048156376.1,29,58.14,5203420,GTG,5203420,GTG,中確信度: 上流への延長の可能性(片方の証拠のみ)
MA_RS29585,MA_4283,5204062,ATG,False,1,stop_codon,5204098,TTG,1.15,False,WP_158024021.1,1,86.239,5204098,TTG,5204098,TTG,中確信度: 上流への延長の可能性(片方の証拠のみ)
MA_RS27700,,5205176,ATG,False,2,stop_codon,5205227,TTG,1.03,False,WP_048155637.1,14,62.264,5205254,TTG,5205254,TTG,中確信度: 上流への延長の可能性(片方の証拠のみ)
MA_RS29590,MA_4287,5219872,ATG,False,1,stop_codon,5219872,ATG,1.61,False,WP_048170221.1,1395,90.256,5219848,ATG,5219848,ATG,中確信度: 上流への延長の可能性(片方の証拠のみ)
MA_RS22385,MA_4289,5227553,ATG,False,1,stop_codon,5227553,ATG,2.35,False,WP_231590041.1,1,93.585,5227517,ATG,5227517,ATG,中確信度: 上流への延長の可能性(片方の証拠のみ)
MA_RS22390,MA_4290,5233948,ATG,False,2,stop_codon,5233777,ATG,1.01,False,WP_197080301.1,58,88.128,5233777,ATG,5233777,ATG,中確信度: 上流への延長の可能性(片方の証拠のみ)
MA_RS22400,MA_4292,5242439,ATG,False,1,stop_codon,5242439,ATG,0.9,False,WP_231590431.1,396,85.386,5242331,TTG,5242331,TTG,中確信度: 上流への延長の可能性(片方の証拠のみ)
MA_RS22445,MA_4299,5269127,ATG,False,1,stop_codon,5269112,ATG,1.78,False,WP_048174007.1,259,82.535,5269112,ATG,5269112,ATG,中確信度: 上流への延長の可能性(片方の証拠のみ)
MA_RS22510,MA_4310,5298435,TTG,False,1,stop_codon,5298435,TTG,1.15,False,WP_048173999.1,6,62.441,5298393,ATG,5298393,ATG,中確信度: 上流への延長の可能性(片方の証拠のみ)
MA_RS22545,MA_4317,5318104,ATG,False,1,stop_codon,5318104,ATG,1.27,False,WP_048174011.1,5,83.811,5318116,TTG,5318116,TTG,中確信度: 上流への延長の可能性(片方の証拠のみ)
MA_RS29075,,5319977,ATG,False,1,stop_codon,5319977,ATG,0.58,False,WP_048045861.1,7,60.0,5319962,GTG,5319962,GTG,中確信度: 上流への延長の可能性(片方の証拠のみ)
MA_RS22570,MA_4321,5322153,GTG,False,1,stop_codon,5322153,GTG,0.98,False,WP_231590044.1,1,87.681,5322183,TTG,5322183,TTG,中確信度: 上流への延長の可能性(片方の証拠のみ)
MA_RS22595,MA_4326,5326341,ATG,False,2,neighbor_gene,5326332,GTG,1.15,False,WP_048174024.1,9,88.859,5326317,TTG,5326317,TTG,中確信度: 上流への延長の可能性(片方の証拠のみ)
MA_RS22600,MA_4327,5327491,ATG,False,3,neighbor_gene,5327467,TTG,1.09,False,WP_048174025.1,9,92.857,5327467,TTG,5327467,TTG,中確信度: 上流への延長の可能性(片方の証拠のみ)
MA_RS22605,MA_4328,5328637,ATG,False,1,stop_codon,5328634,GTG,1.13,False,WP_048174026.1,5,86.26,5328634,GTG,5328634,GTG,中確信度: 上流への延長の可能性(片方の証拠のみ)
MA_RS22625,MA_4332,5334684,ATG,False,1,neighbor_gene,5334684,ATG,1.34,False,WP_048174032.1,4,94.34,5334693,GTG,5334693,GTG,中確信度: 上流への延長の可能性(片方の証拠のみ)
MA_RS22640,MA_4335,5340346,ATG,False,1,stop_codon,5340364,TTG,1.51,False,WP_048174035.1,7,92.429,5340364,TTG,5340364,TTG,中確信度: 上流への延長の可能性(片方の証拠のみ)
MA_RS22665,MA_4338,5344908,ATG,False,2,stop_codon,5344917,ATG,1.75,False,WP_048174038.1,4,98.19,5344917,ATG,5344917,ATG,中確信度: 上流への延長の可能性(片方の証拠のみ)
MA_RS22735,MA_4349,5355028,ATG,False,1,stop_codon,5355022,TTG,1.01,False,WP_048174046.1,3,94.863,5355022,TTG,5355022,TTG,中確信度: 上流への延長の可能性(片方の証拠のみ)
MA_RS22740,MA_4350,5356225,ATG,False,4,stop_codon,5356216,TTG,2.39,False,WP_048136867.1,32,88.099,5356132,TTG,5356132,TTG,中確信度: 上流への延長の可能性(片方の証拠のみ)
MA_RS22745,MA_4351,5359324,ATG,False,1,stop_codon,5359324,ATG,1.47,False,WP_048175111.1,23,97.253,5359258,TTG,5359258,TTG,中確信度: 上流への延長の可能性(片方の証拠のみ)
MA_RS29085,,5363714,TTG,False,1,stop_codon,5363714,TTG,0.45,False,WP_048136863.1,1,86.916,5363723,GTG,5363723,GTG,中確信度: 上流への延長の可能性(片方の証拠のみ)
MA_RS29090,,5364037,GTG,False,1,stop_codon,5364037,GTG,1.04,False,WP_048046287.1,1,89.831,5364067,GTG,5364067,GTG,中確信度: 上流への延長の可能性(片方の証拠のみ)
MA_RS29095,,5364243,GTG,False,1,stop_codon,5364243,GTG,1.33,False,WP_048157159.1,32,58.025,5364327,TTG,5364327,TTG,中確信度: 上流への延長の可能性(片方の証拠のみ)
MA_RS29100,MA_4356,5371207,ATG,False,1,stop_codon,5371216,TTG,1.43,False,WP_048167533.1,4,76.271,5371216,TTG,5371216,TTG,中確信度: 上流への延長の可能性(片方の証拠のみ)
MA_RS22790,MA_4357,5371992,GTG,False,1,stop_codon,5372013,TTG,0.78,False,WP_048136858.1,8,84.232,5372013,TTG,5372013,TTG,中確信度: 上流への延長の可能性(片方の証拠のみ)
MA_RS22810,MA_4361,5375951,ATG,False,1,stop_codon,5375951,ATG,0.61,False,WP_048136854.1,8,85.366,5375972,ATG,5375972,ATG,中確信度: 上流への延長の可能性(片方の証拠のみ)
MA_RS22830,MA_4365,5382892,GTG,False,2,stop_codon,5382892,GTG,1.25,False,WP_231590062.1,9,95.444,5382916,TTG,5382916,TTG,中確信度: 上流への延長の可能性(片方の証拠のみ)
MA_RS22875,MA_4374,5392805,ATG,False,1,stop_codon,5392760,ATG,2.51,False,WP_080943721.1,26,67.931,5392760,ATG,5392760,ATG,中確信度: 上流への延長の可能性(片方の証拠のみ)
MA_RS22900,MA_4379,5402478,ATG,False,1,stop_codon,5402469,ATG,2.12,False,WP_187151965.1,4,96.46,5402469,ATG,5402469,ATG,中確信度: 上流への延長の可能性(片方の証拠のみ)
MA_RS22915,MA_4382,5408423,GTG,False,1,stop_codon,5408423,GTG,1.32,False,WP_048174069.1,64,93.798,5408234,ATG,5408234,ATG,中確信度: 上流への延長の可能性(片方の証拠のみ)
MA_RS22920,MA_4383,5410492,ATG,False,3,stop_codon,5410549,TTG,1.01,False,WP_048136831.1,9,91.016,5410591,ATG,5410591,ATG,中確信度: 上流への延長の可能性(片方の証拠のみ)
MA_RS22970,MA_4394,5422491,ATG,False,1,stop_codon,5422491,ATG,0.99,False,WP_052721731.1,20,85.093,5422434,TTG,5422434,TTG,中確信度: 上流への延長の可能性(片方の証拠のみ)
MA_RS22980,MA_4396,5426252,ATG,False,1,stop_codon,5426246,TTG,1.55,False,WP_048174080.1,3,96.262,5426246,TTG,5426246,TTG,中確信度: 上流への延長の可能性(片方の証拠のみ)
MA_RS23025,MA_4404,5437758,ATG,False,1,stop_codon,5437656,TTG,1.09,False,WP_048174091.1,35,97.222,5437656,TTG,5437656,TTG,中確信度: 上流への延長の可能性(片方の証拠のみ)
MA_RS23040,MA_4407,5440600,ATG,False,2,stop_codon,5440600,ATG,1.31,False,WP_048174094.1,23,98.526,5440534,GTG,5440534,GTG,中確信度: 上流への延長の可能性(片方の証拠のみ)
MA_RS23085,MA_4417,5453775,ATG,False,1,neighbor_gene,5453775,ATG,1.38,False,WP_048136801.1,1,90.476,5453799,TTG,5453799,TTG,中確信度: 上流への延長の可能性(片方の証拠のみ)
MA_RS23090,MA_4418,5454709,ATG,False,1,stop_codon,5454709,ATG,2.98,False,WP_231590066.1,1,98.013,5454721,GTG,5454721,GTG,中確信度: 上流への延長の可能性(片方の証拠のみ)
MA_RS23100,MA_4420,5456590,TTG,False,1,stop_codon,5456590,TTG,1.49,False,WP_048136797.1,4,97.125,5456581,GTG,5456581,GTG,中確信度: 上流への延長の可能性(片方の証拠のみ)
MA_RS23145,MA_4429,5474256,ATG,False,3,stop_codon,5474331,ATG,1.09,False,WP_187151966.1,26,94.372,5474331,ATG,5474331,ATG,中確信度: 上流への延長の可能性(片方の証拠のみ)
MA_RS23190,MA_4438,5482556,TTG,False,1,stop_codon,5482556,TTG,1.52,False,WP_231590068.1,1,89.149,5482610,TTG,5482610,TTG,中確信度: 上流への延長の可能性(片方の証拠のみ)
MA_RS23205,MA_4442,5486734,ATG,False,1,stop_codon,5486695,TTG,1.17,False,WP_048174139.1,14,92.979,5486695,TTG,5486695,TTG,中確信度: 上流への延長の可能性(片方の証拠のみ)
MA_RS23210,MA_4444,5489742,ATG,False,1,stop_codon,5489742,ATG,21.68,True,WP_048174140.1,7,89.08,5489724,GTG,5489724,GTG,中確信度: 上流への延長の可能性(片方の証拠のみ)
MA_RS23235,MA_4449,5496815,ATG,False,1,stop_codon,5496806,GTG,1.48,False,WP_048046279.1,4,82.71,5496806,GTG,5496806,GTG,中確信度: 上流への延長の可能性(片方の証拠のみ)
MA_RS23240,MA_4450,5498846,ATG,False,1,neighbor_gene,5498822,ATG,1.56,False,WP_048174150.1,9,90.947,5498822,ATG,5498822,ATG,中確信度: 上流への延長の可能性(片方の証拠のみ)
MA_RS23265,MA_4455,5505131,TTG,False,1,stop_codon,5505140,GTG,0.66,False,WP_048174159.1,4,94.944,5505140,GTG,5505140,GTG,中確信度: 上流への延長の可能性(片方の証拠のみ)
MA_RS23285,MA_4459,5508694,GTG,False,1,stop_codon,5508694,GTG,4.25,True,WP_187151822.1,24,95.578,5508763,GTG,5508763,GTG,中確信度: 上流への延長の可能性(片方の証拠のみ)
MA_RS23290,MA_4460,5508886,ATG,False,1,stop_codon,5508886,ATG,16.02,True,WP_048174166.1,5,95.886,5508874,TTG,5508874,TTG,中確信度: 上流への延長の可能性(片方の証拠のみ)
MA_RS23310,MA_4464,5515660,ATG,False,2,stop_codon,5515660,ATG,3.65,True,WP_048175145.1,47,93.96,5515798,ATG,5515798,ATG,中確信度: 上流への延長の可能性(片方の証拠のみ)
MA_RS23315,MA_4465,5516195,ATG,False,3,stop_codon,5516195,ATG,2.01,False,WP_048174230.1,24,91.864,5516126,TTG,5516126,TTG,中確信度: 上流への延長の可能性(片方の証拠のみ)
MA_RS23330,MA_4469,5519140,ATG,False,1,stop_codon,5519140,ATG,1.62,False,WP_048175147.1,25,89.764,5519068,GTG,5519068,GTG,中確信度: 上流への延長の可能性(片方の証拠のみ)
MA_RS23335,MA_4470,5520335,ATG,False,1,stop_codon,5520335,ATG,0.96,False,WP_048174232.1,5,88.496,5520323,ATG,5520323,ATG,中確信度: 上流への延長の可能性(片方の証拠のみ)
MA_RS23400,MA_4484,5533428,TTG,False,1,stop_codon,5533458,ATG,1.43,False,WP_048174324.1,1,98.438,5533458,ATG,5533458,ATG,中確信度: 上流への延長の可能性(片方の証拠のみ)
MA_RS23435,MA_4491,5537374,GTG,False,1,stop_codon,5537257,GTG,1.04,False,WP_048136701.1,47,88.177,5537257,GTG,5537257,GTG,中確信度: 上流への延長の可能性(片方の証拠のみ)
MA_RS23465,MA_4498,5541496,ATG,False,1,stop_codon,5541496,ATG,1.06,False,WP_231590163.1,6,89.113,5541481,ATG,5541481,ATG,中確信度: 上流への延長の可能性(片方の証拠のみ)
MA_RS23485,MA_4502,5545181,ATG,False,1,stop_codon,5545181,ATG,3.28,True,WP_048174308.1,22,97.727,5545244,GTG,5545244,GTG,中確信度: 上流への延長の可能性(片方の証拠のみ)
MA_RS29125,,5548793,ATG,False,1,stop_codon,5548760,GTG,1.02,False,WP_082089182.1,9,77.778,5548760,GTG,5548760,GTG,中確信度: 上流への延長の可能性(片方の証拠のみ)
MA_RS23510,MA_4506,5551633,TTG,False,1,stop_codon,5551633,TTG,1.19,False,WP_231590155.1,7,95.08,5551651,ATG,5551651,ATG,中確信度: 上流への延長の可能性(片方の証拠のみ)
MA_RS23525,MA_4510,5556920,ATG,False,1,stop_codon,5556926,ATG,1.83,False,WP_048136689.1,31,52.874,5556926,ATG,5556926,ATG,中確信度: 上流への延長の可能性(片方の証拠のみ)
MA_RS23540,MA_4513,5559546,ATG,False,1,stop_codon,5559522,TTG,1.1,False,WP_048174300.1,9,95.087,5559522,TTG,5559522,TTG,中確信度: 上流への延長の可能性(片方の証拠のみ)
MA_RS23560,MA_4517,5563124,ATG,False,1,stop_codon,5563073,TTG,1.82,False,WP_048174296.1,18,98.113,5563073,TTG,5563073,TTG,中確信度: 上流への延長の可能性(片方の証拠のみ)
MA_RS23590,MA_4523,5569478,ATG,False,1,neighbor_gene,5569478,ATG,0.94,False,WP_048174290.1,2,96.0,5569475,TTG,5569475,TTG,中確信度: 上流への延長の可能性(片方の証拠のみ)
MA_RS23650,MA_4536,5584920,ATG,False,1,stop_codon,5584920,ATG,3.44,True,WP_048174281.1,18,94.324,5584971,ATG,5584971,ATG,中確信度: 上流への延長の可能性(片方の証拠のみ)
MA_RS23655,MA_4537,5586486,ATG,False,2,neighbor_gene,5586486,ATG,1.09,False,WP_048174280.1,25,88.674,5586558,TTG,5586558,TTG,中確信度: 上流への延長の可能性(片方の証拠のみ)
MA_RS23660,MA_4538,5587455,ATG,False,3,stop_codon,5587512,ATG,1.27,False,WP_048174279.1,31,99.643,5587545,GTG,5587545,GTG,中確信度: 上流への延長の可能性(片方の証拠のみ)
MA_RS24870,,5587946,GTG,False,2,neighbor_gene,5587946,GTG,3.3,True,WP_052721743.1,1,86.301,5587958,GTG,5587958,GTG,中確信度: 上流への延長の可能性(片方の証拠のみ)
MA_RS23685,MA_4543,5592477,ATG,False,1,stop_codon,5592438,TTG,1.01,False,WP_048174275.1,14,98.618,5592438,TTG,5592438,TTG,中確信度: 上流への延長の可能性(片方の証拠のみ)
MA_RS23700,MA_4546,5598387,ATG,False,1,neighbor_gene,5598396,GTG,0.94,False,WP_048174272.1,4,98.772,5598396,GTG,5598396,GTG,中確信度: 上流への延長の可能性(片方の証拠のみ)
MA_RS23715,MA_4549,5600285,ATG,False,1,stop_codon,5600285,ATG,1.44,False,WP_048174269.1,6,96.815,5600300,GTG,5600300,GTG,中確信度: 上流への延長の可能性(片方の証拠のみ)
MA_RS23735,MA_4553,5607346,TTG,False,1,stop_codon,5607346,TTG,1.31,False,WP_231590147.1,9,95.181,5607376,TTG,5607376,TTG,中確信度: 上流への延長の可能性(片方の証拠のみ)
MA_RS23750,MA_4556,5611435,ATG,False,1,stop_codon,5611474,ATG,2.41,False,WP_048174262.1,14,93.473,5611474,ATG,5611474,ATG,中確信度: 上流への延長の可能性(片方の証拠のみ)
MA_RS23810,MA_4567,5627422,GTG,False,1,neighbor_gene,5627437,ATG,1.03,False,WP_048174252.1,1,98.684,5627437,ATG,5627437,ATG,中確信度: 上流への延長の可能性(片方の証拠のみ)
MA_RS24880,MA_4579,5642140,ATG,False,1,stop_codon,5642167,TTG,2.85,False,WP_052721740.1,10,84.932,5642167,TTG,5642167,TTG,中確信度: 上流への延長の可能性(片方の証拠のみ)
MA_RS23885,MA_4580,5642884,ATG,False,1,stop_codon,5642902,TTG,1.12,False,WP_048142933.1,7,94.079,5642902,TTG,5642902,TTG,中確信度: 上流への延長の可能性(片方の証拠のみ)
MA_RS23895,MA_4581,5644192,GTG,False,1,stop_codon,5644243,ATG,1.88,False,WP_048174238.1,1,96.266,5644243,ATG,5644243,ATG,中確信度: 上流への延長の可能性(片方の証拠のみ)
MA_RS23900,MA_4582,5644562,ATG,False,1,stop_codon,5644553,GTG,1.19,False,WP_231590236.1,1,90.84,5644553,GTG,5644553,GTG,中確信度: 上流への延長の可能性(片方の証拠のみ)
MA_RS29140,MA_4589,5664559,ATG,False,1,stop_codon,5664559,ATG,1.39,False,WP_052721725.1,450,52.138,5664562,GTG,5664562,GTG,中確信度: 上流への延長の可能性(片方の証拠のみ)
MA_RS23995,MA_4598,5675625,ATG,False,1,stop_codon,5675625,ATG,0.84,False,WP_048169018.1,2,93.375,5675628,TTG,5675628,TTG,中確信度: 上流への延長の可能性(片方の証拠のみ)
MA_RS24025,MA_4604,5680339,ATG,False,1,stop_codon,5680330,TTG,1.2,False,WP_048169006.1,4,95.979,5680330,TTG,5680330,TTG,中確信度: 上流への延長の可能性(片方の証拠のみ)
MA_RS24035,MA_4606,5682540,ATG,False,1,stop_codon,5682540,ATG,0.85,False,WP_231590207.1,3,94.178,5682534,ATG,5682534,ATG,中確信度: 上流への延長の可能性(片方の証拠のみ)
MA_RS24050,MA_4609,5686324,ATG,False,1,stop_codon,5686324,ATG,4.2,True,WP_048168996.1,13,95.588,5686360,TTG,5686360,TTG,中確信度: 上流への延長の可能性(片方の証拠のみ)
MA_RS24065,MA_4611,5688069,ATG,False,1,stop_codon,5688069,ATG,4.14,True,WP_052712710.1,473,65.7,5688042,ATG,5688042,ATG,中確信度: 上流への延長の可能性(片方の証拠のみ)
MA_RS24090,MA_4616,5697439,ATG,False,1,stop_codon,5697424,ATG,1.06,False,WP_231590204.1,6,91.27,5697424,ATG,5697424,ATG,中確信度: 上流への延長の可能性(片方の証拠のみ)
MA_RS24890,MA_4619,5702285,ATG,False,1,stop_codon,5702285,ATG,2.05,False,WP_048154024.1,1,70.428,5702303,TTG,5702303,TTG,中確信度: 上流への延長の可能性(片方の証拠のみ)
MA_RS24125,MA_4623,5705462,ATG,False,1,neighbor_gene,5705462,ATG,1.24,False,WP_048168986.1,1,92.473,5705540,ATG,5705540,ATG,中確信度: 上流への延長の可能性(片方の証拠のみ)
MA_RS24150,MA_4628,5711000,ATG,False,3,stop_codon,5711012,GTG,1.04,False,WP_048154177.1,11,86.056,5711030,GTG,5711030,GTG,中確信度: 上流への延長の可能性(片方の証拠のみ)
MA_RS24165,MA_4631,5715395,ATG,False,2,stop_codon,5715407,TTG,1.83,False,WP_048136615.1,48,96.053,5715536,ATG,5715536,ATG,中確信度: 上流への延長の可能性(片方の証拠のみ)
MA_RS24205,MA_4640,5726681,ATG,False,1,stop_codon,5726672,TTG,1.19,False,WP_048169448.1,4,96.07,5726672,TTG,5726672,TTG,中確信度: 上流への延長の可能性(片方の証拠のみ)
MA_RS24220,MA_4643,5728534,TTG,False,7,stop_codon,5728516,TTG,1.83,False,WP_048046827.1,83,36.274,5728423,GTG,5728423,GTG,中確信度: 上流への延長の可能性(片方の証拠のみ)
MA_RS24225,MA_4644,5734280,ATG,False,1,stop_codon,5734280,ATG,1.15,False,WP_048168964.1,2,96.317,5734283,TTG,5734283,TTG,中確信度: 上流への延長の可能性(片方の証拠のみ)
MA_RS24260,MA_4651,5742241,ATG,False,2,stop_codon,5742193,TTG,1.1,False,WP_204245367.1,17,93.411,5742193,TTG,5742193,TTG,中確信度: 上流への延長の可能性(片方の証拠のみ)
MA_RS24280,MA_4655,5746967,ATG,False,1,stop_codon,5746967,ATG,1.18,False,WP_048168931.1,8,92.5,5746946,GTG,5746946,GTG,中確信度: 上流への延長の可能性(片方の証拠のみ)
MA_RS24285,MA_4656,5747851,ATG,False,1,stop_codon,5747851,ATG,1.28,False,WP_082088825.1,1,91.065,5747815,ATG,5747815,ATG,中確信度: 上流への延長の可能性(片方の証拠のみ)
MA_RS24300,MA_4659,5750505,ATG,False,1,stop_codon,5750505,ATG,1.12,False,WP_048168921.1,6,92.405,5750520,TTG,5750520,TTG,中確信度: 上流への延長の可能性(片方の証拠のみ)
MA_RS24305,MA_4660,5751244,ATG,False,1,stop_codon,5751244,ATG,1.56,False,WP_048168917.1,2,95.161,5751247,TTG,5751247,TTG,中確信度: 上流への延長の可能性(片方の証拠のみ)
