locus_tag,old_locus_tag,old_locus_tag_all,gene_name,gene_biotype,seqid,start,end,strand
MA_RS00005,MA0001,"MA0001,MA_0001",MA_RS00005,protein_coding,NC_003552.1,266,1510,-
MA_RS00010,MA0003,"MA0003,MA_0003",putP,protein_coding,NC_003552.1,3805,5349,+
MA_RS00015,MA0004,"MA0004,MA_0004",istB,protein_coding,NC_003552.1,7361,8134,-
MA_RS00020,MA0005,"MA0005,MA_0005",istA,protein_coding,NC_003552.1,8131,9375,-
MA_RS00025,MA0006,"MA0006,MA_0006",mfnA,protein_coding,NC_003552.1,9571,10758,+
MA_RS00030,MA0007,"MA0007,MA_0007",MA_RS00030,protein_coding,NC_003552.1,11359,12453,+
MA_RS00035,MA0008,"MA0008,MA_0008",MA_RS00035,protein_coding,NC_003552.1,13031,14572,+
MA_RS00040,MA0009,"MA0009,MA_0009",MA_RS00040,protein_coding,NC_003552.1,14788,15084,-
MA_RS00045,MA0010,"MA0010,MA_0010",fhcD,protein_coding,NC_003552.1,15444,16337,-
MA_RS00050,MA0011,"MA0011,MA_0011",MA_RS00050,protein_coding,NC_003552.1,17080,17538,-
MA_RS00055,MA0012,"MA0012,MA_0012",MA_RS00055,protein_coding,NC_003552.1,17684,18310,-
MA_RS00060,MA0013,"MA0013,MA_0013",MA_RS00060,protein_coding,NC_003552.1,18403,19551,-
MA_RS00065,MA0014,"MA0014,MA_0014",MA_RS00065,protein_coding,NC_003552.1,19622,21523,-
MA_RS00070,MA0015,"MA0015,MA_0015",MA_RS00070,protein_coding,NC_003552.1,21713,22783,-
MA_RS00075,MA0016,"MA0016,MA_0016",MA_RS00075,protein_coding,NC_003552.1,23127,23492,-
MA_RS26355,,,MA_RS26355,protein_coding,NC_003552.1,24658,25065,+
MA_RS00090,MA0018,"MA0018,MA_0018",MA_RS00090,protein_coding,NC_003552.1,25197,25577,+
MA_RS00095,MA0019,"MA0019,MA_0019",MA_RS00095,protein_coding,NC_003552.1,25854,27983,+
MA_RS00100,MA0020,"MA0020,MA_0020",MA_RS00100,protein_coding,NC_003552.1,28098,28652,+
MA_RS00105,MA0021,"MA0021,MA_0021",MA_RS00105,protein_coding,NC_003552.1,28677,30131,+
MA_RS00110,MA0022,"MA0022,MA_0022",MA_RS00110,protein_coding,NC_003552.1,30256,30723,+
MA_RS00115,MA0023,"MA0023,MA_0023",MA_RS00115,protein_coding,NC_003552.1,31065,32102,+
MA_RS00120,MA0024,"MA0024,MA_0024",MA_RS00120,protein_coding,NC_003552.1,32254,33018,+
MA_RS00125,MA0025,"MA0025,MA_0025",MA_RS00125,protein_coding,NC_003552.1,33066,33890,+
MA_RS00130,MA0026,"MA0026,MA_0026",MA_RS00130,protein_coding,NC_003552.1,34650,35105,+
MA_RS00135,MA0027,"MA0027,MA_0027",MA_RS00135,protein_coding,NC_003552.1,35473,36759,+
MA_RS00145,MA0029,"MA0029,MA_0029",MA_RS00145,protein_coding,NC_003552.1,37882,39249,-
MA_RS00155,MA0030,"MA0030,MA_0030",MA_RS00155,protein_coding,NC_003552.1,40272,41054,-
MA_RS00160,MA0031,"MA0031,MA_0031",porB,protein_coding,NC_003552.1,41309,42199,-
MA_RS00165,MA0032,"MA0032,MA_0032",porA,protein_coding,NC_003552.1,42196,43407,-
MA_RS00170,MA0033,"MA0033,MA_0033",porD,protein_coding,NC_003552.1,43407,43667,-
MA_RS00175,MA0034,"MA0034,MA_0034",MA_RS00175,protein_coding,NC_003552.1,43664,44212,-
MA_RS00180,MA0035,"MA0035,MA_0035",dusB,protein_coding,NC_003552.1,44772,45743,-
MA_RS00185,MA0036,"MA0036,MA_0036",MA_RS00185,protein_coding,NC_003552.1,46129,46686,-
MA_RS00190,MA0037,"MA0037,MA_0037",MA_RS00190,protein_coding,NC_003552.1,47351,49258,+
MA_RS00195,MA0038,"MA0038,MA_0038",MA_RS00195,protein_coding,NC_003552.1,49629,50060,+
MA_RS00200,MA0039,"MA0039,MA_0039",MA_RS00200,protein_coding,NC_003552.1,50071,50922,+
MA_RS00205,MA0040,"MA0040,MA_0040",twy1,protein_coding,NC_003552.1,51146,52183,+
MA_RS00210,MA0041,"MA0041,MA_0041",MA_RS00210,protein_coding,NC_003552.1,52548,52826,-
MA_RS00215,MA0042,"MA0042,MA_0042",prf1,protein_coding,NC_003552.1,53371,54618,+
MA_RS00220,MA0043,"MA0043,MA_0043",argS,protein_coding,NC_003552.1,54803,56512,+
MA_RS00230,MA0045,"MA0045,MA_0045",MA_RS00230,protein_coding,NC_003552.1,56958,57329,+
MA_RS00235,MA0046,"MA0046,MA_0046",MA_RS00235,protein_coding,NC_003552.1,57569,58264,+
MA_RS00240,MA0047,"MA0047,MA_0047",MA_RS00240,protein_coding,NC_003552.1,58313,59023,+
MA_RS00245,MA0048,"MA0048,MA_0048",MA_RS00245,protein_coding,NC_003552.1,59191,59415,+
MA_RS00250,MA0049,"MA0049,MA_0049",MA_RS00250,protein_coding,NC_003552.1,59484,59735,+
MA_RS00255,MA0050,"MA0050,MA_0050",MA_RS00255,protein_coding,NC_003552.1,59888,61279,+
MA_RS00260,MA0051,"MA0051,MA_0051",MA_RS00260,protein_coding,NC_003552.1,61555,63327,-
MA_RS00270,MA0053,"MA0053,MA_0053",MA_RS00270,protein_coding,NC_003552.1,64281,65324,+
MA_RS00275,MA0054,"MA0054,MA_0054",MA_RS00275,protein_coding,NC_003552.1,65547,66581,+
MA_RS00280,MA0055,"MA0055,MA_0055",MA_RS00280,protein_coding,NC_003552.1,67212,67382,-
MA_RS00285,MAt4684,MAt4684,MA_RS00285,tRNA,NC_003552.1,67779,67852,-
MA_RS00290,MA0056,"MA0056,MA_0056",MA_RS00290,protein_coding,NC_003552.1,68403,68609,+
MA_RS00295,MA0057,"MA0057,MA_0057",MA_RS00295,protein_coding,NC_003552.1,68676,68882,+
MA_RS00300,MA0058,"MA0058,MA_0058",MA_RS00300,protein_coding,NC_003552.1,68950,69156,+
MA_RS00305,MA0059,"MA0059,MA_0059",MA_RS00305,protein_coding,NC_003552.1,69214,69420,+
MA_RS26360,,,MA_RS26360,protein_coding,NC_003552.1,69507,69650,-
MA_RS00310,MA0060,"MA0060,MA_0060",MA_RS00310,protein_coding,NC_003552.1,69654,70403,-
MA_RS00315,MA0061,"MA0061,MA_0061",MA_RS00315,protein_coding,NC_003552.1,70391,71146,-
MA_RS00320,MA0062,"MA0062,MA_0062",MA_RS00320,protein_coding,NC_003552.1,71483,71908,+
MA_RS00325,MA0063,"MA0063,MA_0063",MA_RS00325,protein_coding,NC_003552.1,72017,72781,-
MA_RS00330,MA0064,"MA0064,MA_0064",MA_RS00330,protein_coding,NC_003552.1,72783,73571,-
MA_RS00335,MA0065,"MA0065,MA_0065",MA_RS00335,protein_coding,NC_003552.1,73710,74723,-
MA_RS00345,MA0067,"MA0067,MA_0067",MA_RS00345,protein_coding,NC_003552.1,75144,75665,+
MA_RS00350,MA0068,"MA0068,MA_0068",MA_RS00350,protein_coding,NC_003552.1,75866,79369,-
MA_RS00355,MA0069,"MA0069,MA_0069",thiL,protein_coding,NC_003552.1,79587,80597,-
MA_RS00365,MA0071,"MA0071,MA_0071",MA_RS00365,protein_coding,NC_003552.1,81193,81987,-
MA_RS00370,MA0072,"MA0072,MA_0072",nrdD,protein_coding,NC_003552.1,82020,84404,-
MA_RS00375,,,MA_RS00375,protein_coding,NC_003552.1,84492,84743,-
MA_RS00380,MA0074,"MA0074,MA_0074",radB,protein_coding,NC_003552.1,85487,86197,+
MA_RS00385,MA0075,"MA0075,MA_0075",MA_RS00385,protein_coding,NC_003552.1,86407,87507,-
MA_RS00390,MA0076,"MA0076,MA_0076",MA_RS00390,protein_coding,NC_003552.1,88183,89202,+
MA_RS00395,,,MA_RS00395,protein_coding,NC_003552.1,89462,89629,+
MA_RS00400,MA0077,"MA0077,MA_0077",MA_RS00400,protein_coding,NC_003552.1,89654,90631,+
MA_RS00405,MA0078,"MA0078,MA_0078",MA_RS00405,protein_coding,NC_003552.1,90829,92013,+
MA_RS24315,MA_0079,MA_0079,MA_RS24315,protein_coding,NC_003552.1,92000,94453,+
MA_RS00415,MA0080,"MA0080,MA_0080",MA_RS00415,protein_coding,NC_003552.1,94605,96728,+
MA_RS00420,MA0081,"MA0081,MA_0081",ppk1,protein_coding,NC_003552.1,97563,99749,+
MA_RS00425,MA0083,"MA0083,MA_0083",MA_RS00425,protein_coding,NC_003552.1,100217,101848,+
MA_RS00430,MA0084,"MA0084,MA_0084",MA_RS00430,protein_coding,NC_003552.1,101895,104516,-
MA_RS00435,MA0085,"MA0085,MA_0085",MA_RS00435,protein_coding,NC_003552.1,105273,106394,+
MA_RS00440,MA0086,"MA0086,MA_0086",thsB,protein_coding,NC_003552.1,106733,108391,-
MA_RS00445,MA0087,"MA0087,MA_0087",dnaK,protein_coding,NC_003552.1,109126,110610,+
MA_RS00450,MA0088,"MA0088,MA_0088",MA_RS00450,protein_coding,NC_003552.1,110763,111479,+
MA_RS00455,MA0089,"MA0089,MA_0089",MA_RS00455,protein_coding,NC_003552.1,111532,112200,-
MA_RS00460,MA0090,"MA0090,MA_0090",sepS,protein_coding,NC_003552.1,112231,113850,-
MA_RS00465,MA0091,"MA0091,MA_0091",MA_RS00465,protein_coding,NC_003552.1,114214,114846,-
MA_RS00470,MA0092,"MA0092,MA_0092",MA_RS00470,protein_coding,NC_003552.1,115645,115917,-
MA_RS00475,MA0093,"MA0093,MA_0093",MA_RS00475,protein_coding,NC_003552.1,116164,116844,+
MA_RS26365,,,MA_RS26365,protein_coding,NC_003552.1,117511,117672,-
MA_RS00485,,,MA_RS00485,protein_coding,NC_003552.1,117748,117930,+
MA_RS00490,MA0095,"MA0095,MA_0095",MA_RS00490,protein_coding,NC_003552.1,118418,119704,-
MA_RS00495,MA0096,"MA0096,MA_0096",MA_RS00495,protein_coding,NC_003552.1,119810,122275,-
MA_RS00500,MA0097,"MA0097,MA_0097",glyS,protein_coding,NC_003552.1,122464,124302,-
MA_RS00505,MA0098,"MA0098,MA_0098",MA_RS00505,protein_coding,NC_003552.1,124580,125614,+
MA_RS00510,,,MA_RS00510,protein_coding,NC_003552.1,125616,125894,+
MA_RS00515,MA0099,"MA0099,MA_0099",MA_RS00515,protein_coding,NC_003552.1,125996,126307,+
MA_RS00525,MA0100,"MA0100,MA_0100",MA_RS00525,protein_coding,NC_003552.1,126603,126923,+
MA_RS00530,MA0101,"MA0101,MA_0101",MA_RS00530,protein_coding,NC_003552.1,126920,127279,+
MA_RS00535,MA0102,"MA0102,MA_0102",MA_RS00535,protein_coding,NC_003552.1,127336,127620,+
MA_RS00540,,,MA_RS00540,protein_coding,NC_003552.1,128111,128293,+
MA_RS00545,MA0103,"MA0103,MA_0103",MA_RS00545,protein_coding,NC_003552.1,128873,129463,-
MA_RS00550,MA0104,"MA0104,MA_0104",surE,protein_coding,NC_003552.1,129857,130660,+
MA_RS28020,,,MA_RS28020,protein_coding,NC_003552.1,130925,131086,-
MA_RS00555,MA0105,"MA0105,MA_0105",moaA,protein_coding,NC_003552.1,131199,132203,-
MA_RS00560,MA0106,"MA0106,MA_0106",MA_RS00560,protein_coding,NC_003552.1,132513,133832,+
MA_RS00565,MA0107,"MA0107,MA_0107",MA_RS00565,protein_coding,NC_003552.1,134083,134850,-
MA_RS00570,MA0108,"MA0108,MA_0108",MA_RS00570,protein_coding,NC_003552.1,135133,135597,+
MA_RS00575,MA0109,"MA0109,MA_0109",priL,protein_coding,NC_003552.1,135633,136748,-
MA_RS00580,MA0110,"MA0110,MA_0110",MA_RS00580,protein_coding,NC_003552.1,136756,137493,-
MA_RS00585,MA0112,"MA0112,MA_0112",MA_RS00585,protein_coding,NC_003552.1,137806,138120,-
MA_RS00590,MA0113,"MA0113,MA_0113",MA_RS00590,protein_coding,NC_003552.1,138098,138514,-
MA_RS00595,MA0114,"MA0114,MA_0114",artA,protein_coding,NC_003552.1,139482,140351,+
MA_RS00600,MA0115,"MA0115,MA_0115",MA_RS00600,protein_coding,NC_003552.1,140357,140983,+
MA_RS00605,MA0116,"MA0116,MA_0116",MA_RS00605,protein_coding,NC_003552.1,140985,141728,+
MA_RS00610,MA0117,"MA0117,MA_0117",MA_RS00610,protein_coding,NC_003552.1,142032,142388,+
MA_RS00615,MA0118,"MA0118,MA_0118",hisC,protein_coding,NC_003552.1,142443,143543,-
MA_RS00620,MA0119,"MA0119,MA_0119",MA_RS00620,protein_coding,NC_003552.1,143524,144711,-
MA_RS00630,MA0120,"MA0120,MA_0120",MA_RS00630,protein_coding,NC_003552.1,145267,146253,-
MA_RS00635,MA0121,"MA0121,MA_0121",MA_RS00635,protein_coding,NC_003552.1,146736,147269,-
MA_RS00640,MA0122,"MA0122,MA_0122",MA_RS00640,protein_coding,NC_003552.1,147571,148677,+
MA_RS00645,MA0123,"MA0123,MA_0123",MA_RS00645,protein_coding,NC_003552.1,148799,149881,+
MA_RS00650,MA0124,"MA0124,MA_0124",MA_RS00650,protein_coding,NC_003552.1,150169,151299,+
MA_RS00655,MA0125,"MA0125,MA_0125",MA_RS00655,protein_coding,NC_003552.1,151346,151912,+
MA_RS00665,MA0126,"MA0126,MA_0126",MA_RS00665,protein_coding,NC_003552.1,152362,152664,-
MA_RS00670,MA0127,"MA0127,MA_0127",MA_RS00670,protein_coding,NC_003552.1,153013,154401,-
MA_RS00675,MA0128,"MA0128,MA_0128",MA_RS00675,protein_coding,NC_003552.1,154898,155356,+
MA_RS00680,MA0129,"MA0129,MA_0129",MA_RS00680,protein_coding,NC_003552.1,155353,155727,+
MA_RS00685,MA0130,"MA0130,MA_0130",purM,protein_coding,NC_003552.1,155973,156974,-
MA_RS00690,MA0131,"MA0131,MA_0131",MA_RS00690,protein_coding,NC_003552.1,156997,158415,-
MA_RS00695,MA0132,"MA0132,MA_0132",MA_RS00695,protein_coding,NC_003552.1,158892,160085,+
MA_RS00700,MA0133,"MA0133,MA_0133",MA_RS00700,protein_coding,NC_003552.1,160448,160909,+
MA_RS00705,MA0134,"MA0134,MA_0134",MA_RS00705,protein_coding,NC_003552.1,161227,161625,-
MA_RS00710,MA0135,"MA0135,MA_0135",MA_RS00710,protein_coding,NC_003552.1,162129,162893,+
MA_RS00715,MA0136,"MA0136,MA_0136",MA_RS00715,protein_coding,NC_003552.1,163006,163458,-
MA_RS00720,MA0137,"MA0137,MA_0137",MA_RS00720,protein_coding,NC_003552.1,163825,164277,-
MA_RS00725,MA0138,"MA0138,MA_0138",MA_RS00725,protein_coding,NC_003552.1,164671,165576,+
MA_RS00730,MA0139,"MA0139,MA_0139",MA_RS00730,protein_coding,NC_003552.1,165573,167285,+
MA_RS00735,MA0140,"MA0140,MA_0140",MA_RS00735,protein_coding,NC_003552.1,167353,168378,+
MA_RS00740,MA0141,"MA0141,MA_0141",MA_RS00740,protein_coding,NC_003552.1,168981,169217,-
MA_RS00745,MA0142,"MA0142,MA_0142",MA_RS00745,protein_coding,NC_003552.1,169231,169500,-
MA_RS00750,MA0143,"MA0143,MA_0143",MA_RS00750,protein_coding,NC_003552.1,169487,170893,-
MA_RS00765,MA0145,"MA0145,MA_0145",MA_RS00765,protein_coding,NC_003552.1,172589,173245,-
MA_RS00775,MA0146,"MA0146,MA_0146",mtbA,protein_coding,NC_003552.1,174232,175251,-
MA_RS00780,MA0147,"MA0147,MA_0147",MA_RS00780,protein_coding,NC_003552.1,175643,176245,+
MA_RS00785,MA0148,"MA0148,MA_0148",MA_RS00785,protein_coding,NC_003552.1,176345,177046,+
MA_RS00790,MA0149,"MA0149,MA_0149",MA_RS00790,protein_coding,NC_003552.1,177173,178477,+
MA_RS00795,MA0150,"MA0150,MA_0150",MA_RS00795,protein_coding,NC_003552.1,178886,180508,+
MA_RS24920,,,MA_RS24920,protein_coding,NC_003552.1,180608,180763,+
MA_RS26380,,,MA_RS26380,protein_coding,NC_003552.1,180778,180951,+
MA_RS24320,,,MA_RS24320,protein_coding,NC_003552.1,181135,181320,+
MA_RS00805,MA0151,"MA0151,MA_0151",MA_RS00805,protein_coding,NC_003552.1,181379,182416,-
MA_RS00810,MA0152,"MA0152,MA_0152",pylD,protein_coding,NC_003552.1,183063,183842,-
MA_RS00815,MA0153,"MA0153,MA_0153",pylC,protein_coding,NC_003552.1,183918,185009,-
MA_RS00820,MA0154,"MA0154,MA_0154",pylB,protein_coding,NC_003552.1,185011,186063,-
MA_RS00825,MA0155,"MA0155,MA_0155",pylS,protein_coding,NC_003552.1,186300,187631,-
MA_RS00835,MA0156,"MA0156,MA_0156",MA_RS00835,protein_coding,NC_003552.1,188205,188921,-
MA_RS00840,MA0157,"MA0157,MA_0157",MA_RS00840,protein_coding,NC_003552.1,189056,189550,+
MA_RS00845,MA0158,"MA0158,MA_0158",MA_RS00845,protein_coding,NC_003552.1,189736,190125,+
MA_RS00850,MA0159,"MA0159,MA_0159",MA_RS00850,protein_coding,NC_003552.1,190535,190750,+
MA_RS00855,MA0160,"MA0160,MA_0160",MA_RS00855,protein_coding,NC_003552.1,190783,191763,+
MA_RS00860,MA0161,"MA0161,MA_0161",MA_RS00860,protein_coding,NC_003552.1,191991,192494,-
MA_RS00865,MA0162,"MA0162,MA_0162",MA_RS00865,protein_coding,NC_003552.1,192549,193001,-
MA_RS00870,MA0163,"MA0163,MA_0163",MA_RS00870,protein_coding,NC_003552.1,193154,194119,+
MA_RS00875,,,MA_RS00875,protein_coding,NC_003552.1,194116,194373,+
MA_RS00880,MA0164,"MA0164,MA_0164",MA_RS00880,protein_coding,NC_003552.1,194495,195154,-
MA_RS00885,MA0165,"MA0165,MA_0165",MA_RS00885,protein_coding,NC_003552.1,195151,196425,-
MA_RS00890,,,MA_RS00890,protein_coding,NC_003552.1,196662,196874,+
MA_RS00900,MA0166,"MA0166,MA_0166",MA_RS00900,protein_coding,NC_003552.1,198400,200520,+
MA_RS00905,MA0167,"MA0167,MA_0167",MA_RS00905,protein_coding,NC_003552.1,200788,201402,+
MA_RS00910,MA0168,"MA0168,MA_0168",MA_RS00910,protein_coding,NC_003552.1,201460,201678,-
MA_RS00915,MA0169,"MA0169,MA_0169",MA_RS00915,protein_coding,NC_003552.1,201866,203218,-
MA_RS00920,MA0170,"MA0170,MA_0170",MA_RS00920,protein_coding,NC_003552.1,203500,204366,+
MA_RS00930,MA0171,"MA0171,MA_0171",MA_RS00930,protein_coding,NC_003552.1,204617,206095,-
MA_RS00935,MA0172,"MA0172,MA_0172",MA_RS00935,protein_coding,NC_003552.1,206242,207555,-
MA_RS00940,MA0173,"MA0173,MA_0173",MA_RS00940,protein_coding,NC_003552.1,207902,208306,+
MA_RS28275,,,MA_RS28275,protein_coding,NC_003552.1,208308,208454,+
MA_RS00945,MA0174,"MA0174,MA_0174",MA_RS00945,protein_coding,NC_003552.1,208412,208726,+
MA_RS00950,MA0175,"MA0175,MA_0175",MA_RS00950,protein_coding,NC_003552.1,208746,209960,-
MA_RS00955,MA0176,"MA0176,MA_0176",MA_RS00955,protein_coding,NC_003552.1,210731,211183,-
MA_RS00960,MA0177,"MA0177,MA_0177",MA_RS00960,protein_coding,NC_003552.1,211294,211761,-
MA_RS00965,MA0178,"MA0178,MA_0178",MA_RS00965,protein_coding,NC_003552.1,211831,212391,-
MA_RS00970,MA0179,"MA0179,MA_0179",MA_RS00970,protein_coding,NC_003552.1,212804,213361,-
MA_RS00975,MA0180,"MA0180,MA_0180",MA_RS00975,protein_coding,NC_003552.1,213728,214198,+
MA_RS00980,MA0181,"MA0181,MA_0181",MA_RS00980,protein_coding,NC_003552.1,214216,215448,+
MA_RS00985,MA0182,"MA0182,MA_0182",MA_RS00985,protein_coding,NC_003552.1,215848,216456,-
MA_RS00990,MA0183,"MA0183,MA_0183",MA_RS00990,protein_coding,NC_003552.1,216495,217016,-
MA_RS00995,MA0184,"MA0184,MA_0184",MA_RS00995,protein_coding,NC_003552.1,217323,218444,-
MA_RS01000,MA0185,"MA0185,MA_0185",MA_RS01000,protein_coding,NC_003552.1,218588,220432,-
MA_RS01005,MA0186,"MA0186,MA_0186",MA_RS01005,protein_coding,NC_003552.1,220724,221497,+
MA_RS01010,MA0187,"MA0187,MA_0187",MA_RS01010,protein_coding,NC_003552.1,221645,222184,+
MA_RS24325,MA_0188,MA_0188,MA_RS24325,protein_coding,NC_003552.1,222273,225017,-
MA_RS01020,MA0189,"MA0189,MA_0189",MA_RS01020,protein_coding,NC_003552.1,225245,228481,+
MA_RS01025,MA0190,"MA0190,MA_0190",MA_RS01025,protein_coding,NC_003552.1,228483,229421,+
MA_RS01030,MA0191,"MA0191,MA_0191",MA_RS01030,protein_coding,NC_003552.1,229690,230487,-
MA_RS01035,MA0192,"MA0192,MA_0192",MA_RS01035,protein_coding,NC_003552.1,230904,231164,+
MA_RS01040,MA0193,"MA0193,MA_0193",MA_RS01040,protein_coding,NC_003552.1,231399,231647,-
MA_RS01045,MA0194,"MA0194,MA_0194",alaS,protein_coding,NC_003552.1,231952,234729,+
MA_RS01050,MA0195,"MA0195,MA_0195",MA_RS01050,protein_coding,NC_003552.1,235213,236253,-
MA_RS01055,,,MA_RS01055,protein_coding,NC_003552.1,236515,236817,-
MA_RS01060,MA0197,"MA0197,MA_0197",MA_RS01060,protein_coding,NC_003552.1,237053,237397,-
MA_RS01065,MA0198,"MA0198,MA_0198",MA_RS01065,protein_coding,NC_003552.1,237707,238117,-
MA_RS01070,MA0199,"MA0199,MA_0199",MA_RS01070,protein_coding,NC_003552.1,238499,239620,-
MA_RS01075,MA0200,"MA0200,MA_0200",MA_RS01075,protein_coding,NC_003552.1,240415,240720,-
MA_RS01080,MA0201,"MA0201,MA_0201",MA_RS01080,protein_coding,NC_003552.1,240902,242029,-
MA_RS01085,MA0202,"MA0202,MA_0202",MA_RS01085,protein_coding,NC_003552.1,242125,242613,-
MA_RS01090,MA0203,"MA0203,MA_0203",MA_RS01090,protein_coding,NC_003552.1,243156,246950,+
MA_RS01095,MA0204,"MA0204,MA_0204",MA_RS01095,protein_coding,NC_003552.1,247160,248497,-
MA_RS01100,MA0205,"MA0205,MA_0205",MA_RS01100,protein_coding,NC_003552.1,249118,249978,+
MA_RS28280,,,MA_RS28280,protein_coding,NC_003552.1,249965,250126,+
MA_RS01105,MA0206,"MA0206,MA_0206",MA_RS01105,protein_coding,NC_003552.1,250245,251315,-
MA_RS01110,MA0207,"MA0207,MA_0207",MA_RS01110,protein_coding,NC_003552.1,251515,252498,+
MA_RS01115,MA0208,"MA0208,MA_0208",truA,protein_coding,NC_003552.1,252510,253319,+
MA_RS01120,MA0209,"MA0209,MA_0209",MA_RS01120,protein_coding,NC_003552.1,253737,254801,-
MA_RS01125,MA0210,"MA0210,MA_0210",MA_RS01125,protein_coding,NC_003552.1,255098,255385,-
MA_RS01130,MA0211,"MA0211,MA_0211",MA_RS01130,protein_coding,NC_003552.1,255426,256229,-
MA_RS01135,MA0212,"MA0212,MA_0212",map,protein_coding,NC_003552.1,256280,257170,-
MA_RS01140,MA0213,"MA0213,MA_0213",MA_RS01140,protein_coding,NC_003552.1,257371,258555,-
MA_RS01145,MA0214,"MA0214,MA_0214",MA_RS01145,protein_coding,NC_003552.1,258675,259343,-
MA_RS01150,MAt4685,MAt4685,MA_RS01150,tRNA,NC_003552.1,259696,259768,-
MA_RS01155,MAt4686,MAt4686,MA_RS01155,tRNA,NC_003552.1,259880,259992,-
MA_RS01160,MA0215,"MA0215,MA_0215",MA_RS01160,protein_coding,NC_003552.1,260214,260552,+
MA_RS01165,MA0216,"MA0216,MA_0216",MA_RS01165,protein_coding,NC_003552.1,261213,262409,-
MA_RS01170,MA0217,"MA0217,MA_0217",hisG,protein_coding,NC_003552.1,262974,263843,+
MA_RS01175,MA0218,"MA0218,MA_0218",hisA,protein_coding,NC_003552.1,263960,264697,+
MA_RS01180,MA0219,"MA0219,MA_0219",hisB,protein_coding,NC_003552.1,264755,265330,+
MA_RS01185,MA0220,"MA0220,MA_0220",MA_RS01185,protein_coding,NC_003552.1,265520,266245,-
MA_RS24330,MA_0221,MA_0221,MA_RS24330,protein_coding,NC_003552.1,266357,267910,-
MA_RS01195,MA0222,"MA0222,MA_0222",MA_RS01195,protein_coding,NC_003552.1,268090,269016,-
MA_RS01200,MA0223,"MA0223,MA_0223",MA_RS01200,protein_coding,NC_003552.1,269064,270074,-
MA_RS01205,MA0224,"MA0224,MA_0224",MA_RS01205,protein_coding,NC_003552.1,270372,270833,+
MA_RS24335,MA_0225,MA_0225,MA_RS24335,protein_coding,NC_003552.1,271766,272872,+
MA_RS01215,MA0226,"MA0226,MA_0226",MA_RS01215,protein_coding,NC_003552.1,272895,273158,-
MA_RS01220,MA0227,"MA0227,MA_0227",MA_RS01220,protein_coding,NC_003552.1,273162,273911,-
MA_RS01225,MA0228,"MA0228,MA_0228",MA_RS01225,protein_coding,NC_003552.1,273899,274729,-
MA_RS01230,MA0229,"MA0229,MA_0229",MA_RS01230,protein_coding,NC_003552.1,275092,276009,-
MA_RS24925,MA_0230,MA_0230,MA_RS24925,protein_coding,NC_003552.1,276030,276950,-
MA_RS01240,MA0231,"MA0231,MA_0231",MA_RS01240,protein_coding,NC_003552.1,277044,277403,-
MA_RS01245,MA0232,"MA0232,MA_0232",MA_RS01245,protein_coding,NC_003552.1,277529,278014,-
MA_RS01250,MA0233,"MA0233,MA_0233",MA_RS01250,protein_coding,NC_003552.1,278024,280012,-
MA_RS01255,MA0234,"MA0234,MA_0234",MA_RS01255,protein_coding,NC_003552.1,280023,281699,-
MA_RS01260,MA0235,"MA0235,MA_0235",MA_RS01260,protein_coding,NC_003552.1,282243,282728,-
MA_RS01265,MA0236,"MA0236,MA_0236",MA_RS01265,protein_coding,NC_003552.1,282852,284033,-
MA_RS01270,,,MA_RS01270,protein_coding,NC_003552.1,284077,284376,-
MA_RS01275,MA0238,"MA0238,MA_0238",MA_RS01275,protein_coding,NC_003552.1,284699,285247,-
MA_RS01280,MA0239,"MA0239,MA_0239",MA_RS01280,protein_coding,NC_003552.1,285315,285776,-
MA_RS01285,MA0240,"MA0240,MA_0240",larE,protein_coding,NC_003552.1,285856,286701,-
MA_RS01290,MA0241,"MA0241,MA_0241",glmM,protein_coding,NC_003552.1,287013,288359,+
MA_RS01295,MA0242,"MA0242,MA_0242",MA_RS01295,protein_coding,NC_003552.1,289325,290446,-
MA_RS01300,MA0243,"MA0243,MA_0243",MA_RS01300,protein_coding,NC_003552.1,290520,291626,-
MA_RS01305,MA0244,"MA0244,MA_0244",MA_RS01305,protein_coding,NC_003552.1,291736,292170,-
MA_RS01310,MA0245,"MA0245,MA_0245",MA_RS01310,protein_coding,NC_003552.1,292157,293362,-
MA_RS01315,MA0246,"MA0246,MA_0246",MA_RS01315,protein_coding,NC_003552.1,293589,294857,-
MA_RS01320,MA0247,"MA0247,MA_0247",MA_RS01320,protein_coding,NC_003552.1,295222,296991,+
MA_RS01325,MA0248,"MA0248,MA_0248",MA_RS01325,protein_coding,NC_003552.1,297112,297936,+
MA_RS01330,MA0249,"MA0249,MA_0249",MA_RS01330,protein_coding,NC_003552.1,298201,299268,-
MA_RS01335,MA0250,"MA0250,MA_0250",acnA,protein_coding,NC_003552.1,299683,302484,-
MA_RS01340,MA0251,"MA0251,MA_0251",MA_RS01340,protein_coding,NC_003552.1,303050,304429,-
MA_RS01345,MA0252,"MA0252,MA_0252",MA_RS01345,protein_coding,NC_003552.1,304839,305564,+
MA_RS01350,MA0253,"MA0253,MA_0253",MA_RS01350,protein_coding,NC_003552.1,305577,307301,-
MA_RS01355,MA0254,"MA0254,MA_0254",MA_RS01355,protein_coding,NC_003552.1,307346,308860,-
MA_RS01360,MA0255,"MA0255,MA_0255",MA_RS01360,protein_coding,NC_003552.1,309318,310061,+
MA_RS01365,MA0256,"MA0256,MA_0256",MA_RS01365,protein_coding,NC_003552.1,310333,311271,+
MA_RS24930,,,MA_RS24930,protein_coding,NC_003552.1,311375,311551,+
MA_RS01370,MA0257,"MA0257,MA_0257",tnpA,protein_coding,NC_003552.1,311592,311987,-
MA_RS01375,MA0258,"MA0258,MA_0258",tnpB,protein_coding,NC_003552.1,312034,313146,+
MA_RS29250,,,MA_RS29250,protein_coding,NC_003552.1,313483,313608,+
MA_RS01380,MA0259,"MA0259,MA_0259",MA_RS01380,protein_coding,NC_003552.1,313800,314696,-
MA_RS01385,MA0260,"MA0260,MA_0260",MA_RS01385,protein_coding,NC_003552.1,315578,316501,+
MA_RS01390,MA0261,"MA0261,MA_0261",thiC,protein_coding,NC_003552.1,316983,318230,+
MA_RS01395,MA0262,"MA0262,MA_0262",MA_RS01395,protein_coding,NC_003552.1,318584,319666,-
MA_RS01400,MAt4687,MAt4687,MA_RS01400,tRNA,NC_003552.1,320209,320282,-
MA_RS01405,MA0263,"MA0263,MA_0263",MA_RS01405,protein_coding,NC_003552.1,320466,321026,+
MA_RS01410,MA0264,"MA0264,MA_0264",MA_RS01410,protein_coding,NC_003552.1,321289,321900,+
MA_RS01415,MA0265,"MA0265,MA_0265",MA_RS01415,protein_coding,NC_003552.1,322186,322626,+
MA_RS01420,MA0266,"MA0266,MA_0266",MA_RS01420,protein_coding,NC_003552.1,322988,324490,+
MA_RS01425,MA0267,"MA0267,MA_0267",MA_RS01425,protein_coding,NC_003552.1,324585,325715,-
MA_RS01430,MA0269,"MA0269,MA_0269",mtrH,protein_coding,NC_003552.1,327079,328029,-
MA_RS01435,MA0270,"MA0270,MA_0270",mtrG,protein_coding,NC_003552.1,328042,328263,-
MA_RS01440,MA0271,"MA0271,MA_0271",mtrF,protein_coding,NC_003552.1,328281,328505,-
MA_RS01445,MA0272,"MA0272,MA_0272",mtrA,protein_coding,NC_003552.1,328505,329227,-
MA_RS01450,MA0273,"MA0273,MA_0273",MA_RS01450,protein_coding,NC_003552.1,329229,329555,-
MA_RS01455,MA0274,"MA0274,MA_0274",mtrC,protein_coding,NC_003552.1,329552,330355,-
MA_RS01460,MA0275,"MA0275,MA_0275",mtrD,protein_coding,NC_003552.1,330358,331107,-
MA_RS01465,MA0276,"MA0276,MA_0276",mtrE,protein_coding,NC_003552.1,331104,332018,-
MA_RS01475,MA0277,"MA0277,MA_0277",MA_RS01475,protein_coding,NC_003552.1,332799,333605,+
MA_RS01480,MA0278,"MA0278,MA_0278",MA_RS01480,protein_coding,NC_003552.1,333941,334498,+
MA_RS01485,MA0279,"MA0279,MA_0279",MA_RS01485,protein_coding,NC_003552.1,334718,336637,-
MA_RS01490,MA0280,"MA0280,MA_0280",wtpA,protein_coding,NC_003552.1,337091,338149,+
MA_RS01495,MA0281,"MA0281,MA_0281",MA_RS01495,protein_coding,NC_003552.1,338264,339082,+
MA_RS01500,MA0282,"MA0282,MA_0282",MA_RS01500,protein_coding,NC_003552.1,339069,340115,+
MA_RS01505,MA0283,"MA0283,MA_0283",MA_RS01505,protein_coding,NC_003552.1,340130,340717,+
MA_RS01510,MA0284,"MA0284,MA_0284",MA_RS01510,protein_coding,NC_003552.1,340889,341950,-
MA_RS01515,MA0285,"MA0285,MA_0285",MA_RS01515,protein_coding,NC_003552.1,341943,343088,-
MA_RS01520,MA0286,"MA0286,MA_0286",MA_RS01520,protein_coding,NC_003552.1,343085,345346,-
MA_RS01525,MA0287,"MA0287,MA_0287",MA_RS01525,protein_coding,NC_003552.1,345679,346452,+
MA_RS01530,MA0288,"MA0288,MA_0288",MA_RS01530,protein_coding,NC_003552.1,346711,347997,+
MA_RS01535,MA0289,"MA0289,MA_0289",MA_RS01535,protein_coding,NC_003552.1,348379,349038,+
MA_RS01540,MA0290,"MA0290,MA_0290",MA_RS01540,protein_coding,NC_003552.1,349120,349443,+
MA_RS01545,MA0291,"MA0291,MA_0291",MA_RS01545,protein_coding,NC_003552.1,349474,349764,-
MA_RS01550,MA0292,"MA0292,MA_0292",MA_RS01550,protein_coding,NC_003552.1,349803,350108,-
MA_RS01555,MA0293,"MA0293,MA_0293",MA_RS01555,protein_coding,NC_003552.1,350298,350555,+
MA_RS01560,MA0294,"MA0294,MA_0294",MA_RS01560,protein_coding,NC_003552.1,350802,351662,+
MA_RS01565,MA0295,"MA0295,MA_0295",MA_RS01565,protein_coding,NC_003552.1,351805,352455,+
MA_RS01570,MA0296,"MA0296,MA_0296",MA_RS01570,protein_coding,NC_003552.1,353792,354220,+
MA_RS01575,MA0297,"MA0297,MA_0297",MA_RS01575,protein_coding,NC_003552.1,354499,355260,-
MA_RS01580,MA0298,"MA0298,MA_0298",MA_RS01580,protein_coding,NC_003552.1,355257,355964,-
MA_RS01585,MA0299,"MA0299,MA_0299",MA_RS01585,protein_coding,NC_003552.1,355940,356881,-
MA_RS01590,MA0300,"MA0300,MA_0300",MA_RS01590,protein_coding,NC_003552.1,356878,357780,-
MA_RS01595,MA0301,"MA0301,MA_0301",MA_RS01595,protein_coding,NC_003552.1,357785,358726,-
MA_RS01600,MA0302,"MA0302,MA_0302",MA_RS01600,protein_coding,NC_003552.1,358852,360492,-
MA_RS01605,MA0303,"MA0303,MA_0303",MA_RS01605,protein_coding,NC_003552.1,360522,361289,-
MA_RS26400,,,MA_RS26400,protein_coding,NC_003552.1,361696,361842,-
MA_RS01620,MA0304,"MA0304,MA_0304",MA_RS01620,protein_coding,NC_003552.1,362830,363399,+
MA_RS01625,MA0305,"MA0305,MA_0305",MA_RS01625,protein_coding,NC_003552.1,363418,364458,+
MA_RS01630,MA0306,"MA0306,MA_0306",MA_RS01630,protein_coding,NC_003552.1,364459,366213,+
MA_RS01635,MA0307,"MA0307,MA_0307",MA_RS01635,protein_coding,NC_003552.1,366218,367084,+
MA_RS01640,MA0308,"MA0308,MA_0308",MA_RS01640,protein_coding,NC_003552.1,367095,367484,+
MA_RS01645,MA0309,"MA0309,MA_0309",MA_RS01645,protein_coding,NC_003552.1,367487,368788,+
MA_RS01650,MA0310,"MA0310,MA_0310",MA_RS01650,protein_coding,NC_003552.1,369250,370296,+
MA_RS01655,MA0311,"MA0311,MA_0311",MA_RS01655,protein_coding,NC_003552.1,370777,371526,+
MA_RS01660,,,MA_RS01660,protein_coding,NC_003552.1,372184,372411,-
MA_RS01665,MA0313,"MA0313,MA_0313",MA_RS01665,protein_coding,NC_003552.1,372564,373571,-
MA_RS01670,MA0314,"MA0314,MA_0314",MA_RS01670,protein_coding,NC_003552.1,373760,374464,-
MA_RS01675,MA0315,"MA0315,MA_0315",MA_RS01675,protein_coding,NC_003552.1,375115,376125,+
MA_RS01680,MA0316,"MA0316,MA_0316",purN,protein_coding,NC_003552.1,376216,376830,+
MA_RS01700,MA0320,"MA0320,MA_0320",MA_RS01700,protein_coding,NC_003552.1,378649,379041,+
MA_RS01705,MA0321,"MA0321,MA_0321",MA_RS01705,protein_coding,NC_003552.1,379094,380020,-
MA_RS01710,MA0322,"MA0322,MA_0322",MA_RS01710,protein_coding,NC_003552.1,380046,380837,-
MA_RS01715,MA0323,"MA0323,MA_0323",MA_RS01715,protein_coding,NC_003552.1,380961,382022,-
MA_RS01720,MA0324,"MA0324,MA_0324",MA_RS01720,protein_coding,NC_003552.1,382019,382879,-
MA_RS01725,MA0325,"MA0325,MA_0325",modA,protein_coding,NC_003552.1,382867,383682,-
MA_RS01730,MA0326,"MA0326,MA_0326",MA_RS01730,protein_coding,NC_003552.1,383857,384498,-
MA_RS01735,MA0327,"MA0327,MA_0327",MA_RS01735,protein_coding,NC_003552.1,384571,385146,-
MA_RS01740,MA0328,"MA0328,MA_0328",MA_RS01740,protein_coding,NC_003552.1,385182,385754,-
MA_RS01745,MA0329,"MA0329,MA_0329",MA_RS01745,protein_coding,NC_003552.1,385916,386206,-
MA_RS01750,MA0330,"MA0330,MA_0330",MA_RS01750,protein_coding,NC_003552.1,386302,386826,-
MA_RS01755,MA0331,"MA0331,MA_0331",MA_RS01755,protein_coding,NC_003552.1,386898,387662,-
MA_RS01760,MA0332,"MA0332,MA_0332",MA_RS01760,protein_coding,NC_003552.1,387918,388475,-
MA_RS01765,MA0333,"MA0333,MA_0333",MA_RS01765,protein_coding,NC_003552.1,388736,389119,+
MA_RS01770,MA0334,"MA0334,MA_0334",MA_RS01770,protein_coding,NC_003552.1,389165,390565,-
MA_RS01775,MA0335,"MA0335,MA_0335",MA_RS01775,protein_coding,NC_003552.1,391064,393439,+
MA_RS01780,MA0336,"MA0336,MA_0336",MA_RS01780,protein_coding,NC_003552.1,393609,396260,-
MA_RS01785,MA0337,"MA0337,MA_0337",MA_RS01785,protein_coding,NC_003552.1,397092,397532,+
MA_RS01790,MA0338,"MA0338,MA_0338",MA_RS01790,protein_coding,NC_003552.1,397635,398663,+
MA_RS01795,MA0339,"MA0339,MA_0339",MA_RS01795,protein_coding,NC_003552.1,398698,399663,+
MA_RS01800,MA0340,"MA0340,MA_0340",MA_RS01800,protein_coding,NC_003552.1,399660,400670,+
MA_RS01805,MA0341,"MA0341,MA_0341",MA_RS01805,protein_coding,NC_003552.1,400671,401354,+
MA_RS01810,MA0342,"MA0342,MA_0342",MA_RS01810,protein_coding,NC_003552.1,401436,401951,-
MA_RS01815,MA0343,"MA0343,MA_0343",MA_RS01815,protein_coding,NC_003552.1,402530,403219,+
MA_RS01820,MA0344,"MA0344,MA_0344",MA_RS01820,protein_coding,NC_003552.1,403216,403845,+
MA_RS01825,MA0345,"MA0345,MA_0345",MA_RS01825,protein_coding,NC_003552.1,403871,404266,+
MA_RS01830,MA0346,"MA0346,MA_0346",MA_RS01830,protein_coding,NC_003552.1,404536,409737,+
MA_RS01840,MA0348,"MA0348,MA_0348",MA_RS01840,protein_coding,NC_003552.1,410767,416304,+
MA_RS29255,,,MA_RS29255,protein_coding,NC_003552.1,416955,417077,+
MA_RS01850,MA0351,"MA0351,MA_0351",MA_RS01850,protein_coding,NC_003552.1,418633,419550,-
MA_RS01855,MA0352,"MA0352,MA_0352",MA_RS01855,protein_coding,NC_003552.1,419579,421036,-
MA_RS28285,MA_0353,MA_0353,MA_RS28285,protein_coding,NC_003552.1,421754,422128,-
MA_RS28290,MA_0354,MA_0354,MA_RS28290,protein_coding,NC_003552.1,422044,422331,-
MA_RS01870,MA0356,"MA0356,MA_0356",MA_RS01870,protein_coding,NC_003552.1,422982,423671,-
MA_RS01875,MA0357,"MA0357,MA_0357",MA_RS01875,protein_coding,NC_003552.1,423880,424020,-
MA_RS29260,,,MA_RS29260,protein_coding,NC_003552.1,424113,424244,-
MA_RS01880,,,MA_RS01880,protein_coding,NC_003552.1,424241,424459,-
MA_RS01885,MA0359,"MA0359,MA_0359",MA_RS01885,protein_coding,NC_003552.1,425043,425420,-
MA_RS01895,MA0360,"MA0360,MA_0360",MA_RS01895,protein_coding,NC_003552.1,426809,427939,-
MA_RS29685,,,MA_RS29685,protein_coding,NC_003552.1,428033,428134,-
MA_RS01900,MA0361,"MA0361,MA_0361",MA_RS01900,protein_coding,NC_003552.1,428185,428664,-
MA_RS01905,MA0362,"MA0362,MA_0362",MA_RS01905,protein_coding,NC_003552.1,428833,430029,-
MA_RS01910,MA0363,"MA0363,MA_0363",MA_RS01910,protein_coding,NC_003552.1,430382,430861,-
MA_RS01915,MA0364,"MA0364,MA_0364",MA_RS01915,protein_coding,NC_003552.1,430918,431496,-
MA_RS01920,MA0365,"MA0365,MA_0365",MA_RS01920,protein_coding,NC_003552.1,431771,432943,-
MA_RS01925,MA0366,"MA0366,MA_0366",MA_RS01925,protein_coding,NC_003552.1,432966,433868,-
MA_RS01930,MA0367,"MA0367,MA_0367",MA_RS01930,protein_coding,NC_003552.1,433861,434928,-
MA_RS01935,MA0368,"MA0368,MA_0368",MA_RS01935,protein_coding,NC_003552.1,435159,435737,-
MA_RS01940,MA0369,"MA0369,MA_0369",larC,protein_coding,NC_003552.1,435971,436552,-
MA_RS01945,MA0370,"MA0370,MA_0370",MA_RS01945,protein_coding,NC_003552.1,436699,438486,-
MA_RS01950,MA0372,"MA0372,MA_0372",pyrH,protein_coding,NC_003552.1,438790,439491,+
MA_RS01955,MA0373,"MA0373,MA_0373",MA_RS01955,protein_coding,NC_003552.1,439678,440862,+
MA_RS01960,MA0374,"MA0374,MA_0374",MA_RS01960,protein_coding,NC_003552.1,440932,442047,+
MA_RS01965,MA0375,"MA0375,MA_0375",MA_RS01965,protein_coding,NC_003552.1,442147,442428,+
MA_RS01970,MA0376,"MA0376,MA_0376",MA_RS01970,protein_coding,NC_003552.1,442416,442679,+
MA_RS01975,MA0377,"MA0377,MA_0377",MA_RS01975,protein_coding,NC_003552.1,442881,443597,+
MA_RS01980,MA0378,"MA0378,MA_0378",MA_RS01980,protein_coding,NC_003552.1,443685,444149,-
MA_RS01985,MA0379,"MA0379,MA_0379",MA_RS01985,protein_coding,NC_003552.1,444213,445136,-
MA_RS01990,MA0380,"MA0380,MA_0380",MA_RS01990,protein_coding,NC_003552.1,445215,446003,-
MA_RS02000,MA0381,"MA0381,MA_0381",MA_RS02000,protein_coding,NC_003552.1,447488,447997,+
MA_RS02005,MA0382,"MA0382,MA_0382",tsaA,protein_coding,NC_003552.1,447990,448427,+
MA_RS02010,MA0383,"MA0383,MA_0383",MA_RS02010,protein_coding,NC_003552.1,448684,453072,-
MA_RS02015,MA0384,"MA0384,MA_0384",cobN,protein_coding,NC_003552.1,453449,457996,-
MA_RS02025,MA0385,"MA0385,MA_0385",cobN,protein_coding,NC_003552.1,458726,464422,-
MA_RS02030,MA0386,"MA0386,MA_0386",MA_RS02030,protein_coding,NC_003552.1,465002,469318,-
MA_RS02035,MA0387,"MA0387,MA_0387",zupT,protein_coding,NC_003552.1,469736,470503,-
MA_RS02040,MA0388,"MA0388,MA_0388",MA_RS02040,protein_coding,NC_003552.1,470816,472120,-
MA_RS02045,MA0389,"MA0389,MA_0389",MA_RS02045,protein_coding,NC_003552.1,472290,472499,+
MA_RS02050,,,MA_RS02050,protein_coding,NC_003552.1,472723,472959,-
MA_RS02055,,,MA_RS02055,protein_coding,NC_003552.1,474240,474614,+
MA_RS02060,,,MA_RS02060,protein_coding,NC_003552.1,474915,475265,+
MA_RS02065,,,MA_RS02065,protein_coding,NC_003552.1,475284,475463,+
MA_RS02070,MA0393,"MA0393,MA_0393",cbiQ,protein_coding,NC_003552.1,475733,476515,+
MA_RS02075,MA0394,"MA0394,MA_0394",MA_RS02075,protein_coding,NC_003552.1,476549,477874,+
MA_RS24965,,,MA_RS24965,protein_coding,NC_003552.1,478141,478272,+
MA_RS26415,,,MA_RS26415,protein_coding,NC_003552.1,478251,478406,+
MA_RS28135,MA_0396,MA_0396,MA_RS28135,protein_coding,NC_003552.1,478454,478798,+
MA_RS02090,MA0398,"MA0398,MA_0398",MA_RS02090,protein_coding,NC_003552.1,481091,481441,+
MA_RS02100,MA0399,"MA0399,MA_0399",MA_RS02100,protein_coding,NC_003552.1,482086,483003,+
MA_RS02105,MA0400,"MA0400,MA_0400",MA_RS02105,protein_coding,NC_003552.1,483000,483875,+
MA_RS02110,MA0401,"MA0401,MA_0401",MA_RS02110,protein_coding,NC_003552.1,484225,484446,+
MA_RS02115,MA0402,"MA0402,MA_0402",MA_RS02115,protein_coding,NC_003552.1,484776,485201,+
MA_RS02120,MA0403,"MA0403,MA_0403",MA_RS02120,protein_coding,NC_003552.1,485208,486335,+
MA_RS02125,MA0404,"MA0404,MA_0404",MA_RS02125,protein_coding,NC_003552.1,486521,487600,+
MA_RS02135,MA0406,"MA0406,MA_0406",MA_RS02135,protein_coding,NC_003552.1,488865,489485,+
MA_RS02140,MA0407,"MA0407,MA_0407",MA_RS02140,protein_coding,NC_003552.1,489540,490079,+
MA_RS28295,,,MA_RS28295,protein_coding,NC_003552.1,490985,491269,+
MA_RS02150,MA0409,"MA0409,MA_0409",MA_RS02150,protein_coding,NC_003552.1,491290,492042,+
MA_RS02155,MA0410,"MA0410,MA_0410",MA_RS02155,protein_coding,NC_003552.1,492073,492648,+
MA_RS02165,MA0413,"MA0413,MA_0413",MA_RS02165,protein_coding,NC_003552.1,493911,494819,+
MA_RS02170,MA0414,"MA0414,MA_0414",MA_RS02170,protein_coding,NC_003552.1,495076,495432,-
MA_RS02175,MA0415,"MA0415,MA_0415",MA_RS02175,protein_coding,NC_003552.1,496128,496898,+
MA_RS02180,MA0416,"MA0416,MA_0416",MA_RS02180,protein_coding,NC_003552.1,497069,497494,+
MA_RS02185,MA0417,"MA0417,MA_0417",MA_RS02185,protein_coding,NC_003552.1,497558,498742,+
MA_RS02190,MA0418,"MA0418,MA_0418",MA_RS02190,protein_coding,NC_003552.1,499078,499617,+
MA_RS02195,MA0419,"MA0419,MA_0419",MA_RS02195,protein_coding,NC_003552.1,499831,500814,+
MA_RS29265,,,MA_RS29265,protein_coding,NC_003552.1,500884,500970,+
MA_RS29270,,,MA_RS29270,protein_coding,NC_003552.1,501039,501227,+
MA_RS02205,MA0421,"MA0421,MA_0421",MA_RS02205,protein_coding,NC_003552.1,501351,501950,+
MA_RS02210,MA0422,"MA0422,MA_0422",MA_RS02210,protein_coding,NC_003552.1,502401,503603,+
MA_RS26425,MA_0423,MA_0423,MA_RS26425,protein_coding,NC_003552.1,503887,504126,+
MA_RS02220,MA0424,"MA0424,MA_0424",MA_RS02220,protein_coding,NC_003552.1,504673,504903,+
MA_RS02225,,,MA_RS02225,protein_coding,NC_003552.1,505101,505262,+
MA_RS02230,MA0425,"MA0425,MA_0425",MA_RS02230,protein_coding,NC_003552.1,505493,505885,-
MA_RS02235,MA0426,"MA0426,MA_0426",MA_RS02235,protein_coding,NC_003552.1,506196,506408,+
MA_RS02240,MA0427,"MA0427,MA_0427",MA_RS02240,protein_coding,NC_003552.1,506764,507966,+
MA_RS02245,MA0428,"MA0428,MA_0428",larB,protein_coding,NC_003552.1,508310,509143,+
MA_RS02250,MA0429,"MA0429,MA_0429",larC,protein_coding,NC_003552.1,509181,510371,+
MA_RS02255,MA0430,"MA0430,MA_0430",asd,protein_coding,NC_003552.1,510626,511654,-
MA_RS02260,MA0431,"MA0431,MA_0431",MA_RS02260,protein_coding,NC_003552.1,511754,511936,-
MA_RS02265,MA0432,"MA0432,MA_0432",MA_RS02265,protein_coding,NC_003552.1,512183,512491,-
MA_RS02270,MA0433,"MA0433,MA_0433",MA_RS02270,protein_coding,NC_003552.1,512628,513692,-
MA_RS02275,MA0434,"MA0434,MA_0434",MA_RS02275,protein_coding,NC_003552.1,513926,514231,-
MA_RS28300,MA_0435,MA_0435,MA_RS28300,protein_coding,NC_003552.1,515482,515988,-
MA_RS02285,MA0436,"MA0436,MA_0436",MA_RS02285,protein_coding,NC_003552.1,516253,517248,+
MA_RS02290,MA0437,"MA0437,MA_0437",MA_RS02290,protein_coding,NC_003552.1,517343,518158,+
MA_RS02300,MA0439,"MA0439,MA_0439",MA_RS02300,protein_coding,NC_003552.1,519393,520196,-
MA_RS02305,MA0440,"MA0440,MA_0440",MA_RS02305,protein_coding,NC_003552.1,520308,520823,-
MA_RS02310,MA0441,"MA0441,MA_0441",MA_RS02310,protein_coding,NC_003552.1,521099,523168,+
MA_RS02315,,,MA_RS02315,protein_coding,NC_003552.1,523405,523614,-
MA_RS02320,MA0443,"MA0443,MA_0443",MA_RS02320,protein_coding,NC_003552.1,523963,524703,+
MA_RS02325,MA0444,"MA0444,MA_0444",MA_RS02325,protein_coding,NC_003552.1,524887,525492,+
MA_RS02330,MA0445,"MA0445,MA_0445",MA_RS02330,protein_coding,NC_003552.1,525616,526164,+
MA_RS24975,MA_0446,MA_0446,MA_RS24975,protein_coding,NC_003552.1,526304,526435,-
MA_RS26430,,,MA_RS26430,protein_coding,NC_003552.1,526480,526626,-
MA_RS02340,MA0447,"MA0447,MA_0447",MA_RS02340,protein_coding,NC_003552.1,526764,527975,+
MA_RS02345,MA0448,"MA0448,MA_0448",MA_RS02345,protein_coding,NC_003552.1,528046,528495,-
MA_RS02350,MA0449,"MA0449,MA_0449",msrB,protein_coding,NC_003552.1,528705,529127,+
MA_RS24980,MA_0450,MA_0450,MA_RS24980,protein_coding,NC_003552.1,529351,529560,+
MA_RS02360,MA0451,"MA0451,MA_0451",MA_RS02360,protein_coding,NC_003552.1,529870,530526,+
MA_RS02365,MA0452,"MA0452,MA_0452",MA_RS02365,protein_coding,NC_003552.1,530608,531747,-
MA_RS02370,MA0453,"MA0453,MA_0453",MA_RS02370,protein_coding,NC_003552.1,531805,532971,-
MA_RS02375,MA0454,"MA0454,MA_0454",MA_RS02375,protein_coding,NC_003552.1,533783,534781,+
MA_RS02380,MA0455,"MA0455,MA_0455",mtaB,protein_coding,NC_003552.1,534844,536229,-
MA_RS02385,MA0456,"MA0456,MA_0456",mtaC,protein_coding,NC_003552.1,536240,537016,-
MA_RS02395,MA0458,"MA0458,MA_0458",MA_RS02395,protein_coding,NC_003552.1,537303,537533,-
MA_RS02400,MA0459,"MA0459,MA_0459",MA_RS02400,protein_coding,NC_003552.1,537926,538780,+
MA_RS02405,MA0460,"MA0460,MA_0460",MA_RS02405,protein_coding,NC_003552.1,539017,539808,+
MA_RS02410,MA0461,"MA0461,MA_0461",MA_RS02410,protein_coding,NC_003552.1,539898,541817,-
MA_RS02415,MA0462,"MA0462,MA_0462",MA_RS02415,protein_coding,NC_003552.1,541988,542464,+
MA_RS02420,MA0463,"MA0463,MA_0463",MA_RS02420,protein_coding,NC_003552.1,542620,542799,-
MA_RS02425,MA0464,"MA0464,MA_0464",MA_RS02425,protein_coding,NC_003552.1,542972,544933,-
MA_RS02430,MA0465,"MA0465,MA_0465",MA_RS02430,protein_coding,NC_003552.1,544992,546491,-
MA_RS28305,,,MA_RS28305,protein_coding,NC_003552.1,546673,546882,-
MA_RS28310,,,MA_RS28310,protein_coding,NC_003552.1,546993,547208,+
MA_RS28315,,,MA_RS28315,protein_coding,NC_003552.1,547604,547807,+
MA_RS02440,MA0467,"MA0467,MA_0467",MA_RS02440,protein_coding,NC_003552.1,547815,548807,+
MA_RS02445,MA0468,"MA0468,MA_0468",MA_RS02445,protein_coding,NC_003552.1,548980,549450,-
MA_RS02450,,,MA_RS02450,protein_coding,NC_003552.1,549702,549896,-
MA_RS02455,MA0469,"MA0469,MA_0469",MA_RS02455,protein_coding,NC_003552.1,550418,551323,+
MA_RS02465,MA0471,"MA0471,MA_0471",MA_RS02465,protein_coding,NC_003552.1,552436,552756,+
MA_RS02470,MA0472,"MA0472,MA_0472",MA_RS02470,protein_coding,NC_003552.1,552863,554347,-
MA_RS02475,MA0473,"MA0473,MA_0473",MA_RS02475,protein_coding,NC_003552.1,554458,554664,+
MA_RS02480,MA0474,"MA0474,MA_0474",MA_RS02480,protein_coding,NC_003552.1,554618,555496,+
MA_RS02485,MA0475,"MA0475,MA_0475",MA_RS02485,protein_coding,NC_003552.1,555563,556177,+
MA_RS02490,MA0476,"MA0476,MA_0476",MA_RS02490,protein_coding,NC_003552.1,556226,556669,+
MA_RS28320,,,MA_RS28320,protein_coding,NC_003552.1,556816,557034,+
MA_RS02495,MA0477,"MA0477,MA_0477",MA_RS02495,protein_coding,NC_003552.1,557862,558233,+
MA_RS29275,,,MA_RS29275,protein_coding,NC_003552.1,558966,559094,+
MA_RS02500,MA0479,"MA0479,MA_0479",MA_RS02500,protein_coding,NC_003552.1,559648,560424,-
MA_RS02505,MA0480,"MA0480,MA_0480",MA_RS02505,protein_coding,NC_003552.1,560781,561176,-
MA_RS02510,MA0481,"MA0481,MA_0481",MA_RS02510,protein_coding,NC_003552.1,561181,561753,-
MA_RS02520,,,MA_RS02520,protein_coding,NC_003552.1,562005,562271,-
MA_RS02525,MA0484,"MA0484,MA_0484",MA_RS02525,protein_coding,NC_003552.1,563057,564046,-
MA_RS29690,,,MA_RS29690,protein_coding,NC_003552.1,564477,564671,-
MA_RS29695,MA_0485,MA_0485,MA_RS29695,protein_coding,NC_003552.1,564629,564964,+
MA_RS02535,MA0486,"MA0486,MA_0486",ygiD,protein_coding,NC_003552.1,565014,565790,-
MA_RS02540,MA0487,"MA0487,MA_0487",MA_RS02540,protein_coding,NC_003552.1,566070,567359,+
MA_RS24350,MA_0488,MA_0488,MA_RS24350,protein_coding,NC_003552.1,567850,570723,+
MA_RS02555,MA0490,"MA0490,MA_0490",MA_RS02555,protein_coding,NC_003552.1,571167,573713,+
MA_RS02560,MA0491,"MA0491,MA_0491",MA_RS02560,protein_coding,NC_003552.1,573987,576203,-
MA_RS02565,MA0492,"MA0492,MA_0492",MA_RS02565,protein_coding,NC_003552.1,576556,577233,-
MA_RS02570,MA0493,"MA0493,MA_0493",MA_RS02570,protein_coding,NC_003552.1,577531,578181,+
MA_RS02575,MA0494,"MA0494,MA_0494",MA_RS02575,protein_coding,NC_003552.1,578794,579201,+
MA_RS02585,MA0496,"MA0496,MA_0496",MA_RS02585,protein_coding,NC_003552.1,579515,579841,+
MA_RS02590,MA0497,"MA0497,MA_0497",MA_RS02590,protein_coding,NC_003552.1,579937,582219,-
MA_RS02595,MA0499,"MA0499,MA_0499",MA_RS02595,protein_coding,NC_003552.1,582774,583250,+
MA_RS24355,MA_0500,MA_0500,MA_RS24355,protein_coding,NC_003552.1,583586,584113,+
MA_RS02610,MA0502,"MA0502,MA_0502",MA_RS02610,protein_coding,NC_003552.1,584723,585280,+
MA_RS02620,MA0504,"MA0504,MA_0504",MA_RS02620,protein_coding,NC_003552.1,585765,586307,-
MA_RS02625,MA0505,"MA0505,MA_0505",MA_RS02625,protein_coding,NC_003552.1,586505,587242,+
MA_RS02630,MA0506,"MA0506,MA_0506",MA_RS02630,protein_coding,NC_003552.1,587255,588178,+
MA_RS02635,MA0507,"MA0507,MA_0507",MA_RS02635,protein_coding,NC_003552.1,588926,589444,+
MA_RS02640,MA0508,"MA0508,MA_0508",MA_RS02640,protein_coding,NC_003552.1,590259,591188,+
MA_RS02645,MA0509,"MA0509,MA_0509",MA_RS02645,protein_coding,NC_003552.1,591371,592807,+
MA_RS02650,MA0510,"MA0510,MA_0510",MA_RS02650,protein_coding,NC_003552.1,593230,594093,+
MA_RS02660,MA0511,"MA0511,MA_0511",MA_RS02660,protein_coding,NC_003552.1,594609,595223,+
MA_RS02665,MA0512,"MA0512,MA_0512",MA_RS02665,protein_coding,NC_003552.1,595359,596744,+
MA_RS02670,MA0513,"MA0513,MA_0513",MA_RS02670,protein_coding,NC_003552.1,597068,597652,-
MA_RS02680,,,MA_RS02680,protein_coding,NC_003552.1,598296,598502,-
MA_RS02685,MA0515,"MA0515,MA_0515",MA_RS02685,protein_coding,NC_003552.1,599612,600484,-
MA_RS02690,MA0516,"MA0516,MA_0516",MA_RS02690,protein_coding,NC_003552.1,601283,601759,+
MA_RS02695,MA0517,"MA0517,MA_0517",MA_RS02695,protein_coding,NC_003552.1,601897,602175,+
MA_RS02700,MA0518,"MA0518,MA_0518",MA_RS02700,protein_coding,NC_003552.1,602172,602522,+
MA_RS02705,MAt4688,MAt4688,MA_RS02705,tRNA,NC_003552.1,602880,602953,-
MA_RS02710,MA0519,"MA0519,MA_0519",MA_RS02710,protein_coding,NC_003552.1,603202,603966,+
MA_RS02715,MA0520,"MA0520,MA_0520",MA_RS02715,protein_coding,NC_003552.1,604061,604648,-
MA_RS02720,MA0521,"MA0521,MA_0521",MA_RS02720,protein_coding,NC_003552.1,604781,605800,-
MA_RS02725,MA0522,"MA0522,MA_0522",mutL,protein_coding,NC_003552.1,606446,608416,-
MA_RS02730,MA0523,"MA0523,MA_0523",mutS,protein_coding,NC_003552.1,608616,611318,-
MA_RS28335,MA_0524,MA_0524,MA_RS28335,protein_coding,NC_003552.1,611840,612079,+
MA_RS02740,MAt4689,MAt4689,MA_RS02740,tRNA,NC_003552.1,612472,612549,-
MA_RS02745,MA0525,"MA0525,MA_0525",MA_RS02745,protein_coding,NC_003552.1,612727,613311,-
MA_RS02750,MA0526,"MA0526,MA_0526",MA_RS02750,protein_coding,NC_003552.1,613653,614801,+
MA_RS02760,MA0527,"MA0527,MA_0527",mtbC,protein_coding,NC_003552.1,615729,616370,+
MA_RS02775,MA0529,"MA0529,MA_0529",MA_RS02775,protein_coding,NC_003552.1,617913,618563,+
MA_RS02780,MA0530,"MA0530,MA_0530",MA_RS02780,protein_coding,NC_003552.1,619035,620096,+
MA_RS02785,MA0531,"MA0531,MA_0531",MA_RS02785,protein_coding,NC_003552.1,620098,620394,+
MA_RS28040,,,MA_RS28040,protein_coding,NC_003552.1,620413,620562,+
MA_RS02800,MA0533,"MA0533,MA_0533",MA_RS02800,protein_coding,NC_003552.1,622779,623399,+
MA_RS02805,MA0534,"MA0534,MA_0534",lysS,protein_coding,NC_003552.1,624104,625717,+
MA_RS02810,MA0535,"MA0535,MA_0535",MA_RS02810,protein_coding,NC_003552.1,625757,626557,+
MA_RS02815,MA0536,"MA0536,MA_0536",MA_RS02815,protein_coding,NC_003552.1,626734,626991,-
MA_RS02820,MA0537,"MA0537,MA_0537",MA_RS02820,protein_coding,NC_003552.1,627143,627634,-
MA_RS02825,MA0538,"MA0538,MA_0538",MA_RS02825,protein_coding,NC_003552.1,627701,630268,-
MA_RS02830,MA0539,"MA0539,MA_0539",MA_RS02830,protein_coding,NC_003552.1,630525,630926,-
MA_RS02835,MA0540,"MA0540,MA_0540",MA_RS02835,protein_coding,NC_003552.1,631274,631561,-
MA_RS02840,MA0541,"MA0541,MA_0541",hisF,protein_coding,NC_003552.1,631609,632430,-
MA_RS02845,MA0542,"MA0542,MA_0542",MA_RS02845,protein_coding,NC_003552.1,633027,633491,-
MA_RS02850,MA0543,"MA0543,MA_0543",MA_RS02850,protein_coding,NC_003552.1,633604,634320,-
MA_RS02855,MA0544,"MA0544,MA_0544",MA_RS02855,protein_coding,NC_003552.1,634461,635216,-
MA_RS02860,MA0545,"MA0545,MA_0545",MA_RS02860,protein_coding,NC_003552.1,635158,635793,-
MA_RS02870,MA0546,"MA0546,MA_0546",MA_RS02870,protein_coding,NC_003552.1,636080,636565,-
MA_RS02875,MA0547,"MA0547,MA_0547",MA_RS02875,protein_coding,NC_003552.1,636723,637436,+
MA_RS02880,MA0548,"MA0548,MA_0548",ribB,protein_coding,NC_003552.1,637433,638176,+
MA_RS02885,MA0549,"MA0549,MA_0549",MA_RS02885,protein_coding,NC_003552.1,638399,639289,+
MA_RS02890,MA0550,"MA0550,MA_0550",aroC,protein_coding,NC_003552.1,639295,640392,+
MA_RS25000,MA_0551,MA_0551,MA_RS25000,protein_coding,NC_003552.1,640700,644749,+
MA_RS02905,MA0552,"MA0552,MA_0552",MA_RS02905,protein_coding,NC_003552.1,645562,649428,+
MA_RS26440,,,MA_RS26440,protein_coding,NC_003552.1,649767,649916,+
MA_RS02915,MA0554,"MA0554,MA_0554",MA_RS02915,protein_coding,NC_003552.1,649933,650793,+
MA_RS26445,,,MA_RS26445,protein_coding,NC_003552.1,651143,651355,+
MA_RS29280,,,MA_RS29280,protein_coding,NC_003552.1,651359,651481,+
MA_RS02920,MA0555,"MA0555,MA_0555",MA_RS02920,protein_coding,NC_003552.1,651520,652707,+
MA_RS02925,MA0556,"MA0556,MA_0556",MA_RS02925,protein_coding,NC_003552.1,652958,655138,+
MA_RS02930,MA0557,"MA0557,MA_0557",MA_RS02930,protein_coding,NC_003552.1,655226,657511,+
MA_RS02935,MA0558,"MA0558,MA_0558",MA_RS02935,protein_coding,NC_003552.1,657701,659947,+
MA_RS02940,MA0559,"MA0559,MA_0559",MA_RS02940,protein_coding,NC_003552.1,660130,660654,+
MA_RS02945,MA0560,"MA0560,MA_0560",MA_RS02945,protein_coding,NC_003552.1,661627,663963,+
MA_RS02950,MA0561,"MA0561,MA_0561",MA_RS02950,protein_coding,NC_003552.1,664051,666390,+
MA_RS02955,MA0562,"MA0562,MA_0562",MA_RS02955,protein_coding,NC_003552.1,666579,667085,+
MA_RS02960,MA0563,"MA0563,MA_0563",MA_RS02960,protein_coding,NC_003552.1,667157,668335,+
MA_RS02965,MA0564,"MA0564,MA_0564",MA_RS02965,protein_coding,NC_003552.1,668702,669973,+
MA_RS02970,MA0565,"MA0565,MA_0565",MA_RS02970,protein_coding,NC_003552.1,670086,670751,+
MA_RS26450,,,MA_RS26450,protein_coding,NC_003552.1,671115,671363,+
MA_RS02975,MA0566,"MA0566,MA_0566",MA_RS02975,protein_coding,NC_003552.1,671739,672695,+
MA_RS02980,MA0567,"MA0567,MA_0567",MA_RS02980,protein_coding,NC_003552.1,672806,673219,+
MA_RS26455,,,MA_RS26455,protein_coding,NC_003552.1,673473,673733,+
MA_RS02990,MA0569,"MA0569,MA_0569",MA_RS02990,protein_coding,NC_003552.1,674025,674435,+
MA_RS03000,MA0571,"MA0571,MA_0571",MA_RS03000,protein_coding,NC_003552.1,675365,675823,+
MA_RS03005,MA0572,"MA0572,MA_0572",MA_RS03005,protein_coding,NC_003552.1,676154,676576,+
MA_RS03010,MA0573,"MA0573,MA_0573",ahbD,protein_coding,NC_003552.1,677229,678278,+
MA_RS03015,MA0574,"MA0574,MA_0574",ahbA,protein_coding,NC_003552.1,678275,678838,+
MA_RS03020,MA0575,"MA0575,MA_0575",ahbB,protein_coding,NC_003552.1,678843,679301,+
MA_RS03025,MA0576,"MA0576,MA_0576",MA_RS03025,protein_coding,NC_003552.1,679496,680158,+
MA_RS03030,MA0577,"MA0577,MA_0577",hemA,protein_coding,NC_003552.1,680300,681682,+
MA_RS03035,MA0578,"MA0578,MA_0578",hemB,protein_coding,NC_003552.1,681830,682804,+
MA_RS03040,MA0579,"MA0579,MA_0579",MA_RS03040,protein_coding,NC_003552.1,683303,684220,+
MA_RS26460,MA_0580,MA_0580,MA_RS26460,protein_coding,NC_003552.1,684341,684592,+
MA_RS03050,MA0581,"MA0581,MA_0581",hemL,protein_coding,NC_003552.1,685082,686356,+
MA_RS03055,MA0582,"MA0582,MA_0582",hemC,protein_coding,NC_003552.1,686420,687373,+
MA_RS03060,MA0583,"MA0583,MA_0583",MA_RS03060,protein_coding,NC_003552.1,687412,688317,+
MA_RS03065,MA0584,"MA0584,MA_0584",MA_RS03065,protein_coding,NC_003552.1,688317,689096,+
MA_RS03070,MA0585,"MA0585,MA_0585",MA_RS03070,protein_coding,NC_003552.1,689174,689908,+
MA_RS03075,MA0586,"MA0586,MA_0586",MA_RS03075,protein_coding,NC_003552.1,689908,690213,+
MA_RS03080,MA0587,"MA0587,MA_0587",MA_RS03080,protein_coding,NC_003552.1,690641,692356,+
MA_RS03085,MA0588,"MA0588,MA_0588",MA_RS03085,protein_coding,NC_003552.1,692491,693603,-
MA_RS03095,MA0590,"MA0590,MA_0590",MA_RS03095,protein_coding,NC_003552.1,694191,695543,+
MA_RS03100,MA0591,"MA0591,MA_0591",MA_RS03100,protein_coding,NC_003552.1,695536,696402,+
MA_RS03105,MA0592,"MA0592,MA_0592",serA,protein_coding,NC_003552.1,696548,698119,+
MA_RS03110,MA0593,"MA0593,MA_0593",MA_RS03110,protein_coding,NC_003552.1,698285,698803,+
MA_RS03115,MA0594,"MA0594,MA_0594",MA_RS03115,protein_coding,NC_003552.1,698883,700535,-
MA_RS28340,,,MA_RS28340,protein_coding,NC_003552.1,700574,700741,+
MA_RS03125,MA0595,"MA0595,MA_0595",MA_RS03125,protein_coding,NC_003552.1,701308,701688,+
MA_RS03130,MA0596,"MA0596,MA_0596",MA_RS03130,protein_coding,NC_003552.1,701699,702121,+
MA_RS03135,MA0597,"MA0597,MA_0597",MA_RS03135,protein_coding,NC_003552.1,702135,702539,+
MA_RS03140,MA0598,"MA0598,MA_0598",MA_RS03140,protein_coding,NC_003552.1,702548,702736,+
MA_RS03145,MAt4690,MAt4690,MA_RS03145,tRNA,NC_003552.1,702737,702811,+
MA_RS03150,MA0599,"MA0599,MA_0599",MA_RS03150,protein_coding,NC_003552.1,702924,703106,+
MA_RS03155,MA0600,"MA0600,MA_0600",rpsB,protein_coding,NC_003552.1,703179,703922,+
MA_RS03160,MA0601,"MA0601,MA_0601",MA_RS03160,protein_coding,NC_003552.1,703991,704794,+
MA_RS03165,MA0602,"MA0602,MA_0602",MA_RS03165,protein_coding,NC_003552.1,705010,705915,+
MA_RS03170,MA0603,"MA0603,MA_0603",MA_RS03170,protein_coding,NC_003552.1,706015,706797,+
MA_RS03175,MA0604,"MA0604,MA_0604",fni,protein_coding,NC_003552.1,706801,707898,+
MA_RS26465,,,MA_RS26465,protein_coding,NC_003552.1,709091,709231,-
MA_RS03180,MA0605,"MA0605,MA_0605",MA_RS03180,protein_coding,NC_003552.1,709310,710653,+
MA_RS03185,MA0606,"MA0606,MA_0606",MA_RS03185,protein_coding,NC_003552.1,710692,711657,+
MA_RS03190,MA0607,"MA0607,MA_0607",MA_RS03190,protein_coding,NC_003552.1,711691,711909,-
MA_RS03195,MA0608,"MA0608,MA_0608",ppdK,protein_coding,NC_003552.1,712122,714773,-
MA_RS03200,MA0609,"MA0609,MA_0609",MA_RS03200,protein_coding,NC_003552.1,715092,715352,+
MA_RS03205,MA0610,"MA0610,MA_0610",MA_RS03205,protein_coding,NC_003552.1,715547,716560,+
MA_RS03210,MA0611,"MA0611,MA_0611",MA_RS03210,protein_coding,NC_003552.1,716760,717413,+
MA_RS25010,,,MA_RS25010,protein_coding,NC_003552.1,717478,717903,-
MA_RS03220,MA0613,"MA0613,MA_0613",MA_RS03220,protein_coding,NC_003552.1,718050,719060,+
MA_RS03225,MAt4691,MAt4691,MA_RS03225,tRNA,NC_003552.1,719510,719581,+
MA_RS03230,MA0614,"MA0614,MA_0614",MA_RS03230,protein_coding,NC_003552.1,720048,720950,-
MA_RS03235,MA0615,"MA0615,MA_0615",MA_RS03235,protein_coding,NC_003552.1,721540,723159,-
MA_RS03240,MA0616,"MA0616,MA_0616",MA_RS03240,protein_coding,NC_003552.1,723868,724329,-
MA_RS03245,MA0617,"MA0617,MA_0617",MA_RS03245,protein_coding,NC_003552.1,724667,725662,-
MA_RS26470,,,MA_RS26470,protein_coding,NC_003552.1,725854,726015,-
MA_RS03250,,,MA_RS03250,protein_coding,NC_003552.1,726052,726759,-
MA_RS03255,,,MA_RS03255,protein_coding,NC_003552.1,726775,727425,-
MA_RS26475,,,MA_RS26475,protein_coding,NC_003552.1,727510,727710,+
MA_RS03260,MA0619,"MA0619,MA_0619",MA_RS03260,protein_coding,NC_003552.1,727859,729823,+
MA_RS03265,MA0620,"MA0620,MA_0620",MA_RS03265,protein_coding,NC_003552.1,730368,732335,+
MA_RS03270,MA0621,"MA0621,MA_0621",MA_RS03270,protein_coding,NC_003552.1,732897,734000,-
MA_RS03275,MA0622,"MA0622,MA_0622",MA_RS03275,protein_coding,NC_003552.1,734439,735272,+
MA_RS03280,MA0623,"MA0623,MA_0623",MA_RS03280,protein_coding,NC_003552.1,735572,736234,+
MA_RS03285,,,MA_RS03285,protein_coding,NC_003552.1,736295,736513,-
MA_RS03295,MA0626,"MA0626,MA_0626",MA_RS03295,protein_coding,NC_003552.1,737081,737878,+
MA_RS03300,MA0627,"MA0627,MA_0627",MA_RS03300,protein_coding,NC_003552.1,738028,739992,+
MA_RS03305,MA0628,"MA0628,MA_0628",MA_RS03305,protein_coding,NC_003552.1,740029,741168,-
MA_RS03310,MA0629,"MA0629,MA_0629",MA_RS03310,protein_coding,NC_003552.1,741262,741669,-
MA_RS03315,MA0630,"MA0630,MA_0630",groES,protein_coding,NC_003552.1,741925,742203,+
MA_RS03320,MA0631,"MA0631,MA_0631",groL,protein_coding,NC_003552.1,742329,743939,+
MA_RS03325,MA0633,"MA0633,MA_0633",MA_RS03325,protein_coding,NC_003552.1,744374,745201,+
MA_RS03330,MA0634,"MA0634,MA_0634",MA_RS03330,protein_coding,NC_003552.1,745333,746016,+
MA_RS03335,MA0635,"MA0635,MA_0635",MA_RS03335,protein_coding,NC_003552.1,746169,746804,+
MA_RS03340,MA0636,"MA0636,MA_0636",MA_RS03340,protein_coding,NC_003552.1,747109,748293,+
MA_RS03345,MA0637,"MA0637,MA_0637",MA_RS03345,protein_coding,NC_003552.1,748504,749592,-
MA_RS03355,MA0638,"MA0638,MA_0638",MA_RS03355,protein_coding,NC_003552.1,749793,750596,-
MA_RS26480,,,MA_RS26480,tRNA,NC_003552.1,750873,751064,-
MA_RS26485,,,MA_RS26485,protein_coding,NC_003552.1,751161,751307,-
MA_RS03360,MA0639,"MA0639,MA_0639",MA_RS03360,protein_coding,NC_003552.1,751638,752129,-
MA_RS03365,MA0640,"MA0640,MA_0640",MA_RS03365,protein_coding,NC_003552.1,752315,753082,-
MA_RS03375,MAt4693,MAt4693,MA_RS03375,tRNA,NC_003552.1,754290,754369,-
MA_RS03380,MA0641,"MA0641,MA_0641",MA_RS03380,protein_coding,NC_003552.1,754586,755989,-
MA_RS03385,MA0642,"MA0642,MA_0642",MA_RS03385,protein_coding,NC_003552.1,756108,756878,-
MA_RS25015,MA_0643,MA_0643,MA_RS25015,protein_coding,NC_003552.1,756888,757043,-
MA_RS03390,MA0644,"MA0644,MA_0644",MA_RS03390,protein_coding,NC_003552.1,757050,757856,-
MA_RS03395,MA0645,"MA0645,MA_0645",MA_RS03395,protein_coding,NC_003552.1,757929,758117,-
MA_RS03400,MA0646,"MA0646,MA_0646",MA_RS03400,protein_coding,NC_003552.1,758124,758402,-
MA_RS03405,MA0647,"MA0647,MA_0647",MA_RS03405,protein_coding,NC_003552.1,758802,759527,-
MA_RS03410,MA0648,"MA0648,MA_0648",priS,protein_coding,NC_003552.1,759493,760737,-
MA_RS03415,MA0649,"MA0649,MA_0649",MA_RS03415,protein_coding,NC_003552.1,761249,762172,+
MA_RS03420,MA0650,"MA0650,MA_0650",MA_RS03420,protein_coding,NC_003552.1,762428,763123,+
MA_RS03425,MA0651,"MA0651,MA_0651",rqcH,protein_coding,NC_003552.1,763478,765844,+
MA_RS03430,MA0652,"MA0652,MA_0652",MA_RS03430,protein_coding,NC_003552.1,765841,766893,+
MA_RS03435,MA0653,"MA0653,MA_0653",MA_RS03435,protein_coding,NC_003552.1,767242,769431,+
MA_RS03440,MA0654,"MA0654,MA_0654",MA_RS03440,protein_coding,NC_003552.1,769777,770496,-
MA_RS03445,MA0655,"MA0655,MA_0655",MA_RS03445,protein_coding,NC_003552.1,770644,771519,-
MA_RS03450,MA0656,"MA0656,MA_0656",thpR,protein_coding,NC_003552.1,771947,772492,+
MA_RS03455,MA0657,"MA0657,MA_0657",MA_RS03455,protein_coding,NC_003552.1,772694,773713,-
MA_RS03460,MA0658,"MA0658,MA_0658",mmcA,protein_coding,NC_003552.1,774913,776406,+
MA_RS03465,MA0659,"MA0659,MA_0659",rnfC,protein_coding,NC_003552.1,776411,777727,+
MA_RS03470,MA0660,"MA0660,MA_0660",rnfD,protein_coding,NC_003552.1,777724,778590,+
MA_RS03475,MA0661,"MA0661,MA_0661",rnfG,protein_coding,NC_003552.1,778583,779149,+
MA_RS03480,MA0662,"MA0662,MA_0662",rnfE,protein_coding,NC_003552.1,779151,779768,+
MA_RS03485,MA0663,"MA0663,MA_0663",rnfA,protein_coding,NC_003552.1,779770,780360,+
MA_RS03490,MA0664,"MA0664,MA_0664",MA_RS03490,protein_coding,NC_003552.1,780362,781147,+
MA_RS03495,MA0665,"MA0665,MA_0665",MA_RS03495,protein_coding,NC_003552.1,781197,781532,+
MA_RS03500,MA0666,"MA0666,MA_0666",MA_RS03500,protein_coding,NC_003552.1,781743,782240,-
MA_RS03505,MA0667,"MA0667,MA_0667",MA_RS03505,protein_coding,NC_003552.1,782413,783465,-
MA_RS03510,,,MA_RS03510,protein_coding,NC_003552.1,783936,784769,-
MA_RS03515,MA0669,"MA0669,MA_0669",MA_RS03515,protein_coding,NC_003552.1,785002,786006,+
MA_RS03520,MA0670,"MA0670,MA_0670",MA_RS03520,protein_coding,NC_003552.1,786139,786651,+
MA_RS03525,MA0671,"MA0671,MA_0671",MA_RS03525,protein_coding,NC_003552.1,786830,787093,+
MA_RS03530,MA0672,"MA0672,MA_0672",MA_RS03530,protein_coding,NC_003552.1,787229,787450,-
MA_RS03535,MA0673,"MA0673,MA_0673",MA_RS03535,protein_coding,NC_003552.1,787765,788736,+
MA_RS03540,MA0674,"MA0674,MA_0674",oadA,protein_coding,NC_003552.1,789265,790983,+
MA_RS03545,MA0675,"MA0675,MA_0675",MA_RS03545,protein_coding,NC_003552.1,791006,792487,+
MA_RS03550,MA0676,"MA0676,MA_0676",MA_RS03550,protein_coding,NC_003552.1,792605,793582,+
MA_RS03555,MA0677,"MA0677,MA_0677",MA_RS03555,protein_coding,NC_003552.1,793566,794189,+
MA_RS03560,MA0678,"MA0678,MA_0678",MA_RS03560,protein_coding,NC_003552.1,794778,795740,-
MA_RS03565,MA0679,"MA0679,MA_0679",MA_RS03565,protein_coding,NC_003552.1,795772,796395,-
MA_RS03570,MA0680,"MA0680,MA_0680",MA_RS03570,protein_coding,NC_003552.1,796533,796823,-
MA_RS03575,MA0681,"MA0681,MA_0681",MA_RS03575,protein_coding,NC_003552.1,796970,799075,-
MA_RS03580,MA0682,"MA0682,MA_0682",MA_RS03580,protein_coding,NC_003552.1,799193,799951,-
MA_RS03585,MA0683,"MA0683,MA_0683",MA_RS03585,protein_coding,NC_003552.1,799988,800185,-
MA_RS03590,MA0684,"MA0684,MA_0684",MA_RS03590,protein_coding,NC_003552.1,800592,800975,+
MA_RS03595,MA0685,"MA0685,MA_0685",MA_RS03595,protein_coding,NC_003552.1,801921,802595,+
MA_RS26490,,,MA_RS26490,protein_coding,NC_003552.1,802931,803107,-
MA_RS03600,MA0687,"MA0687,MA_0687",hdrE,protein_coding,NC_003552.1,803364,804146,+
MA_RS03605,MA0688,"MA0688,MA_0688",hdrD,protein_coding,NC_003552.1,804148,805377,+
MA_RS03610,MA0689,"MA0689,MA_0689",MA_RS03610,protein_coding,NC_003552.1,805491,806126,+
MA_RS03615,MA0690,"MA0690,MA_0690",MA_RS03615,protein_coding,NC_003552.1,806119,806751,+
MA_RS03620,MA0691,"MA0691,MA_0691",MA_RS03620,protein_coding,NC_003552.1,806927,808051,+
MA_RS03625,MA0692,"MA0692,MA_0692",MA_RS03625,protein_coding,NC_003552.1,808279,809448,+
MA_RS24895,,,rnpB,RNase_P_RNA,NC_003552.1,809468,809829,-
MA_RS03630,MA0693,"MA0693,MA_0693",MA_RS03630,protein_coding,NC_003552.1,810326,811465,+
MA_RS03635,MA0694,"MA0694,MA_0694",MA_RS03635,protein_coding,NC_003552.1,811452,812492,+
MA_RS03640,MA0695,"MA0695,MA_0695",MA_RS03640,protein_coding,NC_003552.1,812489,813127,+
MA_RS03645,MA0696,"MA0696,MA_0696",MA_RS03645,protein_coding,NC_003552.1,813275,813994,+
MA_RS03650,MA0697,"MA0697,MA_0697",MA_RS03650,protein_coding,NC_003552.1,814086,814775,-
MA_RS03655,MA0698,"MA0698,MA_0698",MA_RS03655,protein_coding,NC_003552.1,814766,815719,-
MA_RS03660,MA0699,"MA0699,MA_0699",MA_RS03660,protein_coding,NC_003552.1,815716,816687,-
MA_RS03665,MA0700,"MA0700,MA_0700",MA_RS03665,protein_coding,NC_003552.1,816684,817631,-
MA_RS03670,MA0701,"MA0701,MA_0701",MA_RS03670,protein_coding,NC_003552.1,817825,819624,-
MA_RS03675,MA0702,"MA0702,MA_0702",MA_RS03675,protein_coding,NC_003552.1,819984,820226,+
MA_RS03680,MA0703,"MA0703,MA_0703",MA_RS03680,protein_coding,NC_003552.1,820217,821221,-
MA_RS03685,MA0704,"MA0704,MA_0704",MA_RS03685,protein_coding,NC_003552.1,821430,821927,+
MA_RS03690,MA0705,"MA0705,MA_0705",MA_RS03690,protein_coding,NC_003552.1,822155,823519,+
MA_RS03695,MA0706,"MA0706,MA_0706",MA_RS03695,protein_coding,NC_003552.1,823576,823938,+
MA_RS03700,MA0707,"MA0707,MA_0707",MA_RS03700,protein_coding,NC_003552.1,824337,824927,-
MA_RS03705,MA0708,"MA0708,MA_0708",MA_RS03705,protein_coding,NC_003552.1,825331,826671,+
MA_RS03710,MA0709,"MA0709,MA_0709",MA_RS03710,protein_coding,NC_003552.1,826637,828793,+
MA_RS03715,MA0710,"MA0710,MA_0710",MA_RS03715,protein_coding,NC_003552.1,829089,829517,-
MA_RS03720,MAt4694,MAt4694,MA_RS03720,tRNA,NC_003552.1,829862,829936,-
MA_RS03725,MA0711,"MA0711,MA_0711",MA_RS03725,protein_coding,NC_003552.1,830087,830638,-
MA_RS03730,MA0712,"MA0712,MA_0712",MA_RS03730,protein_coding,NC_003552.1,830638,831018,-
MA_RS03735,MA0713,"MA0713,MA_0713",MA_RS03735,protein_coding,NC_003552.1,831024,832241,-
MA_RS03740,MA0714,"MA0714,MA_0714",cofD,protein_coding,NC_003552.1,832366,833289,+
MA_RS03745,MA0715,"MA0715,MA_0715",MA_RS03745,protein_coding,NC_003552.1,833678,835750,+
MA_RS03755,MA0717,"MA0717,MA_0717",hpt,protein_coding,NC_003552.1,836209,836778,+
MA_RS03760,MA0718,"MA0718,MA_0718",dph2,protein_coding,NC_003552.1,836759,837766,+
MA_RS03765,MA0719,"MA0719,MA_0719",MA_RS03765,protein_coding,NC_003552.1,837898,838491,+
MA_RS03770,MA0720,"MA0720,MA_0720",MA_RS03770,protein_coding,NC_003552.1,839119,840054,+
MA_RS03775,MA0721,"MA0721,MA_0721",MA_RS03775,protein_coding,NC_003552.1,840172,840450,+
MA_RS03780,MA0722,"MA0722,MA_0722",pscS,protein_coding,NC_003552.1,840784,841944,+
MA_RS03785,MA0723,"MA0723,MA_0723",MA_RS03785,protein_coding,NC_003552.1,842304,842642,-
MA_RS03790,MA0724,"MA0724,MA_0724",MA_RS03790,protein_coding,NC_003552.1,842758,843354,-
MA_RS03795,MA0725,"MA0725,MA_0725",MA_RS03795,protein_coding,NC_003552.1,843681,844235,+
MA_RS03800,MA0726,"MA0726,MA_0726",lysA,protein_coding,NC_003552.1,844407,845669,-
MA_RS03805,MA0727,"MA0727,MA_0727",polX,protein_coding,NC_003552.1,846127,847893,-
MA_RS03810,MA0728,"MA0728,MA_0728",MA_RS03810,protein_coding,NC_003552.1,847988,849730,-
MA_RS03815,MAt4695,MAt4695,MA_RS03815,tRNA,NC_003552.1,849942,850013,+
MA_RS03820,MA0729,"MA0729,MA_0729",MA_RS03820,protein_coding,NC_003552.1,850158,850568,-
MA_RS03825,MA0730,"MA0730,MA_0730",MA_RS03825,protein_coding,NC_003552.1,851002,851268,-
MA_RS03830,MA0731,"MA0731,MA_0731",MA_RS03830,protein_coding,NC_003552.1,851687,852457,+
MA_RS29620,,,MA_RS29620,protein_coding,NC_003552.1,853438,853626,+
MA_RS28350,MA_0733,MA_0733,MA_RS28350,protein_coding,NC_003552.1,853879,854082,+
MA_RS03845,MA0734,"MA0734,MA_0734",MA_RS03845,protein_coding,NC_003552.1,854297,854923,+
MA_RS03850,MA0735,"MA0735,MA_0735",MA_RS03850,protein_coding,NC_003552.1,855054,855461,-
MA_RS03855,MA0736,"MA0736,MA_0736",MA_RS03855,protein_coding,NC_003552.1,855803,856483,+
MA_RS28140,,,MA_RS28140,protein_coding,NC_003552.1,856798,857814,+
MA_RS03870,MA0739,"MA0739,MA_0739",MA_RS03870,protein_coding,NC_003552.1,858898,859521,-
MA_RS03875,MA0740,"MA0740,MA_0740",MA_RS03875,protein_coding,NC_003552.1,859801,860394,-
MA_RS26500,,,MA_RS26500,protein_coding,NC_003552.1,860711,860878,-
MA_RS28355,,,MA_RS28355,protein_coding,NC_003552.1,862330,862620,-
MA_RS28360,,,MA_RS28360,protein_coding,NC_003552.1,862569,862829,-
MA_RS03885,MA0743,"MA0743,MA_0743",MA_RS03885,protein_coding,NC_003552.1,863065,863532,-
MA_RS03890,MA0744,"MA0744,MA_0744",MA_RS03890,protein_coding,NC_003552.1,863703,864677,-
MA_RS03895,MA0745,"MA0745,MA_0745",MA_RS03895,protein_coding,NC_003552.1,864913,865548,+
MA_RS03900,MA0746,"MA0746,MA_0746",MA_RS03900,protein_coding,NC_003552.1,865857,866267,+
MA_RS03905,MA0747,"MA0747,MA_0747",MA_RS03905,protein_coding,NC_003552.1,866486,867484,-
MA_RS03910,MA0748,"MA0748,MA_0748",MA_RS03910,protein_coding,NC_003552.1,867686,868279,+
MA_RS03915,MA0749,"MA0749,MA_0749",cysS,protein_coding,NC_003552.1,868435,869856,+
MA_RS03920,MA0750,"MA0750,MA_0750",MA_RS03920,protein_coding,NC_003552.1,869889,870740,-
MA_RS03925,MA_0751,MA_0751,MA_RS03925,protein_coding,NC_003552.1,871621,872079,+
MA_RS03930,MA0752,"MA0752,MA_0752",MA_RS03930,protein_coding,NC_003552.1,872268,873185,+
MA_RS03935,MA0753,"MA0753,MA_0753",MA_RS03935,protein_coding,NC_003552.1,873486,873890,+
MA_RS26505,,,MA_RS26505,protein_coding,NC_003552.1,874465,874617,-
MA_RS03940,MA0754,"MA0754,MA_0754",MA_RS03940,protein_coding,NC_003552.1,874642,874992,+
MA_RS03945,MA0755,"MA0755,MA_0755",MA_RS03945,protein_coding,NC_003552.1,875043,875864,+
MA_RS28365,,,MA_RS28365,protein_coding,NC_003552.1,875876,876019,+
MA_RS27845,,,MA_RS27845,protein_coding,NC_003552.1,876190,876339,+
MA_RS03955,MA0757,"MA0757,MA_0757",MA_RS03955,protein_coding,NC_003552.1,876714,877568,+
MA_RS03960,MA0758,"MA0758,MA_0758",MA_RS03960,protein_coding,NC_003552.1,877867,881013,+
MA_RS03965,MA0759,"MA0759,MA_0759",MA_RS03965,protein_coding,NC_003552.1,881428,885273,+
MA_RS03975,MA0760,"MA0760,MA_0760",lysS,protein_coding,NC_003552.1,885884,887419,+
MA_RS03980,MA0761,"MA0761,MA_0761",MA_RS03980,protein_coding,NC_003552.1,887894,889543,+
MA_RS03985,MA0762,"MA0762,MA_0762",MA_RS03985,protein_coding,NC_003552.1,890046,892913,+
MA_RS03990,MA0763,"MA0763,MA_0763",MA_RS03990,protein_coding,NC_003552.1,892949,896812,-
MA_RS03995,MA0764,"MA0764,MA_0764",MA_RS03995,protein_coding,NC_003552.1,897256,897468,+
MA_RS04000,MA0765,"MA0765,MA_0765",MA_RS04000,protein_coding,NC_003552.1,897465,897698,+
MA_RS04005,MA0766,"MA0766,MA_0766",MA_RS04005,protein_coding,NC_003552.1,897937,898233,+
MA_RS04010,MA0767,"MA0767,MA_0767",MA_RS04010,protein_coding,NC_003552.1,898230,898580,+
MA_RS04015,MA0768,"MA0768,MA_0768",MA_RS04015,protein_coding,NC_003552.1,898820,899326,+
MA_RS04020,MA0769,"MA0769,MA_0769",MA_RS04020,protein_coding,NC_003552.1,899378,900142,-
MA_RS28370,,,MA_RS28370,protein_coding,NC_003552.1,900424,900660,+
MA_RS04025,MA0770,"MA0770,MA_0770",MA_RS04025,protein_coding,NC_003552.1,900679,901380,+
MA_RS04030,MA0771,"MA0771,MA_0771",MA_RS04030,protein_coding,NC_003552.1,901519,902511,-
MA_RS29700,,,MA_RS29700,protein_coding,NC_003552.1,902852,903121,-
MA_RS26515,,,MA_RS26515,protein_coding,NC_003552.1,903169,903333,-
MA_RS04040,MA0772,"MA0772,MA_0772",MA_RS04040,protein_coding,NC_003552.1,903734,904126,-
MA_RS04045,MA0773,"MA0773,MA_0773",MA_RS04045,protein_coding,NC_003552.1,904627,905556,-
MA_RS04050,MA0774,"MA0774,MA_0774",MA_RS04050,protein_coding,NC_003552.1,905868,906128,-
MA_RS04055,MA0775,"MA0775,MA_0775",MA_RS04055,protein_coding,NC_003552.1,906555,907094,-
MA_RS04060,MA0776,"MA0776,MA_0776",MA_RS04060,protein_coding,NC_003552.1,907759,908814,+
MA_RS27855,,,MA_RS27855,protein_coding,NC_003552.1,909054,909221,+
MA_RS04070,MA0777,"MA0777,MA_0777",MA_RS04070,protein_coding,NC_003552.1,910007,911701,+
MA_RS04075,MA0778,"MA0778,MA_0778",MA_RS04075,protein_coding,NC_003552.1,911741,911995,-
MA_RS26525,,,MA_RS26525,protein_coding,NC_003552.1,911965,912111,-
MA_RS04080,MA0779,"MA0779,MA_0779",mtaA,protein_coding,NC_003552.1,912278,913303,+
MA_RS04085,MA0780,"MA0780,MA_0780",MA_RS04085,protein_coding,NC_003552.1,913295,914269,-
MA_RS04090,MA0781,"MA0781,MA_0781",MA_RS04090,protein_coding,NC_003552.1,914377,915108,+
MA_RS04095,MA0782,"MA0782,MA_0782",MA_RS04095,protein_coding,NC_003552.1,915311,916171,-
MA_RS04100,MA0783,"MA0783,MA_0783",MA_RS04100,protein_coding,NC_003552.1,916255,917382,-
MA_RS04105,MA0784,"MA0784,MA_0784",MA_RS04105,protein_coding,NC_003552.1,917648,918232,-
MA_RS28375,,,MA_RS28375,protein_coding,NC_003552.1,918656,919090,+
MA_RS04115,MA0787,"MA0787,MA_0787",MA_RS04115,protein_coding,NC_003552.1,919641,920282,+
MA_RS04125,MA0790,"MA0790,MA_0790",MA_RS04125,protein_coding,NC_003552.1,921378,922271,+
MA_RS04130,MA0791,"MA0791,MA_0791",MA_RS04130,protein_coding,NC_003552.1,922460,923425,+
MA_RS04135,MA0792,"MA0792,MA_0792",MA_RS04135,protein_coding,NC_003552.1,923467,924438,-
MA_RS04140,MA0793,"MA0793,MA_0793",MA_RS04140,protein_coding,NC_003552.1,924471,925478,-
MA_RS04145,MA0794,"MA0794,MA_0794",MA_RS04145,protein_coding,NC_003552.1,925595,926740,-
MA_RS04150,MA0795,"MA0795,MA_0795",MA_RS04150,protein_coding,NC_003552.1,926962,927891,+
MA_RS04155,MA0796,"MA0796,MA_0796",MA_RS04155,protein_coding,NC_003552.1,928093,928416,-
MA_RS04160,MA0797,"MA0797,MA_0797",MA_RS04160,protein_coding,NC_003552.1,928544,929260,-
MA_RS04165,MA0798,"MA0798,MA_0798",MA_RS04165,protein_coding,NC_003552.1,929235,930365,-
MA_RS04170,MA0799,"MA0799,MA_0799",MA_RS04170,protein_coding,NC_003552.1,930341,931303,-
MA_RS04175,MA0800,"MA0800,MA_0800",MA_RS04175,protein_coding,NC_003552.1,933015,933719,-
MA_RS04180,MA0802,"MA0802,MA_0802",MA_RS04180,protein_coding,NC_003552.1,934184,935077,+
MA_RS04185,MA0803,"MA0803,MA_0803",MA_RS04185,protein_coding,NC_003552.1,935609,936478,+
MA_RS26530,,,MA_RS26530,protein_coding,NC_003552.1,936687,936863,-
MA_RS04190,MA0804,"MA0804,MA_0804",MA_RS04190,protein_coding,NC_003552.1,937013,937708,-
MA_RS04195,,,MA_RS04195,protein_coding,NC_003552.1,938155,938292,-
MA_RS04200,MA0805,"MA0805,MA_0805",MA_RS04200,protein_coding,NC_003552.1,939161,940330,+
MA_RS04205,MA0806,"MA0806,MA_0806",MA_RS04205,protein_coding,NC_003552.1,940430,941194,-
MA_RS04210,MA0807,"MA0807,MA_0807",MA_RS04210,protein_coding,NC_003552.1,941247,941909,-
MA_RS04215,MA0808,"MA0808,MA_0808",MA_RS04215,protein_coding,NC_003552.1,941966,943120,-
MA_RS04220,MA0809,"MA0809,MA_0809",MA_RS04220,protein_coding,NC_003552.1,943288,943707,-
MA_RS04225,MA0810,"MA0810,MA_0810",MA_RS04225,protein_coding,NC_003552.1,943727,943954,-
MA_RS04230,MA0811,"MA0811,MA_0811",MA_RS04230,protein_coding,NC_003552.1,944141,944560,-
MA_RS04235,MA0812,"MA0812,MA_0812",MA_RS04235,protein_coding,NC_003552.1,944933,945289,+
MA_RS04240,MA0813,"MA0813,MA_0813",MA_RS04240,protein_coding,NC_003552.1,945361,947916,-
MA_RS26535,,,MA_RS26535,protein_coding,NC_003552.1,948247,948390,-
MA_RS04245,MA0814,"MA0814,MA_0814",MA_RS04245,protein_coding,NC_003552.1,948831,950003,-
MA_RS04250,MA0815,"MA0815,MA_0815",MA_RS04250,protein_coding,NC_003552.1,950179,951132,-
MA_RS29705,MA_0816,MA_0816,MA_RS29705,protein_coding,NC_003552.1,951171,951449,-
MA_RS29710,MA_0817,MA_0817,MA_RS29710,protein_coding,NC_003552.1,951477,951902,-
MA_RS04260,MA0818,"MA0818,MA_0818",MA_RS04260,protein_coding,NC_003552.1,951923,952180,-
MA_RS04265,MA0819,"MA0819,MA_0819",mdh,protein_coding,NC_003552.1,953060,953983,-
MA_RS04270,MA0820,"MA0820,MA_0820",MA_RS04270,protein_coding,NC_003552.1,954420,955169,+
MA_RS04275,MA0821,"MA0821,MA_0821",MA_RS04275,protein_coding,NC_003552.1,955395,956135,+
MA_RS04285,MA0822,"MA0822,MA_0822",MA_RS04285,protein_coding,NC_003552.1,956440,957198,+
MA_RS04290,MA0823,"MA0823,MA_0823",MA_RS04290,protein_coding,NC_003552.1,957309,958709,-
MA_RS04295,MA0824,"MA0824,MA_0824",MA_RS04295,protein_coding,NC_003552.1,958702,959244,-
MA_RS04300,,,MA_RS04300,protein_coding,NC_003552.1,959728,960123,-
MA_RS04305,MA0826,"MA0826,MA_0826",MA_RS04305,protein_coding,NC_003552.1,961569,963212,-
MA_RS04310,MA0827,"MA0827,MA_0827",MA_RS04310,protein_coding,NC_003552.1,963729,964304,-
MA_RS04320,MA0829,"MA0829,MA_0829",slmA,protein_coding,NC_003552.1,965341,967356,+
MA_RS04325,MA0830,"MA0830,MA_0830",MA_RS04325,protein_coding,NC_003552.1,967529,968110,+
MA_RS04330,MA0831,"MA0831,MA_0831",MA_RS04330,protein_coding,NC_003552.1,968396,969211,+
MA_RS04335,MA0832,"MA0832,MA_0832",MA_RS04335,protein_coding,NC_003552.1,969749,970507,-
MA_RS04340,MA0833,"MA0833,MA_0833",MA_RS04340,protein_coding,NC_003552.1,970508,972226,-
MA_RS04345,MA0834,"MA0834,MA_0834",MA_RS04345,protein_coding,NC_003552.1,972228,973532,-
MA_RS04350,MA0835,"MA0835,MA_0835",MA_RS04350,protein_coding,NC_003552.1,973610,973993,-
MA_RS04355,MAt4696,MAt4696,MA_RS04355,tRNA,NC_003552.1,974836,974945,+
MA_RS04365,MA0837,"MA0837,MA_0837",MA_RS04365,protein_coding,NC_003552.1,975948,976697,-
MA_RS04370,MA0838,"MA0838,MA_0838",MA_RS04370,protein_coding,NC_003552.1,976685,977515,-
MA_RS04380,MA0840,"MA0840,MA_0840",MA_RS04380,protein_coding,NC_003552.1,979079,980770,+
MA_RS04385,MA0841,"MA0841,MA_0841",MA_RS04385,protein_coding,NC_003552.1,980748,981608,+
MA_RS04390,MA0842,"MA0842,MA_0842",MA_RS04390,protein_coding,NC_003552.1,981636,982619,+
MA_RS04395,MA0843,"MA0843,MA_0843",MA_RS04395,protein_coding,NC_003552.1,982633,983571,+
MA_RS04400,MA0844,"MA0844,MA_0844",MA_RS04400,protein_coding,NC_003552.1,983574,985295,+
MA_RS04405,MA0845,"MA0845,MA_0845",MA_RS04405,protein_coding,NC_003552.1,985457,986449,+
MA_RS04410,MA0846,"MA0846,MA_0846",MA_RS04410,protein_coding,NC_003552.1,986446,987210,+
MA_RS04415,MA0847,"MA0847,MA_0847",MA_RS04415,protein_coding,NC_003552.1,987383,988459,+
MA_RS04420,MA0848,"MA0848,MA_0848",MA_RS04420,protein_coding,NC_003552.1,988690,989232,-
MA_RS04425,MA0849,"MA0849,MA_0849",MA_RS04425,protein_coding,NC_003552.1,989192,990883,-
MA_RS28380,MA_0850,MA_0850,MA_RS28380,protein_coding,NC_003552.1,991446,998273,-
MA_RS29290,MA_0851,MA_0851,MA_RS29290,protein_coding,NC_003552.1,999281,1006981,-
MA_RS04440,MA0852,"MA0852,MA_0852",MA_RS04440,protein_coding,NC_003552.1,1007702,1008478,-
MA_RS04445,MA0853,"MA0853,MA_0853",MA_RS04445,protein_coding,NC_003552.1,1008475,1009398,-
MA_RS04450,MA0854,"MA0854,MA_0854",MA_RS04450,protein_coding,NC_003552.1,1009640,1010161,+
MA_RS04460,MA0856,"MA0856,MA_0856",MA_RS04460,protein_coding,NC_003552.1,1012528,1013631,-
MA_RS04465,MA0857,"MA0857,MA_0857",MA_RS04465,protein_coding,NC_003552.1,1014321,1015928,-
MA_RS04470,MA0858,"MA0858,MA_0858",MA_RS04470,protein_coding,NC_003552.1,1016347,1018281,-
MA_RS04475,MA0859,"MA0859,MA_0859",MA_RS04475,protein_coding,NC_003552.1,1019006,1020910,-
MA_RS04480,MA0860,"MA0860,MA_0860",MA_RS04480,protein_coding,NC_003552.1,1021409,1021891,+
MA_RS04485,MA0861,"MA0861,MA_0861",MA_RS04485,protein_coding,NC_003552.1,1021908,1022825,+
MA_RS04490,MA0862,"MA0862,MA_0862",MA_RS04490,protein_coding,NC_003552.1,1023722,1024522,-
MA_RS04495,MA0863,"MA0863,MA_0863",MA_RS04495,protein_coding,NC_003552.1,1024642,1026891,-
MA_RS28395,MA_0864,MA_0864,MA_RS28395,protein_coding,NC_003552.1,1026922,1027569,-
MA_RS04510,MA0866,"MA0866,MA_0866",MA_RS04510,protein_coding,NC_003552.1,1028464,1029468,+
MA_RS04515,MA0867,"MA0867,MA_0867",MA_RS04515,protein_coding,NC_003552.1,1029796,1030539,-
MA_RS04520,MA0868,"MA0868,MA_0868",MA_RS04520,protein_coding,NC_003552.1,1030539,1031306,-
MA_RS04525,MA0869,"MA0869,MA_0869",MA_RS04525,protein_coding,NC_003552.1,1031303,1032196,-
MA_RS04530,MA0870,"MA0870,MA_0870",MA_RS04530,protein_coding,NC_003552.1,1032222,1034123,-
MA_RS04535,MA0871,"MA0871,MA_0871",MA_RS04535,protein_coding,NC_003552.1,1034157,1035734,-
MA_RS04540,MA0872,"MA0872,MA_0872",cobN,protein_coding,NC_003552.1,1035751,1039659,-
MA_RS04545,MA0873,"MA0873,MA_0873",MA_RS04545,protein_coding,NC_003552.1,1039669,1041381,-
MA_RS04550,MA0874,"MA0874,MA_0874",MA_RS04550,protein_coding,NC_003552.1,1041386,1042909,-
MA_RS04555,MA0875,"MA0875,MA_0875",MA_RS04555,protein_coding,NC_003552.1,1042949,1043542,-
MA_RS04560,MA0876,"MA0876,MA_0876",MA_RS04560,protein_coding,NC_003552.1,1043905,1045662,+
MA_RS04565,MA0877,"MA0877,MA_0877",MA_RS04565,protein_coding,NC_003552.1,1045683,1047797,+
MA_RS04570,MA0878,"MA0878,MA_0878",MA_RS04570,protein_coding,NC_003552.1,1047778,1048803,-
MA_RS04575,MA0879,"MA0879,MA_0879",MA_RS04575,protein_coding,NC_003552.1,1048796,1049737,-
MA_RS04580,MA0880,"MA0880,MA_0880",nikC,protein_coding,NC_003552.1,1049734,1050588,-
MA_RS04590,,,MA_RS04590,protein_coding,NC_003552.1,1051642,1051929,-
MA_RS04595,MA0882,"MA0882,MA_0882",cobN,protein_coding,NC_003552.1,1051926,1055828,-
MA_RS04600,MA0883,"MA0883,MA_0883",MA_RS04600,protein_coding,NC_003552.1,1055832,1057406,-
MA_RS04605,MA0884,"MA0884,MA_0884",MA_RS04605,protein_coding,NC_003552.1,1058343,1060475,+
MA_RS04610,MA0885,"MA0885,MA_0885",MA_RS04610,protein_coding,NC_003552.1,1060666,1063473,+
MA_RS04615,MA0886,"MA0886,MA_0886",MA_RS04615,protein_coding,NC_003552.1,1063818,1064105,+
MA_RS04620,MA0887,"MA0887,MA_0887",MA_RS04620,protein_coding,NC_003552.1,1064522,1065445,+
MA_RS04625,MA0888,"MA0888,MA_0888",pstC,protein_coding,NC_003552.1,1065477,1066367,+
MA_RS04630,MA0889,"MA0889,MA_0889",pstA,protein_coding,NC_003552.1,1066370,1067293,+
MA_RS04635,MA0890,"MA0890,MA_0890",pstB,protein_coding,NC_003552.1,1067344,1068120,+
MA_RS04640,MA0891,"MA0891,MA_0891",phoU,protein_coding,NC_003552.1,1068127,1068777,+
MA_RS04645,MA0892,"MA0892,MA_0892",MA_RS04645,protein_coding,NC_003552.1,1069061,1070464,+
MA_RS04650,MA0893,"MA0893,MA_0893",MA_RS04650,protein_coding,NC_003552.1,1070496,1071044,-
MA_RS04655,MA0894,"MA0894,MA_0894",MA_RS04655,protein_coding,NC_003552.1,1071041,1071829,-
MA_RS04660,MA0895,"MA0895,MA_0895",eif1A,protein_coding,NC_003552.1,1071831,1072160,-
MA_RS04665,MA0896,"MA0896,MA_0896",MA_RS04665,rRNA,NC_003552.1,1073041,1074518,+
MA_RS04670,MA0898,"MA0898,MA_0898",MA_RS04670,rRNA,NC_003552.1,1074708,1077611,+
MA_RS04675,MA0900,"MA0900,MA_0900",rrf,rRNA,NC_003552.1,1077685,1077807,+
MA_RS04680,MA0901,"MA0901,MA_0901",MA_RS04680,protein_coding,NC_003552.1,1078142,1079521,-
MA_RS04685,MA0902,"MA0902,MA_0902",MA_RS04685,protein_coding,NC_003552.1,1080109,1080471,-
MA_RS04690,MA0903,"MA0903,MA_0903",MA_RS04690,protein_coding,NC_003552.1,1080559,1080876,-
MA_RS04695,MA0904,"MA0904,MA_0904",MA_RS04695,protein_coding,NC_003552.1,1081168,1082313,-
MA_RS04700,MA0905,"MA0905,MA_0905",MA_RS04700,protein_coding,NC_003552.1,1082474,1084453,+
MA_RS25080,MA_0906,MA_0906,MA_RS25080,protein_coding,NC_003552.1,1084559,1085227,-
MA_RS27875,MA_0907,MA_0907,MA_RS27875,protein_coding,NC_003552.1,1085224,1085580,-
MA_RS29715,,,MA_RS29715,protein_coding,NC_003552.1,1085543,1085632,-
MA_RS04710,MA0908,"MA0908,MA_0908",hisI,protein_coding,NC_003552.1,1085862,1086224,+
MA_RS04715,MA0909,"MA0909,MA_0909",MA_RS04715,protein_coding,NC_003552.1,1086700,1088622,+
MA_RS04720,MA0910,"MA0910,MA_0910",MA_RS04720,protein_coding,NC_003552.1,1088846,1089712,+
MA_RS28400,,,MA_RS28400,protein_coding,NC_003552.1,1089821,1089967,+
MA_RS04725,MA0911,"MA0911,MA_0911",MA_RS04725,protein_coding,NC_003552.1,1090082,1090528,-
MA_RS04730,MA0912,"MA0912,MA_0912",MA_RS04730,protein_coding,NC_003552.1,1090553,1090906,-
MA_RS25085,,,MA_RS25085,protein_coding,NC_003552.1,1091291,1091437,+
MA_RS04735,MA0913,"MA0913,MA_0913",hisH,protein_coding,NC_003552.1,1091615,1092223,+
MA_RS04740,MA0914,"MA0914,MA_0914",MA_RS04740,protein_coding,NC_003552.1,1092417,1093751,+
MA_RS04745,MA0915,"MA0915,MA_0915",MA_RS04745,protein_coding,NC_003552.1,1093839,1095143,-
MA_RS04750,MA0916,"MA0916,MA_0916",MA_RS04750,protein_coding,NC_003552.1,1095195,1095992,-
MA_RS04755,MA0917,"MA0917,MA_0917",MA_RS04755,protein_coding,NC_003552.1,1096558,1098690,+
MA_RS29295,,,MA_RS29295,protein_coding,NC_003552.1,1098809,1098931,-
MA_RS04760,MA0918,"MA0918,MA_0918",MA_RS04760,protein_coding,NC_003552.1,1098963,1099403,-
MA_RS04765,MA0919,"MA0919,MA_0919",MA_RS04765,protein_coding,NC_003552.1,1099573,1100187,-
MA_RS04770,MA0920,"MA0920,MA_0920",MA_RS04770,protein_coding,NC_003552.1,1100355,1100861,-
MA_RS04775,MA0921,"MA0921,MA_0921",MA_RS04775,protein_coding,NC_003552.1,1101370,1102056,-
MA_RS04780,MA0922,"MA0922,MA_0922",MA_RS04780,protein_coding,NC_003552.1,1102308,1102634,-
MA_RS04785,MA0923,"MA0923,MA_0923",MA_RS04785,protein_coding,NC_003552.1,1103181,1103558,+
MA_RS04790,MA0924,"MA0924,MA_0924",MA_RS04790,protein_coding,NC_003552.1,1103632,1104123,+
MA_RS04795,MA0925,"MA0925,MA_0925",MA_RS04795,protein_coding,NC_003552.1,1104205,1105386,+
MA_RS04800,MA0926,"MA0926,MA_0926",MA_RS04800,protein_coding,NC_003552.1,1105934,1106335,-
MA_RS04805,MA0927,"MA0927,MA_0927",MA_RS04805,protein_coding,NC_003552.1,1106736,1107419,+
MA_RS28045,,,MA_RS28045,protein_coding,NC_003552.1,1107509,1107658,-
MA_RS04810,MA0928,"MA0928,MA_0928",MA_RS04810,protein_coding,NC_003552.1,1107674,1107970,-
MA_RS04820,MA0931,"MA0931,MA_0931",MA_RS04820,protein_coding,NC_003552.1,1109141,1109794,-
MA_RS04845,MA0934,"MA0934,MA_0934",mtbC,protein_coding,NC_003552.1,1113305,1113955,-
MA_RS04850,,,MA_RS04850,protein_coding,NC_003552.1,1113958,1114155,-
MA_RS04855,MA0935,"MA0935,MA_0935",MA_RS04855,protein_coding,NC_003552.1,1114425,1114790,-
MA_RS04860,MA0936,"MA0936,MA_0936",MA_RS04860,protein_coding,NC_003552.1,1114909,1115871,-
MA_RS04865,MA0937,"MA0937,MA_0937",MA_RS04865,protein_coding,NC_003552.1,1115875,1116582,-
MA_RS04870,MA0938,"MA0938,MA_0938",MA_RS04870,protein_coding,NC_003552.1,1116628,1117239,-
MA_RS04875,MA0939,"MA0939,MA_0939",cobS,protein_coding,NC_003552.1,1117224,1118060,-
MA_RS04880,MA0940,"MA0940,MA_0940",cobZ,protein_coding,NC_003552.1,1118078,1118620,-
MA_RS04890,MA0941,"MA0941,MA_0941",MA_RS04890,protein_coding,NC_003552.1,1118909,1119868,-
MA_RS04895,MA0942,"MA0942,MA_0942",cobD,protein_coding,NC_003552.1,1119865,1121355,-
MA_RS04900,MA0943,"MA0943,MA_0943",hisS,protein_coding,NC_003552.1,1121827,1123068,+
MA_RS04905,MA0944,"MA0944,MA_0944",MA_RS04905,protein_coding,NC_003552.1,1123186,1124670,-
MA_RS28405,,,MA_RS28405,protein_coding,NC_003552.1,1125282,1125467,-
MA_RS28410,MA_0945,MA_0945,MA_RS28410,protein_coding,NC_003552.1,1125466,1125768,+
MA_RS04920,MA0946,"MA0946,MA_0946",MA_RS04920,protein_coding,NC_003552.1,1125765,1126397,+
MA_RS04925,MA0947,"MA0947,MA_0947",MA_RS04925,protein_coding,NC_003552.1,1126372,1127007,+
MA_RS04930,MA0948,"MA0948,MA_0948",MA_RS04930,protein_coding,NC_003552.1,1127122,1128429,+
MA_RS04935,MA0949,"MA0949,MA_0949",MA_RS04935,protein_coding,NC_003552.1,1128668,1129126,+
MA_RS04940,MA0950,"MA0950,MA_0950",MA_RS04940,protein_coding,NC_003552.1,1129290,1130084,-
MA_RS04945,MA0951,"MA0951,MA_0951",MA_RS04945,protein_coding,NC_003552.1,1130081,1131151,-
MA_RS04950,MA0952,"MA0952,MA_0952",MA_RS04950,protein_coding,NC_003552.1,1131170,1132378,-
MA_RS04955,MA0953,"MA0953,MA_0953",MA_RS04955,protein_coding,NC_003552.1,1132843,1133958,-
MA_RS04960,MA0954,"MA0954,MA_0954",MA_RS04960,protein_coding,NC_003552.1,1134014,1135282,-
MA_RS26555,,,MA_RS26555,protein_coding,NC_003552.1,1136335,1136478,+
MA_RS04965,MA0955,"MA0955,MA_0955",nadC,protein_coding,NC_003552.1,1136515,1137348,-
MA_RS04970,MA0956,"MA0956,MA_0956",queD,protein_coding,NC_003552.1,1137547,1137918,-
MA_RS25090,MA_0957,MA_0957,MA_RS25090,protein_coding,NC_003552.1,1138411,1142001,-
MA_RS04980,MA0958,"MA0958,MA_0958",MA_RS04980,protein_coding,NC_003552.1,1142634,1143449,+
MA_RS04985,MA0959,"MA0959,MA_0959",nadA,protein_coding,NC_003552.1,1143764,1144678,+
MA_RS24380,MA_0960,MA_0960,MA_RS24380,protein_coding,NC_003552.1,1145129,1146589,-
MA_RS04995,MA0961,"MA0961,MA_0961",MA_RS04995,protein_coding,NC_003552.1,1147403,1148272,+
MA_RS05000,MA0962,"MA0962,MA_0962",MA_RS05000,protein_coding,NC_003552.1,1148407,1149639,-
MA_RS05005,MA0963,"MA0963,MA_0963",MA_RS05005,protein_coding,NC_003552.1,1149985,1150728,-
MA_RS05015,MA0964,"MA0964,MA_0964",MA_RS05015,protein_coding,NC_003552.1,1151312,1151746,+
MA_RS05020,MA0965,"MA0965,MA_0965",MA_RS05020,protein_coding,NC_003552.1,1152290,1152682,+
MA_RS28415,,,MA_RS28415,protein_coding,NC_003552.1,1153621,1153779,-
MA_RS25095,MA_0967,MA_0967,MA_RS25095,protein_coding,NC_003552.1,1153854,1154141,-
MA_RS05040,MA0968,"MA0968,MA_0968",MA_RS05040,protein_coding,NC_003552.1,1154663,1155616,+
MA_RS05045,MA0969,"MA0969,MA_0969",pyrF,protein_coding,NC_003552.1,1155621,1156286,+
MA_RS24390,MA_0970,MA_0970,MA_RS24390,protein_coding,NC_003552.1,1157351,1159786,+
MA_RS05055,MA0971,"MA0971,MA_0971",MA_RS05055,protein_coding,NC_003552.1,1160210,1160659,-
MA_RS05060,MA0972,"MA0972,MA_0972",katG,protein_coding,NC_003552.1,1160915,1163110,+
MA_RS05065,,,MA_RS05065,protein_coding,NC_003552.1,1163135,1163320,+
MA_RS05070,MA0973,"MA0973,MA_0973",MA_RS05070,protein_coding,NC_003552.1,1163445,1164731,+
MA_RS05075,MA0974,"MA0974,MA_0974",MA_RS05075,protein_coding,NC_003552.1,1165169,1165495,+
MA_RS05080,MA0975,"MA0975,MA_0975",frhA,protein_coding,NC_003552.1,1165686,1167062,+
MA_RS05085,MA0976,"MA0976,MA_0976",frhD,protein_coding,NC_003552.1,1167069,1167548,+
MA_RS05090,MA0977,"MA0977,MA_0977",frhG,protein_coding,NC_003552.1,1167535,1168341,+
MA_RS05095,MA0978,"MA0978,MA_0978",frhB,protein_coding,NC_003552.1,1168352,1169227,+
MA_RS05100,MA0979,"MA0979,MA_0979",MA_RS05100,protein_coding,NC_003552.1,1169485,1170885,-
MA_RS05105,MA0980,"MA0980,MA_0980",MA_RS05105,protein_coding,NC_003552.1,1170887,1172284,-
MA_RS05110,,,MA_RS05110,protein_coding,NC_003552.1,1172801,1172995,+
MA_RS05115,MA0981,"MA0981,MA_0981",MA_RS05115,protein_coding,NC_003552.1,1172985,1173254,+
MA_RS05120,,,MA_RS05120,protein_coding,NC_003552.1,1173682,1173885,+
MA_RS05125,MA0982,"MA0982,MA_0982",MA_RS05125,protein_coding,NC_003552.1,1173882,1174226,+
MA_RS05130,,,MA_RS05130,protein_coding,NC_003552.1,1174406,1174621,-
MA_RS05140,MA0984,"MA0984,MA_0984",MA_RS05140,protein_coding,NC_003552.1,1175397,1176548,+
MA_RS29625,,,MA_RS29625,protein_coding,NC_003552.1,1177303,1177491,-
MA_RS05145,MA0986,"MA0986,MA_0986",MA_RS05145,protein_coding,NC_003552.1,1178389,1179108,+
MA_RS27880,,,MA_RS27880,protein_coding,NC_003552.1,1179199,1179429,-
MA_RS28420,,,MA_RS28420,protein_coding,NC_003552.1,1179481,1179624,-
MA_RS05155,MA0987,"MA0987,MA_0987",MA_RS05155,protein_coding,NC_003552.1,1179874,1180614,+
MA_RS05160,MA0988,"MA0988,MA_0988",MA_RS05160,protein_coding,NC_003552.1,1180735,1181283,-
MA_RS05165,MA0989,"MA0989,MA_0989",MA_RS05165,protein_coding,NC_003552.1,1181616,1182470,+
MA_RS05170,MA0990,"MA0990,MA_0990",MA_RS05170,protein_coding,NC_003552.1,1182614,1183333,-
MA_RS05175,MA0991,"MA0991,MA_0991",MA_RS05175,protein_coding,NC_003552.1,1183746,1184234,-
MA_RS28425,MA_0992,MA_0992,MA_RS28425,protein_coding,NC_003552.1,1184348,1184641,-
MA_RS28430,,,MA_RS28430,protein_coding,NC_003552.1,1184610,1184843,-
MA_RS05185,MA0993,"MA0993,MA_0993",MA_RS05185,protein_coding,NC_003552.1,1184875,1185696,-
MA_RS05190,MA0994,"MA0994,MA_0994",MA_RS05190,protein_coding,NC_003552.1,1186239,1186691,-
MA_RS05195,MA0995,"MA0995,MA_0995",MA_RS05195,protein_coding,NC_003552.1,1187129,1187881,+
MA_RS05200,MA0996,"MA0996,MA_0996",MA_RS05200,protein_coding,NC_003552.1,1188064,1188804,+
MA_RS28435,MA_0998,MA_0998,MA_RS28435,protein_coding,NC_003552.1,1189519,1190037,+
MA_RS05210,MA0999,"MA0999,MA_0999",MA_RS05210,protein_coding,NC_003552.1,1190771,1191658,+
MA_RS24395,MA_1000,MA_1000,MA_RS24395,protein_coding,NC_003552.1,1191973,1192548,+
MA_RS05225,MA1001,"MA1001,MA_1001",fumC,protein_coding,NC_003552.1,1193195,1194679,-
MA_RS05230,MA1002,"MA1002,MA_1002",MA_RS05230,protein_coding,NC_003552.1,1194714,1195106,-
MA_RS05240,MA1003,"MA1003,MA_1003",MA_RS05240,protein_coding,NC_003552.1,1195554,1196654,-
MA_RS05250,MA1004,"MA1004,MA_1004",MA_RS05250,protein_coding,NC_003552.1,1197325,1198131,-
MA_RS05255,MA1005,"MA1005,MA_1005",MA_RS05255,protein_coding,NC_003552.1,1199625,1200038,+
MA_RS05260,MA1006,"MA1006,MA_1006",MA_RS05260,protein_coding,NC_003552.1,1200259,1201575,+
MA_RS05265,MA1007,"MA1007,MA_1007",cydB,protein_coding,NC_003552.1,1201578,1202621,+
MA_RS05270,MA1008,"MA1008,MA_1008",prf1,protein_coding,NC_003552.1,1202909,1204156,+
MA_RS05275,MA1009,"MA1009,MA_1009",tnpB,protein_coding,NC_003552.1,1204352,1205464,-
MA_RS05285,MA1011,"MA1011,MA_1011",acsC,protein_coding,NC_003552.1,1206107,1207513,-
MA_RS05290,MA1012,"MA1012,MA_1012",cdhD,protein_coding,NC_003552.1,1207517,1208827,-
MA_RS05295,MA1013,"MA1013,MA_1013",MA_RS05295,protein_coding,NC_003552.1,1209064,1209825,-
MA_RS05300,MA1014,"MA1014,MA_1014",cdhC,protein_coding,NC_003552.1,1209881,1211290,-
MA_RS05305,MA1015,"MA1015,MA_1015",cdhB,protein_coding,NC_003552.1,1211315,1211827,-
MA_RS05310,MA1016,"MA1016,MA_1016",cdhA,protein_coding,NC_003552.1,1211830,1214250,-
MA_RS29720,MA_1017,MA_1017,MA_RS29720,protein_coding,NC_003552.1,1217171,1217683,+
MA_RS05325,MA1018,"MA1018,MA_1018",MA_RS05325,protein_coding,NC_003552.1,1217952,1218959,-
MA_RS05330,MA1019,"MA1019,MA_1019",MA_RS05330,protein_coding,NC_003552.1,1219252,1220592,-
MA_RS05335,MA1020,"MA1020,MA_1020",MA_RS05335,protein_coding,NC_003552.1,1221136,1222293,-
MA_RS05340,MA1021,"MA1021,MA_1021",MA_RS05340,protein_coding,NC_003552.1,1222800,1223591,+
MA_RS05345,MA1022,"MA1022,MA_1022",iorA,protein_coding,NC_003552.1,1223996,1225798,+
MA_RS05350,MA1023,"MA1023,MA_1023",MA_RS05350,protein_coding,NC_003552.1,1225795,1226397,+
MA_RS05360,MA1027,"MA1027,MA_1027",MA_RS05360,protein_coding,NC_003552.1,1228492,1228737,+
MA_RS05365,MA1028,"MA1028,MA_1028",MA_RS05365,protein_coding,NC_003552.1,1228753,1230231,+
MA_RS05370,MA1029,"MA1029,MA_1029",MA_RS05370,protein_coding,NC_003552.1,1230212,1231228,+
MA_RS05375,MA1030,"MA1030,MA_1030",nadE,protein_coding,NC_003552.1,1231307,1232299,+
MA_RS05380,MA1031,"MA1031,MA_1031",MA_RS05380,protein_coding,NC_003552.1,1232572,1233705,+
MA_RS05385,MA1032,"MA1032,MA_1032",MA_RS05385,protein_coding,NC_003552.1,1233847,1234371,+
MA_RS05390,MA1033,"MA1033,MA_1033",MA_RS05390,protein_coding,NC_003552.1,1234712,1235254,-
MA_RS05395,MA1034,"MA1034,MA_1034",MA_RS05395,protein_coding,NC_003552.1,1235803,1236717,+
MA_RS05410,MA1038,"MA1038,MA_1038",MA_RS05410,protein_coding,NC_003552.1,1238301,1239587,+
MA_RS25120,,,MA_RS25120,protein_coding,NC_003552.1,1240110,1241205,+
MA_RS05430,MA1042,"MA1042,MA_1042",MA_RS05430,protein_coding,NC_003552.1,1241710,1243245,-
MA_RS05435,MA1043,"MA1043,MA_1043",MA_RS05435,protein_coding,NC_003552.1,1244822,1246078,+
MA_RS29730,MA_1044,MA_1044,MA_RS29730,protein_coding,NC_003552.1,1246528,1246887,+
MA_RS05440,MA1045,"MA1045,MA_1045",MA_RS05440,protein_coding,NC_003552.1,1246905,1248389,-
MA_RS29735,,,MA_RS29735,protein_coding,NC_003552.1,1248532,1248780,+
MA_RS05470,MA1049,"MA1049,MA_1049",istB,protein_coding,NC_003552.1,1252113,1252886,-
MA_RS05485,MA1053,"MA1053,MA_1053",MA_RS05485,protein_coding,NC_003552.1,1255168,1256727,+
MA_RS05490,MA1054,"MA1054,MA_1054",MA_RS05490,protein_coding,NC_003552.1,1256865,1259009,+
MA_RS05495,MA1055,"MA1055,MA_1055",MA_RS05495,protein_coding,NC_003552.1,1259356,1260984,-
MA_RS05505,MA1057,"MA1057,MA_1057",istA,protein_coding,NC_003552.1,1261729,1262973,+
MA_RS05520,MA1059,"MA1059,MA_1059",MA_RS05520,protein_coding,NC_003552.1,1264681,1267617,-
MA_RS05525,MA1060,"MA1060,MA_1060",MA_RS05525,protein_coding,NC_003552.1,1268370,1269998,-
MA_RS05530,MA1061,"MA1061,MA_1061",MA_RS05530,protein_coding,NC_003552.1,1270407,1271657,-
MA_RS05535,MA1062,"MA1062,MA_1062",MA_RS05535,protein_coding,NC_003552.1,1271663,1272832,-
MA_RS05540,MA1063,"MA1063,MA_1063",MA_RS05540,protein_coding,NC_003552.1,1272835,1274172,-
MA_RS05545,MA1064,"MA1064,MA_1064",MA_RS05545,protein_coding,NC_003552.1,1274200,1275240,-
MA_RS05550,MA1065,"MA1065,MA_1065",MA_RS05550,protein_coding,NC_003552.1,1275297,1275986,-
MA_RS05555,MA1066,"MA1066,MA_1066",MA_RS05555,protein_coding,NC_003552.1,1275983,1276759,-
MA_RS28160,MA_1067,MA_1067,MA_RS28160,protein_coding,NC_003552.1,1276872,1278596,-
MA_RS05570,MA1068,"MA1068,MA_1068",MA_RS05570,protein_coding,NC_003552.1,1278700,1280232,-
MA_RS05575,MA1069,"MA1069,MA_1069",MA_RS05575,protein_coding,NC_003552.1,1281584,1282216,+
MA_RS05580,MA1070,"MA1070,MA_1070",MA_RS05580,protein_coding,NC_003552.1,1282774,1283295,-
MA_RS28060,,,MA_RS28060,protein_coding,NC_003552.1,1284550,1284705,+
MA_RS05585,MA1071,"MA1071,MA_1071",MA_RS05585,protein_coding,NC_003552.1,1284710,1285003,+
MA_RS05595,MA1072,"MA1072,MA_1072",rpl3p,protein_coding,NC_003552.1,1285985,1286998,+
MA_RS05600,MA1073,"MA1073,MA_1073",rpl4p,protein_coding,NC_003552.1,1287005,1287766,+
MA_RS05605,MA1074,"MA1074,MA_1074",MA_RS05605,protein_coding,NC_003552.1,1287763,1288011,+
MA_RS05610,MA1075,"MA1075,MA_1075",MA_RS05610,protein_coding,NC_003552.1,1288022,1288738,+
MA_RS05615,MA1076,"MA1076,MA_1076",MA_RS05615,protein_coding,NC_003552.1,1288754,1289164,+
MA_RS05620,MA1077,"MA1077,MA_1077",MA_RS05620,protein_coding,NC_003552.1,1289176,1289631,+
MA_RS05625,MA1078,"MA1078,MA_1078",MA_RS05625,protein_coding,NC_003552.1,1289632,1290588,+
MA_RS05630,MA1079,"MA1079,MA_1079",rpmC,protein_coding,NC_003552.1,1290588,1290791,+
MA_RS05635,MA1080,"MA1080,MA_1080",rnp1,protein_coding,NC_003552.1,1290781,1291113,+
MA_RS05640,MA1081,"MA1081,MA_1081",MA_RS05640,protein_coding,NC_003552.1,1291118,1291447,+
MA_RS05645,MA1082,"MA1082,MA_1082",rpl14p,protein_coding,NC_003552.1,1291444,1291842,+
MA_RS05650,MA1083,"MA1083,MA_1083",rplX,protein_coding,NC_003552.1,1291853,1292203,+
MA_RS05655,MA1084,"MA1084,MA_1084",MA_RS05655,protein_coding,NC_003552.1,1292217,1292924,+
MA_RS05660,MA1085,"MA1085,MA_1085",MA_RS05660,protein_coding,NC_003552.1,1292929,1293426,+
MA_RS05665,MA1086,"MA1086,MA_1086",MA_RS05665,protein_coding,NC_003552.1,1293427,1293579,+
MA_RS05670,MA1087,"MA1087,MA_1087",MA_RS05670,protein_coding,NC_003552.1,1293590,1293982,+
MA_RS05675,MA1088,"MA1088,MA_1088",rpl6p,protein_coding,NC_003552.1,1293997,1294527,+
MA_RS05680,MA1089,"MA1089,MA_1089",MA_RS05680,protein_coding,NC_003552.1,1294539,1295015,+
MA_RS05685,MA1090,"MA1090,MA_1090",MA_RS05685,protein_coding,NC_003552.1,1295017,1295472,+
MA_RS05690,MA1091,"MA1091,MA_1091",MA_RS05690,protein_coding,NC_003552.1,1295489,1296013,+
MA_RS05695,MA1092,"MA1092,MA_1092",MA_RS05695,protein_coding,NC_003552.1,1296023,1296652,+
MA_RS05700,MA1093,"MA1093,MA_1093",MA_RS05700,protein_coding,NC_003552.1,1296654,1297115,+
MA_RS05705,MA1094,"MA1094,MA_1094",MA_RS05705,protein_coding,NC_003552.1,1297126,1297548,+
MA_RS05710,MA1095,"MA1095,MA_1095",secY,protein_coding,NC_003552.1,1297691,1299166,+
MA_RS05715,MA1096,"MA1096,MA_1096",MA_RS05715,protein_coding,NC_003552.1,1299259,1299906,+
MA_RS05720,MA1097,"MA1097,MA_1097",MA_RS05720,protein_coding,NC_003552.1,1300099,1300377,+
MA_RS05725,MA1098,"MA1098,MA_1098",MA_RS05725,protein_coding,NC_003552.1,1300425,1300970,-
MA_RS05730,MA1100,"MA1100,MA_1100",MA_RS05730,protein_coding,NC_003552.1,1302289,1303281,-
MA_RS05735,MA1101,"MA1101,MA_1101",MA_RS05735,protein_coding,NC_003552.1,1303855,1304091,-
MA_RS05740,MA1102,"MA1102,MA_1102",MA_RS05740,protein_coding,NC_003552.1,1304760,1305659,+
MA_RS05745,MA1103,"MA1103,MA_1103",MA_RS05745,protein_coding,NC_003552.1,1306088,1306708,+
MA_RS05750,MA1104,"MA1104,MA_1104",cmk,protein_coding,NC_003552.1,1306708,1307250,+
MA_RS05755,MA1105,"MA1105,MA_1105",MA_RS05755,protein_coding,NC_003552.1,1307563,1308579,+
MA_RS05760,MAt4697,MAt4697,MA_RS05760,tRNA,NC_003552.1,1308692,1308774,+
MA_RS05765,MA1106,"MA1106,MA_1106",MA_RS05765,protein_coding,NC_003552.1,1309343,1310050,+
MA_RS05770,MA1107,"MA1107,MA_1107",MA_RS05770,protein_coding,NC_003552.1,1310037,1311611,+
MA_RS05775,MA1108,"MA1108,MA_1108",MA_RS05775,protein_coding,NC_003552.1,1312030,1312518,+
MA_RS05780,MA1109,"MA1109,MA_1109",MA_RS05780,protein_coding,NC_003552.1,1312542,1313198,+
MA_RS05785,MA1110,"MA1110,MA_1110",MA_RS05785,protein_coding,NC_003552.1,1313201,1313581,+
MA_RS05800,MA1114,"MA1114,MA_1114",tes,protein_coding,NC_003552.1,1316554,1318083,-
MA_RS26585,,,MA_RS26585,protein_coding,NC_003552.1,1318782,1318958,-
MA_RS05810,MA1116,"MA1116,MA_1116",MA_RS05810,protein_coding,NC_003552.1,1318948,1319865,-
MA_RS05815,MAt4698,MAt4698,MA_RS05815,tRNA,NC_003552.1,1320020,1320107,+
MA_RS05820,MAt4699,MAt4699,MA_RS05820,tRNA,NC_003552.1,1320214,1320298,+
MA_RS05825,MA1117,"MA1117,MA_1117",MA_RS05825,protein_coding,NC_003552.1,1320776,1321651,+
MA_RS05830,MA1118,"MA1118,MA_1118",MA_RS05830,protein_coding,NC_003552.1,1321908,1323128,-
MA_RS05835,MA1119,"MA1119,MA_1119",MA_RS05835,protein_coding,NC_003552.1,1323164,1324597,-
MA_RS05840,MA1120,"MA1120,MA_1120",MA_RS05840,protein_coding,NC_003552.1,1324607,1325545,-
MA_RS05845,MA1121,"MA1121,MA_1121",MA_RS05845,protein_coding,NC_003552.1,1325718,1327145,-
MA_RS05850,MA1122,"MA1122,MA_1122",MA_RS05850,protein_coding,NC_003552.1,1327168,1327623,-
MA_RS05855,MA1123,"MA1123,MA_1123",MA_RS05855,protein_coding,NC_003552.1,1328311,1329009,+
MA_RS26590,MA_1124,MA_1124,MA_RS26590,protein_coding,NC_003552.1,1329593,1330006,+
MA_RS05860,MA1125,"MA1125,MA_1125",MA_RS05860,protein_coding,NC_003552.1,1330048,1330965,-
MA_RS24400,MA_1126,MA_1126,MA_RS24400,protein_coding,NC_003552.1,1331057,1333651,+
MA_RS05870,MA1127,"MA1127,MA_1127",MA_RS05870,protein_coding,NC_003552.1,1333817,1334644,-
MA_RS05875,MA1128,"MA1128,MA_1128",MA_RS05875,protein_coding,NC_003552.1,1334669,1335895,-
MA_RS05880,MA1129,"MA1129,MA_1129",MA_RS05880,protein_coding,NC_003552.1,1336197,1337615,-
MA_RS05885,MA1130,"MA1130,MA_1130",MA_RS05885,protein_coding,NC_003552.1,1337783,1339096,+
MA_RS05890,MA1131,"MA1131,MA_1131",MA_RS05890,protein_coding,NC_003552.1,1339430,1340500,+
MA_RS05895,MA1132,"MA1132,MA_1132",MA_RS05895,protein_coding,NC_003552.1,1340505,1341311,+
MA_RS05900,MA1133,"MA1133,MA_1133",MA_RS05900,protein_coding,NC_003552.1,1341560,1342183,-
MA_RS05905,MA1134,"MA1134,MA_1134",MA_RS05905,protein_coding,NC_003552.1,1342271,1342816,-
MA_RS05910,,,MA_RS05910,protein_coding,NC_003552.1,1342974,1343171,-
MA_RS05915,MA1136,"MA1136,MA_1136",hypE,protein_coding,NC_003552.1,1343665,1344711,-
MA_RS05920,MA1137,"MA1137,MA_1137",hypB,protein_coding,NC_003552.1,1344761,1345432,-
MA_RS05925,MA1138,"MA1138,MA_1138",hypA,protein_coding,NC_003552.1,1345653,1346054,-
MA_RS05930,MA1139,"MA1139,MA_1139",hypD,protein_coding,NC_003552.1,1346047,1347132,-
MA_RS05935,MA1140,"MA1140,MA_1140",MA_RS05935,protein_coding,NC_003552.1,1347167,1347445,-
MA_RS05945,MA1141,"MA1141,MA_1141",MA_RS05945,protein_coding,NC_003552.1,1348886,1350037,+
MA_RS05950,MA1142,"MA1142,MA_1142",MA_RS05950,protein_coding,NC_003552.1,1350045,1351832,+
MA_RS05955,MA1143,"MA1143,MA_1143",MA_RS05955,protein_coding,NC_003552.1,1351847,1352659,+
MA_RS05960,MA1144,"MA1144,MA_1144",MA_RS05960,protein_coding,NC_003552.1,1352797,1353282,+
MA_RS05965,MA1145,"MA1145,MA_1145",MA_RS05965,protein_coding,NC_003552.1,1353733,1354695,-
MA_RS05970,MA1146,"MA1146,MA_1146",MA_RS05970,protein_coding,NC_003552.1,1355292,1356455,+
MA_RS05975,MA1147,"MA1147,MA_1147",MA_RS05975,protein_coding,NC_003552.1,1356455,1358245,+
MA_RS05980,MA1148,"MA1148,MA_1148",MA_RS05980,protein_coding,NC_003552.1,1358257,1359021,+
MA_RS05985,MA1149,"MA1149,MA_1149",MA_RS05985,protein_coding,NC_003552.1,1359685,1362234,-
MA_RS05990,MA1150,"MA1150,MA_1150",cgi121,protein_coding,NC_003552.1,1362462,1362992,+
MA_RS05995,MA1151,"MA1151,MA_1151",MA_RS05995,protein_coding,NC_003552.1,1363025,1363771,-
MA_RS06000,MA1152,"MA1152,MA_1152",glpX,protein_coding,NC_003552.1,1364136,1365224,+
MA_RS06005,MA1153,"MA1153,MA_1153",MA_RS06005,protein_coding,NC_003552.1,1365301,1366608,+
MA_RS06015,MA1155,"MA1155,MA_1155",MA_RS06015,protein_coding,NC_003552.1,1366947,1371092,+
MA_RS06020,MA1156,"MA1156,MA_1156",MA_RS06020,protein_coding,NC_003552.1,1371111,1371716,+
MA_RS06025,MA1157,"MA1157,MA_1157",MA_RS06025,protein_coding,NC_003552.1,1371890,1372438,-
MA_RS06030,MA1158,"MA1158,MA_1158",MA_RS06030,protein_coding,NC_003552.1,1372749,1373261,-
MA_RS06035,MA1159,"MA1159,MA_1159",MA_RS06035,protein_coding,NC_003552.1,1373348,1373623,-
MA_RS29740,,,MA_RS29740,protein_coding,NC_003552.1,1373797,1373919,-
MA_RS06045,MA1161,"MA1161,MA_1161",MA_RS06045,protein_coding,NC_003552.1,1374361,1375692,-
MA_RS06050,MA1162,"MA1162,MA_1162",mmrce1,protein_coding,NC_003552.1,1375689,1376558,-
MA_RS06055,MA1163,"MA1163,MA_1163",MA_RS06055,protein_coding,NC_003552.1,1377048,1378892,+
MA_RS06060,MA1164,"MA1164,MA_1164",MA_RS06060,protein_coding,NC_003552.1,1378889,1382113,+
MA_RS06065,MA1165,"MA1165,MA_1165",MA_RS06065,protein_coding,NC_003552.1,1382153,1382947,-
MA_RS06070,MA1166,"MA1166,MA_1166",MA_RS06070,protein_coding,NC_003552.1,1383532,1384272,-
MA_RS06075,MA1167,"MA1167,MA_1167",MA_RS06075,protein_coding,NC_003552.1,1384334,1385185,-
MA_RS06080,MA1168,"MA1168,MA_1168",moaC,protein_coding,NC_003552.1,1385282,1385749,-
MA_RS06085,,,MA_RS06085,protein_coding,NC_003552.1,1385993,1386178,-
MA_RS06090,MA1170,"MA1170,MA_1170",MA_RS06090,protein_coding,NC_003552.1,1386481,1387983,-
MA_RS06095,MA1171,"MA1171,MA_1171",MA_RS06095,protein_coding,NC_003552.1,1388704,1390170,+
MA_RS06100,MA1172,"MA1172,MA_1172",MA_RS06100,protein_coding,NC_003552.1,1390404,1392905,-
MA_RS06105,MA1173,"MA1173,MA_1173",gmd,protein_coding,NC_003552.1,1393005,1394033,-
MA_RS06110,MA1174,"MA1174,MA_1174",gmd,protein_coding,NC_003552.1,1394060,1395082,-
MA_RS06115,MA1175,"MA1175,MA_1175",MA_RS06115,protein_coding,NC_003552.1,1395472,1396542,+
MA_RS06120,MA1176,"MA1176,MA_1176",MA_RS06120,protein_coding,NC_003552.1,1396529,1397311,+
MA_RS06125,MA1177,"MA1177,MA_1177",MA_RS06125,protein_coding,NC_003552.1,1397311,1398540,+
MA_RS24405,MA_1178,MA_1178,MA_RS24405,protein_coding,NC_003552.1,1398528,1399958,+
MA_RS06135,MA1179,"MA1179,MA_1179",MA_RS06135,protein_coding,NC_003552.1,1399970,1402393,+
MA_RS06140,MA1180,"MA1180,MA_1180",MA_RS06140,protein_coding,NC_003552.1,1402390,1403556,+
MA_RS06145,MA1181,"MA1181,MA_1181",MA_RS06145,protein_coding,NC_003552.1,1404112,1406301,-
MA_RS06150,MA1182,"MA1182,MA_1182",MA_RS06150,protein_coding,NC_003552.1,1407605,1408567,+
MA_RS06155,MA1183,"MA1183,MA_1183",MA_RS06155,protein_coding,NC_003552.1,1408730,1409869,-
MA_RS06160,MA1184,"MA1184,MA_1184",MA_RS06160,protein_coding,NC_003552.1,1409866,1410810,-
MA_RS06165,MA1185,"MA1185,MA_1185",MA_RS06165,protein_coding,NC_003552.1,1410786,1411736,-
MA_RS06170,MA1186,"MA1186,MA_1186",MA_RS06170,protein_coding,NC_003552.1,1412255,1413418,-
MA_RS06175,MA1187,"MA1187,MA_1187",MA_RS06175,protein_coding,NC_003552.1,1413428,1414573,-
MA_RS06185,MA1189,"MA1189,MA_1189",wrbA,protein_coding,NC_003552.1,1414961,1415590,+
MA_RS06190,MA1190,"MA1190,MA_1190",MA_RS06190,protein_coding,NC_003552.1,1416845,1418872,+
MA_RS06195,MA1191,"MA1191,MA_1191",MA_RS06195,protein_coding,NC_003552.1,1418911,1419348,-
MA_RS06200,MA1192,"MA1192,MA_1192",MA_RS06200,protein_coding,NC_003552.1,1419326,1420585,-
MA_RS06205,MA1193,"MA1193,MA_1193",MA_RS06205,protein_coding,NC_003552.1,1421117,1422058,+
MA_RS06210,MA1194,"MA1194,MA_1194",MA_RS06210,protein_coding,NC_003552.1,1422102,1423394,+
MA_RS06215,MA1195,"MA1195,MA_1195",MA_RS06215,protein_coding,NC_003552.1,1423653,1425149,-
MA_RS06220,MA1196,"MA1196,MA_1196",MA_RS06220,protein_coding,NC_003552.1,1425479,1426981,+
MA_RS06225,MA1197,"MA1197,MA_1197",MA_RS06225,protein_coding,NC_003552.1,1427236,1428312,-
MA_RS06230,MA1198,"MA1198,MA_1198",MA_RS06230,protein_coding,NC_003552.1,1428396,1429178,-
MA_RS06235,MA1199,"MA1199,MA_1199",MA_RS06235,protein_coding,NC_003552.1,1429169,1430212,-
MA_RS06245,MA1200,"MA1200,MA_1200",MA_RS06245,protein_coding,NC_003552.1,1430387,1431478,-
MA_RS28465,,,MA_RS28465,protein_coding,NC_003552.1,1432029,1432214,+
MA_RS28470,,,MA_RS28470,protein_coding,NC_003552.1,1432204,1432437,+
MA_RS06255,MA1202,"MA1202,MA_1202",MA_RS06255,protein_coding,NC_003552.1,1432872,1433246,-
MA_RS06260,MA_1203,MA_1203,anfO,protein_coding,NC_003552.1,1434095,1434484,-
MA_RS06265,MA1204,"MA1204,MA_1204",MA_RS06265,protein_coding,NC_003552.1,1434837,1436630,-
MA_RS06270,MA1205,"MA1205,MA_1205",nifH,protein_coding,NC_003552.1,1437519,1438346,+
MA_RS06275,MA1206,"MA1206,MA_1206",MA_RS06275,protein_coding,NC_003552.1,1438658,1439191,+
MA_RS06280,MA1207,"MA1207,MA_1207",anfO,protein_coding,NC_003552.1,1439308,1439997,-
MA_RS06285,MA1208,"MA1208,MA_1208",anfK,protein_coding,NC_003552.1,1440403,1441791,-
MA_RS06290,MA1209,"MA1209,MA_1209",anfG,protein_coding,NC_003552.1,1441807,1442157,-
MA_RS06295,MA1210,"MA1210,MA_1210",anfD,protein_coding,NC_003552.1,1442180,1443742,-
MA_RS06300,MA1211,"MA1211,MA_1211",MA_RS06300,protein_coding,NC_003552.1,1443776,1444156,-
MA_RS06305,MA1212,"MA1212,MA_1212",MA_RS06305,protein_coding,NC_003552.1,1444170,1444487,-
MA_RS06310,MA1213,"MA1213,MA_1213",nifH,protein_coding,NC_003552.1,1446358,1447185,+
MA_RS06315,MA1214,"MA1214,MA_1214",MA_RS06315,protein_coding,NC_003552.1,1447205,1447522,+
MA_RS06320,MA1215,"MA1215,MA_1215",MA_RS06320,protein_coding,NC_003552.1,1447569,1447940,+
MA_RS06325,MA1216,"MA1216,MA_1216",vnfD,protein_coding,NC_003552.1,1447960,1449402,+
MA_RS06330,MA1217,"MA1217,MA_1217",vnfG,protein_coding,NC_003552.1,1449399,1449737,+
MA_RS06335,MA1218,"MA1218,MA_1218",vnfK,protein_coding,NC_003552.1,1449778,1451163,+
MA_RS06340,MA1219,"MA1219,MA_1219",MA_RS06340,protein_coding,NC_003552.1,1451365,1452894,+
MA_RS06345,MA1220,"MA1220,MA_1220",MA_RS06345,protein_coding,NC_003552.1,1452879,1454219,+
MA_RS06350,MA1221,"MA1221,MA_1221",MA_RS06350,protein_coding,NC_003552.1,1454243,1454800,+
MA_RS06355,MA1222,"MA1222,MA_1222",MA_RS06355,protein_coding,NC_003552.1,1455058,1456155,+
MA_RS06360,MA1223,"MA1223,MA_1223",hacB,protein_coding,NC_003552.1,1456238,1456732,+
MA_RS06365,MA1224,"MA1224,MA_1224",MA_RS06365,protein_coding,NC_003552.1,1456810,1457748,-
MA_RS06370,MA1225,"MA1225,MA_1225",MA_RS06370,protein_coding,NC_003552.1,1457848,1458717,-
MA_RS06375,MA1226,"MA1226,MA_1226",MA_RS06375,protein_coding,NC_003552.1,1458710,1459840,-
MA_RS06380,MA1227,"MA1227,MA_1227",MA_RS06380,protein_coding,NC_003552.1,1459894,1460904,-
MA_RS06385,MA1228,"MA1228,MA_1228",MA_RS06385,protein_coding,NC_003552.1,1460907,1461599,-
MA_RS06390,MA1229,"MA1229,MA_1229",MA_RS06390,protein_coding,NC_003552.1,1461638,1462519,-
MA_RS06395,MA1230,"MA1230,MA_1230",MA_RS06395,protein_coding,NC_003552.1,1462770,1463861,-
MA_RS06400,MA1231,"MA1231,MA_1231",MA_RS06400,protein_coding,NC_003552.1,1463969,1465054,-
MA_RS06405,MA1232,"MA1232,MA_1232",MA_RS06405,protein_coding,NC_003552.1,1465159,1466250,-
MA_RS06410,MA1233,"MA1233,MA_1233",MA_RS06410,protein_coding,NC_003552.1,1466328,1467116,-
MA_RS06415,MA1234,"MA1234,MA_1234",MA_RS06415,protein_coding,NC_003552.1,1467107,1468138,-
MA_RS29305,,,MA_RS29305,protein_coding,NC_003552.1,1468788,1468916,+
MA_RS06420,MA1235,"MA1235,MA_1235",MA_RS06420,protein_coding,NC_003552.1,1469352,1470485,-
MA_RS06425,MA1236,"MA1236,MA_1236",modB,protein_coding,NC_003552.1,1470482,1471159,-
MA_RS06430,MA1237,"MA1237,MA_1237",modA,protein_coding,NC_003552.1,1471288,1472118,-
MA_RS06435,MA1238,"MA1238,MA_1238",MA_RS06435,protein_coding,NC_003552.1,1472605,1472814,-
MA_RS06440,MA1239,"MA1239,MA_1239",MA_RS06440,protein_coding,NC_003552.1,1473105,1473314,-
MA_RS29310,,,MA_RS29310,protein_coding,NC_003552.1,1473590,1473712,+
MA_RS06445,MA1241,"MA1241,MA_1241",MA_RS06445,protein_coding,NC_003552.1,1473916,1475241,+
MA_RS28115,MA_1242,MA_1242,MA_RS28115,protein_coding,NC_003552.1,1475412,1476947,-
MA_RS06455,MA1243,"MA1243,MA_1243",MA_RS06455,protein_coding,NC_003552.1,1477774,1482366,+
MA_RS06460,MA1244,"MA1244,MA_1244",MA_RS06460,protein_coding,NC_003552.1,1482584,1483501,-
MA_RS06465,MA1245,"MA1245,MA_1245",MA_RS06465,protein_coding,NC_003552.1,1483494,1484432,-
MA_RS06470,MA1246,"MA1246,MA_1246",nikC,protein_coding,NC_003552.1,1484434,1485273,-
MA_RS06475,MA1247,"MA1247,MA_1247",MA_RS06475,protein_coding,NC_003552.1,1485257,1486207,-
MA_RS06480,MA1248,"MA1248,MA_1248",MA_RS06480,protein_coding,NC_003552.1,1486239,1486931,-
MA_RS06485,MA1249,"MA1249,MA_1249",MA_RS06485,protein_coding,NC_003552.1,1486943,1488505,-
MA_RS06490,MA1250,"MA1250,MA_1250",MA_RS06490,protein_coding,NC_003552.1,1488722,1490296,-
MA_RS06495,MA1251,"MA1251,MA_1251",MA_RS06495,protein_coding,NC_003552.1,1491186,1492046,+
MA_RS06500,MA1252,"MA1252,MA_1252",MA_RS06500,protein_coding,NC_003552.1,1492897,1493604,+
MA_RS06505,,,MA_RS06505,protein_coding,NC_003552.1,1494282,1494488,+
MA_RS26610,,,MA_RS26610,protein_coding,NC_003552.1,1494607,1494750,+
MA_RS26615,,,MA_RS26615,protein_coding,NC_003552.1,1494775,1494921,+
MA_RS06510,MA1255,"MA1255,MA_1255",rpsJ,protein_coding,NC_003552.1,1495601,1495909,-
MA_RS06515,MA1256,"MA1256,MA_1256",tuf,protein_coding,NC_003552.1,1495948,1497216,-
MA_RS06520,MA1257,"MA1257,MA_1257",MA_RS06520,protein_coding,NC_003552.1,1497544,1499736,-
MA_RS06525,MA1258,"MA1258,MA_1258",MA_RS06525,protein_coding,NC_003552.1,1499809,1500378,-
MA_RS06530,MA1259,"MA1259,MA_1259",MA_RS06530,protein_coding,NC_003552.1,1500375,1500803,-
MA_RS06535,MA1260,"MA1260,MA_1260",MA_RS06535,protein_coding,NC_003552.1,1500907,1501332,-
MA_RS06540,MA1261,"MA1261,MA_1261",MA_RS06540,protein_coding,NC_003552.1,1501353,1501643,-
MA_RS06545,MA1262,"MA1262,MA_1262",rpoA2,protein_coding,NC_003552.1,1501905,1503107,-
MA_RS06550,MA1263,"MA1263,MA_1263",MA_RS06550,protein_coding,NC_003552.1,1503104,1505746,-
MA_RS06555,MA1264,"MA1264,MA_1264",rpoB,protein_coding,NC_003552.1,1505761,1507575,-
MA_RS06560,MA1265,"MA1265,MA_1265",MA_RS06560,protein_coding,NC_003552.1,1507589,1509184,-
MA_RS06565,MA1266,"MA1266,MA_1266",MA_RS06565,protein_coding,NC_003552.1,1509398,1509634,-
MA_RS06570,MAt4700,MAt4700,MA_RS06570,tRNA,NC_003552.1,1509721,1509797,-
MA_RS06580,MA1267,"MA1267,MA_1267",MA_RS06580,protein_coding,NC_003552.1,1510392,1512242,-
MA_RS06585,MA1268,"MA1268,MA_1268",MA_RS06585,protein_coding,NC_003552.1,1512274,1512720,-
MA_RS06590,MA1269,"MA1269,MA_1269",MA_RS06590,protein_coding,NC_003552.1,1512779,1513219,-
MA_RS06595,MA1270,"MA1270,MA_1270",MA_RS06595,protein_coding,NC_003552.1,1513317,1517687,-
MA_RS06600,MA1271,"MA1271,MA_1271",MA_RS06600,protein_coding,NC_003552.1,1519002,1520234,+
MA_RS06605,MA1272,"MA1272,MA_1272",MA_RS06605,protein_coding,NC_003552.1,1520231,1520926,+
MA_RS06610,MA1273,"MA1273,MA_1273",MA_RS06610,protein_coding,NC_003552.1,1520928,1521941,+
MA_RS06615,MA1274,"MA1274,MA_1274",MA_RS06615,protein_coding,NC_003552.1,1522072,1526139,-
MA_RS06620,MA1275,"MA1275,MA_1275",MA_RS06620,protein_coding,NC_003552.1,1526588,1527823,-
MA_RS06625,MA1276,"MA1276,MA_1276",MA_RS06625,protein_coding,NC_003552.1,1528211,1529509,-
MA_RS06630,MA1277,"MA1277,MA_1277",MA_RS06630,protein_coding,NC_003552.1,1530030,1530674,-
MA_RS06635,MA1278,"MA1278,MA_1278",MA_RS06635,protein_coding,NC_003552.1,1530677,1531438,-
MA_RS06640,MA1279,"MA1279,MA_1279",MA_RS06640,protein_coding,NC_003552.1,1531674,1532600,-
MA_RS06645,MA1280,"MA1280,MA_1280",coaBC,protein_coding,NC_003552.1,1532750,1534015,-
MA_RS06650,MA1281,"MA1281,MA_1281",MA_RS06650,protein_coding,NC_003552.1,1534612,1535655,+
MA_RS06655,MA1282,"MA1282,MA_1282",MA_RS06655,protein_coding,NC_003552.1,1535855,1536571,-
MA_RS06660,MA1283,"MA1283,MA_1283",MA_RS06660,protein_coding,NC_003552.1,1536969,1537439,+
MA_RS06665,MA1284,"MA1284,MA_1284",MA_RS06665,protein_coding,NC_003552.1,1538199,1539218,+
MA_RS06670,MA1285,"MA1285,MA_1285",MA_RS06670,protein_coding,NC_003552.1,1539406,1539702,+
MA_RS06675,MA1286,"MA1286,MA_1286",MA_RS06675,protein_coding,NC_003552.1,1540190,1541863,+
MA_RS06680,MA1287,"MA1287,MA_1287",MA_RS06680,protein_coding,NC_003552.1,1541867,1542160,-
MA_RS06685,MA1288,"MA1288,MA_1288",MA_RS06685,protein_coding,NC_003552.1,1542668,1543486,+
MA_RS06690,MA1289,"MA1289,MA_1289",MA_RS06690,protein_coding,NC_003552.1,1543709,1544356,+
MA_RS06695,MA1290,"MA1290,MA_1290",MA_RS06695,protein_coding,NC_003552.1,1544708,1546369,+
MA_RS06700,MA1291,"MA1291,MA_1291",MA_RS06700,protein_coding,NC_003552.1,1546595,1547242,+
MA_RS28475,MA_1292,MA_1292,MA_RS28475,protein_coding,NC_003552.1,1547653,1550526,+
MA_RS06710,MA1293,"MA1293,MA_1293",MA_RS06710,protein_coding,NC_003552.1,1550911,1552977,+
MA_RS28480,MA_1294,MA_1294,MA_RS28480,protein_coding,NC_003552.1,1552974,1553183,+
MA_RS06720,MA1295,"MA1295,MA_1295",MA_RS06720,protein_coding,NC_003552.1,1553631,1553927,+
MA_RS06725,MA1296,"MA1296,MA_1296",MA_RS06725,protein_coding,NC_003552.1,1553924,1554274,+
MA_RS29745,,,MA_RS29745,protein_coding,NC_003552.1,1554258,1554431,-
MA_RS29315,MA_1297,MA_1297,MA_RS29315,protein_coding,NC_003552.1,1554394,1554636,-
MA_RS06735,MA1298,"MA1298,MA_1298",MA_RS06735,protein_coding,NC_003552.1,1554701,1556638,-
MA_RS06740,MA1299,"MA1299,MA_1299",MA_RS06740,protein_coding,NC_003552.1,1556659,1559493,-
MA_RS26640,MA_1301,MA_1301,MA_RS26640,protein_coding,NC_003552.1,1560795,1561019,-
MA_RS06750,MA1302,"MA1302,MA_1302",MA_RS06750,protein_coding,NC_003552.1,1561216,1562556,-
MA_RS06755,MA1303,"MA1303,MA_1303",MA_RS06755,protein_coding,NC_003552.1,1562845,1563189,-
MA_RS06760,MA1304,"MA1304,MA_1304",MA_RS06760,protein_coding,NC_003552.1,1563240,1563626,+
MA_RS06765,MA1305,"MA1305,MA_1305",MA_RS06765,protein_coding,NC_003552.1,1564027,1564323,+
MA_RS29750,,,MA_RS29750,protein_coding,NC_003552.1,1564461,1564898,-
MA_RS28490,,,MA_RS28490,protein_coding,NC_003552.1,1564844,1565479,-
MA_RS06775,MA1307,"MA1307,MA_1307",MA_RS06775,protein_coding,NC_003552.1,1565627,1566811,-
MA_RS06780,MA1308,"MA1308,MA_1308",MA_RS06780,protein_coding,NC_003552.1,1566985,1567677,+
MA_RS06785,MA1309,"MA1309,MA_1309",cooS,protein_coding,NC_003552.1,1567838,1569739,-
MA_RS06790,MA1310,"MA1310,MA_1310",MA_RS06790,protein_coding,NC_003552.1,1570206,1571996,-
MA_RS06795,MA1312,"MA1312,MA_1312",larA,protein_coding,NC_003552.1,1572857,1574119,+
MA_RS06800,MA1313,"MA1313,MA_1313",larA,protein_coding,NC_003552.1,1574242,1575501,+
MA_RS25165,,,MA_RS25165,protein_coding,NC_003552.1,1575589,1576271,-
MA_RS06815,MA1316,"MA1316,MA_1316",MA_RS06815,protein_coding,NC_003552.1,1577215,1578873,-
MA_RS28075,,,MA_RS28075,protein_coding,NC_003552.1,1578990,1579148,-
MA_RS06820,,,MA_RS06820,protein_coding,NC_003552.1,1579288,1579488,-
MA_RS06825,MA1317,"MA1317,MA_1317",gatD,protein_coding,NC_003552.1,1579636,1580910,-
MA_RS06830,MA1318,"MA1318,MA_1318",argH,protein_coding,NC_003552.1,1581178,1582653,-
MA_RS06835,MA1319,"MA1319,MA_1319",MA_RS06835,protein_coding,NC_003552.1,1583090,1583689,+
MA_RS06840,MA1320,"MA1320,MA_1320",MA_RS06840,protein_coding,NC_003552.1,1583735,1584163,+
MA_RS06845,MA1321,"MA1321,MA_1321",MA_RS06845,protein_coding,NC_003552.1,1584523,1585299,-
MA_RS06850,MA1322,"MA1322,MA_1322",MA_RS06850,protein_coding,NC_003552.1,1585806,1590092,-
MA_RS06865,MA1323,"MA1323,MA_1323",MA_RS06865,protein_coding,NC_003552.1,1590819,1591013,+
MA_RS06870,MA1324,"MA1324,MA_1324",MA_RS06870,protein_coding,NC_003552.1,1591408,1592343,-
MA_RS06875,MA1325,"MA1325,MA_1325",MA_RS06875,protein_coding,NC_003552.1,1592549,1594204,+
MA_RS06880,MA1326,"MA1326,MA_1326",MA_RS06880,protein_coding,NC_003552.1,1594327,1594566,+
MA_RS06885,MA1327,"MA1327,MA_1327",MA_RS06885,protein_coding,NC_003552.1,1594806,1595054,+
MA_RS06890,MA1328,"MA1328,MA_1328",MA_RS06890,protein_coding,NC_003552.1,1595636,1596931,+
MA_RS06895,MA1329,"MA1329,MA_1329",MA_RS06895,protein_coding,NC_003552.1,1597310,1597555,-
MA_RS25175,MA_1330,MA_1330,MA_RS25175,protein_coding,NC_003552.1,1597712,1597981,+
MA_RS06905,MA1331,"MA1331,MA_1331",MA_RS06905,protein_coding,NC_003552.1,1598187,1598918,-
MA_RS24415,MA_1332,MA_1332,MA_RS24415,protein_coding,NC_003552.1,1599389,1600294,+
MA_RS06915,MA1333,"MA1333,MA_1333",MA_RS06915,protein_coding,NC_003552.1,1600296,1600613,+
MA_RS29320,,,MA_RS29320,protein_coding,NC_003552.1,1600620,1600751,+
MA_RS25180,,,MA_RS25180,protein_coding,NC_003552.1,1600834,1600983,+
MA_RS26655,,,MA_RS26655,protein_coding,NC_003552.1,1600995,1601150,+
MA_RS06920,MA1334,"MA1334,MA_1334",MA_RS06920,protein_coding,NC_003552.1,1601147,1602106,+
MA_RS06925,MA1335,"MA1335,MA_1335",MA_RS06925,protein_coding,NC_003552.1,1602118,1602348,+
MA_RS25185,MA_1336,MA_1336,MA_RS25185,protein_coding,NC_003552.1,1602564,1602869,+
MA_RS25190,MA_1337,MA_1337,MA_RS25190,protein_coding,NC_003552.1,1602931,1603122,+
MA_RS06940,MA1338,"MA1338,MA_1338",MA_RS06940,protein_coding,NC_003552.1,1603305,1603502,+
MA_RS06945,MA1339,"MA1339,MA_1339",MA_RS06945,protein_coding,NC_003552.1,1603783,1604124,-
MA_RS06950,MA1340,"MA1340,MA_1340",MA_RS06950,protein_coding,NC_003552.1,1604273,1605037,+
MA_RS06955,MA1341,"MA1341,MA_1341",MA_RS06955,protein_coding,NC_003552.1,1605346,1605999,+
MA_RS06960,MA1342,"MA1342,MA_1342",MA_RS06960,protein_coding,NC_003552.1,1606602,1609550,+
MA_RS06965,MA1343,"MA1343,MA_1343",MA_RS06965,protein_coding,NC_003552.1,1609739,1609993,+
MA_RS06970,MA1344,"MA1344,MA_1344",MA_RS06970,protein_coding,NC_003552.1,1610154,1610348,+
MA_RS26660,,,MA_RS26660,protein_coding,NC_003552.1,1610427,1610582,+
MA_RS06975,MA1345,"MA1345,MA_1345",MA_RS06975,protein_coding,NC_003552.1,1611199,1613214,-
MA_RS06980,MA1346,"MA1346,MA_1346",MA_RS06980,protein_coding,NC_003552.1,1613275,1614606,-
MA_RS06985,,,MA_RS06985,protein_coding,NC_003552.1,1614693,1614875,-
MA_RS06990,MA1347,"MA1347,MA_1347",MA_RS06990,protein_coding,NC_003552.1,1615914,1616597,+
MA_RS06995,MA1348,"MA1348,MA_1348",MA_RS06995,protein_coding,NC_003552.1,1616708,1617034,-
MA_RS07000,,,MA_RS07000,protein_coding,NC_003552.1,1617611,1617835,+
MA_RS07005,MA1350,"MA1350,MA_1350",MA_RS07005,protein_coding,NC_003552.1,1618145,1618366,+
MA_RS07010,MA1351,"MA1351,MA_1351",eif1A,protein_coding,NC_003552.1,1618984,1619301,+
MA_RS07015,,,MA_RS07015,protein_coding,NC_003552.1,1619352,1619540,-
MA_RS07020,,,MA_RS07020,protein_coding,NC_003552.1,1619802,1619990,+
MA_RS07025,,,MA_RS07025,protein_coding,NC_003552.1,1620268,1620468,+
MA_RS07030,MA1353,"MA1353,MA_1353",eif1A,protein_coding,NC_003552.1,1621343,1621675,+
MA_RS07040,MA1354,"MA1354,MA_1354",MA_RS07040,protein_coding,NC_003552.1,1621909,1623543,-
MA_RS07045,MA1355,"MA1355,MA_1355",MA_RS07045,protein_coding,NC_003552.1,1623759,1625123,-
MA_RS24425,MA_1356,MA_1356,MA_RS24425,protein_coding,NC_003552.1,1625372,1625797,+
MA_RS07055,MA1357,"MA1357,MA_1357",MA_RS07055,protein_coding,NC_003552.1,1626327,1626758,+
MA_RS28495,MA_1358,MA_1358,MA_RS28495,protein_coding,NC_003552.1,1627226,1627993,+
MA_RS26670,,,MA_RS26670,protein_coding,NC_003552.1,1628119,1628289,-
MA_RS07065,MA1360,"MA1360,MA_1360",MA_RS07065,protein_coding,NC_003552.1,1628368,1629213,+
MA_RS07070,MA1361,"MA1361,MA_1361",MA_RS07070,protein_coding,NC_003552.1,1629300,1630205,-
MA_RS07075,MA1362,"MA1362,MA_1362",MA_RS07075,protein_coding,NC_003552.1,1630601,1631797,-
MA_RS07080,MA1363,"MA1363,MA_1363",MA_RS07080,protein_coding,NC_003552.1,1632032,1632886,+
MA_RS07085,MA1364,"MA1364,MA_1364",MA_RS07085,protein_coding,NC_003552.1,1633169,1634047,-
MA_RS26675,MA_1365,MA_1365,MA_RS26675,protein_coding,NC_003552.1,1634405,1634671,-
MA_RS07090,MA1366,"MA1366,MA_1366",MA_RS07090,protein_coding,NC_003552.1,1635036,1635548,-
MA_RS07100,MA1367,"MA1367,MA_1367",MA_RS07100,protein_coding,NC_003552.1,1635794,1636075,+
MA_RS07105,MA1368,"MA1368,MA_1368",trxB,protein_coding,NC_003552.1,1636421,1637338,-
MA_RS07110,MA4683,"MA4683,MA_4683",MA_RS07110,protein_coding,NC_003552.1,1637385,1637633,-
MA_RS07115,MA1370,"MA1370,MA_1370",dph5,protein_coding,NC_003552.1,1637798,1638598,+
MA_RS07120,MA1371,"MA1371,MA_1371",MA_RS07120,protein_coding,NC_003552.1,1638685,1638966,+
MA_RS07125,MA1372,"MA1372,MA_1372",MA_RS07125,protein_coding,NC_003552.1,1639566,1639955,+
MA_RS07130,MA1373,"MA1373,MA_1373",MA_RS07130,protein_coding,NC_003552.1,1640202,1641101,+
MA_RS07135,MA1374,"MA1374,MA_1374",MA_RS07135,protein_coding,NC_003552.1,1641232,1641903,+
MA_RS07140,MA1376,"MA1376,MA_1376",MA_RS07140,protein_coding,NC_003552.1,1643428,1643823,-
MA_RS07145,MA1377,"MA1377,MA_1377",MA_RS07145,protein_coding,NC_003552.1,1643845,1644132,-
MA_RS07150,MA1378,"MA1378,MA_1378",MA_RS07150,protein_coding,NC_003552.1,1644125,1645009,-
MA_RS07155,MA1379,"MA1379,MA_1379",MA_RS07155,protein_coding,NC_003552.1,1645113,1646030,-
MA_RS07160,MA1380,"MA1380,MA_1380",MA_RS07160,protein_coding,NC_003552.1,1646304,1647284,+
MA_RS07165,MA1381,"MA1381,MA_1381",MA_RS07165,protein_coding,NC_003552.1,1648366,1649007,+
MA_RS07170,MA1382,"MA1382,MA_1382",MA_RS07170,protein_coding,NC_003552.1,1649013,1649372,+
MA_RS07175,MA1383,"MA1383,MA_1383",MA_RS07175,protein_coding,NC_003552.1,1649388,1649903,+
MA_RS07180,MA1384,"MA1384,MA_1384",hxlB,protein_coding,NC_003552.1,1650249,1650863,+
MA_RS07185,MA1385,"MA1385,MA_1385",MA_RS07185,protein_coding,NC_003552.1,1650983,1652095,+
MA_RS07195,MA1388,"MA1388,MA_1388",MA_RS07195,protein_coding,NC_003552.1,1653138,1653968,-
MA_RS07200,MA1389,"MA1389,MA_1389",MA_RS07200,protein_coding,NC_003552.1,1654362,1655273,+
MA_RS07205,MA1390,"MA1390,MA_1390",MA_RS07205,protein_coding,NC_003552.1,1655364,1656380,-
MA_RS07210,MA1391,"MA1391,MA_1391",MA_RS07210,protein_coding,NC_003552.1,1657067,1657942,+
MA_RS07215,MA1392,"MA1392,MA_1392",hisE,protein_coding,NC_003552.1,1658289,1658603,-
MA_RS07220,MA1393,"MA1393,MA_1393",MA_RS07220,protein_coding,NC_003552.1,1658678,1659940,-
MA_RS07225,MA1394,"MA1394,MA_1394",MA_RS07225,protein_coding,NC_003552.1,1660202,1661032,-
MA_RS07230,MA1395,"MA1395,MA_1395",nikR,protein_coding,NC_003552.1,1661702,1662124,+
MA_RS07235,MA1396,"MA1396,MA_1396",MA_RS07235,protein_coding,NC_003552.1,1662354,1662857,+
MA_RS07240,MA1397,"MA1397,MA_1397",MA_RS07240,protein_coding,NC_003552.1,1663504,1664679,+
MA_RS07245,MA1398,"MA1398,MA_1398",MA_RS07245,protein_coding,NC_003552.1,1664767,1665054,+
MA_RS07255,MA1400,"MA1400,MA_1400",MA_RS07255,protein_coding,NC_003552.1,1665577,1667076,-
MA_RS07260,,,MA_RS07260,protein_coding,NC_003552.1,1667771,1668133,+
MA_RS07270,,,MA_RS07270,protein_coding,NC_003552.1,1668413,1669174,+
MA_RS07275,MA1402,"MA1402,MA_1402",MA_RS07275,protein_coding,NC_003552.1,1669311,1669769,+
MA_RS07280,MA1403,"MA1403,MA_1403",MA_RS07280,protein_coding,NC_003552.1,1669947,1670669,-
MA_RS07285,MA1404,"MA1404,MA_1404",MA_RS07285,protein_coding,NC_003552.1,1671283,1671753,+
MA_RS07290,MA1405,"MA1405,MA_1405",MA_RS07290,protein_coding,NC_003552.1,1671761,1672312,+
MA_RS07295,MA1406,"MA1406,MA_1406",MA_RS07295,protein_coding,NC_003552.1,1672472,1672834,+
MA_RS26680,,,MA_RS26680,protein_coding,NC_003552.1,1673170,1673358,-
MA_RS07300,MA1407,"MA1407,MA_1407",MA_RS07300,protein_coding,NC_003552.1,1673495,1673872,-
MA_RS07305,MA1408,"MA1408,MA_1408",MA_RS07305,protein_coding,NC_003552.1,1674572,1675708,+
MA_RS07310,MA1409,"MA1409,MA_1409",mtnP,protein_coding,NC_003552.1,1675776,1676552,+
MA_RS07315,MA1410,"MA1410,MA_1410",MA_RS07315,protein_coding,NC_003552.1,1676799,1677038,-
MA_RS07320,MA1411,"MA1411,MA_1411",MA_RS07320,protein_coding,NC_003552.1,1677383,1679863,+
MA_RS07325,MA1412,"MA1412,MA_1412",MA_RS07325,protein_coding,NC_003552.1,1680032,1680433,+
MA_RS07330,MA1413,"MA1413,MA_1413",MA_RS07330,protein_coding,NC_003552.1,1681001,1681225,+
MA_RS07335,MA1414,"MA1414,MA_1414",MA_RS07335,protein_coding,NC_003552.1,1681265,1681663,+
MA_RS07340,MAt4701,MAt4701,MA_RS07340,tRNA,NC_003552.1,1681890,1681967,+
MA_RS07345,MAt4702,MAt4702,MA_RS07345,tRNA,NC_003552.1,1682346,1682423,+
MA_RS07350,MA1416,"MA1416,MA_1416",MA_RS07350,protein_coding,NC_003552.1,1682631,1683542,-
MA_RS07355,MA1417,"MA1417,MA_1417",MA_RS07355,protein_coding,NC_003552.1,1683955,1684479,+
MA_RS07360,MA1418,"MA1418,MA_1418",MA_RS07360,protein_coding,NC_003552.1,1684483,1686069,+
MA_RS07365,MA1419,"MA1419,MA_1419",MA_RS07365,protein_coding,NC_003552.1,1686066,1686848,+
MA_RS28500,MA_1420,MA_1420,MA_RS28500,protein_coding,NC_003552.1,1687192,1688910,-
MA_RS07375,MA1421,"MA1421,MA_1421",MA_RS07375,protein_coding,NC_003552.1,1689233,1689517,-
MA_RS07380,MA1422,"MA1422,MA_1422",MA_RS07380,protein_coding,NC_003552.1,1690838,1692490,-
MA_RS07385,MA1423,"MA1423,MA_1423",MA_RS07385,protein_coding,NC_003552.1,1692585,1693040,-
MA_RS07390,MA1424,"MA1424,MA_1424",MA_RS07390,protein_coding,NC_003552.1,1693148,1693726,-
MA_RS07405,MA1426,"MA1426,MA_1426",MA_RS07405,protein_coding,NC_003552.1,1695650,1696747,-
MA_RS07410,MA1427,"MA1427,MA_1427",MA_RS07410,protein_coding,NC_003552.1,1696896,1697741,-
MA_RS07415,MA1428,"MA1428,MA_1428",MA_RS07415,protein_coding,NC_003552.1,1697958,1698671,-
MA_RS07420,MA1429,"MA1429,MA_1429",MA_RS07420,protein_coding,NC_003552.1,1699059,1699739,-
MA_RS07425,MA1430,"MA1430,MA_1430",MA_RS07425,protein_coding,NC_003552.1,1700003,1700716,-
MA_RS07430,MA1431,"MA1431,MA_1431",msrA,protein_coding,NC_003552.1,1700845,1701411,-
MA_RS07435,MA1432,"MA1432,MA_1432",MA_RS07435,protein_coding,NC_003552.1,1701592,1702182,-
MA_RS07440,,,MA_RS07440,protein_coding,NC_003552.1,1702549,1702755,-
MA_RS07445,MA1433,"MA1433,MA_1433",MA_RS07445,protein_coding,NC_003552.1,1702946,1703824,-
MA_RS07450,MA1434,"MA1434,MA_1434",MA_RS07450,protein_coding,NC_003552.1,1703964,1704881,+
MA_RS07455,MA1435,"MA1435,MA_1435",MA_RS07455,protein_coding,NC_003552.1,1705213,1706412,-
MA_RS07460,MA1436,"MA1436,MA_1436",MA_RS07460,protein_coding,NC_003552.1,1706561,1707139,-
MA_RS07465,MA1437,"MA1437,MA_1437",MA_RS07465,protein_coding,NC_003552.1,1707136,1707762,-
MA_RS07480,MA1439,"MA1439,MA_1439",nudC,protein_coding,NC_003552.1,1709399,1710256,-
MA_RS07485,MA1440,"MA1440,MA_1440",MA_RS07485,protein_coding,NC_003552.1,1710456,1711064,-
MA_RS07490,MA1441,"MA1441,MA_1441",rsmA,protein_coding,NC_003552.1,1711068,1711877,-
MA_RS07495,MA1442,"MA1442,MA_1442",MA_RS07495,protein_coding,NC_003552.1,1712159,1712896,-
MA_RS07500,MA1444,"MA1444,MA_1444",MA_RS07500,protein_coding,NC_003552.1,1713255,1713608,-
MA_RS07505,MA1446,"MA1446,MA_1446",MA_RS07505,protein_coding,NC_003552.1,1714066,1714359,-
MA_RS07510,MA1447,"MA1447,MA_1447",MA_RS07510,protein_coding,NC_003552.1,1714593,1715888,-
MA_RS07515,MA1448,"MA1448,MA_1448",trmY,protein_coding,NC_003552.1,1716241,1716876,-
MA_RS07520,MA1449,"MA1449,MA_1449",MA_RS07520,protein_coding,NC_003552.1,1717100,1717756,+
MA_RS07525,MA1450,"MA1450,MA_1450",MA_RS07525,protein_coding,NC_003552.1,1718222,1719463,+
MA_RS07530,,,MA_RS07530,protein_coding,NC_003552.1,1719626,1719805,+
MA_RS29325,,,MA_RS29325,protein_coding,NC_003552.1,1720022,1720144,+
MA_RS07535,MA1452,"MA1452,MA_1452",MA_RS07535,protein_coding,NC_003552.1,1720200,1720439,+
MA_RS07540,,,MA_RS07540,protein_coding,NC_003552.1,1721040,1721573,+
MA_RS07545,MA1454,"MA1454,MA_1454",MA_RS07545,protein_coding,NC_003552.1,1721996,1722649,+
MA_RS07550,MA1455,"MA1455,MA_1455",MA_RS07550,protein_coding,NC_003552.1,1722674,1723840,+
MA_RS07555,MA1456,"MA1456,MA_1456",MA_RS07555,protein_coding,NC_003552.1,1723965,1724627,+
MA_RS07560,MA1457,"MA1457,MA_1457",MA_RS07560,protein_coding,NC_003552.1,1724667,1725362,+
MA_RS07565,MA1458,"MA1458,MA_1458",MA_RS07565,protein_coding,NC_003552.1,1725544,1726284,-
MA_RS07575,MA1460,"MA1460,MA_1460",MA_RS07575,protein_coding,NC_003552.1,1726936,1727676,+
MA_RS07580,MA1461,"MA1461,MA_1461",MA_RS07580,protein_coding,NC_003552.1,1727679,1727957,+
MA_RS07585,MA1462,"MA1462,MA_1462",MA_RS07585,protein_coding,NC_003552.1,1728281,1728721,-
MA_RS24430,MA_1463,MA_1463,MA_RS24430,protein_coding,NC_003552.1,1728993,1731026,-
MA_RS07595,MA1464,"MA1464,MA_1464",MA_RS07595,protein_coding,NC_003552.1,1731303,1731749,+
MA_RS26685,,,MA_RS26685,protein_coding,NC_003552.1,1732335,1732508,-
MA_RS07605,MA1466,"MA1466,MA_1466",thiI,protein_coding,NC_003552.1,1732985,1734223,+
MA_RS07610,MA1467,"MA1467,MA_1467",MA_RS07610,protein_coding,NC_003552.1,1734676,1734894,-
MA_RS07615,MA1468,"MA1468,MA_1468",MA_RS07615,protein_coding,NC_003552.1,1735223,1735618,-
MA_RS07620,MA1469,"MA1469,MA_1469",MA_RS07620,protein_coding,NC_003552.1,1735960,1736373,-
MA_RS07625,MA1470,"MA1470,MA_1470",MA_RS07625,protein_coding,NC_003552.1,1736370,1739570,-
MA_RS07630,MAt4703,MAt4703,MA_RS07630,tRNA,NC_003552.1,1740455,1740526,-
MA_RS07635,MA1471,"MA1471,MA_1471",MA_RS07635,protein_coding,NC_003552.1,1740590,1740859,-
MA_RS07640,MA1472,"MA1472,MA_1472",MA_RS07640,protein_coding,NC_003552.1,1740952,1741122,-
MA_RS07645,MA1473,"MA1473,MA_1473",MA_RS07645,protein_coding,NC_003552.1,1741311,1742003,-
MA_RS07650,MA1474,"MA1474,MA_1474",MA_RS07650,protein_coding,NC_003552.1,1742135,1743124,-
MA_RS07655,MA1475,"MA1475,MA_1475",MA_RS07655,protein_coding,NC_003552.1,1743243,1744220,-
MA_RS07660,MA1476,"MA1476,MA_1476",MA_RS07660,protein_coding,NC_003552.1,1744592,1744993,+
MA_RS07665,MA1477,"MA1477,MA_1477",grpE,protein_coding,NC_003552.1,1745118,1745747,+
MA_RS07670,MA1478,"MA1478,MA_1478",dnaK,protein_coding,NC_003552.1,1746019,1747872,+
MA_RS07675,MA1479,"MA1479,MA_1479",dnaJ,protein_coding,NC_003552.1,1747983,1749131,+
MA_RS07680,MA1480,"MA1480,MA_1480",trkA,protein_coding,NC_003552.1,1749660,1751006,+
MA_RS07685,MA1481,"MA1481,MA_1481",MA_RS07685,protein_coding,NC_003552.1,1751031,1752461,+
MA_RS07695,MA1482,"MA1482,MA_1482",trkA,protein_coding,NC_003552.1,1753036,1754382,+
MA_RS07700,MA1483,"MA1483,MA_1483",MA_RS07700,protein_coding,NC_003552.1,1754438,1755868,+
MA_RS07705,MA1484,"MA1484,MA_1484",MA_RS07705,protein_coding,NC_003552.1,1755990,1757213,-
MA_RS07710,MA_1485,MA_1485,MA_RS07710,protein_coding,NC_003552.1,1757210,1757431,-
MA_RS07715,MA1486,"MA1486,MA_1486",tes,protein_coding,NC_003552.1,1757992,1759494,-
MA_RS07720,MA1487,"MA1487,MA_1487",MA_RS07720,protein_coding,NC_003552.1,1759596,1760210,-
MA_RS07725,MA1488,"MA1488,MA_1488",cofC,protein_coding,NC_003552.1,1760520,1761146,-
MA_RS07730,MA1489,"MA1489,MA_1489",cofH,protein_coding,NC_003552.1,1761270,1762424,-
MA_RS07735,MA1490,"MA1490,MA_1490",cofH,protein_coding,NC_003552.1,1762472,1763599,-
MA_RS07740,MA1491,"MA1491,MA_1491",cofG,protein_coding,NC_003552.1,1763596,1764621,-
MA_RS07745,MA1492,"MA1492,MA_1492",MA_RS07745,protein_coding,NC_003552.1,1764670,1765947,-
MA_RS07750,MA1493,"MA1493,MA_1493",MA_RS07750,protein_coding,NC_003552.1,1765944,1766105,-
MA_RS07760,MA1495,"MA1495,MA_1495",fpoA,protein_coding,NC_003552.1,1767327,1767716,+
MA_RS07765,MA1496,"MA1496,MA_1496",fpoB,protein_coding,NC_003552.1,1767704,1768258,+
MA_RS07770,MA1497,"MA1497,MA_1497",fpoC,protein_coding,NC_003552.1,1768289,1768765,+
MA_RS07775,MA1498,"MA1498,MA_1498",fpoD,protein_coding,NC_003552.1,1768776,1769900,+
MA_RS07780,MA1499,"MA1499,MA_1499",fpoH,protein_coding,NC_003552.1,1769906,1770943,+
MA_RS07785,MA1500,"MA1500,MA_1500",fpoI,protein_coding,NC_003552.1,1770948,1771358,+
MA_RS29330,MA_1501,MA_1501,MA_RS29330,protein_coding,NC_003552.1,1771355,1771645,+
MA_RS29335,MA_1502,MA_1502,fpoJ,protein_coding,NC_003552.1,1771635,1771886,+
MA_RS07800,MA1503,"MA1503,MA_1503",fpoK,protein_coding,NC_003552.1,1771883,1772191,+
MA_RS07805,MA1504,"MA1504,MA_1504",fpoL,protein_coding,NC_003552.1,1772185,1774203,+
MA_RS07810,MA1505,"MA1505,MA_1505",fpoM,protein_coding,NC_003552.1,1774203,1775690,+
MA_RS07815,MA1506,"MA1506,MA_1506",fpoN,protein_coding,NC_003552.1,1775694,1777163,+
MA_RS07820,MA1507,"MA1507,MA_1507",MA_RS07820,protein_coding,NC_003552.1,1777177,1777539,+
MA_RS24435,MA_1508,MA_1508,MA_RS24435,protein_coding,NC_003552.1,1778369,1780630,+
MA_RS25205,MA_1509,MA_1509,fpoO,protein_coding,NC_003552.1,1780861,1781097,+
MA_RS24440,MA_1510,MA_1510,MA_RS24440,protein_coding,NC_003552.1,1781592,1787873,+
MA_RS07845,MA1511,"MA1511,MA_1511",MA_RS07845,protein_coding,NC_003552.1,1788092,1788514,+
MA_RS25210,,,MA_RS25210,protein_coding,NC_003552.1,1788750,1788923,+
MA_RS07850,MA1512,"MA1512,MA_1512",MA_RS07850,protein_coding,NC_003552.1,1788951,1789391,-
MA_RS07855,MA1513,"MA1513,MA_1513",MA_RS07855,protein_coding,NC_003552.1,1789942,1791657,+
MA_RS07860,MA1514,"MA1514,MA_1514",MA_RS07860,protein_coding,NC_003552.1,1791919,1792152,+
MA_RS07865,MA1515,"MA1515,MA_1515",MA_RS07865,protein_coding,NC_003552.1,1792158,1792550,+
MA_RS24445,MA_1516,MA_1516,MA_RS24445,protein_coding,NC_003552.1,1792822,1794234,-
MA_RS07880,MA1517,"MA1517,MA_1517",MA_RS07880,protein_coding,NC_003552.1,1794367,1796151,+
MA_RS26690,,,MA_RS26690,protein_coding,NC_003552.1,1796656,1796763,-
MA_RS07885,MA1518,"MA1518,MA_1518",MA_RS07885,protein_coding,NC_003552.1,1796765,1798231,-
MA_RS07890,MA1519,"MA1519,MA_1519",MA_RS07890,protein_coding,NC_003552.1,1798744,1800201,+
MA_RS07895,MA1520,"MA1520,MA_1520",MA_RS07895,protein_coding,NC_003552.1,1800293,1800952,-
MA_RS07900,MA1521,"MA1521,MA_1521",rpl7ae,protein_coding,NC_003552.1,1801311,1801673,+
MA_RS07905,MA1522,"MA1522,MA_1522",MA_RS07905,protein_coding,NC_003552.1,1801698,1801919,+
MA_RS07910,MA1523,"MA1523,MA_1523",MA_RS07910,protein_coding,NC_003552.1,1801941,1802129,+
MA_RS07915,MA1524,"MA1524,MA_1524",ndk,protein_coding,NC_003552.1,1802166,1802615,+
MA_RS07920,MA1525,"MA1525,MA_1525",infB,protein_coding,NC_003552.1,1802751,1804526,+
MA_RS07925,MA1526,"MA1526,MA_1526",MA_RS07925,protein_coding,NC_003552.1,1804703,1805113,+
MA_RS29170,MA_1527,MA_1527,MA_RS29170,protein_coding,NC_003552.1,1805372,1805722,-
MA_RS07935,MA1528,"MA1528,MA_1528",MA_RS07935,protein_coding,NC_003552.1,1805940,1806410,-
MA_RS07940,MA1529,"MA1529,MA_1529",MA_RS07940,protein_coding,NC_003552.1,1806803,1807570,-
MA_RS07945,MA1530,"MA1530,MA_1530",MA_RS07945,protein_coding,NC_003552.1,1807828,1809651,-
MA_RS07955,MA1531,"MA1531,MA_1531",MA_RS07955,protein_coding,NC_003552.1,1809929,1810669,-
MA_RS07960,MA1532,"MA1532,MA_1532",MA_RS07960,protein_coding,NC_003552.1,1810653,1810919,-
MA_RS07965,MA1533,"MA1533,MA_1533",istB,protein_coding,NC_003552.1,1811030,1811803,-
MA_RS07970,MA1534,"MA1534,MA_1534",istA,protein_coding,NC_003552.1,1811800,1813044,-
MA_RS07980,MA1535,"MA1535,MA_1535",MA_RS07980,protein_coding,NC_003552.1,1815020,1815670,-
MA_RS07985,MA1536,"MA1536,MA_1536",MA_RS07985,protein_coding,NC_003552.1,1815791,1816861,-
MA_RS07990,MA1537,"MA1537,MA_1537",MA_RS07990,protein_coding,NC_003552.1,1816864,1818435,-
MA_RS07995,MA1538,"MA1538,MA_1538",MA_RS07995,protein_coding,NC_003552.1,1818428,1819348,-
MA_RS08000,MA1539,"MA1539,MA_1539",MA_RS08000,protein_coding,NC_003552.1,1819360,1820256,-
MA_RS08005,MA1540,"MA1540,MA_1540",MA_RS08005,protein_coding,NC_003552.1,1820253,1822070,-
MA_RS28510,MA_1541,MA_1541,MA_RS28510,protein_coding,NC_003552.1,1822539,1822958,-
MA_RS28515,,,MA_RS28515,protein_coding,NC_003552.1,1822955,1823155,-
MA_RS26695,MA_1542,MA_1542,MA_RS26695,protein_coding,NC_003552.1,1823937,1824209,+
MA_RS08015,MA1543,"MA1543,MA_1543",MA_RS08015,protein_coding,NC_003552.1,1824301,1826019,+
MA_RS08020,MA1544,"MA1544,MA_1544",MA_RS08020,protein_coding,NC_003552.1,1826024,1826884,+
MA_RS08025,MA1545,"MA1545,MA_1545",MA_RS08025,protein_coding,NC_003552.1,1826897,1827781,+
MA_RS08030,MA1546,"MA1546,MA_1546",MA_RS08030,protein_coding,NC_003552.1,1828351,1829235,-
MA_RS08035,MA1547,"MA1547,MA_1547",MA_RS08035,protein_coding,NC_003552.1,1829241,1830146,-
MA_RS08040,MA1548,"MA1548,MA_1548",MA_RS08040,protein_coding,NC_003552.1,1830161,1831765,-
MA_RS29630,MA_1549,MA_1549,MA_RS29630,protein_coding,NC_003552.1,1832201,1832680,-
MA_RS25220,MA_1550,MA_1550,MA_RS25220,protein_coding,NC_003552.1,1833521,1833943,-
MA_RS08050,MA1551,"MA1551,MA_1551",MA_RS08050,protein_coding,NC_003552.1,1834105,1834797,-
MA_RS08055,MA1552,"MA1552,MA_1552",MA_RS08055,protein_coding,NC_003552.1,1834844,1835329,-
MA_RS08060,MA1553,"MA1553,MA_1553",MA_RS08060,protein_coding,NC_003552.1,1835728,1836408,-
MA_RS08065,MA1554,"MA1554,MA_1554",MA_RS08065,protein_coding,NC_003552.1,1836986,1837393,-
MA_RS08070,MA1555,"MA1555,MA_1555",MA_RS08070,protein_coding,NC_003552.1,1837486,1838787,+
MA_RS26700,,,MA_RS26700,protein_coding,NC_003552.1,1839456,1839614,+
MA_RS08085,MA1556,"MA1556,MA_1556",MA_RS08085,protein_coding,NC_003552.1,1839824,1842013,+
MA_RS29340,,,MA_RS29340,protein_coding,NC_003552.1,1842589,1842717,-
MA_RS08090,MA1557,"MA1557,MA_1557",MA_RS08090,protein_coding,NC_003552.1,1842711,1843019,-
MA_RS08095,MA1558,"MA1558,MA_1558",MA_RS08095,protein_coding,NC_003552.1,1843643,1844185,+
MA_RS08100,MA1559,"MA1559,MA_1559",MA_RS08100,protein_coding,NC_003552.1,1844182,1845138,+
MA_RS08105,MA1560,"MA1560,MA_1560",MA_RS08105,protein_coding,NC_003552.1,1846035,1846298,-
MA_RS08110,MA1561,"MA1561,MA_1561",MA_RS08110,protein_coding,NC_003552.1,1846401,1846946,-
MA_RS08115,MA1562,"MA1562,MA_1562",MA_RS08115,protein_coding,NC_003552.1,1846958,1847947,-
MA_RS24450,,,MA_RS24450,protein_coding,NC_003552.1,1848682,1848939,+
MA_RS08125,MA1563,"MA1563,MA_1563",MA_RS08125,protein_coding,NC_003552.1,1849937,1850524,-
MA_RS08130,MA1564,"MA1564,MA_1564",MA_RS08130,protein_coding,NC_003552.1,1851088,1851807,+
MA_RS08135,MA1565,"MA1565,MA_1565",MA_RS08135,protein_coding,NC_003552.1,1852634,1854280,-
MA_RS08140,MA1566,"MA1566,MA_1566",pdxT,protein_coding,NC_003552.1,1854807,1855406,-
MA_RS08145,MA1567,"MA1567,MA_1567",pdxS,protein_coding,NC_003552.1,1855673,1856569,-
MA_RS08150,MA1568,"MA1568,MA_1568",MA_RS08150,protein_coding,NC_003552.1,1857296,1858885,+
MA_RS08155,MA1569,"MA1569,MA_1569",MA_RS08155,protein_coding,NC_003552.1,1859387,1860430,-
MA_RS08160,MA1570,"MA1570,MA_1570",MA_RS08160,protein_coding,NC_003552.1,1860781,1861230,+
MA_RS08165,MA1571,"MA1571,MA_1571",MA_RS08165,protein_coding,NC_003552.1,1861660,1862529,+
MA_RS08170,MA1572,"MA1572,MA_1572",MA_RS08170,protein_coding,NC_003552.1,1862802,1863854,+
MA_RS08175,MA1573,"MA1573,MA_1573",MA_RS08175,protein_coding,NC_003552.1,1864340,1865533,+
MA_RS08180,MA1574,"MA1574,MA_1574",MA_RS08180,protein_coding,NC_003552.1,1865710,1866321,-
MA_RS08185,MA1575,"MA1575,MA_1575",MA_RS08185,protein_coding,NC_003552.1,1867153,1867587,+
MA_RS08190,MA1576,"MA1576,MA_1576",MA_RS08190,protein_coding,NC_003552.1,1867914,1868969,+
MA_RS08195,MA1577,"MA1577,MA_1577",MA_RS08195,protein_coding,NC_003552.1,1869102,1870307,+
MA_RS08200,MA1578,"MA1578,MA_1578",istB,protein_coding,NC_003552.1,1870363,1871136,-
MA_RS08205,MA1579,"MA1579,MA_1579",istA,protein_coding,NC_003552.1,1871133,1872377,-
MA_RS08210,MA1580,"MA1580,MA_1580",MA_RS08210,protein_coding,NC_003552.1,1872500,1874293,+
MA_RS08215,MA1581,"MA1581,MA_1581",MA_RS08215,protein_coding,NC_003552.1,1874524,1875813,+
MA_RS08220,MA1582,"MA1582,MA_1582",MA_RS08220,protein_coding,NC_003552.1,1875955,1878270,-
MA_RS08230,MA1583,"MA1583,MA_1583",gyrA,protein_coding,NC_003552.1,1879202,1881991,-
MA_RS08235,MA1584,"MA1584,MA_1584",gyrB,protein_coding,NC_003552.1,1882003,1883907,-
MA_RS08240,MA1586,"MA1586,MA_1586",MA_RS08240,protein_coding,NC_003552.1,1884623,1885744,-
MA_RS08245,MA1587,"MA1587,MA_1587",MA_RS08245,protein_coding,NC_003552.1,1885746,1887611,-
MA_RS08250,MA1588,"MA1588,MA_1588",MA_RS08250,protein_coding,NC_003552.1,1887803,1888033,-
MA_RS08255,MA1589,"MA1589,MA_1589",MA_RS08255,protein_coding,NC_003552.1,1888721,1889323,-
MA_RS08260,MA1590,"MA1590,MA_1590",MA_RS08260,protein_coding,NC_003552.1,1889477,1890808,-
MA_RS08265,MA1591,"MA1591,MA_1591",MA_RS08265,protein_coding,NC_003552.1,1890854,1892185,-
MA_RS08275,MA1593,"MA1593,MA_1593",MA_RS08275,protein_coding,NC_003552.1,1893802,1894374,+
MA_RS08285,MA1594,"MA1594,MA_1594",MA_RS08285,protein_coding,NC_003552.1,1895107,1895349,-
MA_RS08295,MA1596,"MA1596,MA_1596",MA_RS08295,protein_coding,NC_003552.1,1896427,1897383,+
MA_RS08300,MA1597,"MA1597,MA_1597",MA_RS08300,protein_coding,NC_003552.1,1897370,1898137,+
MA_RS08305,MA1598,"MA1598,MA_1598",MA_RS08305,protein_coding,NC_003552.1,1898487,1898789,-
MA_RS08310,MA1599,"MA1599,MA_1599",MA_RS08310,protein_coding,NC_003552.1,1899090,1899632,+
MA_RS08315,MA1600,"MA1600,MA_1600",MA_RS08315,protein_coding,NC_003552.1,1899892,1900113,+
MA_RS08325,MA1601,"MA1601,MA_1601",MA_RS08325,protein_coding,NC_003552.1,1901419,1901709,-
MA_RS08330,MA1602,"MA1602,MA_1602",MA_RS08330,protein_coding,NC_003552.1,1901834,1902232,+
MA_RS08340,MA1605,"MA1605,MA_1605",MA_RS08340,protein_coding,NC_003552.1,1905469,1908315,+
MA_RS08345,MA1606,"MA1606,MA_1606",MA_RS08345,protein_coding,NC_003552.1,1908653,1908991,+
MA_RS08350,MA1607,"MA1607,MA_1607",MA_RS08350,protein_coding,NC_003552.1,1909010,1909342,+
MA_RS08355,MA1608,"MA1608,MA_1608",MA_RS08355,protein_coding,NC_003552.1,1910053,1910388,+
MA_RS08365,MA1610,"MA1610,MA_1610",thrC,protein_coding,NC_003552.1,1911151,1912368,+
MA_RS08370,MA1611,"MA1611,MA_1611",leuS,protein_coding,NC_003552.1,1912651,1915536,+
MA_RS08380,MA1613,"MA1613,MA_1613",MA_RS08380,protein_coding,NC_003552.1,1916401,1922058,-
MA_RS08385,MA1614,"MA1614,MA_1614",MA_RS08385,protein_coding,NC_003552.1,1922771,1923295,-
MA_RS08390,MA1615,"MA1615,MA_1615",mtaA,protein_coding,NC_003552.1,1923640,1924659,+
MA_RS08395,MA1616,"MA1616,MA_1616",mtaB,protein_coding,NC_003552.1,1925258,1926643,-
MA_RS08400,MA1617,"MA1617,MA_1617",mtaC,protein_coding,NC_003552.1,1926657,1927439,-
MA_RS08405,MA1618,"MA1618,MA_1618",MA_RS08405,rRNA,NC_003552.1,1928574,1930051,+
MA_RS08410,MAt4704,MAt4704,MA_RS08410,tRNA,NC_003552.1,1930138,1930210,+
MA_RS08415,MA1620,"MA1620,MA_1620",MA_RS08415,rRNA,NC_003552.1,1930329,1933232,+
MA_RS08420,MA1622,"MA1622,MA_1622",rrf,rRNA,NC_003552.1,1933306,1933428,+
MA_RS08425,MA1623,"MA1623,MA_1623",MA_RS08425,protein_coding,NC_003552.1,1933703,1934305,-
MA_RS08435,MA1624,"MA1624,MA_1624",MA_RS08435,protein_coding,NC_003552.1,1935885,1937975,+
MA_RS08440,MA1625,"MA1625,MA_1625",MA_RS08440,protein_coding,NC_003552.1,1938930,1939154,+
MA_RS24455,MA_1626,MA_1626,MA_RS24455,protein_coding,NC_003552.1,1939204,1940445,+
MA_RS08450,MA1627,"MA1627,MA_1627",MA_RS08450,protein_coding,NC_003552.1,1941145,1943985,+
MA_RS08455,MA1628,"MA1628,MA_1628",MA_RS08455,protein_coding,NC_003552.1,1944036,1946747,+
MA_RS08460,MA1629,"MA1629,MA_1629",MA_RS08460,protein_coding,NC_003552.1,1946917,1948545,-
MA_RS08465,MA1630,"MA1630,MA_1630",MA_RS08465,protein_coding,NC_003552.1,1948725,1952270,+
MA_RS08470,MA1631,"MA1631,MA_1631",MA_RS08470,protein_coding,NC_003552.1,1952419,1953846,+
MA_RS08475,MA1632,"MA1632,MA_1632",MA_RS08475,protein_coding,NC_003552.1,1953827,1955185,+
MA_RS08480,MA1633,"MA1633,MA_1633",MA_RS08480,protein_coding,NC_003552.1,1955192,1956043,+
MA_RS08485,MA1634,"MA1634,MA_1634",MA_RS08485,protein_coding,NC_003552.1,1956081,1956713,+
MA_RS08490,MA1635,"MA1635,MA_1635",MA_RS08490,protein_coding,NC_003552.1,1956973,1957368,+
MA_RS08495,MA1636,"MA1636,MA_1636",MA_RS08495,protein_coding,NC_003552.1,1957893,1959341,-
MA_RS08510,MA1640,"MA1640,MA_1640",MA_RS08510,protein_coding,NC_003552.1,1962357,1964540,-
MA_RS08515,MA1641,"MA1641,MA_1641",MA_RS08515,protein_coding,NC_003552.1,1965105,1967111,-
MA_RS08525,MA1643,"MA1643,MA_1643",MA_RS08525,protein_coding,NC_003552.1,1968483,1969181,-
MA_RS08530,MA1645,"MA1645,MA_1645",MA_RS08530,protein_coding,NC_003552.1,1969824,1972484,+
MA_RS08535,MA1646,"MA1646,MA_1646",MA_RS08535,protein_coding,NC_003552.1,1973020,1976178,+
MA_RS08540,MA1647,"MA1647,MA_1647",MA_RS08540,protein_coding,NC_003552.1,1976301,1976966,-
MA_RS08545,MA1648,"MA1648,MA_1648",MA_RS08545,protein_coding,NC_003552.1,1976954,1977418,-
MA_RS25240,,,MA_RS25240,protein_coding,NC_003552.1,1977787,1978469,-
MA_RS08560,MA1651,"MA1651,MA_1651",MA_RS08560,protein_coding,NC_003552.1,1978710,1979558,+
MA_RS08565,MA1652,"MA1652,MA_1652",MA_RS08565,protein_coding,NC_003552.1,1979982,1981412,-
MA_RS08570,MA1653,"MA1653,MA_1653",MA_RS08570,protein_coding,NC_003552.1,1982012,1983373,+
MA_RS08575,MA1654,"MA1654,MA_1654",MA_RS08575,protein_coding,NC_003552.1,1984443,1984982,+
MA_RS08580,MA1655,"MA1655,MA_1655",MA_RS08580,protein_coding,NC_003552.1,1985171,1986847,+
MA_RS08585,MA1656,"MA1656,MA_1656",MA_RS08585,protein_coding,NC_003552.1,1986936,1988057,-
MA_RS08590,MA1657,"MA1657,MA_1657",MA_RS08590,protein_coding,NC_003552.1,1988711,1990219,+
MA_RS08595,MA1658,"MA1658,MA_1658",MA_RS08595,protein_coding,NC_003552.1,1990442,1990747,+
MA_RS08600,MA1659,"MA1659,MA_1659",MA_RS08600,protein_coding,NC_003552.1,1990762,1991310,+
MA_RS29345,,,MA_RS29345,protein_coding,NC_003552.1,1991624,1991755,+
MA_RS24460,MA_1660,MA_1660,MA_RS24460,protein_coding,NC_003552.1,1992185,1994965,+
MA_RS08610,MA1661,"MA1661,MA_1661",MA_RS08610,protein_coding,NC_003552.1,1995881,1996348,+
MA_RS08620,MA1663,"MA1663,MA_1663",MA_RS08620,protein_coding,NC_003552.1,1996878,1997207,+
MA_RS08630,MA1664,"MA1664,MA_1664",MA_RS08630,protein_coding,NC_003552.1,1997406,1997819,+
MA_RS08635,MA1665,"MA1665,MA_1665",MA_RS08635,protein_coding,NC_003552.1,1998360,2000036,+
MA_RS08640,MA1666,"MA1666,MA_1666",MA_RS08640,protein_coding,NC_003552.1,2000194,2001168,+
MA_RS08645,MA1667,"MA1667,MA_1667",MA_RS08645,protein_coding,NC_003552.1,2001638,2002555,+
MA_RS08650,MA1668,"MA1668,MA_1668",MA_RS08650,protein_coding,NC_003552.1,2002736,2003419,+
MA_RS08655,MA1669,"MA1669,MA_1669",MA_RS08655,protein_coding,NC_003552.1,2003430,2003867,+
MA_RS08660,MA1670,"MA1670,MA_1670",MA_RS08660,protein_coding,NC_003552.1,2004011,2004703,+
MA_RS08665,MA1671,"MA1671,MA_1671",MA_RS08665,protein_coding,NC_003552.1,2004875,2005264,-
MA_RS08670,MA1672,"MA1672,MA_1672",eno,protein_coding,NC_003552.1,2005904,2007190,+
MA_RS08680,MA1674,"MA1674,MA_1674",MA_RS08680,protein_coding,NC_003552.1,2008039,2009208,+
MA_RS08685,MA1675,"MA1675,MA_1675",MA_RS08685,protein_coding,NC_003552.1,2009421,2010233,-
MA_RS08690,MA1676,"MA1676,MA_1676",MA_RS08690,protein_coding,NC_003552.1,2010696,2011340,+
MA_RS08695,MA1677,"MA1677,MA_1677",MA_RS08695,protein_coding,NC_003552.1,2011725,2012717,+
MA_RS28525,,,MA_RS28525,protein_coding,NC_003552.1,2012721,2013059,+
MA_RS08700,MA1678,"MA1678,MA_1678",MA_RS08700,protein_coding,NC_003552.1,2013419,2015923,+
MA_RS08705,MA1679,"MA1679,MA_1679",MA_RS08705,protein_coding,NC_003552.1,2016050,2016436,+
MA_RS08715,MA1682,"MA1682,MA_1682",thsA,protein_coding,NC_003552.1,2017717,2019360,-
MA_RS08725,MA1683,"MA1683,MA_1683",rpiA,protein_coding,NC_003552.1,2019744,2020448,-
MA_RS08730,MA1684,"MA1684,MA_1684",aspS,protein_coding,NC_003552.1,2020538,2021872,-
MA_RS08735,MA1685,"MA1685,MA_1685",MA_RS08735,protein_coding,NC_003552.1,2022308,2022754,+
MA_RS08740,,,MA_RS08740,protein_coding,NC_003552.1,2022981,2023241,+
MA_RS08745,MA1686,"MA1686,MA_1686",MA_RS08745,protein_coding,NC_003552.1,2023960,2024694,+
MA_RS25245,MA_1687,MA_1687,MA_RS25245,protein_coding,NC_003552.1,2024761,2025402,-
MA_RS26705,,,MA_RS26705,protein_coding,NC_003552.1,2025329,2025661,-
MA_RS08760,,,MA_RS08760,protein_coding,NC_003552.1,2026482,2026673,+
MA_RS08765,MA1689,"MA1689,MA_1689",MA_RS08765,protein_coding,NC_003552.1,2026980,2027876,+
MA_RS08770,MA1690,"MA1690,MA_1690",MA_RS08770,protein_coding,NC_003552.1,2028215,2029327,-
MA_RS08775,MA1691,"MA1691,MA_1691",MA_RS08775,protein_coding,NC_003552.1,2030075,2031469,-
MA_RS24465,MA_1692,MA_1692,MA_RS24465,protein_coding,NC_003552.1,2031478,2032599,+
MA_RS08790,MA1693,"MA1693,MA_1693",MA_RS08790,protein_coding,NC_003552.1,2033512,2033721,+
MA_RS08795,MA1694,"MA1694,MA_1694",MA_RS08795,protein_coding,NC_003552.1,2033718,2033981,+
MA_RS08805,MA1696,"MA1696,MA_1696",MA_RS08805,protein_coding,NC_003552.1,2034218,2034436,-
MA_RS08810,MA1697,"MA1697,MA_1697",MA_RS08810,protein_coding,NC_003552.1,2034693,2035934,-
MA_RS08815,MA1698,"MA1698,MA_1698",MA_RS08815,protein_coding,NC_003552.1,2036474,2037151,+
MA_RS24470,MA_1699,MA_1699,MA_RS24470,protein_coding,NC_003552.1,2037452,2038330,+
MA_RS08825,,,MA_RS08825,protein_coding,NC_003552.1,2038440,2038610,-
MA_RS08830,MA1700,"MA1700,MA_1700",MA_RS08830,protein_coding,NC_003552.1,2038743,2039132,-
MA_RS08835,MA1701,"MA1701,MA_1701",MA_RS08835,protein_coding,NC_003552.1,2039855,2040466,+
MA_RS08840,MA1702,"MA1702,MA_1702",MA_RS08840,protein_coding,NC_003552.1,2040583,2041011,+
MA_RS08845,MA1703,"MA1703,MA_1703",MA_RS08845,protein_coding,NC_003552.1,2041455,2042084,+
MA_RS08850,MA1704,"MA1704,MA_1704",MA_RS08850,protein_coding,NC_003552.1,2042975,2044264,-
MA_RS08855,MA1705,"MA1705,MA_1705",MA_RS08855,protein_coding,NC_003552.1,2044430,2044771,+
MA_RS08860,MA1706,"MA1706,MA_1706",MA_RS08860,protein_coding,NC_003552.1,2045002,2045424,+
MA_RS08865,MA1708,"MA1708,MA_1708",MA_RS08865,protein_coding,NC_003552.1,2046993,2047688,+
MA_RS08870,MA1709,"MA1709,MA_1709",MA_RS08870,protein_coding,NC_003552.1,2048732,2049928,+
MA_RS08875,MA1710,"MA1710,MA_1710",mch,protein_coding,NC_003552.1,2050465,2051430,+
MA_RS08880,MA1711,"MA1711,MA_1711",MA_RS08880,protein_coding,NC_003552.1,2051782,2052249,+
MA_RS08885,,,MA_RS08885,protein_coding,NC_003552.1,2052369,2052728,-
MA_RS08890,MA1712,"MA1712,MA_1712",MA_RS08890,protein_coding,NC_003552.1,2052893,2054050,+
MA_RS08895,MA1713,"MA1713,MA_1713",MA_RS08895,protein_coding,NC_003552.1,2054261,2054545,-
MA_RS08900,MA1714,"MA1714,MA_1714",MA_RS08900,protein_coding,NC_003552.1,2054615,2056438,-
MA_RS08905,MA1715,"MA1715,MA_1715",MA_RS08905,protein_coding,NC_003552.1,2056707,2057468,-
MA_RS08910,MA1716,"MA1716,MA_1716",MA_RS08910,protein_coding,NC_003552.1,2057993,2058400,-
MA_RS08915,MA1717,"MA1717,MA_1717",MA_RS08915,protein_coding,NC_003552.1,2058677,2059861,+
MA_RS08920,MA1718,"MA1718,MA_1718",MA_RS08920,protein_coding,NC_003552.1,2060242,2061168,-
MA_RS08925,MA1719,"MA1719,MA_1719",MA_RS08925,protein_coding,NC_003552.1,2061156,2061899,-
MA_RS08930,MA1721,"MA1721,MA_1721",corA,protein_coding,NC_003552.1,2062540,2063610,-
MA_RS08935,MA1722,"MA1722,MA_1722",MA_RS08935,protein_coding,NC_003552.1,2063894,2064814,+
MA_RS08940,MA1723,"MA1723,MA_1723",MA_RS08940,protein_coding,NC_003552.1,2065405,2068038,+
MA_RS08950,MA1724,"MA1724,MA_1724",MA_RS08950,protein_coding,NC_003552.1,2068408,2069535,+
MA_RS08960,MA1725,"MA1725,MA_1725",MA_RS08960,protein_coding,NC_003552.1,2069704,2071011,-
MA_RS08965,MA1726,"MA1726,MA_1726",MA_RS08965,protein_coding,NC_003552.1,2071018,2071629,-
MA_RS08970,MA1727,"MA1727,MA_1727",iorA,protein_coding,NC_003552.1,2071626,2073485,-
MA_RS08975,MA1728,"MA1728,MA_1728",MA_RS08975,protein_coding,NC_003552.1,2074213,2075256,+
MA_RS08980,MA1729,"MA1729,MA_1729",MA_RS08980,protein_coding,NC_003552.1,2075733,2076269,+
MA_RS08985,MA1730,"MA1730,MA_1730",MA_RS08985,protein_coding,NC_003552.1,2076358,2077593,-
MA_RS08990,MA1731,"MA1731,MA_1731",MA_RS08990,protein_coding,NC_003552.1,2077902,2078426,+
MA_RS08995,MA1732,"MA1732,MA_1732",MA_RS08995,protein_coding,NC_003552.1,2078646,2078864,-
MA_RS09000,MA1733,"MA1733,MA_1733",MA_RS09000,protein_coding,NC_003552.1,2079179,2079856,-
MA_RS09005,MA1734,"MA1734,MA_1734",MA_RS09005,protein_coding,NC_003552.1,2080131,2080379,+
MA_RS09010,MA1735,"MA1735,MA_1735",MA_RS09010,protein_coding,NC_003552.1,2080763,2081935,-
MA_RS09015,MA1736,"MA1736,MA_1736",MA_RS09015,protein_coding,NC_003552.1,2082495,2082890,+
MA_RS28080,,,MA_RS28080,protein_coding,NC_003552.1,2083217,2083390,+
MA_RS09025,MA1738,"MA1738,MA_1738",MA_RS09025,protein_coding,NC_003552.1,2083769,2086681,-
MA_RS09030,MA1739,"MA1739,MA_1739",MA_RS09030,protein_coding,NC_003552.1,2087062,2089254,-
MA_RS09035,MA1740,"MA1740,MA_1740",MA_RS09035,protein_coding,NC_003552.1,2089620,2089865,-
MA_RS09040,MA1741,"MA1741,MA_1741",MA_RS09040,protein_coding,NC_003552.1,2089997,2090470,-
MA_RS09045,MA1742,"MA1742,MA_1742",MA_RS09045,protein_coding,NC_003552.1,2093083,2094267,-
MA_RS09050,MA1743,"MA1743,MA_1743",MA_RS09050,protein_coding,NC_003552.1,2094708,2095883,-
MA_RS09055,MA1744,"MA1744,MA_1744",MA_RS09055,protein_coding,NC_003552.1,2096298,2097500,+
MA_RS09060,MA1745,"MA1745,MA_1745",MA_RS09060,protein_coding,NC_003552.1,2097561,2098493,+
MA_RS09065,MA1746,"MA1746,MA_1746",MA_RS09065,protein_coding,NC_003552.1,2098570,2099661,+
MA_RS09070,MA1747,"MA1747,MA_1747",MA_RS09070,protein_coding,NC_003552.1,2099658,2101502,-
MA_RS09075,MA1748,"MA1748,MA_1748",MA_RS09075,protein_coding,NC_003552.1,2101613,2102476,+
MA_RS09080,MA1749,"MA1749,MA_1749",MA_RS09080,protein_coding,NC_003552.1,2102519,2103844,-
MA_RS09085,MA1750,"MA1750,MA_1750",MA_RS09085,protein_coding,NC_003552.1,2104499,2106286,+
MA_RS09090,MA1751,"MA1751,MA_1751",MA_RS09090,protein_coding,NC_003552.1,2106255,2107253,+
MA_RS09095,MA1752,"MA1752,MA_1752",MA_RS09095,protein_coding,NC_003552.1,2107279,2107953,+
MA_RS09100,MA1753,"MA1753,MA_1753",MA_RS09100,protein_coding,NC_003552.1,2109294,2112743,-
MA_RS09105,MA1754,"MA1754,MA_1754",MA_RS09105,protein_coding,NC_003552.1,2113616,2117077,-
MA_RS25255,MA_1755,MA_1755,MA_RS25255,protein_coding,NC_003552.1,2119658,2120789,-
MA_RS09120,MA1756,"MA1756,MA_1756",MA_RS09120,protein_coding,NC_003552.1,2121474,2125040,-
MA_RS09130,MA1757,"MA1757,MA_1757",MA_RS09130,protein_coding,NC_003552.1,2125596,2125958,+
MA_RS09135,MA1758,"MA1758,MA_1758",MA_RS09135,protein_coding,NC_003552.1,2126319,2127875,-
MA_RS09140,MA1759,"MA1759,MA_1759",MA_RS09140,protein_coding,NC_003552.1,2129519,2131132,-
MA_RS09145,MA1760,"MA1760,MA_1760",MA_RS09145,protein_coding,NC_003552.1,2131129,2132844,-
MA_RS26720,,,MA_RS26720,protein_coding,NC_003552.1,2133429,2133593,-
MA_RS28170,MA_1761,MA_1761,MA_RS28170,protein_coding,NC_003552.1,2133590,2136817,-
MA_RS28535,MA_1762,MA_1762,MA_RS28535,protein_coding,NC_003552.1,2137810,2149776,-
MA_RS09160,MA1763,"MA1763,MA_1763",nikR,protein_coding,NC_003552.1,2151010,2151432,-
MA_RS24475,MA_1764,MA_1764,MA_RS24475,protein_coding,NC_003552.1,2152449,2155154,-
MA_RS09170,MA1765,"MA1765,MA_1765",MA_RS09170,protein_coding,NC_003552.1,2155190,2156110,-
MA_RS28540,MA_1766,MA_1766,MA_RS28540,protein_coding,NC_003552.1,2156223,2161430,-
MA_RS28185,MA_1767,MA_1767,MA_RS28185,protein_coding,NC_003552.1,2162632,2166249,-
MA_RS09185,MA1768,"MA1768,MA_1768",MA_RS09185,protein_coding,NC_003552.1,2167364,2170228,-
MA_RS09195,MA1769,"MA1769,MA_1769",MA_RS09195,protein_coding,NC_003552.1,2173783,2174655,-
MA_RS09200,MA1770,"MA1770,MA_1770",MA_RS09200,protein_coding,NC_003552.1,2174698,2175498,-
MA_RS09205,MA1771,"MA1771,MA_1771",MA_RS09205,protein_coding,NC_003552.1,2175621,2176199,-
MA_RS24485,,,MA_RS24485,protein_coding,NC_003552.1,2176302,2176574,-
MA_RS24490,,,MA_RS24490,protein_coding,NC_003552.1,2176621,2177097,-
MA_RS09215,MA1773,"MA1773,MA_1773",MA_RS09215,protein_coding,NC_003552.1,2178213,2178911,+
MA_RS09220,MA1774,"MA1774,MA_1774",MA_RS09220,protein_coding,NC_003552.1,2179415,2180017,+
MA_RS25375,MA_4672,MA_4672,MA_RS25375,protein_coding,NC_003552.1,2180233,2180370,-
MA_RS09225,MA1775,"MA1775,MA_1775",MA_RS09225,protein_coding,NC_003552.1,2180400,2180684,-
MA_RS09230,MA1776,"MA1776,MA_1776",rrp42,protein_coding,NC_003552.1,2180850,2181650,-
MA_RS09235,,,rrp41,protein_coding,NC_003552.1,2181634,2183244,-
MA_RS09240,MA1777,"MA1777,MA_1777",rrp4,protein_coding,NC_003552.1,2183323,2184105,-
MA_RS09245,MA1778,"MA1778,MA_1778",MA_RS09245,protein_coding,NC_003552.1,2184117,2184809,-
MA_RS09250,MA1779,"MA1779,MA_1779",psmA,protein_coding,NC_003552.1,2184888,2185637,-
MA_RS09255,MA1781,"MA1781,MA_1781",MA_RS09255,protein_coding,NC_003552.1,2187588,2187986,-
MA_RS09260,MA1782,"MA1782,MA_1782",rnp3,protein_coding,NC_003552.1,2187983,2188702,-
MA_RS09265,MA1783,"MA1783,MA_1783",MA_RS09265,protein_coding,NC_003552.1,2188695,2189120,-
MA_RS09270,MA1784,"MA1784,MA_1784",MA_RS09270,protein_coding,NC_003552.1,2189135,2189725,-
MA_RS09275,MA1785,"MA1785,MA_1785",MA_RS09275,protein_coding,NC_003552.1,2190122,2190661,+
MA_RS09285,MA1787,"MA1787,MA_1787",MA_RS09285,protein_coding,NC_003552.1,2192255,2193790,+
MA_RS25385,,,MA_RS25385,protein_coding,NC_003552.1,2194378,2195473,+
MA_RS09300,MA1789,"MA1789,MA_1789",MA_RS09300,protein_coding,NC_003552.1,2196347,2198878,-
MA_RS09305,MA1790,"MA1790,MA_1790",thiC,protein_coding,NC_003552.1,2199790,2201076,+
MA_RS09310,MA1791,"MA1791,MA_1791",MA_RS09310,protein_coding,NC_003552.1,2201645,2202583,-
MA_RS09315,MA1792,"MA1792,MA_1792",MA_RS09315,protein_coding,NC_003552.1,2203149,2203646,+
MA_RS09320,MA1793,"MA1793,MA_1793",MA_RS09320,protein_coding,NC_003552.1,2203746,2204153,-
MA_RS09330,MA1794,"MA1794,MA_1794",MA_RS09330,protein_coding,NC_003552.1,2204499,2205944,+
MA_RS09335,,,MA_RS09335,protein_coding,NC_003552.1,2205972,2206166,-
MA_RS09340,MA1796,"MA1796,MA_1796",MA_RS09340,protein_coding,NC_003552.1,2206902,2207309,+
MA_RS09345,MA1797,"MA1797,MA_1797",MA_RS09345,protein_coding,NC_003552.1,2207949,2208746,+
MA_RS09350,MA1798,"MA1798,MA_1798",MA_RS09350,protein_coding,NC_003552.1,2208861,2209280,+
MA_RS09355,MA1799,"MA1799,MA_1799",MA_RS09355,protein_coding,NC_003552.1,2209612,2210061,-
MA_RS09360,MA1800,"MA1800,MA_1800",MA_RS09360,protein_coding,NC_003552.1,2210266,2212032,-
MA_RS09365,MA1801,"MA1801,MA_1801",MA_RS09365,protein_coding,NC_003552.1,2213147,2213947,-
MA_RS09370,MA1802,"MA1802,MA_1802",ilvD,protein_coding,NC_003552.1,2214810,2216471,+
MA_RS09375,,,MA_RS09375,protein_coding,NC_003552.1,2217308,2217664,-
MA_RS09380,MA1804,"MA1804,MA_1804",mtrH,protein_coding,NC_003552.1,2218602,2219534,-
MA_RS09385,MA1805,"MA1805,MA_1805",MA_RS09385,protein_coding,NC_003552.1,2219792,2220385,-
MA_RS09390,MA1806,"MA1806,MA_1806",mtxX,protein_coding,NC_003552.1,2220382,2221239,-
MA_RS09395,MA1807,"MA1807,MA_1807",MA_RS09395,protein_coding,NC_003552.1,2221503,2221838,+
MA_RS26775,,,MA_RS26775,protein_coding,NC_003552.1,2221850,2222029,+
MA_RS09400,MA1808,"MA1808,MA_1808",MA_RS09400,protein_coding,NC_003552.1,2222568,2222786,+
MA_RS26780,,,MA_RS26780,protein_coding,NC_003552.1,2223238,2223402,+
MA_RS09405,,,MA_RS09405,protein_coding,NC_003552.1,2223522,2223707,-
MA_RS09410,MA1809,"MA1809,MA_1809",MA_RS09410,protein_coding,NC_003552.1,2223702,2223938,+
MA_RS09415,MA1810,"MA1810,MA_1810",MA_RS09415,protein_coding,NC_003552.1,2224422,2226230,+
MA_RS26785,,,MA_RS26785,protein_coding,NC_003552.1,2226869,2227042,+
MA_RS09425,MAt4705,MAt4705,MA_RS09425,tRNA,NC_003552.1,2228030,2228103,+
MA_RS09430,MA1811,"MA1811,MA_1811",MA_RS09430,protein_coding,NC_003552.1,2228279,2228599,+
MA_RS09435,MA1812,"MA1812,MA_1812",MA_RS09435,protein_coding,NC_003552.1,2229030,2229680,+
MA_RS09440,MA1813,"MA1813,MA_1813",MA_RS09440,protein_coding,NC_003552.1,2229799,2232093,+
MA_RS09445,MA1814,"MA1814,MA_1814",MA_RS09445,protein_coding,NC_003552.1,2232445,2233731,-
MA_RS09450,MA1815,"MA1815,MA_1815",MA_RS09450,protein_coding,NC_003552.1,2234162,2234725,+
MA_RS09455,MA1816,"MA1816,MA_1816",MA_RS09455,protein_coding,NC_003552.1,2235047,2236198,+
MA_RS09460,MA1817,"MA1817,MA_1817",ribC,protein_coding,NC_003552.1,2236289,2236753,+
MA_RS09465,MA1818,"MA1818,MA_1818",ribH,protein_coding,NC_003552.1,2236794,2237198,+
MA_RS09470,MA1819,"MA1819,MA_1819",MA_RS09470,protein_coding,NC_003552.1,2237254,2238396,+
MA_RS09475,MA1820,"MA1820,MA_1820",MA_RS09475,protein_coding,NC_003552.1,2238496,2238951,-
MA_RS09480,MA1821,"MA1821,MA_1821",MA_RS09480,protein_coding,NC_003552.1,2239282,2240784,+
MA_RS09485,MA1822,"MA1822,MA_1822",MA_RS09485,protein_coding,NC_003552.1,2240787,2241173,+
MA_RS09490,MA1824,"MA1824,MA_1824",MA_RS09490,protein_coding,NC_003552.1,2242194,2243000,+
MA_RS09495,MA1825,"MA1825,MA_1825",MA_RS09495,protein_coding,NC_003552.1,2243335,2244069,-
MA_RS09500,MA1826,"MA1826,MA_1826",MA_RS09500,protein_coding,NC_003552.1,2244278,2244640,+
MA_RS09505,MA1827,"MA1827,MA_1827",MA_RS09505,protein_coding,NC_003552.1,2244869,2245699,-
MA_RS09510,MA1828,"MA1828,MA_1828",MA_RS09510,protein_coding,NC_003552.1,2245929,2247095,+
MA_RS26790,,,MA_RS26790,protein_coding,NC_003552.1,2247947,2248216,+
MA_RS09515,MA1829,"MA1829,MA_1829",MA_RS09515,protein_coding,NC_003552.1,2248670,2249476,+
MA_RS28190,MA_1830,MA_1830,MA_RS28190,protein_coding,NC_003552.1,2249916,2250377,+
MA_RS09525,MA1831,"MA1831,MA_1831",MA_RS09525,protein_coding,NC_003552.1,2251068,2251682,+
MA_RS09530,,,MA_RS09530,protein_coding,NC_003552.1,2252310,2252498,+
MA_RS09535,,,MA_RS09535,protein_coding,NC_003552.1,2252961,2253143,+
MA_RS25400,MA_1833,MA_1833,eif1A,protein_coding,NC_003552.1,2253391,2253720,+
MA_RS09545,MA1834,"MA1834,MA_1834",MA_RS09545,protein_coding,NC_003552.1,2254414,2255127,-
MA_RS09550,MA1835,"MA1835,MA_1835",MA_RS09550,protein_coding,NC_003552.1,2255404,2256237,+
MA_RS09555,MA1836,"MA1836,MA_1836",MA_RS09555,protein_coding,NC_003552.1,2256750,2257472,+
MA_RS09565,MA1837,"MA1837,MA_1837",MA_RS09565,protein_coding,NC_003552.1,2258170,2259006,+
MA_RS25405,,,MA_RS25405,protein_coding,NC_003552.1,2259082,2259198,-
MA_RS09570,MA1838,"MA1838,MA_1838",MA_RS09570,protein_coding,NC_003552.1,2259322,2262081,-
MA_RS09575,,,MA_RS09575,protein_coding,NC_003552.1,2262709,2262915,+
MA_RS09580,MA1839,"MA1839,MA_1839",MA_RS09580,protein_coding,NC_003552.1,2263100,2267143,-
MA_RS09585,MA1840,"MA1840,MA_1840",MA_RS09585,protein_coding,NC_003552.1,2267343,2268239,-
MA_RS09590,MA1841,"MA1841,MA_1841",MA_RS09590,protein_coding,NC_003552.1,2268361,2270247,-
MA_RS09600,MA1842,"MA1842,MA_1842",MA_RS09600,protein_coding,NC_003552.1,2270783,2272141,+
MA_RS09605,MA4669,"MA4669,MA_4669",MA_RS09605,protein_coding,NC_003552.1,2272199,2272588,-
MA_RS24495,MA_1844,MA_1844,MA_RS24495,protein_coding,NC_003552.1,2272991,2276755,-
MA_RS09625,MA1846,"MA1846,MA_1846",MA_RS09625,protein_coding,NC_003552.1,2277840,2278043,-
MA_RS09630,MA1847,"MA1847,MA_1847",MA_RS09630,protein_coding,NC_003552.1,2278330,2279406,-
MA_RS09635,,,MA_RS09635,protein_coding,NC_003552.1,2279600,2279782,-
MA_RS09640,MA1848,"MA1848,MA_1848",MA_RS09640,protein_coding,NC_003552.1,2279844,2280470,-
MA_RS09645,MA1849,"MA1849,MA_1849",MA_RS09645,protein_coding,NC_003552.1,2280487,2281251,-
MA_RS09650,MA1850,"MA1850,MA_1850",MA_RS09650,protein_coding,NC_003552.1,2281258,2282517,-
MA_RS09655,MA1851,"MA1851,MA_1851",MA_RS09655,protein_coding,NC_003552.1,2282523,2283137,-
MA_RS09665,MA1852,"MA1852,MA_1852",MA_RS09665,protein_coding,NC_003552.1,2283947,2284369,-
MA_RS09670,MA1853,"MA1853,MA_1853",MA_RS09670,protein_coding,NC_003552.1,2284366,2284809,-
MA_RS28550,,,MA_RS28550,protein_coding,NC_003552.1,2285812,2285973,+
MA_RS09675,MA1854,"MA1854,MA_1854",MA_RS09675,protein_coding,NC_003552.1,2286323,2287492,+
MA_RS09680,MA1855,"MA1855,MA_1855",MA_RS09680,protein_coding,NC_003552.1,2287586,2288221,-
MA_RS09685,MA1856,"MA1856,MA_1856",MA_RS09685,protein_coding,NC_003552.1,2288331,2289125,-
MA_RS09690,MA1857,"MA1857,MA_1857",MA_RS09690,protein_coding,NC_003552.1,2289496,2290275,-
MA_RS09695,MA1858,"MA1858,MA_1858",MA_RS09695,protein_coding,NC_003552.1,2290647,2291822,+
MA_RS26805,,,MA_RS26805,protein_coding,NC_003552.1,2291870,2292013,+
MA_RS09700,MA1859,"MA1859,MA_1859",MA_RS09700,protein_coding,NC_003552.1,2292249,2293184,+
MA_RS09705,MA1860,"MA1860,MA_1860",MA_RS09705,protein_coding,NC_003552.1,2293676,2294344,-
MA_RS09710,MA1861,"MA1861,MA_1861",MA_RS09710,protein_coding,NC_003552.1,2294660,2296309,+
MA_RS09715,MA1862,"MA1862,MA_1862",lon,protein_coding,NC_003552.1,2296460,2298853,-
MA_RS09720,MA1863,"MA1863,MA_1863",MA_RS09720,protein_coding,NC_003552.1,2298955,2299374,-
MA_RS09725,MA1864,"MA1864,MA_1864",MA_RS09725,protein_coding,NC_003552.1,2299526,2300902,-
MA_RS09730,MA1865,"MA1865,MA_1865",MA_RS09730,protein_coding,NC_003552.1,2301031,2301480,-
MA_RS24500,MA_1866,MA_1866,MA_RS24500,protein_coding,NC_003552.1,2301477,2303333,-
MA_RS09740,MA1867,"MA1867,MA_1867",MA_RS09740,protein_coding,NC_003552.1,2303665,2304183,+
MA_RS09745,MA1868,"MA1868,MA_1868",MA_RS09745,protein_coding,NC_003552.1,2304421,2305713,-
MA_RS09750,MA1869,"MA1869,MA_1869",MA_RS09750,protein_coding,NC_003552.1,2306126,2306332,-
MA_RS09755,MA1870,"MA1870,MA_1870",MA_RS09755,protein_coding,NC_003552.1,2306715,2308553,+
MA_RS09765,MA1872,"MA1872,MA_1872",MA_RS09765,protein_coding,NC_003552.1,2309251,2309457,-
MA_RS09770,MA1873,"MA1873,MA_1873",MA_RS09770,protein_coding,NC_003552.1,2309699,2310880,+
MA_RS09775,MA1874,"MA1874,MA_1874",glgP,protein_coding,NC_003552.1,2311167,2312816,-
MA_RS09780,,,MA_RS09780,protein_coding,NC_003552.1,2313019,2313315,-
MA_RS09785,MA1876,"MA1876,MA_1876",MA_RS09785,protein_coding,NC_003552.1,2313503,2313706,-
MA_RS29350,,,MA_RS29350,protein_coding,NC_003552.1,2314078,2314203,+
MA_RS09790,MA1877,"MA1877,MA_1877",MA_RS09790,protein_coding,NC_003552.1,2314223,2314519,-
MA_RS09795,MA1878,"MA1878,MA_1878",MA_RS09795,protein_coding,NC_003552.1,2314594,2316282,-
MA_RS25415,,,MA_RS25415,protein_coding,NC_003552.1,2317061,2317743,+
MA_RS09810,MA1881,"MA1881,MA_1881",MA_RS09810,protein_coding,NC_003552.1,2317769,2318326,+
MA_RS09815,MA1882,"MA1882,MA_1882",istA,protein_coding,NC_003552.1,2318374,2319618,+
MA_RS09820,MA1883,"MA1883,MA_1883",istB,protein_coding,NC_003552.1,2319615,2320388,+
MA_RS26810,,,MA_RS26810,protein_coding,NC_003552.1,2320469,2320609,-
MA_RS09825,MA1884,"MA1884,MA_1884",MA_RS09825,protein_coding,NC_003552.1,2321007,2322065,-
MA_RS09830,MA1885,"MA1885,MA_1885",MA_RS09830,protein_coding,NC_003552.1,2322276,2322890,+
MA_RS09835,MA1886,"MA1886,MA_1886",MA_RS09835,protein_coding,NC_003552.1,2323237,2323674,-
MA_RS09840,MA1887,"MA1887,MA_1887",MA_RS09840,protein_coding,NC_003552.1,2323667,2324554,-
MA_RS09845,MA1888,"MA1888,MA_1888",MA_RS09845,protein_coding,NC_003552.1,2325100,2325420,+
MA_RS09850,MA1889,"MA1889,MA_1889",MA_RS09850,protein_coding,NC_003552.1,2325429,2326154,+
MA_RS09855,MA1890,"MA1890,MA_1890",MA_RS09855,protein_coding,NC_003552.1,2326246,2327163,-
MA_RS09860,MA1891,"MA1891,MA_1891",MA_RS09860,protein_coding,NC_003552.1,2327639,2329837,-
MA_RS26235,MA_1892,MA_1892,MA_RS26235,protein_coding,NC_003552.1,2330272,2331954,-
MA_RS09870,MA1893,"MA1893,MA_1893",MA_RS09870,protein_coding,NC_003552.1,2331951,2332805,-
MA_RS09875,MA1894,"MA1894,MA_1894",MA_RS09875,protein_coding,NC_003552.1,2332802,2333113,-
MA_RS09880,MA1895,"MA1895,MA_1895",MA_RS09880,protein_coding,NC_003552.1,2334449,2336368,-
MA_RS09885,MA1896,"MA1896,MA_1896",MA_RS09885,protein_coding,NC_003552.1,2336620,2337906,-
MA_RS09890,MA1897,"MA1897,MA_1897",MA_RS09890,protein_coding,NC_003552.1,2337932,2338687,-
MA_RS09895,MA1898,"MA1898,MA_1898",MA_RS09895,protein_coding,NC_003552.1,2338897,2339133,-
MA_RS09900,MA1899,"MA1899,MA_1899",MA_RS09900,protein_coding,NC_003552.1,2339303,2339674,-
MA_RS09905,MA1900,"MA1900,MA_1900",MA_RS09905,protein_coding,NC_003552.1,2340293,2341579,-
MA_RS09910,MA1901,"MA1901,MA_1901",MA_RS09910,protein_coding,NC_003552.1,2341803,2342864,+
MA_RS09915,MA1902,"MA1902,MA_1902",MA_RS09915,protein_coding,NC_003552.1,2343222,2343944,-
MA_RS29355,,,MA_RS29355,protein_coding,NC_003552.1,2344224,2344430,-
MA_RS09920,MA1903,"MA1903,MA_1903",MA_RS09920,protein_coding,NC_003552.1,2344950,2346284,+
MA_RS24510,,,MA_RS24510,protein_coding,NC_003552.1,2346274,2346726,+
MA_RS09925,MA1904,"MA1904,MA_1904",MA_RS09925,protein_coding,NC_003552.1,2347049,2352052,-
MA_RS26815,,,MA_RS26815,protein_coding,NC_003552.1,2352440,2352577,-
MA_RS09940,MA1905,"MA1905,MA_1905",MA_RS09940,protein_coding,NC_003552.1,2352706,2354145,-
MA_RS09945,MA1906,"MA1906,MA_1906",MA_RS09945,protein_coding,NC_003552.1,2354510,2354917,-
MA_RS09950,MA1907,"MA1907,MA_1907",MA_RS09950,protein_coding,NC_003552.1,2355387,2356319,+
MA_RS26820,,,MA_RS26820,protein_coding,NC_003552.1,2357866,2358039,+
MA_RS09955,MA1909,"MA1909,MA_1909",MA_RS09955,protein_coding,NC_003552.1,2358143,2358688,+
MA_RS09960,MA1910,"MA1910,MA_1910",MA_RS09960,protein_coding,NC_003552.1,2359054,2359665,-
MA_RS09965,MA1911,"MA1911,MA_1911",MA_RS09965,protein_coding,NC_003552.1,2359655,2360632,-
MA_RS09970,MA1912,"MA1912,MA_1912",MA_RS09970,protein_coding,NC_003552.1,2360742,2361599,-
MA_RS09975,MA1913,"MA1913,MA_1913",MA_RS09975,protein_coding,NC_003552.1,2361596,2362588,-
MA_RS09980,MA1914,"MA1914,MA_1914",MA_RS09980,protein_coding,NC_003552.1,2362820,2364442,-
MA_RS09985,MA1915,"MA1915,MA_1915",MA_RS09985,protein_coding,NC_003552.1,2364712,2366373,-
MA_RS09990,MA1916,"MA1916,MA_1916",MA_RS09990,protein_coding,NC_003552.1,2367005,2368582,-
MA_RS09995,MA1917,"MA1917,MA_1917",MA_RS09995,protein_coding,NC_003552.1,2369966,2370253,+
MA_RS25435,MA_1918,MA_1918,MA_RS25435,protein_coding,NC_003552.1,2370274,2370672,+
MA_RS10005,MA1919,"MA1919,MA_1919",MA_RS10005,protein_coding,NC_003552.1,2370763,2372037,-
MA_RS24515,MA_1920,MA_1920,MA_RS24515,protein_coding,NC_003552.1,2372810,2373553,-
MA_RS10015,MA1921,"MA1921,MA_1921",MA_RS10015,protein_coding,NC_003552.1,2374146,2374718,+
MA_RS10020,MA1922,"MA1922,MA_1922",MA_RS10020,protein_coding,NC_003552.1,2374818,2375708,+
MA_RS10025,MA1923,"MA1923,MA_1923",MA_RS10025,protein_coding,NC_003552.1,2375753,2376100,-
MA_RS10030,MA1924,"MA1924,MA_1924",MA_RS10030,protein_coding,NC_003552.1,2376203,2376616,+
MA_RS10035,MA1925,"MA1925,MA_1925",MA_RS10035,protein_coding,NC_003552.1,2376742,2377314,+
MA_RS10040,MA1926,"MA1926,MA_1926",MA_RS10040,protein_coding,NC_003552.1,2377891,2378403,+
MA_RS10045,MA1928,"MA1928,MA_1928",MA_RS10045,protein_coding,NC_003552.1,2381380,2382051,+
MA_RS10050,MA1929,"MA1929,MA_1929",MA_RS10050,protein_coding,NC_003552.1,2382671,2383372,+
MA_RS10055,MA1930,"MA1930,MA_1930",MA_RS10055,protein_coding,NC_003552.1,2383414,2384331,-
MA_RS10060,MA1931,"MA1931,MA_1931",cas10,protein_coding,NC_003552.1,2384297,2386216,+
MA_RS10065,MA1932,"MA1932,MA_1932",csm2,protein_coding,NC_003552.1,2386213,2386713,+
MA_RS10070,MA1933,"MA1933,MA_1933",csm3,protein_coding,NC_003552.1,2386714,2387490,+
MA_RS10075,MA1934,"MA1934,MA_1934",csm4,protein_coding,NC_003552.1,2387483,2388556,+
MA_RS10080,MA1935,"MA1935,MA_1935",csm5,protein_coding,NC_003552.1,2388553,2389725,+
MA_RS24520,MA_1936,MA_1936,MA_RS24520,protein_coding,NC_003552.1,2389751,2392987,+
MA_RS10090,MA1937,"MA1937,MA_1937",MA_RS10090,protein_coding,NC_003552.1,2393013,2394392,+
MA_RS10095,MA1938,"MA1938,MA_1938",MA_RS10095,protein_coding,NC_003552.1,2394924,2395166,+
MA_RS10105,MA1939,"MA1939,MA_1939",MA_RS10105,protein_coding,NC_003552.1,2395375,2395623,+
MA_RS10110,,,MA_RS10110,protein_coding,NC_003552.1,2395669,2395893,+
MA_RS10115,MA1940,"MA1940,MA_1940",MA_RS10115,protein_coding,NC_003552.1,2396108,2396590,+
MA_RS10120,MA1941,"MA1941,MA_1941",MA_RS10120,protein_coding,NC_003552.1,2396988,2398469,+
MA_RS10125,,,MA_RS10125,protein_coding,NC_003552.1,2398579,2398746,-
MA_RS10130,MA1943,"MA1943,MA_1943",MA_RS10130,protein_coding,NC_003552.1,2399514,2400803,-
MA_RS10135,MA1944,"MA1944,MA_1944",MA_RS10135,protein_coding,NC_003552.1,2401255,2402592,+
MA_RS10140,MA1945,"MA1945,MA_1945",MA_RS10140,protein_coding,NC_003552.1,2402769,2403617,+
MA_RS10145,MA1946,"MA1946,MA_1946",MA_RS10145,protein_coding,NC_003552.1,2403835,2404797,+
MA_RS10150,MA1947,"MA1947,MA_1947",MA_RS10150,protein_coding,NC_003552.1,2405354,2405989,-
MA_RS10165,MA1949,"MA1949,MA_1949",MA_RS10165,protein_coding,NC_003552.1,2408838,2410244,+
MA_RS10170,MA1950,"MA1950,MA_1950",MA_RS10170,protein_coding,NC_003552.1,2410466,2412010,+
MA_RS10175,MA1951,"MA1951,MA_1951",MA_RS10175,protein_coding,NC_003552.1,2412244,2413065,-
MA_RS10180,MA1953,"MA1953,MA_1953",MA_RS10180,protein_coding,NC_003552.1,2414299,2415093,+
MA_RS10185,MA1954,"MA1954,MA_1954",MA_RS10185,protein_coding,NC_003552.1,2415114,2415902,-
MA_RS10190,MA1955,"MA1955,MA_1955",MA_RS10190,protein_coding,NC_003552.1,2416068,2416694,+
MA_RS10195,MA1956,"MA1956,MA_1956",pheT,protein_coding,NC_003552.1,2416780,2418417,-
MA_RS10200,MA1957,"MA1957,MA_1957",MA_RS10200,protein_coding,NC_003552.1,2418628,2420151,-
MA_RS10205,MA1958,"MA1958,MA_1958",MA_RS10205,protein_coding,NC_003552.1,2420683,2422434,-
MA_RS29360,,,MA_RS29360,protein_coding,NC_003552.1,2422438,2422566,-
MA_RS10210,MA1959,"MA1959,MA_1959",rnhB,protein_coding,NC_003552.1,2423163,2423834,+
MA_RS10220,MA1961,"MA1961,MA_1961",MA_RS10220,protein_coding,NC_003552.1,2424090,2425154,-
MA_RS29765,,,MA_RS29765,protein_coding,NC_003552.1,2425528,2425602,+
MA_RS10225,MA1962,"MA1962,MA_1962",MA_RS10225,protein_coding,NC_003552.1,2425879,2426721,-
MA_RS10230,MA1963,"MA1963,MA_1963",purQ,protein_coding,NC_003552.1,2426905,2427603,-
MA_RS10235,MA1964,"MA1964,MA_1964",purS,protein_coding,NC_003552.1,2427694,2427945,-
MA_RS10240,,,MA_RS10240,protein_coding,NC_003552.1,2428350,2428580,+
MA_RS10245,MA1966,"MA1966,MA_1966",MA_RS10245,protein_coding,NC_003552.1,2429336,2430829,+
MA_RS10250,MA1967,"MA1967,MA_1967",MA_RS10250,protein_coding,NC_003552.1,2431127,2431915,+
MA_RS10255,MA1968,"MA1968,MA_1968",MA_RS10255,protein_coding,NC_003552.1,2432125,2432700,-
MA_RS10260,MA1969,"MA1969,MA_1969",dacB,protein_coding,NC_003552.1,2432952,2434565,-
MA_RS10265,MA1970,"MA1970,MA_1970",MA_RS10265,protein_coding,NC_003552.1,2434760,2435926,-
MA_RS10270,MA1971,"MA1971,MA_1971",MA_RS10270,protein_coding,NC_003552.1,2436201,2436710,-
MA_RS10275,MA1972,"MA1972,MA_1972",MA_RS10275,protein_coding,NC_003552.1,2437172,2437891,+
MA_RS10280,MA1973,"MA1973,MA_1973",MA_RS10280,protein_coding,NC_003552.1,2437983,2439371,-
MA_RS10285,MA1974,"MA1974,MA_1974",MA_RS10285,protein_coding,NC_003552.1,2441040,2441948,+
MA_RS10290,MA1975,"MA1975,MA_1975",MA_RS10290,protein_coding,NC_003552.1,2442754,2443659,-
MA_RS26835,,,MA_RS26835,protein_coding,NC_003552.1,2443652,2443807,-
MA_RS10295,MA1976,"MA1976,MA_1976",MA_RS10295,protein_coding,NC_003552.1,2443895,2444476,+
MA_RS26840,,,MA_RS26840,protein_coding,NC_003552.1,2444898,2445056,+
MA_RS10300,MA1977,"MA1977,MA_1977",MA_RS10300,protein_coding,NC_003552.1,2445529,2446206,-
MA_RS10305,MA1978,"MA1978,MA_1978",MA_RS10305,protein_coding,NC_003552.1,2446266,2447102,-
MA_RS10310,MA1979,"MA1979,MA_1979",radC,protein_coding,NC_003552.1,2447423,2448112,+
MA_RS10315,MA1980,"MA1980,MA_1980",MA_RS10315,protein_coding,NC_003552.1,2448478,2449056,+
MA_RS10320,MA1981,"MA1981,MA_1981",mmp11,protein_coding,NC_003552.1,2449255,2450310,+
MA_RS10325,MA1982,"MA1982,MA_1982",MA_RS10325,protein_coding,NC_003552.1,2450366,2452042,+
MA_RS10330,MA1983,"MA1983,MA_1983",MA_RS10330,protein_coding,NC_003552.1,2454303,2454617,+
MA_RS10335,MA1984,"MA1984,MA_1984",MA_RS10335,protein_coding,NC_003552.1,2454831,2455184,+
MA_RS10340,MA1985,"MA1985,MA_1985",MA_RS10340,protein_coding,NC_003552.1,2456010,2456933,-
MA_RS10345,MA1986,"MA1986,MA_1986",MA_RS10345,protein_coding,NC_003552.1,2457837,2459321,-
MA_RS10350,MA1988,"MA1988,MA_1988",MA_RS10350,protein_coding,NC_003552.1,2460037,2460279,-
MA_RS10360,MA1989,"MA1989,MA_1989",MA_RS10360,protein_coding,NC_003552.1,2461449,2464607,+
MA_RS24525,MA_1991,MA_1991,MA_RS24525,protein_coding,NC_003552.1,2465626,2468424,-
MA_RS10375,MA1992,"MA1992,MA_1992",MA_RS10375,protein_coding,NC_003552.1,2468538,2468741,-
MA_RS10380,MA1993,"MA1993,MA_1993",MA_RS10380,protein_coding,NC_003552.1,2468878,2469807,-
MA_RS10385,MA1994,"MA1994,MA_1994",MA_RS10385,protein_coding,NC_003552.1,2470013,2470273,-
MA_RS26850,,,MA_RS26850,protein_coding,NC_003552.1,2470499,2470648,+
MA_RS10390,MA1995,"MA1995,MA_1995",MA_RS10390,protein_coding,NC_003552.1,2470849,2472018,+
MA_RS28555,MA_1996,MA_1996,MA_RS28555,protein_coding,NC_003552.1,2472463,2473254,+
MA_RS10400,MA1997,"MA1997,MA_1997",MA_RS10400,protein_coding,NC_003552.1,2473620,2473934,+
MA_RS10405,MA1998,"MA1998,MA_1998",MA_RS10405,protein_coding,NC_003552.1,2474379,2474741,-
MA_RS10410,MA1999,"MA1999,MA_1999",MA_RS10410,protein_coding,NC_003552.1,2475187,2476875,+
MA_RS10415,MA2000,"MA2000,MA_2000",glgX,protein_coding,NC_003552.1,2476904,2479162,-
MA_RS10420,MA2001,"MA2001,MA_2001",MA_RS10420,protein_coding,NC_003552.1,2480570,2482654,-
MA_RS10425,MA2002,"MA2002,MA_2002",MA_RS10425,protein_coding,NC_003552.1,2483259,2484518,+
MA_RS10430,MA2003,"MA2003,MA_2003",MA_RS10430,protein_coding,NC_003552.1,2484718,2485674,-
MA_RS10435,MA2004,"MA2004,MA_2004",MA_RS10435,protein_coding,NC_003552.1,2486124,2486804,+
MA_RS10440,MA2005,"MA2005,MA_2005",MA_RS10440,protein_coding,NC_003552.1,2486764,2487552,+
MA_RS28195,MA_2006,MA_2006,MA_RS28195,protein_coding,NC_003552.1,2487679,2488752,-
MA_RS10450,MA2007,"MA2007,MA_2007",MA_RS10450,protein_coding,NC_003552.1,2489499,2491127,+
MA_RS10455,MA2008,"MA2008,MA_2008",MA_RS10455,protein_coding,NC_003552.1,2491412,2492464,+
MA_RS10460,MA2009,"MA2009,MA_2009",MA_RS10460,protein_coding,NC_003552.1,2492486,2493169,-
MA_RS10465,MA2010,"MA2010,MA_2010",MA_RS10465,protein_coding,NC_003552.1,2493305,2493982,-
MA_RS10470,MA2011,"MA2011,MA_2011",MA_RS10470,protein_coding,NC_003552.1,2494344,2494715,+
MA_RS10475,MA2012,"MA2012,MA_2012",MA_RS10475,protein_coding,NC_003552.1,2494856,2495230,-
MA_RS10480,MA2013,"MA2013,MA_2013",MA_RS10480,protein_coding,NC_003552.1,2495280,2498282,-
MA_RS10485,MA2014,"MA2014,MA_2014",alaXM,protein_coding,NC_003552.1,2498771,2499508,-
MA_RS28560,MA_2015,MA_2015,MA_RS28560,protein_coding,NC_003552.1,2500613,2501257,+
MA_RS27905,,,MA_RS27905,protein_coding,NC_003552.1,2501310,2501567,-
MA_RS10495,MA2016,"MA2016,MA_2016",MA_RS10495,protein_coding,NC_003552.1,2501464,2502615,+
MA_RS24535,MA_2017,MA_2017,MA_RS24535,protein_coding,NC_003552.1,2502689,2506369,-
MA_RS10505,MA2019,"MA2019,MA_2019",MA_RS10505,protein_coding,NC_003552.1,2506998,2508275,-
MA_RS10510,MA2020,"MA2020,MA_2020",MA_RS10510,protein_coding,NC_003552.1,2508974,2509891,+
MA_RS10515,MA2021,"MA2021,MA_2021",MA_RS10515,protein_coding,NC_003552.1,2510146,2511102,-
MA_RS10520,MA2022,"MA2022,MA_2022",MA_RS10520,protein_coding,NC_003552.1,2512262,2512900,-
MA_RS10525,MA2023,"MA2023,MA_2023",MA_RS10525,protein_coding,NC_003552.1,2513521,2514051,+
MA_RS10535,MA2025,"MA2025,MA_2025",MA_RS10535,protein_coding,NC_003552.1,2515729,2516454,+
MA_RS10540,MA2026,"MA2026,MA_2026",MA_RS10540,protein_coding,NC_003552.1,2516632,2517231,-
MA_RS10550,MA2028,"MA2028,MA_2028",istB,protein_coding,NC_003552.1,2518586,2519359,+
MA_RS10560,,,MA_RS10560,protein_coding,NC_003552.1,2520505,2520696,+
MA_RS10565,MA2030,"MA2030,MA_2030",MA_RS10565,protein_coding,NC_003552.1,2520749,2521273,+
MA_RS10570,MA2032,"MA2032,MA_2032",MA_RS10570,protein_coding,NC_003552.1,2521860,2524127,+
MA_RS10575,MA2033,"MA2033,MA_2033",MA_RS10575,protein_coding,NC_003552.1,2524124,2525407,+
MA_RS26860,,,MA_RS26860,protein_coding,NC_003552.1,2525418,2525582,+
MA_RS10580,,,MA_RS10580,protein_coding,NC_003552.1,2525800,2525979,+
MA_RS10585,MA2034,"MA2034,MA_2034",MA_RS10585,protein_coding,NC_003552.1,2526960,2527799,+
MA_RS29770,,,MA_RS29770,protein_coding,NC_003552.1,2527839,2528003,-
MA_RS26865,MA_2035,MA_2035,MA_RS26865,protein_coding,NC_003552.1,2527970,2528227,-
MA_RS10595,MA2036,"MA2036,MA_2036",MA_RS10595,protein_coding,NC_003552.1,2528432,2528797,-
MA_RS10600,MA2037,"MA2037,MA_2037",MA_RS10600,protein_coding,NC_003552.1,2528883,2529566,-
MA_RS10605,MA2038,"MA2038,MA_2038",MA_RS10605,protein_coding,NC_003552.1,2530357,2530686,-
MA_RS10610,MA2039,"MA2039,MA_2039",MA_RS10610,protein_coding,NC_003552.1,2530687,2530986,-
MA_RS10615,MA2040,"MA2040,MA_2040",MA_RS10615,protein_coding,NC_003552.1,2531003,2531278,-
MA_RS24540,MA_2041,MA_2041,MA_RS24540,protein_coding,NC_003552.1,2531271,2531972,-
MA_RS10625,MA2042,"MA2042,MA_2042",MA_RS10625,protein_coding,NC_003552.1,2532087,2532488,-
MA_RS24545,MA_2043,MA_2043,MA_RS24545,protein_coding,NC_003552.1,2532488,2533435,-
MA_RS10640,MA2044,"MA2044,MA_2044",MA_RS10640,protein_coding,NC_003552.1,2533814,2534476,-
MA_RS10645,MA2045,"MA2045,MA_2045",MA_RS10645,protein_coding,NC_003552.1,2534487,2541131,-
MA_RS10650,MA2046,"MA2046,MA_2046",MA_RS10650,protein_coding,NC_003552.1,2542069,2542962,+
MA_RS10655,MA2047,"MA2047,MA_2047",MA_RS10655,protein_coding,NC_003552.1,2543043,2543405,+
MA_RS10660,,,MA_RS10660,protein_coding,NC_003552.1,2543575,2543961,+
MA_RS28085,,,MA_RS28085,protein_coding,NC_003552.1,2544128,2544289,-
MA_RS10665,MA2050,"MA2050,MA_2050",MA_RS10665,protein_coding,NC_003552.1,2544485,2545891,-
MA_RS10670,MA2051,"MA2051,MA_2051",MA_RS10670,protein_coding,NC_003552.1,2545913,2546374,-
MA_RS10675,MA2052,"MA2052,MA_2052",MA_RS10675,protein_coding,NC_003552.1,2546592,2547743,+
MA_RS29365,,,MA_RS29365,protein_coding,NC_003552.1,2547740,2547874,+
MA_RS10680,MA2053,"MA2053,MA_2053",MA_RS10680,protein_coding,NC_003552.1,2547871,2548446,+
MA_RS10690,MA2055,"MA2055,MA_2055",MA_RS10690,protein_coding,NC_003552.1,2549202,2549690,+
MA_RS10695,MA2056,"MA2056,MA_2056",MA_RS10695,protein_coding,NC_003552.1,2550188,2552530,+
MA_RS10700,MA2057,"MA2057,MA_2057",MA_RS10700,protein_coding,NC_003552.1,2552690,2553019,+
MA_RS10705,MA2058,"MA2058,MA_2058",MA_RS10705,protein_coding,NC_003552.1,2553126,2554262,-
MA_RS10710,MA2059,"MA2059,MA_2059",MA_RS10710,protein_coding,NC_003552.1,2554530,2554889,+
MA_RS24550,MA_2060,MA_2060,MA_RS24550,protein_coding,NC_003552.1,2555167,2555373,+
MA_RS10720,MA2061,"MA2061,MA_2061",MA_RS10720,protein_coding,NC_003552.1,2555964,2556458,+
MA_RS10725,MA2063,"MA2063,MA_2063",MA_RS10725,protein_coding,NC_003552.1,2556847,2557527,+
MA_RS10730,MA2064,"MA2064,MA_2064",MA_RS10730,protein_coding,NC_003552.1,2557595,2558626,-
MA_RS10735,MA2065,"MA2065,MA_2065",MA_RS10735,protein_coding,NC_003552.1,2559097,2559450,+
MA_RS10740,MA2066,"MA2066,MA_2066",MA_RS10740,protein_coding,NC_003552.1,2559494,2560531,+
MA_RS10745,MA2067,"MA2067,MA_2067",MA_RS10745,protein_coding,NC_003552.1,2560580,2560894,+
MA_RS10750,,,MA_RS10750,protein_coding,NC_003552.1,2561022,2561273,+
MA_RS10755,MA2069,"MA2069,MA_2069",MA_RS10755,protein_coding,NC_003552.1,2561769,2562611,+
MA_RS10760,MA2070,"MA2070,MA_2070",MA_RS10760,protein_coding,NC_003552.1,2562950,2563345,+
MA_RS10770,MA2073,"MA2073,MA_2073",MA_RS10770,protein_coding,NC_003552.1,2565097,2566593,+
MA_RS10775,MA2074,"MA2074,MA_2074",MA_RS10775,protein_coding,NC_003552.1,2566780,2568333,+
MA_RS24555,MA_2075,MA_2075,MA_RS24555,protein_coding,NC_003552.1,2568427,2570778,+
MA_RS10785,MA2076,"MA2076,MA_2076",MA_RS10785,protein_coding,NC_003552.1,2570899,2571915,-
MA_RS10790,MA2077,"MA2077,MA_2077",MA_RS10790,protein_coding,NC_003552.1,2572415,2573197,+
MA_RS10795,MA2078,"MA2078,MA_2078",MA_RS10795,protein_coding,NC_003552.1,2573327,2573860,-
MA_RS10800,MA2079,"MA2079,MA_2079",istB,protein_coding,NC_003552.1,2574030,2574803,-
MA_RS10805,MA2080,"MA2080,MA_2080",istA,protein_coding,NC_003552.1,2574800,2576044,-
MA_RS10815,MA2082,"MA2082,MA_2082",MA_RS10815,protein_coding,NC_003552.1,2578686,2580782,-
MA_RS10820,MA2083,"MA2083,MA_2083",MA_RS10820,protein_coding,NC_003552.1,2581221,2582507,+
MA_RS10825,MA2084,"MA2084,MA_2084",MA_RS10825,protein_coding,NC_003552.1,2583128,2583649,+
MA_RS10830,MA2085,"MA2085,MA_2085",MA_RS10830,protein_coding,NC_003552.1,2583770,2584984,+
MA_RS10835,MA2086,"MA2086,MA_2086",MA_RS10835,protein_coding,NC_003552.1,2585279,2585695,+
MA_RS10840,MA2087,"MA2087,MA_2087",MA_RS10840,protein_coding,NC_003552.1,2585854,2587158,-
MA_RS10845,MA2088,"MA2088,MA_2088",MA_RS10845,protein_coding,NC_003552.1,2587478,2589232,+
MA_RS29785,,,MA_RS29785,protein_coding,NC_003552.1,2589737,2589862,-
MA_RS10850,MA2089,"MA2089,MA_2089",MA_RS10850,protein_coding,NC_003552.1,2589982,2590500,+
MA_RS10860,MA2091,"MA2091,MA_2091",MA_RS10860,protein_coding,NC_003552.1,2590826,2591563,-
MA_RS10865,MA2092,"MA2092,MA_2092",MA_RS10865,protein_coding,NC_003552.1,2591560,2591856,-
MA_RS10870,MA2093,"MA2093,MA_2093",MA_RS10870,protein_coding,NC_003552.1,2591859,2592428,-
MA_RS10875,MA2094,"MA2094,MA_2094",MA_RS10875,protein_coding,NC_003552.1,2593128,2593346,-
MA_RS10880,MA2095,"MA2095,MA_2095",MA_RS10880,protein_coding,NC_003552.1,2593637,2593861,+
MA_RS10885,MA2096,"MA2096,MA_2096",MA_RS10885,protein_coding,NC_003552.1,2593940,2595973,-
MA_RS10890,MA2097,"MA2097,MA_2097",MA_RS10890,protein_coding,NC_003552.1,2596200,2597393,+
MA_RS29790,,,MA_RS29790,protein_coding,NC_003552.1,2597754,2597852,-
MA_RS10895,MA2098,"MA2098,MA_2098",MA_RS10895,protein_coding,NC_003552.1,2597858,2598364,-
MA_RS10900,MA2099,"MA2099,MA_2099",MA_RS10900,protein_coding,NC_003552.1,2598834,2601143,+
MA_RS10905,MA2100,"MA2100,MA_2100",MA_RS10905,protein_coding,NC_003552.1,2601180,2601404,+
MA_RS10910,,,MA_RS10910,protein_coding,NC_003552.1,2601523,2601714,-
MA_RS28585,MA_2101,MA_2101,MA_RS28585,protein_coding,NC_003552.1,2601892,2602059,+
MA_RS24560,MA_2102,MA_2102,MA_RS24560,protein_coding,NC_003552.1,2603087,2604769,-
MA_RS10920,MA2103,"MA2103,MA_2103",MA_RS10920,protein_coding,NC_003552.1,2605359,2606204,-
MA_RS10925,MA2104,"MA2104,MA_2104",MA_RS10925,protein_coding,NC_003552.1,2606340,2607626,+
MA_RS10930,MA2105,"MA2105,MA_2105",MA_RS10930,protein_coding,NC_003552.1,2607834,2608148,-
MA_RS10935,MA2106,"MA2106,MA_2106",MA_RS10935,protein_coding,NC_003552.1,2608160,2611021,-
MA_RS10940,MA2107,"MA2107,MA_2107",MA_RS10940,protein_coding,NC_003552.1,2611392,2612291,+
MA_RS10945,MA2108,"MA2108,MA_2108",MA_RS10945,protein_coding,NC_003552.1,2612440,2613066,-
MA_RS10950,MA2109,"MA2109,MA_2109",MA_RS10950,protein_coding,NC_003552.1,2613251,2614003,-
MA_RS10955,MA2110,"MA2110,MA_2110",MA_RS10955,protein_coding,NC_003552.1,2614000,2614803,-
MA_RS10960,MA2111,"MA2111,MA_2111",htpX,protein_coding,NC_003552.1,2615350,2616234,+
MA_RS10965,,,MA_RS10965,protein_coding,NC_003552.1,2616265,2616534,+
MA_RS10970,MA2113,"MA2113,MA_2113",MA_RS10970,protein_coding,NC_003552.1,2616562,2617179,+
MA_RS10975,MA2114,"MA2114,MA_2114",MA_RS10975,protein_coding,NC_003552.1,2617346,2617876,+
MA_RS10980,MA2115,"MA2115,MA_2115",MA_RS10980,protein_coding,NC_003552.1,2618281,2619246,-
MA_RS10985,MA2116,"MA2116,MA_2116",MA_RS10985,protein_coding,NC_003552.1,2619505,2621001,-
MA_RS27915,MA_2117,MA_2117,MA_RS27915,protein_coding,NC_003552.1,2621047,2621385,-
MA_RS10995,MA2118,"MA2118,MA_2118",MA_RS10995,protein_coding,NC_003552.1,2621389,2622738,-
MA_RS11000,MA2119,"MA2119,MA_2119",MA_RS11000,protein_coding,NC_003552.1,2622753,2624855,-
MA_RS25475,MA_2120,MA_2120,MA_RS25475,protein_coding,NC_003552.1,2624888,2626351,-
MA_RS11010,MA2121,"MA2121,MA_2121",MA_RS11010,protein_coding,NC_003552.1,2626486,2627856,-
MA_RS11015,MA2122,"MA2122,MA_2122",MA_RS11015,protein_coding,NC_003552.1,2627964,2630717,-
MA_RS26875,,,MA_RS26875,protein_coding,NC_003552.1,2631408,2631554,+
MA_RS11030,MA2123,"MA2123,MA_2123",MA_RS11030,protein_coding,NC_003552.1,2631809,2632033,+
MA_RS11035,MA2124,"MA2124,MA_2124",MA_RS11035,protein_coding,NC_003552.1,2632107,2633009,+
MA_RS11040,MA2125,"MA2125,MA_2125",MA_RS11040,protein_coding,NC_003552.1,2633798,2634019,-
MA_RS26880,,,MA_RS26880,protein_coding,NC_003552.1,2634127,2634315,+
MA_RS11045,MA2126,"MA2126,MA_2126",MA_RS11045,protein_coding,NC_003552.1,2634392,2634649,+
MA_RS29380,,,MA_RS29380,protein_coding,NC_003552.1,2635137,2635259,+
MA_RS11060,MA2129,"MA2129,MA_2129",MA_RS11060,protein_coding,NC_003552.1,2635561,2635884,-
MA_RS11065,MA2130,"MA2130,MA_2130",MA_RS11065,protein_coding,NC_003552.1,2636168,2636461,-
MA_RS11070,MA2131,"MA2131,MA_2131",MA_RS11070,protein_coding,NC_003552.1,2636516,2636821,-
MA_RS11075,,,MA_RS11075,protein_coding,NC_003552.1,2636991,2637173,+
MA_RS11080,MA2132,"MA2132,MA_2132",MA_RS11080,protein_coding,NC_003552.1,2637380,2637700,+
MA_RS29385,,,MA_RS29385,protein_coding,NC_003552.1,2637697,2637825,+
MA_RS11085,MA2133,"MA2133,MA_2133",MA_RS11085,protein_coding,NC_003552.1,2637892,2638824,-
MA_RS11090,MA2134,"MA2134,MA_2134",MA_RS11090,protein_coding,NC_003552.1,2639274,2639504,+
MA_RS11095,MA2135,"MA2135,MA_2135",MA_RS11095,protein_coding,NC_003552.1,2639527,2639721,+
MA_RS11100,MA2136,"MA2136,MA_2136",MA_RS11100,protein_coding,NC_003552.1,2639725,2639967,+
MA_RS11105,MA2137,"MA2137,MA_2137",MA_RS11105,protein_coding,NC_003552.1,2640185,2640925,-
MA_RS11110,MA2138,"MA2138,MA_2138",MA_RS11110,protein_coding,NC_003552.1,2641833,2643239,-
MA_RS11115,MA2139,"MA2139,MA_2139",MA_RS11115,protein_coding,NC_003552.1,2644134,2646170,+
MA_RS11120,MA2140,"MA2140,MA_2140",MA_RS11120,protein_coding,NC_003552.1,2646157,2647995,+
MA_RS11125,MA2142,"MA2142,MA_2142",MA_RS11125,protein_coding,NC_003552.1,2648251,2649435,-
MA_RS11130,MA2143,"MA2143,MA_2143",carB,protein_coding,NC_003552.1,2649918,2653130,-
MA_RS11135,MA2144,"MA2144,MA_2144",carA,protein_coding,NC_003552.1,2653130,2654236,-
MA_RS11140,MA2145,"MA2145,MA_2145",MA_RS11140,protein_coding,NC_003552.1,2654921,2656396,+
MA_RS11145,MA2146,"MA2146,MA_2146",MA_RS11145,protein_coding,NC_003552.1,2656390,2657220,+
MA_RS11150,MA2147,"MA2147,MA_2147",MA_RS11150,protein_coding,NC_003552.1,2657425,2658372,+
MA_RS11155,MA2148,"MA2148,MA_2148",MA_RS11155,protein_coding,NC_003552.1,2658984,2660045,+
MA_RS11160,MA2149,"MA2149,MA_2149",MA_RS11160,protein_coding,NC_003552.1,2660075,2661118,+
MA_RS11165,MA2150,"MA2150,MA_2150",MA_RS11165,protein_coding,NC_003552.1,2661115,2661912,+
MA_RS11170,MA2151,"MA2151,MA_2151",MA_RS11170,protein_coding,NC_003552.1,2661915,2662694,+
MA_RS11175,MA2152,"MA2152,MA_2152",MA_RS11175,protein_coding,NC_003552.1,2662711,2663463,+
MA_RS11180,MA2153,"MA2153,MA_2153",MA_RS11180,protein_coding,NC_003552.1,2663662,2664798,+
MA_RS11185,MA2154,"MA2154,MA_2154",MA_RS11185,protein_coding,NC_003552.1,2664798,2665040,+
MA_RS24565,MA_2155,MA_2155,MA_RS24565,protein_coding,NC_003552.1,2665118,2665888,+
MA_RS11195,MA2156,"MA2156,MA_2156",MA_RS11195,protein_coding,NC_003552.1,2666416,2667507,+
MA_RS26885,,,MA_RS26885,protein_coding,NC_003552.1,2667683,2667907,-
MA_RS11205,MA2158,"MA2158,MA_2158",MA_RS11205,protein_coding,NC_003552.1,2668473,2668643,+
MA_RS11210,MA2159,"MA2159,MA_2159",MA_RS11210,protein_coding,NC_003552.1,2668880,2669128,+
MA_RS25480,,,MA_RS25480,protein_coding,NC_003552.1,2669326,2670008,-
MA_RS11230,,,MA_RS11230,protein_coding,NC_003552.1,2670258,2670452,-
MA_RS11235,MA2163,"MA2163,MA_2163",mtaA,protein_coding,NC_003552.1,2670598,2671632,+
MA_RS11240,MA2164,"MA2164,MA_2164",MA_RS11240,protein_coding,NC_003552.1,2672166,2672909,-
MA_RS26890,,,MA_RS26890,protein_coding,NC_003552.1,2673271,2673414,-
MA_RS26895,,,MA_RS26895,protein_coding,NC_003552.1,2673591,2673767,-
MA_RS25490,MA_2166,MA_2166,MA_RS25490,protein_coding,NC_003552.1,2674040,2674228,+
MA_RS11245,MA2167,"MA2167,MA_2167",MA_RS11245,protein_coding,NC_003552.1,2674385,2674984,-
MA_RS11255,MA2169,"MA2169,MA_2169",MA_RS11255,protein_coding,NC_003552.1,2675838,2676806,+
MA_RS11260,MA2170,"MA2170,MA_2170",MA_RS11260,protein_coding,NC_003552.1,2676934,2677986,+
MA_RS11265,MA2171,"MA2171,MA_2171",pssD,protein_coding,NC_003552.1,2678066,2678506,+
MA_RS11270,MA2172,"MA2172,MA_2172",pssE,protein_coding,NC_003552.1,2678446,2678970,+
MA_RS11275,MA2173,"MA2173,MA_2173",MA_RS11275,protein_coding,NC_003552.1,2678967,2680130,+
MA_RS29795,MA_2174,MA_2174,MA_RS29795,protein_coding,NC_003552.1,2680159,2680713,+
MA_RS11285,MA2175,"MA2175,MA_2175",MA_RS11285,protein_coding,NC_003552.1,2680792,2682021,+
MA_RS11290,MA2176,"MA2176,MA_2176",MA_RS11290,protein_coding,NC_003552.1,2682018,2682689,+
MA_RS11295,MA2177,"MA2177,MA_2177",MA_RS11295,protein_coding,NC_003552.1,2682900,2683556,+
MA_RS11300,MA2178,"MA2178,MA_2178",MA_RS11300,protein_coding,NC_003552.1,2683653,2684837,+
MA_RS11305,MA2179,"MA2179,MA_2179",MA_RS11305,protein_coding,NC_003552.1,2685164,2686840,+
MA_RS11310,MA2180,"MA2180,MA_2180",MA_RS11310,protein_coding,NC_003552.1,2687120,2688571,+
MA_RS11315,MA2181,"MA2181,MA_2181",MA_RS11315,protein_coding,NC_003552.1,2688548,2689510,-
MA_RS11320,MA2182,"MA2182,MA_2182",MA_RS11320,protein_coding,NC_003552.1,2689650,2690681,-
MA_RS11325,MA2183,"MA2183,MA_2183",MA_RS11325,protein_coding,NC_003552.1,2690961,2691686,-
MA_RS11330,MA2184,"MA2184,MA_2184",rfbD,protein_coding,NC_003552.1,2691754,2692488,-
MA_RS11335,MA2185,"MA2185,MA_2185",MA_RS11335,protein_coding,NC_003552.1,2692661,2693722,-
MA_RS11340,MA2186,"MA2186,MA_2186",rfbB,protein_coding,NC_003552.1,2693840,2694796,-
MA_RS28590,,,MA_RS28590,protein_coding,NC_003552.1,2694936,2695109,-
MA_RS11350,MA2188,"MA2188,MA_2188",MA_RS11350,protein_coding,NC_003552.1,2695963,2697624,+
MA_RS11360,MA2190,"MA2190,MA_2190",MA_RS11360,protein_coding,NC_003552.1,2698556,2698825,+
MA_RS11365,MA2191,"MA2191,MA_2191",MA_RS11365,protein_coding,NC_003552.1,2698983,2699579,-
MA_RS11375,MA2193,"MA2193,MA_2193",MA_RS11375,protein_coding,NC_003552.1,2700208,2701050,+
MA_RS11380,MA2194,"MA2194,MA_2194",MA_RS11380,protein_coding,NC_003552.1,2701395,2702213,+
MA_RS24570,MA_2196,MA_2196,MA_RS24570,protein_coding,NC_003552.1,2702383,2702751,+
MA_RS11390,MA2197,"MA2197,MA_2197",MA_RS11390,protein_coding,NC_003552.1,2703324,2703782,-
MA_RS11395,MA2198,"MA2198,MA_2198",MA_RS11395,protein_coding,NC_003552.1,2704355,2705059,+
MA_RS11400,MA2199,"MA2199,MA_2199",MA_RS11400,protein_coding,NC_003552.1,2705601,2707067,-
MA_RS11405,MA2200,"MA2200,MA_2200",MA_RS11405,protein_coding,NC_003552.1,2707283,2708830,-
MA_RS11410,MA2201,"MA2201,MA_2201",istB,protein_coding,NC_003552.1,2709172,2709945,-
MA_RS11415,MA2202,"MA2202,MA_2202",istA,protein_coding,NC_003552.1,2709942,2711186,-
MA_RS11420,MA2203,"MA2203,MA_2203",MA_RS11420,protein_coding,NC_003552.1,2711453,2712964,-
MA_RS11425,MA2204,"MA2204,MA_2204",MA_RS11425,protein_coding,NC_003552.1,2713074,2713772,-
MA_RS11430,MA2205,"MA2205,MA_2205",MA_RS11430,protein_coding,NC_003552.1,2713774,2714475,-
MA_RS11435,MA2206,"MA2206,MA_2206",MA_RS11435,protein_coding,NC_003552.1,2714940,2715425,+
MA_RS11440,MA2207,"MA2207,MA_2207",MA_RS11440,protein_coding,NC_003552.1,2715542,2715901,+
MA_RS11445,MA2208,"MA2208,MA_2208",MA_RS11445,protein_coding,NC_003552.1,2716221,2718569,+
MA_RS11450,MA2209,"MA2209,MA_2209",MA_RS11450,protein_coding,NC_003552.1,2718792,2720270,+
MA_RS11455,MA2210,"MA2210,MA_2210",MA_RS11455,protein_coding,NC_003552.1,2720421,2721071,+
MA_RS11460,MA2211,"MA2211,MA_2211",MA_RS11460,protein_coding,NC_003552.1,2721755,2722243,+
MA_RS11465,MA2212,"MA2212,MA_2212",MA_RS11465,protein_coding,NC_003552.1,2722379,2722738,+
MA_RS11475,,,MA_RS11475,protein_coding,NC_003552.1,2724165,2724350,+
MA_RS11480,MA2213,"MA2213,MA_2213",MA_RS11480,protein_coding,NC_003552.1,2724350,2724577,+
MA_RS28595,,,MA_RS28595,protein_coding,NC_003552.1,2724652,2724795,-
MA_RS11490,MA2214,"MA2214,MA_2214",MA_RS11490,protein_coding,NC_003552.1,2725199,2726260,+
MA_RS11500,MA2215,"MA2215,MA_2215",MA_RS11500,protein_coding,NC_003552.1,2726534,2727298,+
MA_RS11505,MA2217,"MA2217,MA_2217",MA_RS11505,protein_coding,NC_003552.1,2727407,2728852,+
MA_RS11510,MA2218,"MA2218,MA_2218",MA_RS11510,protein_coding,NC_003552.1,2729208,2729570,+
MA_RS11515,,,MA_RS11515,protein_coding,NC_003552.1,2729768,2730613,+
MA_RS11520,MA2220,"MA2220,MA_2220",MA_RS11520,protein_coding,NC_003552.1,2731074,2731925,-
MA_RS11525,MA2221,"MA2221,MA_2221",MA_RS11525,protein_coding,NC_003552.1,2732203,2732442,-
MA_RS26905,MA_2222,MA_2222,MA_RS26905,protein_coding,NC_003552.1,2732454,2732681,-
MA_RS11530,MA2223,"MA2223,MA_2223",MA_RS11530,protein_coding,NC_003552.1,2733903,2734793,-
MA_RS11535,MA2224,"MA2224,MA_2224",MA_RS11535,protein_coding,NC_003552.1,2734866,2736029,+
MA_RS11540,MA2225,"MA2225,MA_2225",MA_RS11540,protein_coding,NC_003552.1,2736512,2736826,+
MA_RS26910,,,MA_RS26910,protein_coding,NC_003552.1,2736860,2737294,+
MA_RS11550,MA2228,"MA2228,MA_2228",MA_RS11550,protein_coding,NC_003552.1,2737873,2738901,-
MA_RS26915,,,MA_RS26915,protein_coding,NC_003552.1,2739421,2739606,-
MA_RS11565,MA2231,"MA2231,MA_2231",MA_RS11565,protein_coding,NC_003552.1,2739683,2740627,-
MA_RS11570,MA2232,"MA2232,MA_2232",MA_RS11570,protein_coding,NC_003552.1,2741325,2742788,-
MA_RS11575,MA2233,"MA2233,MA_2233",MA_RS11575,protein_coding,NC_003552.1,2743489,2744352,+
MA_RS11580,MA2234,"MA2234,MA_2234",MA_RS11580,protein_coding,NC_003552.1,2745365,2745676,+
MA_RS26920,,,MA_RS26920,protein_coding,NC_003552.1,2746396,2746554,-
MA_RS11585,MA2235,"MA2235,MA_2235",MA_RS11585,protein_coding,NC_003552.1,2746659,2748899,-
MA_RS11590,,,MA_RS11590,protein_coding,NC_003552.1,2748903,2749082,-
MA_RS26925,,,MA_RS26925,protein_coding,NC_003552.1,2749079,2749240,-
MA_RS26930,MA_2236,MA_2236,MA_RS26930,protein_coding,NC_003552.1,2749240,2749650,-
MA_RS26935,,,MA_RS26935,protein_coding,NC_003552.1,2749704,2749844,-
MA_RS11600,,,MA_RS11600,protein_coding,NC_003552.1,2750192,2750491,-
MA_RS11605,MA2238,"MA2238,MA_2238",MA_RS11605,protein_coding,NC_003552.1,2750757,2751605,-
MA_RS11610,MA2239,"MA2239,MA_2239",MA_RS11610,protein_coding,NC_003552.1,2751866,2753893,-
MA_RS11615,MA2240,"MA2240,MA_2240",MA_RS11615,protein_coding,NC_003552.1,2754223,2754684,-
MA_RS11625,MA2241,"MA2241,MA_2241",MA_RS11625,protein_coding,NC_003552.1,2755134,2756627,+
MA_RS11630,MA2242,"MA2242,MA_2242",MA_RS11630,protein_coding,NC_003552.1,2756929,2758215,-
MA_RS11635,MA2243,"MA2243,MA_2243",MA_RS11635,protein_coding,NC_003552.1,2758491,2759432,-
MA_RS11640,MA2244,"MA2244,MA_2244",MA_RS11640,protein_coding,NC_003552.1,2759874,2761175,-
MA_RS11645,MA2245,"MA2245,MA_2245",MA_RS11645,protein_coding,NC_003552.1,2762059,2762256,+
MA_RS11650,MA2246,"MA2246,MA_2246",MA_RS11650,protein_coding,NC_003552.1,2762806,2764086,+
MA_RS11655,MA2247,"MA2247,MA_2247",MA_RS11655,protein_coding,NC_003552.1,2764295,2764756,-
MA_RS25495,MA_2248,MA_2248,MA_RS25495,protein_coding,NC_003552.1,2765025,2765429,+
MA_RS11660,MA2249,"MA2249,MA_2249",MA_RS11660,protein_coding,NC_003552.1,2765727,2766356,+
MA_RS11665,MA2250,"MA2250,MA_2250",MA_RS11665,protein_coding,NC_003552.1,2766465,2766947,+
MA_RS11670,MA2251,"MA2251,MA_2251",MA_RS11670,protein_coding,NC_003552.1,2767026,2768093,-
MA_RS11675,MA2252,"MA2252,MA_2252",MA_RS11675,protein_coding,NC_003552.1,2768318,2768590,+
MA_RS11680,MA2253,"MA2253,MA_2253",MA_RS11680,protein_coding,NC_003552.1,2768993,2770099,+
MA_RS29390,,,MA_RS29390,protein_coding,NC_003552.1,2770723,2771364,-
MA_RS29395,,,MA_RS29395,protein_coding,NC_003552.1,2771306,2771677,-
MA_RS29400,,,MA_RS29400,protein_coding,NC_003552.1,2771667,2771873,-
MA_RS29405,,,MA_RS29405,protein_coding,NC_003552.1,2771914,2772036,-
MA_RS11695,MA2255,"MA2255,MA_2255",MA_RS11695,protein_coding,NC_003552.1,2772334,2773734,-
MA_RS26950,,,MA_RS26950,protein_coding,NC_003552.1,2774651,2774788,+
MA_RS11705,MA4671,"MA4671,MA_4671",MA_RS11705,protein_coding,NC_003552.1,2774795,2775178,+
MA_RS11710,MA2256,"MA2256,MA_2256",MA_RS11710,protein_coding,NC_003552.1,2775217,2777907,+
MA_RS11715,MA2257,"MA2257,MA_2257",MA_RS11715,protein_coding,NC_003552.1,2778188,2779354,-
MA_RS11720,MA2258,"MA2258,MA_2258",MA_RS11720,protein_coding,NC_003552.1,2779601,2780284,-
MA_RS11725,MA2259,"MA2259,MA_2259",MA_RS11725,protein_coding,NC_003552.1,2780380,2781429,-
MA_RS11730,MA2260,"MA2260,MA_2260",MA_RS11730,protein_coding,NC_003552.1,2781569,2782036,-
MA_RS26245,,,MA_RS26245,protein_coding,NC_003552.1,2782480,2782635,-
MA_RS26250,MA_2261,MA_2261,MA_RS26250,protein_coding,NC_003552.1,2782661,2783002,-
MA_RS11740,MA2262,"MA2262,MA_2262",MA_RS11740,protein_coding,NC_003552.1,2783162,2783512,+
MA_RS11745,MA2263,"MA2263,MA_2263",MA_RS11745,protein_coding,NC_003552.1,2784163,2785533,-
MA_RS11760,MA2265,"MA2265,MA_2265",MA_RS11760,protein_coding,NC_003552.1,2786849,2787457,+
MA_RS11765,MA2266,"MA2266,MA_2266",MA_RS11765,protein_coding,NC_003552.1,2787656,2789677,-
MA_RS11770,MA2267,"MA2267,MA_2267",MA_RS11770,protein_coding,NC_003552.1,2790147,2790359,+
MA_RS11775,MA2268,"MA2268,MA_2268",MA_RS11775,protein_coding,NC_003552.1,2790601,2791350,-
MA_RS11780,MA2270,"MA2270,MA_2270",MA_RS11780,protein_coding,NC_003552.1,2791923,2792423,-
MA_RS11785,MA2271,"MA2271,MA_2271",MA_RS11785,protein_coding,NC_003552.1,2792830,2794011,+
MA_RS11790,MA2272,"MA2272,MA_2272",MA_RS11790,protein_coding,NC_003552.1,2794159,2795517,-
MA_RS11795,MA2273,"MA2273,MA_2273",MA_RS11795,protein_coding,NC_003552.1,2795544,2796899,-
MA_RS11800,MA2275,"MA2275,MA_2275",MA_RS11800,protein_coding,NC_003552.1,2797078,2797791,-
MA_RS11805,MA4668,"MA4668,MA_4668",MA_RS11805,protein_coding,NC_003552.1,2798145,2798351,-
MA_RS11810,MA2277,"MA2277,MA_2277",MA_RS11810,protein_coding,NC_003552.1,2798371,2798757,-
MA_RS11815,MA2278,"MA2278,MA_2278",MA_RS11815,protein_coding,NC_003552.1,2799194,2800102,-
MA_RS26955,,,MA_RS26955,protein_coding,NC_003552.1,2800503,2800661,+
MA_RS11820,MA2279,"MA2279,MA_2279",MA_RS11820,protein_coding,NC_003552.1,2800818,2801675,+
MA_RS11825,MA2280,"MA2280,MA_2280",modA,protein_coding,NC_003552.1,2801957,2802781,+
MA_RS11830,MA2281,"MA2281,MA_2281",modB,protein_coding,NC_003552.1,2802953,2803630,+
MA_RS11835,MA2282,"MA2282,MA_2282",MA_RS11835,protein_coding,NC_003552.1,2803627,2804778,+
MA_RS24585,MA_2283,MA_2283,MA_RS24585,protein_coding,NC_003552.1,2804942,2805430,-
MA_RS29410,,,MA_RS29410,protein_coding,NC_003552.1,2805427,2805549,-
MA_RS24590,MA_2284,MA_2284,MA_RS24590,protein_coding,NC_003552.1,2806534,2809467,+
MA_RS11850,,,MA_RS11850,protein_coding,NC_003552.1,2809614,2809868,-
MA_RS11855,MA2285,"MA2285,MA_2285",MA_RS11855,protein_coding,NC_003552.1,2809963,2810268,-
MA_RS11860,MA2286,"MA2286,MA_2286",MA_RS11860,protein_coding,NC_003552.1,2810596,2811888,+
MA_RS11865,MA2287,"MA2287,MA_2287",MA_RS11865,protein_coding,NC_003552.1,2812020,2813321,-
MA_RS29645,,,MA_RS29645,protein_coding,NC_003552.1,2814001,2814234,+
MA_RS11870,,,MA_RS11870,protein_coding,NC_003552.1,2814348,2814527,-
MA_RS11875,MA2288,"MA2288,MA_2288",MA_RS11875,protein_coding,NC_003552.1,2814809,2815051,-
MA_RS11880,MA2289,"MA2289,MA_2289",MA_RS11880,protein_coding,NC_003552.1,2815581,2815880,+
MA_RS11885,MA2290,"MA2290,MA_2290",MA_RS11885,protein_coding,NC_003552.1,2815962,2816246,-
MA_RS29415,,,MA_RS29415,protein_coding,NC_003552.1,2817182,2817310,+
MA_RS11895,MA2291,"MA2291,MA_2291",MA_RS11895,protein_coding,NC_003552.1,2817905,2819107,+
MA_RS11905,MA2292,"MA2292,MA_2292",MA_RS11905,protein_coding,NC_003552.1,2819852,2821048,+
MA_RS11910,,,MA_RS11910,protein_coding,NC_003552.1,2821699,2821926,+
MA_RS11915,MA2294,"MA2294,MA_2294",MA_RS11915,protein_coding,NC_003552.1,2822353,2824119,+
MA_RS11920,MA2295,"MA2295,MA_2295",MA_RS11920,protein_coding,NC_003552.1,2824137,2824703,-
MA_RS11925,MA2296,"MA2296,MA_2296",MA_RS11925,protein_coding,NC_003552.1,2824983,2825150,+
MA_RS11930,MA2297,"MA2297,MA_2297",MA_RS11930,protein_coding,NC_003552.1,2825407,2825925,+
MA_RS11935,MA2298,"MA2298,MA_2298",MA_RS11935,protein_coding,NC_003552.1,2826238,2826564,+
MA_RS11940,MA2299,"MA2299,MA_2299",MA_RS11940,protein_coding,NC_003552.1,2826586,2827098,+
MA_RS11945,MA2300,"MA2300,MA_2300",MA_RS11945,protein_coding,NC_003552.1,2827266,2831120,-
MA_RS11950,MA2301,"MA2301,MA_2301",MA_RS11950,protein_coding,NC_003552.1,2831346,2833241,+
MA_RS28610,MA_2302,MA_2302,MA_RS28610,protein_coding,NC_003552.1,2833234,2834049,+
MA_RS26960,,,MA_RS26960,protein_coding,NC_003552.1,2834320,2834481,+
MA_RS11960,MA2303,"MA2303,MA_2303",MA_RS11960,protein_coding,NC_003552.1,2834590,2835612,+
MA_RS11965,MA2304,"MA2304,MA_2304",MA_RS11965,protein_coding,NC_003552.1,2835723,2836835,-
MA_RS11975,MA2305,"MA2305,MA_2305",MA_RS11975,protein_coding,NC_003552.1,2837320,2837565,+
MA_RS11985,MA2307,"MA2307,MA_2307",MA_RS11985,protein_coding,NC_003552.1,2838074,2840650,+
MA_RS26965,,,MA_RS26965,protein_coding,NC_003552.1,2840917,2841069,+
MA_RS11990,MA2308,"MA2308,MA_2308",MA_RS11990,protein_coding,NC_003552.1,2841099,2841638,-
MA_RS11995,MA2309,"MA2309,MA_2309",MA_RS11995,protein_coding,NC_003552.1,2841679,2843070,-
MA_RS12000,MA2310,"MA2310,MA_2310",ade,protein_coding,NC_003552.1,2843256,2844917,+
MA_RS12005,,,MA_RS12005,protein_coding,NC_003552.1,2845063,2845254,+
MA_RS29800,,,MA_RS29800,protein_coding,NC_003552.1,2845377,2845460,+
MA_RS12010,MA2311,"MA2311,MA_2311",MA_RS12010,protein_coding,NC_003552.1,2845550,2846131,-
MA_RS12015,,,MA_RS12015,protein_coding,NC_003552.1,2846163,2846345,-
MA_RS26975,MA_2312,MA_2312,MA_RS26975,protein_coding,NC_003552.1,2846894,2847184,-
MA_RS12020,MA2313,"MA2313,MA_2313",MA_RS12020,protein_coding,NC_003552.1,2848117,2849664,-
MA_RS12025,MA2314,"MA2314,MA_2314",MA_RS12025,protein_coding,NC_003552.1,2849680,2850138,-
MA_RS26980,,,MA_RS26980,protein_coding,NC_003552.1,2850260,2850397,+
MA_RS29420,,,MA_RS29420,protein_coding,NC_003552.1,2851356,2851478,-
MA_RS25505,,,MA_RS25505,protein_coding,NC_003552.1,2851515,2851691,-
MA_RS25510,,,MA_RS25510,protein_coding,NC_003552.1,2851970,2852116,-
MA_RS12035,MA2319,"MA2319,MA_2319",MA_RS12035,protein_coding,NC_003552.1,2852717,2853898,-
MA_RS12040,MA2320,"MA2320,MA_2320",MA_RS12040,protein_coding,NC_003552.1,2854167,2855540,-
MA_RS12045,MA2321,"MA2321,MA_2321",MA_RS12045,protein_coding,NC_003552.1,2855788,2856351,+
MA_RS28615,,,MA_RS28615,protein_coding,NC_003552.1,2856519,2856695,+
MA_RS12050,MA2322,"MA2322,MA_2322",MA_RS12050,protein_coding,NC_003552.1,2857149,2857577,-
MA_RS12055,MA2323,"MA2323,MA_2323",MA_RS12055,protein_coding,NC_003552.1,2858398,2859336,+
MA_RS12060,MA2324,"MA2324,MA_2324",MA_RS12060,protein_coding,NC_003552.1,2860192,2860614,+
MA_RS12065,MA2325,"MA2325,MA_2325",MA_RS12065,protein_coding,NC_003552.1,2860946,2863105,+
MA_RS12070,,,MA_RS12070,protein_coding,NC_003552.1,2863737,2864087,+
MA_RS12075,MA2327,"MA2327,MA_2327",MA_RS12075,protein_coding,NC_003552.1,2864665,2865918,+
MA_RS24595,MA_2328,MA_2328,MA_RS24595,protein_coding,NC_003552.1,2866121,2867065,+
MA_RS12085,MA2329,"MA2329,MA_2329",MA_RS12085,protein_coding,NC_003552.1,2867342,2868058,+
MA_RS26990,MA_2330,MA_2330,MA_RS26990,protein_coding,NC_003552.1,2868046,2868312,-
MA_RS12090,MA2331,"MA2331,MA_2331",MA_RS12090,protein_coding,NC_003552.1,2868824,2869219,+
MA_RS12095,MA2332,"MA2332,MA_2332",MA_RS12095,protein_coding,NC_003552.1,2869512,2870009,-
MA_RS12100,MA2333,"MA2333,MA_2333",MA_RS12100,protein_coding,NC_003552.1,2870235,2871047,-
MA_RS12110,MA2335,"MA2335,MA_2335",MA_RS12110,protein_coding,NC_003552.1,2872703,2875003,+
MA_RS12115,MA2337,"MA2337,MA_2337",MA_RS12115,protein_coding,NC_003552.1,2875248,2877587,+
MA_RS26995,MA_2338,MA_2338,MA_RS26995,protein_coding,NC_003552.1,2878365,2878715,+
MA_RS12125,MA2339,"MA2339,MA_2339",MA_RS12125,protein_coding,NC_003552.1,2878773,2879501,-
MA_RS12130,MA2340,"MA2340,MA_2340",MA_RS12130,protein_coding,NC_003552.1,2879753,2880343,+
MA_RS12135,MA2341,"MA2341,MA_2341",MA_RS12135,protein_coding,NC_003552.1,2880399,2880905,-
MA_RS12140,MA2342,"MA2342,MA_2342",MA_RS12140,protein_coding,NC_003552.1,2881143,2881679,-
MA_RS12145,MA2343,"MA2343,MA_2343",MA_RS12145,protein_coding,NC_003552.1,2882418,2882933,+
MA_RS27000,,,MA_RS27000,protein_coding,NC_003552.1,2884333,2884509,-
MA_RS12150,MA2344,"MA2344,MA_2344",MA_RS12150,protein_coding,NC_003552.1,2884612,2885592,-
MA_RS12155,MA2345,"MA2345,MA_2345",MA_RS12155,protein_coding,NC_003552.1,2886316,2887479,+
MA_RS12160,MA2346,"MA2346,MA_2346",MA_RS12160,protein_coding,NC_003552.1,2887929,2888933,-
MA_RS12165,MA2347,"MA2347,MA_2347",MA_RS12165,protein_coding,NC_003552.1,2889363,2890310,+
MA_RS12170,MA2348,"MA2348,MA_2348",MA_RS12170,protein_coding,NC_003552.1,2890873,2893050,-
MA_RS12175,MA2349,"MA2349,MA_2349",MA_RS12175,protein_coding,NC_003552.1,2893206,2894222,-
MA_RS12180,MA2350,"MA2350,MA_2350",MA_RS12180,protein_coding,NC_003552.1,2895198,2897783,+
MA_RS12185,MA2351,"MA2351,MA_2351",MA_RS12185,protein_coding,NC_003552.1,2897863,2899467,-
MA_RS28620,MA_2352,MA_2352,MA_RS28620,protein_coding,NC_003552.1,2900123,2900545,-
MA_RS28625,,,MA_RS28625,protein_coding,NC_003552.1,2900555,2900668,-
MA_RS12195,MA2353,"MA2353,MA_2353",MA_RS12195,protein_coding,NC_003552.1,2901238,2901909,+
MA_RS12200,MA2354,"MA2354,MA_2354",MA_RS12200,protein_coding,NC_003552.1,2902430,2903443,-
MA_RS27010,,,MA_RS27010,protein_coding,NC_003552.1,2903635,2903817,-
MA_RS12205,MA2355,"MA2355,MA_2355",MA_RS12205,protein_coding,NC_003552.1,2904898,2905242,-
MA_RS12210,,,MA_RS12210,protein_coding,NC_003552.1,2906551,2906877,-
MA_RS12225,MA2358,"MA2358,MA_2358",MA_RS12225,protein_coding,NC_003552.1,2908647,2910485,+
MA_RS29425,MA_2359,MA_2359,MA_RS29425,protein_coding,NC_003552.1,2910491,2911954,+
MA_RS12235,MA2360,"MA2360,MA_2360",MA_RS12235,protein_coding,NC_003552.1,2912153,2912896,+
MA_RS12240,MA2361,"MA2361,MA_2361",MA_RS12240,protein_coding,NC_003552.1,2912899,2913531,+
MA_RS12245,MA2362,"MA2362,MA_2362",MA_RS12245,protein_coding,NC_003552.1,2913777,2917652,-
MA_RS12250,MA2363,"MA2363,MA_2363",MA_RS12250,protein_coding,NC_003552.1,2917642,2918955,-
MA_RS12255,MA2364,"MA2364,MA_2364",brxL,protein_coding,NC_003552.1,2919153,2921201,-
MA_RS12260,MA2365,"MA2365,MA_2365",pglZ,protein_coding,NC_003552.1,2921277,2923976,-
MA_RS27015,,,MA_RS27015,protein_coding,NC_003552.1,2924265,2924411,-
MA_RS12265,MA2366,"MA2366,MA_2366",MA_RS12265,protein_coding,NC_003552.1,2924500,2925885,-
MA_RS12270,MA2367,"MA2367,MA_2367",MA_RS12270,protein_coding,NC_003552.1,2926166,2926411,+
MA_RS25535,,,MA_RS25535,protein_coding,NC_003552.1,2926380,2926607,+
MA_RS28630,,,MA_RS28630,protein_coding,NC_003552.1,2926745,2926933,-
MA_RS12280,MA2369,"MA2369,MA_2369",MA_RS12280,protein_coding,NC_003552.1,2927245,2928777,-
MA_RS12285,,,MA_RS12285,protein_coding,NC_003552.1,2928809,2928934,-
MA_RS12290,MA2370,"MA2370,MA_2370",MA_RS12290,protein_coding,NC_003552.1,2929235,2930611,-
MA_RS12295,MA2371,"MA2371,MA_2371",MA_RS12295,protein_coding,NC_003552.1,2930803,2931831,-
MA_RS12300,MA2372,"MA2372,MA_2372",pglX,protein_coding,NC_003552.1,2931898,2935383,-
MA_RS12305,MA2373,"MA2373,MA_2373",brxC,protein_coding,NC_003552.1,2935402,2938998,-
MA_RS12310,MA2374,"MA2374,MA_2374",MA_RS12310,protein_coding,NC_003552.1,2939132,2939704,-
MA_RS12315,MAt4707,MAt4707,MA_RS12315,tRNA,NC_003552.1,2940373,2940457,-
MA_RS12320,MA2375,"MA2375,MA_2375",MA_RS12320,protein_coding,NC_003552.1,2940555,2941310,+
MA_RS12325,MA2376,"MA2376,MA_2376",MA_RS12325,protein_coding,NC_003552.1,2941685,2941993,+
MA_RS12335,MA2378,"MA2378,MA_2378",MA_RS12335,protein_coding,NC_003552.1,2942310,2943596,-
MA_RS12340,MA2379,"MA2379,MA_2379",MA_RS12340,protein_coding,NC_003552.1,2943739,2943939,+
MA_RS12345,MA2380,"MA2380,MA_2380",MA_RS12345,protein_coding,NC_003552.1,2944122,2944466,+
MA_RS12350,MA2381,"MA2381,MA_2381",MA_RS12350,protein_coding,NC_003552.1,2944659,2946044,-
MA_RS12355,MA2382,"MA2382,MA_2382",MA_RS12355,protein_coding,NC_003552.1,2946057,2947064,-
MA_RS12360,MA2383,"MA2383,MA_2383",MA_RS12360,protein_coding,NC_003552.1,2947076,2949460,-
MA_RS12365,MA2384,"MA2384,MA_2384",MA_RS12365,protein_coding,NC_003552.1,2950991,2953906,+
MA_RS28640,,,MA_RS28640,protein_coding,NC_003552.1,2954118,2954303,+
MA_RS28645,MA_2385,MA_2385,MA_RS28645,protein_coding,NC_003552.1,2954363,2954584,+
MA_RS12375,MA2386,"MA2386,MA_2386",MA_RS12375,protein_coding,NC_003552.1,2955023,2955541,+
MA_RS12380,MA2387,"MA2387,MA_2387",MA_RS12380,protein_coding,NC_003552.1,2955775,2956182,-
MA_RS12385,MAt4708,MAt4708,MA_RS12385,tRNA,NC_003552.1,2956800,2956872,-
MA_RS12390,MA2388,"MA2388,MA_2388",MA_RS12390,protein_coding,NC_003552.1,2957110,2957511,-
MA_RS12395,MA2389,"MA2389,MA_2389",MA_RS12395,protein_coding,NC_003552.1,2957546,2957878,-
MA_RS27025,,,MA_RS27025,protein_coding,NC_003552.1,2958338,2958514,+
MA_RS12400,MA2390,"MA2390,MA_2390",MA_RS12400,protein_coding,NC_003552.1,2958578,2959042,+
MA_RS12405,MA2391,"MA2391,MA_2391",pap,protein_coding,NC_003552.1,2961448,2962959,+
MA_RS12410,MA2393,"MA2393,MA_2393",MA_RS12410,protein_coding,NC_003552.1,2963638,2964924,-
MA_RS25545,,,MA_RS25545,protein_coding,NC_003552.1,2965388,2965558,+
MA_RS12415,MA2394,"MA2394,MA_2394",MA_RS12415,protein_coding,NC_003552.1,2965720,2965992,+
MA_RS12420,MA2395,"MA2395,MA_2395",MA_RS12420,protein_coding,NC_003552.1,2966285,2966692,+
MA_RS12425,MA2396,"MA2396,MA_2396",MA_RS12425,protein_coding,NC_003552.1,2966867,2967061,+
MA_RS12430,,,MA_RS12430,protein_coding,NC_003552.1,2967083,2967262,+
MA_RS24605,MA_2397,MA_2397,MA_RS24605,protein_coding,NC_003552.1,2967941,2969869,+
MA_RS28650,,,MA_RS28650,protein_coding,NC_003552.1,2970820,2970963,-
MA_RS12445,MA2398,"MA2398,MA_2398",MA_RS12445,protein_coding,NC_003552.1,2970898,2971140,+
MA_RS25550,MA_2399,MA_2399,MA_RS25550,protein_coding,NC_003552.1,2971346,2971969,+
MA_RS12455,MA2400,"MA2400,MA_2400",MA_RS12455,protein_coding,NC_003552.1,2972077,2972823,-
MA_RS12460,MA2401,"MA2401,MA_2401",MA_RS12460,protein_coding,NC_003552.1,2973045,2973692,-
MA_RS12470,MA2403,"MA2403,MA_2403",MA_RS12470,protein_coding,NC_003552.1,2974508,2975953,+
MA_RS12475,MA2404,"MA2404,MA_2404",MA_RS12475,protein_coding,NC_003552.1,2975931,2977709,+
MA_RS12485,MA2406,"MA2406,MA_2406",MA_RS12485,protein_coding,NC_003552.1,2978376,2979587,-
MA_RS12490,MA2407,"MA2407,MA_2407",MA_RS12490,protein_coding,NC_003552.1,2979708,2980598,-
MA_RS12495,,,MA_RS12495,protein_coding,NC_003552.1,2981201,2981392,-
MA_RS12500,MA2408,"MA2408,MA_2408",MA_RS12500,protein_coding,NC_003552.1,2982293,2982961,-
MA_RS12505,MA2409,"MA2409,MA_2409",MA_RS12505,protein_coding,NC_003552.1,2983079,2983888,-
MA_RS12510,MA2410,"MA2410,MA_2410",MA_RS12510,protein_coding,NC_003552.1,2984190,2985278,+
MA_RS12515,MA2411,"MA2411,MA_2411",MA_RS12515,protein_coding,NC_003552.1,2985514,2985786,+
MA_RS12520,MA2412,"MA2412,MA_2412",MA_RS12520,protein_coding,NC_003552.1,2986018,2987220,+
MA_RS12525,MA2413,"MA2413,MA_2413",MA_RS12525,protein_coding,NC_003552.1,2987304,2988848,+
MA_RS28655,,,MA_RS28655,protein_coding,NC_003552.1,2989558,2990130,+
MA_RS12530,MA2414,"MA2414,MA_2414",MA_RS12530,protein_coding,NC_003552.1,2990012,2991094,+
MA_RS12535,MA2415,"MA2415,MA_2415",MA_RS12535,protein_coding,NC_003552.1,2991091,2992266,+
MA_RS12540,MA2416,"MA2416,MA_2416",MA_RS12540,protein_coding,NC_003552.1,2992269,2993099,+
MA_RS12545,MA2417,"MA2417,MA_2417",MA_RS12545,protein_coding,NC_003552.1,2993100,2995208,+
MA_RS12550,MA2418,"MA2418,MA_2418",MA_RS12550,protein_coding,NC_003552.1,2995208,2998648,+
MA_RS12555,MA2419,"MA2419,MA_2419",MA_RS12555,protein_coding,NC_003552.1,2998810,2999253,-
MA_RS12560,MA2420,"MA2420,MA_2420",MA_RS12560,protein_coding,NC_003552.1,2999387,2999611,-
MA_RS12565,MA2421,"MA2421,MA_2421",MA_RS12565,protein_coding,NC_003552.1,2999614,3000480,-
MA_RS12570,MA2422,"MA2422,MA_2422",MA_RS12570,protein_coding,NC_003552.1,3000967,3001503,+
MA_RS12575,MA2423,"MA2423,MA_2423",MA_RS12575,protein_coding,NC_003552.1,3001749,3002984,+
MA_RS12580,MA2424,"MA2424,MA_2424",mtbC,protein_coding,NC_003552.1,3003323,3003964,+
MA_RS12595,MA2426,"MA2426,MA_2426",MA_RS12595,protein_coding,NC_003552.1,3005565,3007070,+
MA_RS12600,MA2427,"MA2427,MA_2427",MA_RS12600,protein_coding,NC_003552.1,3007439,3008758,-
MA_RS27030,,,MA_RS27030,protein_coding,NC_003552.1,3009987,3010130,+
MA_RS12605,MA2428,"MA2428,MA_2428",MA_RS12605,protein_coding,NC_003552.1,3011058,3011258,-
MA_RS12610,MA2429,"MA2429,MA_2429",MA_RS12610,protein_coding,NC_003552.1,3011832,3012434,+
MA_RS12620,MA2430,"MA2430,MA_2430",MA_RS12620,protein_coding,NC_003552.1,3015681,3016349,-
MA_RS12625,MA2431,"MA2431,MA_2431",ileS,protein_coding,NC_003552.1,3016402,3019578,-
MA_RS27035,,,MA_RS27035,protein_coding,NC_003552.1,3020111,3020251,-
MA_RS12630,MA2432,"MA2432,MA_2432",MA_RS12630,protein_coding,NC_003552.1,3020650,3021894,-
MA_RS12635,MA2433,"MA2433,MA_2433",MA_RS12635,protein_coding,NC_003552.1,3022250,3023146,-
MA_RS12640,MA2434,"MA2434,MA_2434",MA_RS12640,protein_coding,NC_003552.1,3023143,3024744,-
MA_RS12645,MA2435,"MA2435,MA_2435",MA_RS12645,protein_coding,NC_003552.1,3024758,3025747,-
MA_RS12650,MA2436,"MA2436,MA_2436",MA_RS12650,protein_coding,NC_003552.1,3025768,3026043,-
MA_RS12655,MA2437,"MA2437,MA_2437",MA_RS12655,protein_coding,NC_003552.1,3026082,3026771,-
MA_RS12660,MA2438,"MA2438,MA_2438",MA_RS12660,protein_coding,NC_003552.1,3026761,3027075,-
MA_RS12665,MA2439,"MA2439,MA_2439",MA_RS12665,protein_coding,NC_003552.1,3027068,3027406,-
MA_RS12670,MA2440,"MA2440,MA_2440",MA_RS12670,protein_coding,NC_003552.1,3027399,3027803,-
MA_RS12675,MA2441,"MA2441,MA_2441",atpD,protein_coding,NC_003552.1,3027800,3029233,-
MA_RS12680,MA2442,"MA2442,MA_2442",MA_RS12680,protein_coding,NC_003552.1,3029809,3030297,+
MA_RS12685,MA2443,"MA2443,MA_2443",MA_RS12685,protein_coding,NC_003552.1,3030456,3030965,-
MA_RS12690,MAt4709,MAt4709,MA_RS12690,tRNA,NC_003552.1,3031151,3031244,-
MA_RS12695,MA2444,"MA2444,MA_2444",MA_RS12695,protein_coding,NC_003552.1,3031777,3032499,+
MA_RS12700,MA2445,"MA2445,MA_2445",MA_RS12700,protein_coding,NC_003552.1,3032492,3033346,+
MA_RS12705,MA2446,"MA2446,MA_2446",MA_RS12705,protein_coding,NC_003552.1,3033905,3034630,-
MA_RS12710,MA2447,"MA2447,MA_2447",MA_RS12710,protein_coding,NC_003552.1,3035087,3035764,-
MA_RS12715,MA2448,"MA2448,MA_2448",MA_RS12715,protein_coding,NC_003552.1,3035831,3036820,-
MA_RS28660,,,MA_RS28660,protein_coding,NC_003552.1,3037598,3037828,+
MA_RS12725,MA2449,"MA2449,MA_2449",MA_RS12725,protein_coding,NC_003552.1,3037900,3039723,-
MA_RS12730,MA2450,"MA2450,MA_2450",cutA,protein_coding,NC_003552.1,3040375,3040680,+
MA_RS12735,MAt4710,MAt4710,MA_RS12735,tRNA,NC_003552.1,3040853,3040935,+
MA_RS12740,MA2451,"MA2451,MA_2451",MA_RS12740,protein_coding,NC_003552.1,3040962,3041777,-
MA_RS12745,MA2452,"MA2452,MA_2452",MA_RS12745,protein_coding,NC_003552.1,3042074,3043180,-
MA_RS12750,,,MA_RS12750,protein_coding,NC_003552.1,3043820,3044002,+
MA_RS12755,MA2453,"MA2453,MA_2453",MA_RS12755,protein_coding,NC_003552.1,3043984,3044727,+
MA_RS12760,MA2454,"MA2454,MA_2454",MA_RS12760,protein_coding,NC_003552.1,3044744,3046399,+
MA_RS12765,MA2455,"MA2455,MA_2455",MA_RS12765,protein_coding,NC_003552.1,3046417,3047556,+
MA_RS12770,MA2456,"MA2456,MA_2456",MA_RS12770,protein_coding,NC_003552.1,3047784,3048044,-
MA_RS12780,MA2457,"MA2457,MA_2457",MA_RS12780,protein_coding,NC_003552.1,3048935,3050386,-
MA_RS12785,MA2458,"MA2458,MA_2458",MA_RS12785,protein_coding,NC_003552.1,3050678,3053443,-
MA_RS12795,MA2461,"MA2461,MA_2461",MA_RS12795,protein_coding,NC_003552.1,3055290,3056432,-
MA_RS12800,MA2462,"MA2462,MA_2462",MA_RS12800,protein_coding,NC_003552.1,3056375,3057607,-
MA_RS12805,MA2463,"MA2463,MA_2463",MA_RS12805,protein_coding,NC_003552.1,3057607,3058455,-
MA_RS12810,MA2464,"MA2464,MA_2464",MA_RS12810,protein_coding,NC_003552.1,3058523,3059416,-
MA_RS12815,MA2465,"MA2465,MA_2465",MA_RS12815,protein_coding,NC_003552.1,3059748,3060212,-
MA_RS28665,MA_2466,MA_2466,MA_RS28665,protein_coding,NC_003552.1,3060820,3061074,-
MA_RS28670,,,MA_RS28670,protein_coding,NC_003552.1,3061136,3061321,-
MA_RS12825,,,MA_RS12825,protein_coding,NC_003552.1,3061394,3061648,-
MA_RS12830,MA2467,"MA2467,MA_2467",MA_RS12830,protein_coding,NC_003552.1,3061711,3062409,-
MA_RS12835,MA2468,"MA2468,MA_2468",MA_RS12835,protein_coding,NC_003552.1,3062537,3063424,-
MA_RS12840,MA2469,"MA2469,MA_2469",MA_RS12840,protein_coding,NC_003552.1,3063602,3064528,-
MA_RS25575,,,MA_RS25575,protein_coding,NC_003552.1,3064763,3065460,+
MA_RS12850,MA2472,"MA2472,MA_2472",MA_RS12850,protein_coding,NC_003552.1,3065988,3067799,+
MA_RS12855,MA2473,"MA2473,MA_2473",MA_RS12855,protein_coding,NC_003552.1,3067796,3069598,+
MA_RS12860,MA2474,"MA2474,MA_2474",MA_RS12860,protein_coding,NC_003552.1,3069680,3070372,-
MA_RS12865,MA2475,"MA2475,MA_2475",MA_RS12865,protein_coding,NC_003552.1,3070427,3071038,+
MA_RS12870,MA2476,"MA2476,MA_2476",MA_RS12870,protein_coding,NC_003552.1,3071258,3072889,-
MA_RS12880,MA2477,"MA2477,MA_2477",MA_RS12880,protein_coding,NC_003552.1,3073304,3074935,-
MA_RS12885,MA2478,"MA2478,MA_2478",MA_RS12885,protein_coding,NC_003552.1,3075075,3075839,-
MA_RS12890,MA2479,"MA2479,MA_2479",MA_RS12890,protein_coding,NC_003552.1,3075832,3076758,-
MA_RS12895,MA2480,"MA2480,MA_2480",MA_RS12895,protein_coding,NC_003552.1,3076758,3077627,-
MA_RS12900,MA2481,"MA2481,MA_2481",MA_RS12900,protein_coding,NC_003552.1,3077747,3078742,-
MA_RS12905,MA2482,"MA2482,MA_2482",MA_RS12905,protein_coding,NC_003552.1,3078787,3080394,-
MA_RS12910,MA2483,"MA2483,MA_2483",MA_RS12910,protein_coding,NC_003552.1,3080771,3081094,+
MA_RS12915,MA2484,"MA2484,MA_2484",MA_RS12915,protein_coding,NC_003552.1,3081125,3082129,-
MA_RS12920,MA2485,"MA2485,MA_2485",MA_RS12920,protein_coding,NC_003552.1,3082126,3082971,-
MA_RS12925,MA2486,"MA2486,MA_2486",MA_RS12925,protein_coding,NC_003552.1,3083028,3084644,-
MA_RS12935,,,MA_RS12935,protein_coding,NC_003552.1,3085209,3085388,+
MA_RS12940,MA2488,"MA2488,MA_2488",MA_RS12940,protein_coding,NC_003552.1,3085382,3086065,-
MA_RS12945,MA2489,"MA2489,MA_2489",MA_RS12945,protein_coding,NC_003552.1,3086153,3087322,-
MA_RS12950,MA2490,"MA2490,MA_2490",MA_RS12950,protein_coding,NC_003552.1,3087422,3088591,-
MA_RS12955,MA2491,"MA2491,MA_2491",MA_RS12955,protein_coding,NC_003552.1,3088597,3089766,-
MA_RS25580,MA_2492,MA_2492,MA_RS25580,protein_coding,NC_003552.1,3089878,3091068,+
MA_RS12965,MA2493,"MA2493,MA_2493",MA_RS12965,protein_coding,NC_003552.1,3091552,3092202,+
MA_RS12970,MA2494,"MA2494,MA_2494",MA_RS12970,protein_coding,NC_003552.1,3092456,3093760,-
MA_RS12975,MA2495,"MA2495,MA_2495",MA_RS12975,protein_coding,NC_003552.1,3094066,3094737,+
MA_RS12980,MA2496,"MA2496,MA_2496",MA_RS12980,protein_coding,NC_003552.1,3094832,3095623,+
MA_RS12985,MA2497,"MA2497,MA_2497",MA_RS12985,protein_coding,NC_003552.1,3095829,3096671,+
MA_RS12990,MA2498,"MA2498,MA_2498",MA_RS12990,protein_coding,NC_003552.1,3096671,3097261,+
MA_RS12995,MA2499,"MA2499,MA_2499",MA_RS12995,protein_coding,NC_003552.1,3097824,3098651,-
MA_RS13000,MA2500,"MA2500,MA_2500",MA_RS13000,protein_coding,NC_003552.1,3099112,3099660,-
MA_RS13005,MA2501,"MA2501,MA_2501",MA_RS13005,protein_coding,NC_003552.1,3099794,3102637,-
MA_RS13010,MA2502,"MA2502,MA_2502",MA_RS13010,protein_coding,NC_003552.1,3102716,3103723,-
MA_RS13015,MA2503,"MA2503,MA_2503",MA_RS13015,protein_coding,NC_003552.1,3103804,3105366,-
MA_RS13020,MA2504,"MA2504,MA_2504",MA_RS13020,protein_coding,NC_003552.1,3105593,3105973,-
MA_RS13025,MA2505,"MA2505,MA_2505",MA_RS13025,protein_coding,NC_003552.1,3106171,3106551,-
MA_RS13030,MA2506,"MA2506,MA_2506",MA_RS13030,protein_coding,NC_003552.1,3106620,3107180,-
MA_RS13035,MA2507,"MA2507,MA_2507",MA_RS13035,protein_coding,NC_003552.1,3108228,3112775,-
MA_RS13040,MA2508,"MA2508,MA_2508",MA_RS13040,protein_coding,NC_003552.1,3113263,3113784,+
MA_RS13045,MA2509,"MA2509,MA_2509",MA_RS13045,protein_coding,NC_003552.1,3113836,3114345,+
MA_RS13050,MA2510,"MA2510,MA_2510",MA_RS13050,protein_coding,NC_003552.1,3114624,3116882,+
MA_RS28675,MA_2511,MA_2511,MA_RS28675,protein_coding,NC_003552.1,3117886,3118386,-
MA_RS13060,MA2512,"MA2512,MA_2512",MA_RS13060,protein_coding,NC_003552.1,3119761,3120225,+
MA_RS13065,MA2513,"MA2513,MA_2513",MA_RS13065,protein_coding,NC_003552.1,3120606,3121856,+
MA_RS13070,MA2514,"MA2514,MA_2514",MA_RS13070,protein_coding,NC_003552.1,3121984,3122529,+
MA_RS13075,MA2515,"MA2515,MA_2515",MA_RS13075,protein_coding,NC_003552.1,3122675,3123286,-
MA_RS13085,MA2517,"MA2517,MA_2517",MA_RS13085,protein_coding,NC_003552.1,3124686,3126677,-
MA_RS13090,MA2518,"MA2518,MA_2518",MA_RS13090,protein_coding,NC_003552.1,3127666,3128589,-
MA_RS13095,MA2519,"MA2519,MA_2519",MA_RS13095,protein_coding,NC_003552.1,3128887,3130068,+
MA_RS13100,MA2520,"MA2520,MA_2520",MA_RS13100,protein_coding,NC_003552.1,3130714,3131325,-
MA_RS13105,MA2521,"MA2521,MA_2521",MA_RS13105,protein_coding,NC_003552.1,3131961,3132392,+
MA_RS28690,,,MA_RS28690,protein_coding,NC_003552.1,3133349,3133528,+
MA_RS13120,MA2523,"MA2523,MA_2523",MA_RS13120,protein_coding,NC_003552.1,3133591,3135147,+
MA_RS13125,MA2524,"MA2524,MA_2524",MA_RS13125,protein_coding,NC_003552.1,3135636,3136244,+
MA_RS13130,MA2525,"MA2525,MA_2525",MA_RS13130,protein_coding,NC_003552.1,3136231,3139932,+
MA_RS13135,MA2526,"MA2526,MA_2526",MA_RS13135,protein_coding,NC_003552.1,3140436,3140780,-
MA_RS13145,MA2527,"MA2527,MA_2527",MA_RS13145,protein_coding,NC_003552.1,3142648,3142872,+
MA_RS13150,MA2528,"MA2528,MA_2528",MA_RS13150,protein_coding,NC_003552.1,3143359,3144546,-
MA_RS13155,MA2529,"MA2529,MA_2529",MA_RS13155,protein_coding,NC_003552.1,3145373,3146443,+
MA_RS13160,MA2530,"MA2530,MA_2530",MA_RS13160,protein_coding,NC_003552.1,3146656,3146976,+
MA_RS13165,MA2531,"MA2531,MA_2531",MA_RS13165,protein_coding,NC_003552.1,3147194,3147694,-
MA_RS13170,MA2532,"MA2532,MA_2532",MA_RS13170,protein_coding,NC_003552.1,3147930,3149150,-
MA_RS13175,MA2533,"MA2533,MA_2533",pncB,protein_coding,NC_003552.1,3149406,3150620,+
MA_RS13180,MA2534,"MA2534,MA_2534",MA_RS13180,protein_coding,NC_003552.1,3150613,3150819,+
MA_RS13185,MA2535,"MA2535,MA_2535",MA_RS13185,protein_coding,NC_003552.1,3151012,3152694,-
MA_RS13190,MA2536,"MA2536,MA_2536",MA_RS13190,protein_coding,NC_003552.1,3153550,3154293,-
MA_RS13195,MA2537,"MA2537,MA_2537",MA_RS13195,protein_coding,NC_003552.1,3154803,3155525,+
MA_RS13200,MA2538,"MA2538,MA_2538",MA_RS13200,protein_coding,NC_003552.1,3155501,3156787,+
MA_RS13210,MA2540,"MA2540,MA_2540",MA_RS13210,protein_coding,NC_003552.1,3158011,3159384,+
MA_RS13215,MA2541,"MA2541,MA_2541",MA_RS13215,protein_coding,NC_003552.1,3159413,3160756,-
MA_RS13220,MA2542,"MA2542,MA_2542",MA_RS13220,protein_coding,NC_003552.1,3160993,3161658,-
MA_RS13225,MA2543,"MA2543,MA_2543",MA_RS13225,protein_coding,NC_003552.1,3162053,3163042,-
MA_RS13230,MA2544,"MA2544,MA_2544",MA_RS13230,protein_coding,NC_003552.1,3164339,3164746,+
MA_RS13235,MA2545,"MA2545,MA_2545",MA_RS13235,protein_coding,NC_003552.1,3164908,3165912,+
MA_RS13240,MA2546,"MA2546,MA_2546",MA_RS13240,protein_coding,NC_003552.1,3166042,3167262,+
MA_RS13245,MA2547,"MA2547,MA_2547",MA_RS13245,protein_coding,NC_003552.1,3167348,3167629,-
MA_RS13250,MA2548,"MA2548,MA_2548",MA_RS13250,protein_coding,NC_003552.1,3169729,3170667,+
MA_RS13255,MA2549,"MA2549,MA_2549",MA_RS13255,protein_coding,NC_003552.1,3170677,3172110,+
MA_RS13260,MA2550,"MA2550,MA_2550",MA_RS13260,protein_coding,NC_003552.1,3172146,3173384,+
MA_RS13265,MA2551,"MA2551,MA_2551",MA_RS13265,protein_coding,NC_003552.1,3173481,3174317,+
MA_RS13270,MA2552,"MA2552,MA_2552",MA_RS13270,protein_coding,NC_003552.1,3174427,3175542,+
MA_RS13275,MA2553,"MA2553,MA_2553",MA_RS13275,protein_coding,NC_003552.1,3175577,3177712,-
MA_RS13280,MA2554,"MA2554,MA_2554",MA_RS13280,protein_coding,NC_003552.1,3178609,3179340,+
MA_RS13285,MA2555,"MA2555,MA_2555",MA_RS13285,protein_coding,NC_003552.1,3179476,3181599,-
MA_RS13290,MA2556,"MA2556,MA_2556",MA_RS13290,protein_coding,NC_003552.1,3181880,3182776,-
MA_RS13295,MA2557,"MA2557,MA_2557",MA_RS13295,protein_coding,NC_003552.1,3183226,3183435,-
MA_RS13300,MA2558,"MA2558,MA_2558",MA_RS13300,protein_coding,NC_003552.1,3183587,3183991,-
MA_RS13305,MA2559,"MA2559,MA_2559",MA_RS13305,protein_coding,NC_003552.1,3184145,3184765,+
MA_RS13310,MA2560,"MA2560,MA_2560",MA_RS13310,protein_coding,NC_003552.1,3184875,3185315,-
MA_RS13315,MA2561,"MA2561,MA_2561",MA_RS13315,protein_coding,NC_003552.1,3185701,3186693,-
MA_RS27050,,,MA_RS27050,protein_coding,NC_003552.1,3186804,3187055,+
MA_RS13325,MA2563,"MA2563,MA_2563",MA_RS13325,protein_coding,NC_003552.1,3187166,3188380,-
MA_RS13340,MA2565,"MA2565,MA_2565",MA_RS13340,protein_coding,NC_003552.1,3189454,3190269,+
MA_RS13350,MA2567,"MA2567,MA_2567",MA_RS13350,protein_coding,NC_003552.1,3191623,3192927,+
MA_RS13355,MA2568,"MA2568,MA_2568",MA_RS13355,protein_coding,NC_003552.1,3193488,3195092,+
MA_RS13365,MA2569,"MA2569,MA_2569",MA_RS13365,protein_coding,NC_003552.1,3195701,3196699,+
MA_RS13370,MA2570,"MA2570,MA_2570",engB,protein_coding,NC_003552.1,3196686,3197315,+
MA_RS13375,MA2571,"MA2571,MA_2571",MA_RS13375,protein_coding,NC_003552.1,3197504,3199210,-
MA_RS13380,MA2572,"MA2572,MA_2572",MA_RS13380,protein_coding,NC_003552.1,3199278,3200285,-
MA_RS13385,MA2573,"MA2573,MA_2573",MA_RS13385,protein_coding,NC_003552.1,3200299,3200802,-
MA_RS13390,MA2574,"MA2574,MA_2574",MA_RS13390,protein_coding,NC_003552.1,3201249,3202316,-
MA_RS13395,MA2575,"MA2575,MA_2575",MA_RS13395,protein_coding,NC_003552.1,3202579,3203688,+
MA_RS13400,MA2576,"MA2576,MA_2576",MA_RS13400,protein_coding,NC_003552.1,3203801,3204049,+
MA_RS13410,MA2577,"MA2577,MA_2577",MA_RS13410,protein_coding,NC_003552.1,3204867,3206153,-
MA_RS13420,MA2579,"MA2579,MA_2579",istA,protein_coding,NC_003552.1,3206506,3207750,-
MA_RS24610,MA_2580,MA_2580,MA_RS24610,protein_coding,NC_003552.1,3207833,3210988,+
MA_RS13430,MA2581,"MA2581,MA_2581",MA_RS13430,protein_coding,NC_003552.1,3210990,3211178,+
MA_RS13435,MA2582,"MA2582,MA_2582",MA_RS13435,protein_coding,NC_003552.1,3211331,3212572,+
MA_RS13440,MA2583,"MA2583,MA_2583",MA_RS13440,protein_coding,NC_003552.1,3213177,3213698,+
MA_RS13445,MA2584,"MA2584,MA_2584",MA_RS13445,protein_coding,NC_003552.1,3213869,3216232,-
MA_RS13450,,,MA_RS13450,protein_coding,NC_003552.1,3216559,3216798,-
MA_RS13455,MA2585,"MA2585,MA_2585",MA_RS13455,protein_coding,NC_003552.1,3216813,3217253,-
MA_RS13460,MA2586,"MA2586,MA_2586",MA_RS13460,protein_coding,NC_003552.1,3217253,3219280,-
MA_RS13465,,,MA_RS13465,protein_coding,NC_003552.1,3219295,3219534,-
MA_RS13470,MA2587,"MA2587,MA_2587",MA_RS13470,protein_coding,NC_003552.1,3219531,3219836,-
MA_RS13475,MA2588,"MA2588,MA_2588",MA_RS13475,protein_coding,NC_003552.1,3219833,3220204,-
MA_RS13480,MA2589,"MA2589,MA_2589",MA_RS13480,protein_coding,NC_003552.1,3220201,3222234,-
MA_RS13485,MA2590,"MA2590,MA_2590",MA_RS13485,protein_coding,NC_003552.1,3222315,3222551,-
MA_RS13490,MA2591,"MA2591,MA_2591",MA_RS13490,protein_coding,NC_003552.1,3222552,3223391,-
MA_RS13495,MA2592,"MA2592,MA_2592",MA_RS13495,protein_coding,NC_003552.1,3223391,3223804,-
MA_RS13500,MA2593,"MA2593,MA_2593",MA_RS13500,protein_coding,NC_003552.1,3223820,3224470,-
MA_RS13505,MA2594,"MA2594,MA_2594",MA_RS13505,protein_coding,NC_003552.1,3224476,3224958,-
MA_RS13515,,,MA_RS13515,protein_coding,NC_003552.1,3225273,3225656,-
MA_RS27060,,,MA_RS27060,protein_coding,NC_003552.1,3225981,3226130,+
MA_RS13520,MA2597,"MA2597,MA_2597",MA_RS13520,protein_coding,NC_003552.1,3226127,3226417,+
MA_RS29815,MA_2598,MA_2598,MA_RS29815,protein_coding,NC_003552.1,3226417,3226809,+
MA_RS13530,MA2599,"MA2599,MA_2599",MA_RS13530,protein_coding,NC_003552.1,3226951,3227526,-
MA_RS13535,MA2600,"MA2600,MA_2600",MA_RS13535,protein_coding,NC_003552.1,3227880,3228956,-
MA_RS29430,,,MA_RS29430,protein_coding,NC_003552.1,3229190,3229321,-
MA_RS13540,MA2601,"MA2601,MA_2601",MA_RS13540,protein_coding,NC_003552.1,3229629,3231125,+
MA_RS13545,,,MA_RS13545,protein_coding,NC_003552.1,3231833,3232318,-
MA_RS13550,MA2602,"MA2602,MA_2602",MA_RS13550,protein_coding,NC_003552.1,3232687,3234708,-
MA_RS13555,MA2603,"MA2603,MA_2603",MA_RS13555,protein_coding,NC_003552.1,3235205,3235744,-
MA_RS13560,MA2604,"MA2604,MA_2604",MA_RS13560,protein_coding,NC_003552.1,3235948,3237081,-
MA_RS13565,MA2605,"MA2605,MA_2605",MA_RS13565,protein_coding,NC_003552.1,3237620,3238069,-
MA_RS13570,MA2606,"MA2606,MA_2606",MA_RS13570,protein_coding,NC_003552.1,3238066,3238551,-
MA_RS13575,,,MA_RS13575,protein_coding,NC_003552.1,3238787,3238972,-
MA_RS13580,MA2607,"MA2607,MA_2607",MA_RS13580,protein_coding,NC_003552.1,3238973,3239365,-
MA_RS27070,,,MA_RS27070,protein_coding,NC_003552.1,3239471,3239647,-
MA_RS13585,,,MA_RS13585,protein_coding,NC_003552.1,3239644,3239835,-
MA_RS27075,,,MA_RS27075,protein_coding,NC_003552.1,3239832,3239972,-
MA_RS27080,,,MA_RS27080,protein_coding,NC_003552.1,3239969,3240121,-
MA_RS27085,,,MA_RS27085,protein_coding,NC_003552.1,3240118,3240255,-
MA_RS13590,,,MA_RS13590,protein_coding,NC_003552.1,3240412,3240612,-
MA_RS13595,MA2609,"MA2609,MA_2609",MA_RS13595,protein_coding,NC_003552.1,3240730,3241143,+
MA_RS13600,MA2610,"MA2610,MA_2610",MA_RS13600,protein_coding,NC_003552.1,3241234,3241740,-
MA_RS13605,,,MA_RS13605,protein_coding,NC_003552.1,3241991,3242326,+
MA_RS27090,,,MA_RS27090,protein_coding,NC_003552.1,3242685,3242888,+
MA_RS29435,MA_2612,MA_2612,MA_RS29435,protein_coding,NC_003552.1,3243145,3243384,-
MA_RS13615,MA2613,"MA2613,MA_2613",MA_RS13615,protein_coding,NC_003552.1,3243393,3244418,-
MA_RS13625,MA2615,"MA2615,MA_2615",MA_RS13625,protein_coding,NC_003552.1,3244759,3245589,-
MA_RS13630,MA2616,"MA2616,MA_2616",MA_RS13630,protein_coding,NC_003552.1,3246012,3246272,-
MA_RS13635,MA2617,"MA2617,MA_2617",MA_RS13635,protein_coding,NC_003552.1,3246294,3246719,-
MA_RS13640,MA2618,"MA2618,MA_2618",MA_RS13640,protein_coding,NC_003552.1,3246716,3247261,-
MA_RS13645,MA2619,"MA2619,MA_2619",MA_RS13645,protein_coding,NC_003552.1,3247791,3248459,-
MA_RS13650,MA2620,"MA2620,MA_2620",MA_RS13650,protein_coding,NC_003552.1,3248967,3249215,+
MA_RS27095,,,MA_RS27095,protein_coding,NC_003552.1,3249281,3249424,-
MA_RS13655,MA2621,"MA2621,MA_2621",MA_RS13655,protein_coding,NC_003552.1,3249431,3249946,+
MA_RS13660,MA2622,"MA2622,MA_2622",MA_RS13660,protein_coding,NC_003552.1,3250240,3250566,+
MA_RS13665,MA2623,"MA2623,MA_2623",MA_RS13665,protein_coding,NC_003552.1,3250613,3250870,-
MA_RS28205,MA_2624,MA_2624,MA_RS28205,protein_coding,NC_003552.1,3250883,3251341,-
MA_RS28210,MA_2625,MA_2625,MA_RS28210,protein_coding,NC_003552.1,3251459,3252049,-
MA_RS13675,MA2626,"MA2626,MA_2626",MA_RS13675,protein_coding,NC_003552.1,3252462,3253766,-
MA_RS13680,,,MA_RS13680,protein_coding,NC_003552.1,3254071,3254631,+
MA_RS13685,MA2627,"MA2627,MA_2627",MA_RS13685,protein_coding,NC_003552.1,3255085,3255573,+
MA_RS13690,MA2628,"MA2628,MA_2628",MA_RS13690,protein_coding,NC_003552.1,3255880,3257859,-
MA_RS13695,MA2629,"MA2629,MA_2629",MA_RS13695,protein_coding,NC_003552.1,3258044,3259009,-
MA_RS13700,MA2630,"MA2630,MA_2630",MA_RS13700,protein_coding,NC_003552.1,3259574,3260722,+
MA_RS29440,,,MA_RS29440,protein_coding,NC_003552.1,3260868,3261002,+
MA_RS13705,MA2631,"MA2631,MA_2631",MA_RS13705,protein_coding,NC_003552.1,3261009,3261563,+
MA_RS13710,MA2632,"MA2632,MA_2632",MA_RS13710,protein_coding,NC_003552.1,3261612,3262478,+
MA_RS13715,MA2633,"MA2633,MA_2633",MA_RS13715,protein_coding,NC_003552.1,3262680,3263621,+
MA_RS13720,MA2634,"MA2634,MA_2634",MA_RS13720,protein_coding,NC_003552.1,3263773,3265059,-
MA_RS27100,,,MA_RS27100,protein_coding,NC_003552.1,3265155,3265334,+
MA_RS25595,,,MA_RS25595,protein_coding,NC_003552.1,3265694,3265843,+
MA_RS13725,MA2635,"MA2635,MA_2635",MA_RS13725,protein_coding,NC_003552.1,3265921,3266904,+
MA_RS27105,,,MA_RS27105,protein_coding,NC_003552.1,3266950,3267093,-
MA_RS13730,MA2636,"MA2636,MA_2636",MA_RS13730,protein_coding,NC_003552.1,3267202,3267735,+
MA_RS27110,,,MA_RS27110,protein_coding,NC_003552.1,3267814,3267969,+
MA_RS28700,,,MA_RS28700,protein_coding,NC_003552.1,3268130,3268288,+
MA_RS28705,MA_2638,MA_2638,MA_RS28705,protein_coding,NC_003552.1,3268419,3268811,+
MA_RS13740,MA2639,"MA2639,MA_2639",MA_RS13740,protein_coding,NC_003552.1,3269154,3269714,+
MA_RS13745,MA2640,"MA2640,MA_2640",MA_RS13745,protein_coding,NC_003552.1,3270322,3270882,+
MA_RS13750,MA2641,"MA2641,MA_2641",MA_RS13750,protein_coding,NC_003552.1,3271158,3271400,+
MA_RS13755,MA2642,"MA2642,MA_2642",MA_RS13755,protein_coding,NC_003552.1,3271551,3271973,+
MA_RS13765,MA2644,"MA2644,MA_2644",MA_RS13765,protein_coding,NC_003552.1,3273086,3273601,+
MA_RS13770,MA2645,"MA2645,MA_2645",MA_RS13770,protein_coding,NC_003552.1,3273812,3276166,+
MA_RS13775,MA2646,"MA2646,MA_2646",MA_RS13775,protein_coding,NC_003552.1,3276371,3277351,+
MA_RS13780,MA2647,"MA2647,MA_2647",MA_RS13780,protein_coding,NC_003552.1,3277504,3278844,+
MA_RS13785,MA2648,"MA2648,MA_2648",MA_RS13785,protein_coding,NC_003552.1,3278967,3280457,+
MA_RS29445,,,MA_RS29445,protein_coding,NC_003552.1,3280509,3280637,+
MA_RS13795,MA2649,"MA2649,MA_2649",MA_RS13795,protein_coding,NC_003552.1,3280969,3281886,+
MA_RS13800,MA2650,"MA2650,MA_2650",MA_RS13800,protein_coding,NC_003552.1,3282099,3284456,+
MA_RS13805,MA2651,"MA2651,MA_2651",MA_RS13805,protein_coding,NC_003552.1,3284586,3285140,+
MA_RS13810,MA2652,"MA2652,MA_2652",MA_RS13810,protein_coding,NC_003552.1,3285263,3286009,+
MA_RS13815,MA2653,"MA2653,MA_2653",MA_RS13815,protein_coding,NC_003552.1,3286017,3287537,-
MA_RS13820,MA2654,"MA2654,MA_2654",MA_RS13820,protein_coding,NC_003552.1,3287813,3288196,-
MA_RS13825,MA2655,"MA2655,MA_2655",MA_RS13825,protein_coding,NC_003552.1,3288317,3288703,-
MA_RS25605,MA_2656,MA_2656,MA_RS25605,protein_coding,NC_003552.1,3289045,3290073,-
MA_RS13840,MA2657,"MA2657,MA_2657",MA_RS13840,protein_coding,NC_003552.1,3291311,3292435,+
MA_RS13845,,,MA_RS13845,protein_coding,NC_003552.1,3292512,3292703,-
MA_RS13850,MA2658,"MA2658,MA_2658",MA_RS13850,protein_coding,NC_003552.1,3292834,3293094,+
MA_RS13855,,,MA_RS13855,protein_coding,NC_003552.1,3293160,3293342,+
MA_RS13860,,,MA_RS13860,protein_coding,NC_003552.1,3293364,3293558,+
MA_RS13875,MA2660,"MA2660,MA_2660",MA_RS13875,protein_coding,NC_003552.1,3294652,3295068,-
MA_RS28715,MA_2661,MA_2661,MA_RS28715,protein_coding,NC_003552.1,3295464,3296171,+
MA_RS28720,MA_2662,MA_2662,MA_RS28720,protein_coding,NC_003552.1,3296239,3296625,+
MA_RS13885,MA2663,"MA2663,MA_2663",MA_RS13885,protein_coding,NC_003552.1,3296857,3298656,+
MA_RS13890,MA2664,"MA2664,MA_2664",MA_RS13890,protein_coding,NC_003552.1,3298709,3299257,+
MA_RS13895,MA2665,"MA2665,MA_2665",glmM,protein_coding,NC_003552.1,3299817,3301175,+
MA_RS13900,MA2666,"MA2666,MA_2666",MA_RS13900,protein_coding,NC_003552.1,3301249,3302166,-
MA_RS13905,MA2667,"MA2667,MA_2667",ppsA,protein_coding,NC_003552.1,3302508,3304922,+
MA_RS28725,,,MA_RS28725,protein_coding,NC_003552.1,3305462,3305644,+
MA_RS27120,,,MA_RS27120,protein_coding,NC_003552.1,3306484,3306642,+
MA_RS13920,MA2669,"MA2669,MA_2669",MA_RS13920,protein_coding,NC_003552.1,3307313,3308551,+
MA_RS13925,MA2670,"MA2670,MA_2670",MA_RS13925,protein_coding,NC_003552.1,3308692,3310299,-
MA_RS13930,MA2671,"MA2671,MA_2671",gpmI,protein_coding,NC_003552.1,3311443,3312990,+
MA_RS13935,,,MA_RS13935,protein_coding,NC_003552.1,3313308,3313694,-
MA_RS27125,,,MA_RS27125,protein_coding,NC_003552.1,3313873,3314043,+
MA_RS13940,MA2672,"MA2672,MA_2672",MA_RS13940,protein_coding,NC_003552.1,3314040,3316778,+
MA_RS28730,MA_2673,MA_2673,MA_RS28730,protein_coding,NC_003552.1,3316976,3317434,-
MA_RS28735,MA_2674,MA_2674,MA_RS28735,protein_coding,NC_003552.1,3317555,3318505,-
MA_RS28740,MA_2675,MA_2675,MA_RS28740,protein_coding,NC_003552.1,3318397,3319035,-
MA_RS13950,MA2676,"MA2676,MA_2676",MA_RS13950,protein_coding,NC_003552.1,3319841,3320338,+
MA_RS13955,MA2677,"MA2677,MA_2677",MA_RS13955,protein_coding,NC_003552.1,3321569,3322966,+
MA_RS13960,MA2678,"MA2678,MA_2678",MA_RS13960,protein_coding,NC_003552.1,3324312,3324608,+
MA_RS13970,MA2680,"MA2680,MA_2680",MA_RS13970,protein_coding,NC_003552.1,3326250,3327734,-
MA_RS13975,MA2681,"MA2681,MA_2681",MA_RS13975,protein_coding,NC_003552.1,3328021,3328821,+
MA_RS13985,MA2682,"MA2682,MA_2682",MA_RS13985,protein_coding,NC_003552.1,3330127,3330561,-
MA_RS13995,,,MA_RS13995,protein_coding,NC_003552.1,3332027,3332800,-
MA_RS14000,,,MA_RS14000,protein_coding,NC_003552.1,3332724,3333245,-
MA_RS24635,MA_2684,MA_2684,MA_RS24635,protein_coding,NC_003552.1,3334045,3334485,-
MA_RS14010,,,MA_RS14010,protein_coding,NC_003552.1,3334494,3334850,-
MA_RS14015,MA2685,"MA2685,MA_2685",MA_RS14015,protein_coding,NC_003552.1,3335624,3336298,-
MA_RS14020,MA2686,"MA2686,MA_2686",MA_RS14020,protein_coding,NC_003552.1,3336430,3337140,-
MA_RS14025,MA2687,"MA2687,MA_2687",MA_RS14025,protein_coding,NC_003552.1,3337585,3338295,-
MA_RS14030,MA4679,"MA4679,MA_4679",MA_RS14030,protein_coding,NC_003552.1,3338551,3338811,-
MA_RS27135,,,MA_RS27135,protein_coding,NC_003552.1,3338784,3338957,-
MA_RS14035,MA2688,"MA2688,MA_2688",MA_RS14035,protein_coding,NC_003552.1,3338961,3339710,-
MA_RS14040,MA4680,"MA4680,MA_4680",MA_RS14040,protein_coding,NC_003552.1,3339698,3340528,-
MA_RS14045,MA4681,"MA4681,MA_4681",MA_RS14045,protein_coding,NC_003552.1,3340728,3341564,-
MA_RS14050,MA2689,"MA2689,MA_2689",MA_RS14050,protein_coding,NC_003552.1,3341568,3342554,-
MA_RS27140,,,MA_RS27140,protein_coding,NC_003552.1,3343193,3343366,-
MA_RS14060,MA2690,"MA2690,MA_2690",ppcA,protein_coding,NC_003552.1,3343690,3345270,+
MA_RS14070,MA2691,"MA2691,MA_2691",MA_RS14070,protein_coding,NC_003552.1,3346085,3346900,+
MA_RS14080,MA4661,"MA4661,MA_4661",MA_RS14080,protein_coding,NC_003552.1,3347262,3349847,+
MA_RS14085,MA4675,"MA4675,MA_4675",MA_RS14085,protein_coding,NC_003552.1,3350159,3351697,+
MA_RS14095,MA2694,"MA2694,MA_2694",MA_RS14095,protein_coding,NC_003552.1,3352959,3354479,+
MA_RS14100,MA2695,"MA2695,MA_2695",mprF,protein_coding,NC_003552.1,3354743,3357298,+
MA_RS14105,MA2696,"MA2696,MA_2696",MA_RS14105,protein_coding,NC_003552.1,3357319,3358035,-
MA_RS28745,MA_2697,MA_2697,MA_RS28745,protein_coding,NC_003552.1,3358317,3358778,-
MA_RS28750,,,MA_RS28750,protein_coding,NC_003552.1,3359122,3359604,-
MA_RS14120,MA2698,"MA2698,MA_2698",MA_RS14120,protein_coding,NC_003552.1,3360001,3360585,-
MA_RS14125,MA2699,"MA2699,MA_2699",MA_RS14125,protein_coding,NC_003552.1,3360963,3361406,+
MA_RS14130,MA2700,"MA2700,MA_2700",MA_RS14130,protein_coding,NC_003552.1,3362473,3362865,-
MA_RS14135,MA2701,"MA2701,MA_2701",MA_RS14135,protein_coding,NC_003552.1,3363859,3364803,-
MA_RS14155,MA2704,"MA2704,MA_2704",MA_RS14155,protein_coding,NC_003552.1,3366336,3366566,+
MA_RS14160,MA2705,"MA2705,MA_2705",MA_RS14160,protein_coding,NC_003552.1,3366977,3367786,-
MA_RS14165,MA2706,"MA2706,MA_2706",MA_RS14165,protein_coding,NC_003552.1,3368327,3371056,+
MA_RS14170,MA2707,"MA2707,MA_2707",MA_RS14170,protein_coding,NC_003552.1,3371101,3371373,+
MA_RS14175,MA2708,"MA2708,MA_2708",MA_RS14175,protein_coding,NC_003552.1,3371564,3372097,-
MA_RS25635,MA_2709,MA_2709,MA_RS25635,protein_coding,NC_003552.1,3372335,3372616,-
MA_RS14180,MA2710,"MA2710,MA_2710",MA_RS14180,protein_coding,NC_003552.1,3373557,3374291,+
MA_RS14185,MA2711,"MA2711,MA_2711",MA_RS14185,protein_coding,NC_003552.1,3374275,3377394,+
MA_RS14190,MA2712,"MA2712,MA_2712",MA_RS14190,protein_coding,NC_003552.1,3377378,3379057,+
MA_RS14195,MA2713,"MA2713,MA_2713",MA_RS14195,protein_coding,NC_003552.1,3379038,3381494,+
MA_RS14200,,,MA_RS14200,protein_coding,NC_003552.1,3381594,3381902,-
MA_RS14205,MA2714,"MA2714,MA_2714",MA_RS14205,protein_coding,NC_003552.1,3382721,3384343,-
MA_RS14210,MA2715,"MA2715,MA_2715",MA_RS14210,protein_coding,NC_003552.1,3384350,3385675,-
MA_RS14215,MA2716,"MA2716,MA_2716",nadA,protein_coding,NC_003552.1,3385971,3386885,-
MA_RS14220,MA2717,"MA2717,MA_2717",nifU,protein_coding,NC_003552.1,3387094,3387480,-
MA_RS14225,MA2718,"MA2718,MA_2718",nifS,protein_coding,NC_003552.1,3387649,3388827,-
MA_RS14230,MA2719,"MA2719,MA_2719",MA_RS14230,protein_coding,NC_003552.1,3389051,3389416,+
MA_RS14235,MA2720,"MA2720,MA_2720",cysK,protein_coding,NC_003552.1,3390237,3391163,+
MA_RS29450,MA_2721,MA_2721,cysE,protein_coding,NC_003552.1,3391407,3392369,+
MA_RS14245,MA2722,"MA2722,MA_2722",thiE,protein_coding,NC_003552.1,3392976,3393662,-
MA_RS14250,MA2723,"MA2723,MA_2723",thiM,protein_coding,NC_003552.1,3393933,3394718,-
MA_RS14255,MA2724,"MA2724,MA_2724",MA_RS14255,protein_coding,NC_003552.1,3395273,3396469,-
MA_RS14260,MA2725,"MA2725,MA_2725",MA_RS14260,protein_coding,NC_003552.1,3396795,3398099,-
MA_RS14265,MA2726,"MA2726,MA_2726",MA_RS14265,protein_coding,NC_003552.1,3398419,3399666,-
MA_RS14270,MA2727,"MA2727,MA_2727",MA_RS14270,protein_coding,NC_003552.1,3400145,3400912,+
MA_RS14275,MA2728,"MA2728,MA_2728",MA_RS14275,protein_coding,NC_003552.1,3401521,3402693,+
MA_RS14280,MA2729,"MA2729,MA_2729",MA_RS14280,protein_coding,NC_003552.1,3404024,3405268,-
MA_RS14285,MA2730,"MA2730,MA_2730",MA_RS14285,protein_coding,NC_003552.1,3405592,3406389,-
MA_RS14290,MA2731,"MA2731,MA_2731",MA_RS14290,protein_coding,NC_003552.1,3406927,3407877,-
MA_RS14295,MA2732,"MA2732,MA_2732",MA_RS14295,protein_coding,NC_003552.1,3408138,3409625,-
MA_RS25640,,,MA_RS25640,protein_coding,NC_003552.1,3409745,3410427,-
MA_RS14310,MA2735,"MA2735,MA_2735",MA_RS14310,protein_coding,NC_003552.1,3411572,3412858,-
MA_RS25645,MA_2736,MA_2736,MA_RS25645,protein_coding,NC_003552.1,3413821,3414952,-
MA_RS14330,MA2737,"MA2737,MA_2737",MA_RS14330,protein_coding,NC_003552.1,3415360,3415782,+
MA_RS25650,,,MA_RS25650,protein_coding,NC_003552.1,3415736,3416215,-
MA_RS14345,MA2738,"MA2738,MA_2738",istA,protein_coding,NC_003552.1,3417855,3419099,+
MA_RS14350,MA2739,"MA2739,MA_2739",istB,protein_coding,NC_003552.1,3419096,3419869,+
MA_RS14355,,,MA_RS14355,protein_coding,NC_003552.1,3420363,3420599,+
MA_RS14360,MA2740,"MA2740,MA_2740",MA_RS14360,protein_coding,NC_003552.1,3421132,3422760,+
MA_RS14365,MA2741,"MA2741,MA_2741",MA_RS14365,protein_coding,NC_003552.1,3423097,3423327,+
MA_RS14370,MA2742,"MA2742,MA_2742",MA_RS14370,protein_coding,NC_003552.1,3423354,3424172,-
MA_RS14375,MA2743,"MA2743,MA_2743",MA_RS14375,protein_coding,NC_003552.1,3424483,3424950,-
MA_RS14380,MA2745,"MA2745,MA_2745",MA_RS14380,protein_coding,NC_003552.1,3425737,3426654,-
MA_RS14385,MA2746,"MA2746,MA_2746",MA_RS14385,protein_coding,NC_003552.1,3426902,3427573,-
MA_RS27165,MA_2747,MA_2747,MA_RS27165,protein_coding,NC_003552.1,3428458,3428865,+
MA_RS14400,MA2749,"MA2749,MA_2749",MA_RS14400,protein_coding,NC_003552.1,3430549,3431355,+
MA_RS28215,MA_2750,MA_2750,MA_RS28215,protein_coding,NC_003552.1,3431382,3431807,-
MA_RS14410,MA2751,"MA2751,MA_2751",MA_RS14410,protein_coding,NC_003552.1,3432431,3433204,+
MA_RS14415,MA2752,"MA2752,MA_2752",MA_RS14415,protein_coding,NC_003552.1,3434592,3434825,-
MA_RS14420,MA2753,"MA2753,MA_2753",MA_RS14420,protein_coding,NC_003552.1,3435024,3435461,-
MA_RS14425,MA2754,"MA2754,MA_2754",MA_RS14425,protein_coding,NC_003552.1,3435598,3436050,-
MA_RS28765,MA_2755,MA_2755,MA_RS28765,protein_coding,NC_003552.1,3436511,3436678,-
MA_RS14435,MA2756,"MA2756,MA_2756",MA_RS14435,protein_coding,NC_003552.1,3437343,3438545,-
MA_RS29665,MA_2757,MA_2757,MA_RS29665,protein_coding,NC_003552.1,3438739,3440454,-
MA_RS25655,MA_2758,MA_2758,MA_RS25655,protein_coding,NC_003552.1,3440836,3442026,-
MA_RS14455,MA2759,"MA2759,MA_2759",MA_RS14455,protein_coding,NC_003552.1,3442060,3442320,-
MA_RS24650,MA_2760,MA_2760,MA_RS24650,protein_coding,NC_003552.1,3442895,3443944,-
MA_RS14465,MA2761,"MA2761,MA_2761",MA_RS14465,protein_coding,NC_003552.1,3443910,3444632,-
MA_RS14470,MA2762,"MA2762,MA_2762",MA_RS14470,protein_coding,NC_003552.1,3445011,3446255,+
MA_RS27170,,,MA_RS27170,protein_coding,NC_003552.1,3446487,3446645,+
MA_RS14475,MA2763,"MA2763,MA_2763",MA_RS14475,protein_coding,NC_003552.1,3446701,3447600,-
MA_RS14480,MA2764,"MA2764,MA_2764",MA_RS14480,protein_coding,NC_003552.1,3447700,3448368,-
MA_RS24655,MA_2765,MA_2765,MA_RS24655,protein_coding,NC_003552.1,3449108,3450145,-
MA_RS14490,MA2766,"MA2766,MA_2766",MA_RS14490,protein_coding,NC_003552.1,3450120,3450842,-
MA_RS14500,MA2768,"MA2768,MA_2768",MA_RS14500,protein_coding,NC_003552.1,3451464,3451910,-
MA_RS28785,,,MA_RS28785,protein_coding,NC_003552.1,3452502,3452696,-
MA_RS25665,MA_2770,MA_2770,MA_RS25665,protein_coding,NC_003552.1,3453640,3455235,+
MA_RS25670,MA_4670,MA_4670,MA_RS25670,protein_coding,NC_003552.1,3455361,3455570,+
MA_RS14515,MA2771,"MA2771,MA_2771",MA_RS14515,protein_coding,NC_003552.1,3455995,3456342,-
MA_RS14520,MA2772,"MA2772,MA_2772",MA_RS14520,protein_coding,NC_003552.1,3457371,3458480,+
MA_RS14525,MA2773,"MA2773,MA_2773",MA_RS14525,protein_coding,NC_003552.1,3458513,3459553,+
MA_RS14535,MA2776,"MA2776,MA_2776",MA_RS14535,protein_coding,NC_003552.1,3460651,3461418,+
MA_RS14540,MA2777,"MA2777,MA_2777",MA_RS14540,protein_coding,NC_003552.1,3461698,3462924,-
MA_RS28220,MA_2778,MA_2778,MA_RS28220,protein_coding,NC_003552.1,3462961,3463548,-
MA_RS14550,MA2779,"MA2779,MA_2779",MA_RS14550,protein_coding,NC_003552.1,3463833,3464456,-
MA_RS14555,MA2780,"MA2780,MA_2780",MA_RS14555,protein_coding,NC_003552.1,3464449,3465240,-
MA_RS14560,MA2781,"MA2781,MA_2781",MA_RS14560,protein_coding,NC_003552.1,3465832,3466425,-
MA_RS14565,MA2782,"MA2782,MA_2782",MA_RS14565,protein_coding,NC_003552.1,3466566,3467135,-
MA_RS14570,MA2783,"MA2783,MA_2783",MA_RS14570,protein_coding,NC_003552.1,3467362,3468465,-
MA_RS28790,MA_2784,MA_2784,MA_RS28790,protein_coding,NC_003552.1,3469328,3472513,+
MA_RS25680,,,MA_RS25680,protein_coding,NC_003552.1,3473472,3474154,+
MA_RS14590,MA2787,"MA2787,MA_2787",MA_RS14590,protein_coding,NC_003552.1,3474258,3474545,+
MA_RS14595,MA2788,"MA2788,MA_2788",MA_RS14595,protein_coding,NC_003552.1,3474738,3475175,+
MA_RS28795,MA_2789,MA_2789,MA_RS28795,protein_coding,NC_003552.1,3475921,3476145,-
MA_RS14605,MA2790,"MA2790,MA_2790",MA_RS14605,protein_coding,NC_003552.1,3476230,3476481,+
MA_RS14610,MA2791,"MA2791,MA_2791",MA_RS14610,protein_coding,NC_003552.1,3476474,3476842,+
MA_RS29460,,,MA_RS29460,protein_coding,NC_003552.1,3477489,3477611,-
MA_RS14615,MA2792,"MA2792,MA_2792",MA_RS14615,protein_coding,NC_003552.1,3477677,3478264,-
MA_RS27180,,,MA_RS27180,protein_coding,NC_003552.1,3479083,3479229,+
MA_RS28800,MA_2793,MA_2793,MA_RS28800,protein_coding,NC_003552.1,3479655,3485225,+
MA_RS24675,MA_2794,MA_2794,MA_RS24675,protein_coding,NC_003552.1,3485995,3487887,+
MA_RS27210,MA_2795,MA_2795,MA_RS27210,protein_coding,NC_003552.1,3488579,3489151,+
MA_RS14640,MA2796,"MA2796,MA_2796",MA_RS14640,protein_coding,NC_003552.1,3489586,3490221,-
MA_RS14645,MA2797,"MA2797,MA_2797",ltrA,protein_coding,NC_003552.1,3490274,3491521,-
MA_RS27215,,,MA_RS27215,protein_coding,NC_003552.1,3491557,3491742,-
MA_RS25685,MA_2799,MA_2799,MA_RS25685,protein_coding,NC_003552.1,3492295,3492840,-
MA_RS29220,,,MA_RS29220,protein_coding,NC_003552.1,3492898,3493002,+
MA_RS25695,MA_2800,MA_2800,MA_RS25695,protein_coding,NC_003552.1,3493235,3494830,+
MA_RS14665,,,MA_RS14665,protein_coding,NC_003552.1,3494938,3495225,-
MA_RS14670,,,MA_RS14670,protein_coding,NC_003552.1,3495786,3495995,+
MA_RS14675,MA2801,"MA2801,MA_2801",MA_RS14675,protein_coding,NC_003552.1,3496308,3496586,+
MA_RS14680,MA2802,"MA2802,MA_2802",MA_RS14680,protein_coding,NC_003552.1,3496596,3496931,+
MA_RS14685,MA2803,"MA2803,MA_2803",MA_RS14685,protein_coding,NC_003552.1,3497049,3497246,+
MA_RS14690,MA2804,"MA2804,MA_2804",MA_RS14690,protein_coding,NC_003552.1,3497414,3498685,+
MA_RS14695,MA2805,"MA2805,MA_2805",MA_RS14695,protein_coding,NC_003552.1,3498689,3499045,+
MA_RS14700,MA2806,"MA2806,MA_2806",MA_RS14700,protein_coding,NC_003552.1,3499048,3500187,-
MA_RS28805,MA_4678,MA_4678,MA_RS28805,protein_coding,NC_003552.1,3500702,3500980,+
MA_RS14705,MA2807,"MA2807,MA_2807",MA_RS14705,protein_coding,NC_003552.1,3501180,3503174,+
MA_RS14710,,,MA_RS14710,protein_coding,NC_003552.1,3503760,3503960,+
MA_RS14715,MA2808,"MA2808,MA_2808",MA_RS14715,protein_coding,NC_003552.1,3503976,3505892,+
MA_RS14720,MA2809,"MA2809,MA_2809",MA_RS14720,protein_coding,NC_003552.1,3505892,3506275,+
MA_RS14725,MA2810,"MA2810,MA_2810",MA_RS14725,protein_coding,NC_003552.1,3506272,3506892,+
MA_RS27225,,,MA_RS27225,protein_coding,NC_003552.1,3506889,3507056,+
MA_RS14730,,,MA_RS14730,protein_coding,NC_003552.1,3507526,3508290,+
MA_RS27235,,,MA_RS27235,protein_coding,NC_003552.1,3508290,3508463,+
MA_RS14735,MA2811,"MA2811,MA_2811",MA_RS14735,protein_coding,NC_003552.1,3508644,3509579,+
MA_RS14745,MAt4712,MAt4712,MA_RS14745,tRNA,NC_003552.1,3510664,3510748,-
MA_RS14750,MA2813,"MA2813,MA_2813",MA_RS14750,protein_coding,NC_003552.1,3510904,3511671,-
MA_RS14755,MA2814,"MA2814,MA_2814",nikR,protein_coding,NC_003552.1,3512424,3512846,+
MA_RS14760,MA2815,"MA2815,MA_2815",MA_RS14760,protein_coding,NC_003552.1,3513041,3513610,+
MA_RS14765,MA2816,"MA2816,MA_2816",MA_RS14765,protein_coding,NC_003552.1,3514901,3515428,+
MA_RS14770,MA2817,"MA2817,MA_2817",MA_RS14770,protein_coding,NC_003552.1,3515603,3516859,+
MA_RS14775,MA2818,"MA2818,MA_2818",MA_RS14775,protein_coding,NC_003552.1,3517500,3517907,-
MA_RS14780,MA2819,"MA2819,MA_2819",MA_RS14780,protein_coding,NC_003552.1,3518628,3518846,-
MA_RS14790,MA2821,"MA2821,MA_2821",istB,protein_coding,NC_003552.1,3520542,3521315,-
MA_RS14805,MA2824,"MA2824,MA_2824",MA_RS14805,protein_coding,NC_003552.1,3523869,3524360,+
MA_RS14810,MA2825,"MA2825,MA_2825",MA_RS14810,protein_coding,NC_003552.1,3524393,3525136,-
MA_RS14815,MA2826,"MA2826,MA_2826",MA_RS14815,protein_coding,NC_003552.1,3525621,3528986,-
MA_RS14820,MA2827,"MA2827,MA_2827",MA_RS14820,protein_coding,NC_003552.1,3529600,3530415,+
MA_RS14830,MA2828,"MA2828,MA_2828",MA_RS14830,protein_coding,NC_003552.1,3530858,3531754,-
MA_RS14845,,,MA_RS14845,protein_coding,NC_003552.1,3534134,3534466,+
MA_RS29670,,,MA_RS29670,protein_coding,NC_003552.1,3534473,3534565,+
MA_RS14850,MA2831,"MA2831,MA_2831",MA_RS14850,protein_coding,NC_003552.1,3534795,3535754,+
MA_RS14860,MA2833,"MA2833,MA_2833",MA_RS14860,protein_coding,NC_003552.1,3536222,3538654,+
MA_RS14865,MA2834,"MA2834,MA_2834",MA_RS14865,protein_coding,NC_003552.1,3538685,3539704,+
MA_RS14870,MA2835,"MA2835,MA_2835",MA_RS14870,protein_coding,NC_003552.1,3539827,3540642,-
MA_RS14875,MA2836,"MA2836,MA_2836",MA_RS14875,protein_coding,NC_003552.1,3540720,3541637,+
MA_RS29465,,,MA_RS29465,protein_coding,NC_003552.1,3541642,3541764,+
MA_RS14880,MA2837,"MA2837,MA_2837",MA_RS14880,protein_coding,NC_003552.1,3541736,3543145,+
MA_RS14885,MA2838,"MA2838,MA_2838",MA_RS14885,protein_coding,NC_003552.1,3543351,3544625,+
MA_RS14890,MA2839,"MA2839,MA_2839",MA_RS14890,protein_coding,NC_003552.1,3544679,3545884,+
MA_RS14895,MA2840,"MA2840,MA_2840",MA_RS14895,protein_coding,NC_003552.1,3545900,3546634,+
MA_RS14900,MA2841,"MA2841,MA_2841",MA_RS14900,protein_coding,NC_003552.1,3547512,3548390,+
MA_RS14905,MA2842,"MA2842,MA_2842",MA_RS14905,protein_coding,NC_003552.1,3548559,3549560,+
MA_RS14910,MA2843,"MA2843,MA_2843",MA_RS14910,protein_coding,NC_003552.1,3549600,3550481,+
MA_RS14915,MA2844,"MA2844,MA_2844",MA_RS14915,protein_coding,NC_003552.1,3550490,3552373,+
MA_RS14920,MA2845,"MA2845,MA_2845",MA_RS14920,protein_coding,NC_003552.1,3552370,3554952,+
MA_RS14930,,,MA_RS14930,protein_coding,NC_003552.1,3556034,3556216,-
MA_RS14935,MA2846,"MA2846,MA_2846",MA_RS14935,protein_coding,NC_003552.1,3557124,3558338,-
MA_RS14940,MA2847,"MA2847,MA_2847",MA_RS14940,protein_coding,NC_003552.1,3558563,3559696,+
MA_RS28810,,,MA_RS28810,protein_coding,NC_003552.1,3559810,3559986,+
MA_RS28820,,,MA_RS28820,protein_coding,NC_003552.1,3560634,3561230,+
MA_RS14950,MA2849,"MA2849,MA_2849",MA_RS14950,protein_coding,NC_003552.1,3561324,3561563,-
MA_RS14955,MA2850,"MA2850,MA_2850",MA_RS14955,protein_coding,NC_003552.1,3561912,3563642,-
MA_RS14960,MAt4713,MAt4713,MA_RS14960,tRNA,NC_003552.1,3563861,3563933,-
MA_RS14970,MA2851,"MA2851,MA_2851",MA_RS14970,protein_coding,NC_003552.1,3564149,3564931,-
MA_RS14975,MA2852,"MA2852,MA_2852",MA_RS14975,protein_coding,NC_003552.1,3565220,3565591,+
MA_RS14980,,,MA_RS14980,protein_coding,NC_003552.1,3565698,3566255,-
MA_RS14985,MA2854,"MA2854,MA_2854",MA_RS14985,protein_coding,NC_003552.1,3567005,3567565,+
MA_RS14990,MA2855,"MA2855,MA_2855",MA_RS14990,protein_coding,NC_003552.1,3567597,3567932,+
MA_RS14995,,,MA_RS14995,protein_coding,NC_003552.1,3568361,3568549,-
MA_RS15000,MA2856,"MA2856,MA_2856",MA_RS15000,protein_coding,NC_003552.1,3569227,3569724,+
MA_RS27245,,,MA_RS27245,protein_coding,NC_003552.1,3569746,3569916,-
MA_RS15010,MA2859,"MA2859,MA_2859",MA_RS15010,protein_coding,NC_003552.1,3572609,3574042,-
MA_RS15015,MA2860,"MA2860,MA_2860",MA_RS15015,protein_coding,NC_003552.1,3574044,3575522,-
MA_RS15020,MA2861,"MA2861,MA_2861",MA_RS15020,protein_coding,NC_003552.1,3575778,3576158,-
MA_RS15025,MA2862,"MA2862,MA_2862",gatE,protein_coding,NC_003552.1,3576689,3578590,-
MA_RS15030,MA2863,"MA2863,MA_2863",MA_RS15030,protein_coding,NC_003552.1,3579321,3579623,+
MA_RS27250,,,MA_RS27250,protein_coding,NC_003552.1,3579620,3579781,-
MA_RS28825,MA_2864,MA_2864,MA_RS28825,protein_coding,NC_003552.1,3579780,3580283,+
MA_RS15040,,,MA_RS15040,protein_coding,NC_003552.1,3580324,3580980,-
MA_RS15045,MA2866,"MA2866,MA_2866",MA_RS15045,protein_coding,NC_003552.1,3581153,3581611,+
MA_RS15050,MA2867,"MA2867,MA_2867",MA_RS15050,protein_coding,NC_003552.1,3581817,3583286,-
MA_RS15055,MA2868,"MA2868,MA_2868",hdrA2,protein_coding,NC_003552.1,3583283,3585664,-
MA_RS15060,MA2869,"MA2869,MA_2869",MA_RS15060,protein_coding,NC_003552.1,3585843,3586076,-
MA_RS15065,MA2870,"MA2870,MA_2870",MA_RS15065,protein_coding,NC_003552.1,3586801,3587082,+
MA_RS15075,MA2873,"MA2873,MA_2873",MA_RS15075,protein_coding,NC_003552.1,3587960,3588223,+
MA_RS15080,MA2874,"MA2874,MA_2874",MA_RS15080,protein_coding,NC_003552.1,3588541,3589137,+
MA_RS15085,MA2875,"MA2875,MA_2875",MA_RS15085,protein_coding,NC_003552.1,3589189,3589518,+
MA_RS27260,,,MA_RS27260,protein_coding,NC_003552.1,3589562,3589861,-
MA_RS15095,MA2877,"MA2877,MA_2877",MA_RS15095,protein_coding,NC_003552.1,3590331,3590795,+
MA_RS15100,MA2878,"MA2878,MA_2878",MA_RS15100,protein_coding,NC_003552.1,3590806,3592050,+
MA_RS15105,MA2879,"MA2879,MA_2879",MA_RS15105,protein_coding,NC_003552.1,3592050,3592448,+
MA_RS15110,MA2880,"MA2880,MA_2880",MA_RS15110,protein_coding,NC_003552.1,3592625,3592912,+
MA_RS15115,MA2881,"MA2881,MA_2881",MA_RS15115,protein_coding,NC_003552.1,3593159,3593992,+
MA_RS15120,MA2882,"MA2882,MA_2882",dps,protein_coding,NC_003552.1,3594276,3594827,+
MA_RS15125,MA2883,"MA2883,MA_2883",MA_RS15125,protein_coding,NC_003552.1,3595000,3595587,-
MA_RS15130,MA2884,"MA2884,MA_2884",MA_RS15130,protein_coding,NC_003552.1,3595685,3596374,-
MA_RS15135,MA2885,"MA2885,MA_2885",MA_RS15135,protein_coding,NC_003552.1,3596811,3598811,-
MA_RS15140,MA2886,"MA2886,MA_2886",MA_RS15140,protein_coding,NC_003552.1,3599184,3601895,-
MA_RS15150,MA2888,"MA2888,MA_2888",MA_RS15150,protein_coding,NC_003552.1,3602740,3604380,-
MA_RS15155,MA2889,"MA2889,MA_2889",MA_RS15155,protein_coding,NC_003552.1,3604377,3606083,-
MA_RS15160,MA2890,"MA2890,MA_2890",MA_RS15160,protein_coding,NC_003552.1,3606416,3609073,-
MA_RS15165,MA2891,"MA2891,MA_2891",MA_RS15165,protein_coding,NC_003552.1,3609519,3609704,+
MA_RS15175,MA2893,"MA2893,MA_2893",MA_RS15175,protein_coding,NC_003552.1,3611767,3613050,-
MA_RS15180,MA2894,"MA2894,MA_2894",MA_RS15180,protein_coding,NC_003552.1,3613380,3615683,+
MA_RS15185,MA2895,"MA2895,MA_2895",MA_RS15185,protein_coding,NC_003552.1,3616266,3617384,+
MA_RS15190,MA2896,"MA2896,MA_2896",MA_RS15190,protein_coding,NC_003552.1,3617629,3619536,+
MA_RS15195,MA2897,"MA2897,MA_2897",MA_RS15195,protein_coding,NC_003552.1,3619916,3622117,+
MA_RS15200,MA2899,"MA2899,MA_2899",MA_RS15200,protein_coding,NC_003552.1,3622785,3623759,+
MA_RS15205,MA2900,"MA2900,MA_2900",MA_RS15205,protein_coding,NC_003552.1,3623874,3624821,+
MA_RS15210,MA2901,"MA2901,MA_2901",MA_RS15210,protein_coding,NC_003552.1,3624922,3625485,-
MA_RS28830,,,MA_RS28830,protein_coding,NC_003552.1,3625679,3625969,+
MA_RS28835,,,MA_RS28835,protein_coding,NC_003552.1,3626051,3626353,+
MA_RS15220,MA2903,"MA2903,MA_2903",MA_RS15220,protein_coding,NC_003552.1,3626393,3627313,+
MA_RS15225,MA2904,"MA2904,MA_2904",MA_RS15225,protein_coding,NC_003552.1,3627384,3628304,+
MA_RS15235,MA2906,"MA2906,MA_2906",MA_RS15235,protein_coding,NC_003552.1,3629729,3630418,-
MA_RS15240,MA2907,"MA2907,MA_2907",MA_RS15240,protein_coding,NC_003552.1,3630483,3631727,-
MA_RS15245,MA2908,"MA2908,MA_2908",MA_RS15245,protein_coding,NC_003552.1,3632437,3633504,-
MA_RS15250,MA2909,"MA2909,MA_2909",MA_RS15250,protein_coding,NC_003552.1,3635641,3637083,-
MA_RS15255,MA2910,"MA2910,MA_2910",MA_RS15255,protein_coding,NC_003552.1,3637086,3638141,-
MA_RS15260,MA2911,"MA2911,MA_2911",MA_RS15260,protein_coding,NC_003552.1,3638164,3638412,-
MA_RS15265,MA2912,"MA2912,MA_2912",MA_RS15265,protein_coding,NC_003552.1,3638778,3640451,-
MA_RS15270,MA2914,"MA2914,MA_2914",MA_RS15270,protein_coding,NC_003552.1,3640803,3641357,-
MA_RS15275,MA2916,"MA2916,MA_2916",MA_RS15275,protein_coding,NC_003552.1,3642248,3644041,+
MA_RS15280,MA2917,"MA2917,MA_2917",MA_RS15280,protein_coding,NC_003552.1,3644084,3644899,-
MA_RS15285,MA2918,"MA2918,MA_2918",MA_RS15285,protein_coding,NC_003552.1,3645351,3646034,+
MA_RS15290,MA2919,"MA2919,MA_2919",MA_RS15290,protein_coding,NC_003552.1,3646186,3646662,+
MA_RS15295,MA2920,"MA2920,MA_2920",MA_RS15295,protein_coding,NC_003552.1,3646896,3647111,+
MA_RS15300,MA2921,"MA2921,MA_2921",MA_RS15300,protein_coding,NC_003552.1,3647181,3647474,+
MA_RS15305,MA2922,"MA2922,MA_2922",MA_RS15305,protein_coding,NC_003552.1,3647858,3648808,-
MA_RS15310,MA2923,"MA2923,MA_2923",MA_RS15310,protein_coding,NC_003552.1,3649117,3649974,+
MA_RS15315,MA2925,"MA2925,MA_2925",MA_RS15315,protein_coding,NC_003552.1,3650330,3651535,+
MA_RS27270,,,MA_RS27270,protein_coding,NC_003552.1,3651890,3652066,+
MA_RS28840,MA_2926,MA_2926,MA_RS28840,protein_coding,NC_003552.1,3652118,3654103,-
MA_RS27275,,,MA_RS27275,protein_coding,NC_003552.1,3654789,3654959,+
MA_RS15325,MA2927,"MA2927,MA_2927",MA_RS15325,protein_coding,NC_003552.1,3655319,3655552,+
MA_RS15330,MA2928,"MA2928,MA_2928",MA_RS15330,protein_coding,NC_003552.1,3656077,3657363,-
MA_RS15335,MA2929,"MA2929,MA_2929",MA_RS15335,protein_coding,NC_003552.1,3657750,3658106,-
MA_RS15340,MA2930,"MA2930,MA_2930",MA_RS15340,protein_coding,NC_003552.1,3658443,3658919,-
MA_RS15345,MA2931,"MA2931,MA_2931",MA_RS15345,protein_coding,NC_003552.1,3658991,3659908,+
MA_RS15350,,,MA_RS15350,protein_coding,NC_003552.1,3659934,3660134,-
MA_RS15355,MA2933,"MA2933,MA_2933",MA_RS15355,protein_coding,NC_003552.1,3660397,3661887,-
MA_RS15365,MA2934,"MA2934,MA_2934",MA_RS15365,protein_coding,NC_003552.1,3662841,3663530,-
MA_RS15370,MA2935,"MA2935,MA_2935",MA_RS15370,protein_coding,NC_003552.1,3663527,3664555,-
MA_RS15375,MA2936,"MA2936,MA_2936",MA_RS15375,protein_coding,NC_003552.1,3665308,3665649,+
MA_RS15390,MA2939,"MA2939,MA_2939",MA_RS15390,protein_coding,NC_003552.1,3668531,3670360,+
MA_RS15395,MA2940,"MA2940,MA_2940",MA_RS15395,protein_coding,NC_003552.1,3670488,3671405,-
MA_RS15400,MA2941,"MA2941,MA_2941",MA_RS15400,protein_coding,NC_003552.1,3671681,3672268,+
MA_RS15405,MA2942,"MA2942,MA_2942",MA_RS15405,protein_coding,NC_003552.1,3672442,3673995,-
MA_RS28120,MA_2943,MA_2943,MA_RS28120,protein_coding,NC_003552.1,3674094,3675620,-
MA_RS28845,,,MA_RS28845,protein_coding,NC_003552.1,3677144,3677317,-
MA_RS15430,MA2944,"MA2944,MA_2944",MA_RS15430,protein_coding,NC_003552.1,3677749,3678216,-
MA_RS15435,MA2945,"MA2945,MA_2945",MA_RS15435,protein_coding,NC_003552.1,3678529,3679722,+
MA_RS25735,,,MA_RS25735,protein_coding,NC_003552.1,3679837,3680519,+
MA_RS29825,,,MA_RS29825,protein_coding,NC_003552.1,3680516,3681016,-
MA_RS15455,MA2948,"MA2948,MA_2948",MA_RS15455,protein_coding,NC_003552.1,3681730,3682422,+
MA_RS15460,MA2949,"MA2949,MA_2949",MA_RS15460,protein_coding,NC_003552.1,3682508,3682963,+
MA_RS15465,MA2950,"MA2950,MA_2950",MA_RS15465,protein_coding,NC_003552.1,3683199,3683432,+
MA_RS15470,MA2951,"MA2951,MA_2951",MA_RS15470,protein_coding,NC_003552.1,3683666,3684313,-
MA_RS15475,MA2952,"MA2952,MA_2952",MA_RS15475,protein_coding,NC_003552.1,3684520,3685464,+
MA_RS15480,MA2953,"MA2953,MA_2953",MA_RS15480,protein_coding,NC_003552.1,3685529,3687121,+
MA_RS27285,,,MA_RS27285,protein_coding,NC_003552.1,3687964,3688122,+
MA_RS28850,MA_2956,MA_2956,MA_RS28850,protein_coding,NC_003552.1,3688450,3688869,+
MA_RS28855,,,MA_RS28855,protein_coding,NC_003552.1,3688785,3689081,+
MA_RS28860,,,MA_RS28860,protein_coding,NC_003552.1,3689156,3689347,+
MA_RS15500,MA2957,"MA2957,MA_2957",MA_RS15500,protein_coding,NC_003552.1,3689476,3690225,-
MA_RS15505,MA2958,"MA2958,MA_2958",MA_RS15505,protein_coding,NC_003552.1,3690213,3691043,-
MA_RS15510,MA2959,"MA2959,MA_2959",MA_RS15510,protein_coding,NC_003552.1,3691521,3693686,+
MA_RS15520,MA2961,"MA2961,MA_2961",MA_RS15520,protein_coding,NC_003552.1,3694952,3696511,+
MA_RS15525,MA2962,"MA2962,MA_2962",MA_RS15525,protein_coding,NC_003552.1,3696698,3698470,-
MA_RS15530,MA2963,"MA2963,MA_2963",MA_RS15530,protein_coding,NC_003552.1,3698467,3698985,-
MA_RS15535,MA2964,"MA2964,MA_2964",MA_RS15535,protein_coding,NC_003552.1,3699642,3699992,+
MA_RS15540,MA2965,"MA2965,MA_2965",MA_RS15540,protein_coding,NC_003552.1,3700119,3701555,-
MA_RS15545,MA2966,"MA2966,MA_2966",MA_RS15545,protein_coding,NC_003552.1,3702356,3703060,-
MA_RS15550,MA2967,"MA2967,MA_2967",MA_RS15550,protein_coding,NC_003552.1,3703170,3703823,-
MA_RS15555,MA2968,"MA2968,MA_2968",MA_RS15555,protein_coding,NC_003552.1,3704201,3705655,+
MA_RS15560,MA2969,"MA2969,MA_2969",MA_RS15560,protein_coding,NC_003552.1,3705929,3706279,+
MA_RS15570,MA2971,"MA2971,MA_2971",MA_RS15570,protein_coding,NC_003552.1,3707001,3707654,+
MA_RS15585,MA2973,"MA2973,MA_2973",MA_RS15585,protein_coding,NC_003552.1,3709189,3709434,-
MA_RS15590,,,MA_RS15590,protein_coding,NC_003552.1,3709883,3710107,+
MA_RS15595,MA2975,"MA2975,MA_2975",MA_RS15595,protein_coding,NC_003552.1,3710459,3711307,+
MA_RS15600,MA2976,"MA2976,MA_2976",MA_RS15600,protein_coding,NC_003552.1,3711459,3712295,+
MA_RS15605,MA2977,"MA2977,MA_2977",MA_RS15605,protein_coding,NC_003552.1,3712309,3712716,-
MA_RS28240,,,MA_RS28240,protein_coding,NC_003552.1,3712917,3713144,-
MA_RS15615,MA2978,"MA2978,MA_2978",MA_RS15615,protein_coding,NC_003552.1,3713230,3713490,+
MA_RS15620,,,MA_RS15620,protein_coding,NC_003552.1,3713516,3713716,+
MA_RS15625,MA2979,"MA2979,MA_2979",MA_RS15625,protein_coding,NC_003552.1,3713764,3715401,-
MA_RS15630,MA2980,"MA2980,MA_2980",MA_RS15630,protein_coding,NC_003552.1,3715482,3716204,-
MA_RS15635,MA2981,"MA2981,MA_2981",MA_RS15635,protein_coding,NC_003552.1,3716220,3716630,-
MA_RS15640,MA2982,"MA2982,MA_2982",MA_RS15640,protein_coding,NC_003552.1,3717680,3718567,+
MA_RS15645,MA2983,"MA2983,MA_2983",MA_RS15645,protein_coding,NC_003552.1,3718775,3719692,+
MA_RS29470,,,MA_RS29470,protein_coding,NC_003552.1,3719805,3719939,-
MA_RS15650,MA2984,"MA2984,MA_2984",MA_RS15650,protein_coding,NC_003552.1,3720050,3720649,+
MA_RS15655,MA2985,"MA2985,MA_2985",MA_RS15655,protein_coding,NC_003552.1,3721618,3722352,+
MA_RS15660,MA2986,"MA2986,MA_2986",MA_RS15660,protein_coding,NC_003552.1,3722417,3723019,-
MA_RS29475,,,MA_RS29475,protein_coding,NC_003552.1,3723016,3723138,-
MA_RS15665,MA2987,"MA2987,MA_2987",trpE,protein_coding,NC_003552.1,3723223,3724905,-
MA_RS15670,MA2988,"MA2988,MA_2988",MA_RS15670,protein_coding,NC_003552.1,3724892,3725608,-
MA_RS15675,MA2989,"MA2989,MA_2989",trpD,protein_coding,NC_003552.1,3725605,3726717,-
MA_RS15680,MA2990,"MA2990,MA_2990",trpA,protein_coding,NC_003552.1,3726743,3727561,-
MA_RS15685,MA2991,"MA2991,MA_2991",trpB,protein_coding,NC_003552.1,3727563,3728774,-
MA_RS15690,MA2992,"MA2992,MA_2992",MA_RS15690,protein_coding,NC_003552.1,3728980,3729786,-
MA_RS15695,MA2993,"MA2993,MA_2993",MA_RS15695,protein_coding,NC_003552.1,3730079,3730495,-
MA_RS15700,MA2994,"MA2994,MA_2994",MA_RS15700,protein_coding,NC_003552.1,3730608,3731645,-
MA_RS15705,MA_2995,MA_2995,MA_RS15705,protein_coding,NC_003552.1,3732198,3732389,-
MA_RS24715,MA_2996,MA_2996,MA_RS24715,protein_coding,NC_003552.1,3732479,3732769,+
MA_RS15710,MA2997,"MA2997,MA_2997",MA_RS15710,protein_coding,NC_003552.1,3733156,3733401,+
MA_RS15715,MA2999,"MA2999,MA_2999",MA_RS15715,protein_coding,NC_003552.1,3733870,3734163,+
MA_RS15720,MA3000,"MA3000,MA_3000",MA_RS15720,protein_coding,NC_003552.1,3734404,3735195,+
MA_RS28865,,,MA_RS28865,protein_coding,NC_003552.1,3736215,3736358,+
MA_RS29480,MA_3001,MA_3001,MA_RS29480,protein_coding,NC_003552.1,3736514,3736984,+
MA_RS29485,MA_3002,MA_3002,MA_RS29485,protein_coding,NC_003552.1,3736971,3737381,+
MA_RS15730,MA3003,"MA3003,MA_3003",MA_RS15730,protein_coding,NC_003552.1,3737662,3737952,+
MA_RS25760,,,MA_RS25760,protein_coding,NC_003552.1,3738108,3738790,-
MA_RS15745,MA3006,"MA3006,MA_3006",fae,protein_coding,NC_003552.1,3739179,3739661,+
MA_RS15750,MA3007,"MA3007,MA_3007",MA_RS15750,protein_coding,NC_003552.1,3740041,3740982,+
MA_RS15755,MA3008,"MA3008,MA_3008",MA_RS15755,protein_coding,NC_003552.1,3741243,3741869,-
MA_RS15760,MA3009,"MA3009,MA_3009",MA_RS15760,protein_coding,NC_003552.1,3742020,3742949,-
MA_RS15765,MA3010,"MA3010,MA_3010",MA_RS15765,protein_coding,NC_003552.1,3743030,3743680,-
MA_RS15770,MA3012,"MA3012,MA_3012",MA_RS15770,protein_coding,NC_003552.1,3744268,3744765,+
MA_RS15775,MA3013,"MA3013,MA_3013",MA_RS15775,protein_coding,NC_003552.1,3745410,3746447,+
MA_RS15780,MA3014,"MA3014,MA_3014",MA_RS15780,protein_coding,NC_003552.1,3746512,3747033,+
MA_RS15785,MA3015,"MA3015,MA_3015",MA_RS15785,protein_coding,NC_003552.1,3747033,3747821,+
MA_RS15790,MA3016,"MA3016,MA_3016",MA_RS15790,protein_coding,NC_003552.1,3748055,3748603,+
MA_RS15795,MA3017,"MA3017,MA_3017",MA_RS15795,protein_coding,NC_003552.1,3748748,3748969,-
MA_RS15800,MA3018,"MA3018,MA_3018",MA_RS15800,protein_coding,NC_003552.1,3749369,3749938,-
MA_RS15805,MA3019,"MA3019,MA_3019",MA_RS15805,protein_coding,NC_003552.1,3749939,3751192,-
MA_RS15810,MA3020,"MA3020,MA_3020",MA_RS15810,protein_coding,NC_003552.1,3751601,3753439,-
MA_RS15815,MA3021,"MA3021,MA_3021",MA_RS15815,protein_coding,NC_003552.1,3753783,3754718,+
MA_RS15820,MA3022,"MA3022,MA_3022",glmU,protein_coding,NC_003552.1,3754941,3756158,+
MA_RS15825,MA3023,"MA3023,MA_3023",glmS,protein_coding,NC_003552.1,3756181,3758037,+
MA_RS15830,MA3024,"MA3024,MA_3024",glmM,protein_coding,NC_003552.1,3758146,3759450,+
MA_RS15835,MA3025,"MA3025,MA_3025",glmU,protein_coding,NC_003552.1,3759447,3760640,+
MA_RS15840,MA3026,"MA3026,MA_3026",MA_RS15840,protein_coding,NC_003552.1,3760760,3761287,-
MA_RS15845,MA3027,"MA3027,MA_3027",MA_RS15845,protein_coding,NC_003552.1,3761359,3761580,+
MA_RS15855,MA3028,"MA3028,MA_3028",MA_RS15855,protein_coding,NC_003552.1,3762118,3762393,+
MA_RS15860,,,MA_RS15860,protein_coding,NC_003552.1,3762390,3762569,-
MA_RS15865,MA3029,"MA3029,MA_3029",MA_RS15865,protein_coding,NC_003552.1,3763307,3764425,+
MA_RS15870,MA3030,"MA3030,MA_3030",MA_RS15870,protein_coding,NC_003552.1,3765072,3765332,+
MA_RS15875,MA3031,"MA3031,MA_3031",rnz,protein_coding,NC_003552.1,3765588,3766505,-
MA_RS15880,MA3032,"MA3032,MA_3032",MA_RS15880,protein_coding,NC_003552.1,3766645,3768528,-
MA_RS15885,MA3033,"MA3033,MA_3033",cobA,protein_coding,NC_003552.1,3768982,3769749,+
MA_RS15890,MA3034,"MA3034,MA_3034",MA_RS15890,protein_coding,NC_003552.1,3769770,3770609,+
MA_RS29490,,,MA_RS29490,protein_coding,NC_003552.1,3771700,3771834,-
MA_RS15895,MA3035,"MA3035,MA_3035",ahbC,protein_coding,NC_003552.1,3772409,3773608,+
MA_RS15900,,,MA_RS15900,protein_coding,NC_003552.1,3774240,3774467,+
MA_RS27305,MA_3037,MA_3037,MA_RS27305,protein_coding,NC_003552.1,3774512,3774688,+
MA_RS15905,MA3038,"MA3038,MA_3038",MA_RS15905,protein_coding,NC_003552.1,3774883,3775941,+
MA_RS15910,MA3039,"MA3039,MA_3039",MA_RS15910,protein_coding,NC_003552.1,3776348,3777007,+
MA_RS15915,MA3040,"MA3040,MA_3040",MA_RS15915,protein_coding,NC_003552.1,3777203,3778117,-
MA_RS15920,MA3042,"MA3042,MA_3042",MA_RS15920,protein_coding,NC_003552.1,3778714,3779667,+
MA_RS15925,MA3043,"MA3043,MA_3043",MA_RS15925,protein_coding,NC_003552.1,3779792,3780556,+
MA_RS15930,MA3044,"MA3044,MA_3044",MA_RS15930,protein_coding,NC_003552.1,3780740,3781627,-
MA_RS15935,MA3045,"MA3045,MA_3045",MA_RS15935,protein_coding,NC_003552.1,3781609,3782415,-
MA_RS15940,MA3046,"MA3046,MA_3046",MA_RS15940,protein_coding,NC_003552.1,3782562,3783515,+
MA_RS15945,MA3047,"MA3047,MA_3047",MA_RS15945,protein_coding,NC_003552.1,3783508,3784419,+
MA_RS15950,MA3048,"MA3048,MA_3048",MA_RS15950,protein_coding,NC_003552.1,3784610,3786160,+
MA_RS15955,MA3049,"MA3049,MA_3049",MA_RS15955,protein_coding,NC_003552.1,3786207,3787148,+
MA_RS15960,MA3050,"MA3050,MA_3050",MA_RS15960,protein_coding,NC_003552.1,3787150,3788028,+
MA_RS15965,MA3051,"MA3051,MA_3051",MA_RS15965,protein_coding,NC_003552.1,3788302,3788955,+
MA_RS15970,MA3052,"MA3052,MA_3052",MA_RS15970,protein_coding,NC_003552.1,3789539,3792148,+
MA_RS27310,MA_3053,MA_3053,MA_RS27310,protein_coding,NC_003552.1,3793122,3793292,-
MA_RS15975,MA3054,"MA3054,MA_3054",MA_RS15975,protein_coding,NC_003552.1,3793454,3794449,-
MA_RS15980,MA3055,"MA3055,MA_3055",flaJ,protein_coding,NC_003552.1,3794446,3796068,-
MA_RS15985,MA3056,"MA3056,MA_3056",MA_RS15985,protein_coding,NC_003552.1,3796080,3797933,-
MA_RS15990,MA3057,"MA3057,MA_3057",MA_RS15990,protein_coding,NC_003552.1,3797967,3798683,-
MA_RS15995,MA3058,"MA3058,MA_3058",MA_RS15995,protein_coding,NC_003552.1,3798685,3799158,-
MA_RS16000,MA3059,"MA3059,MA_3059",MA_RS16000,protein_coding,NC_003552.1,3799163,3799636,-
MA_RS16005,MA3060,"MA3060,MA_3060",MA_RS16005,protein_coding,NC_003552.1,3799721,3800392,-
MA_RS16010,MA3061,"MA3061,MA_3061",MA_RS16010,protein_coding,NC_003552.1,3800466,3801038,-
MA_RS16015,MA3062,"MA3062,MA_3062",MA_RS16015,protein_coding,NC_003552.1,3801050,3801697,-
MA_RS16020,MA3063,"MA3063,MA_3063",MA_RS16020,protein_coding,NC_003552.1,3803098,3803910,-
MA_RS16025,MA3064,"MA3064,MA_3064",MA_RS16025,protein_coding,NC_003552.1,3803901,3804563,-
MA_RS16030,MA3065,"MA3065,MA_3065",MA_RS16030,protein_coding,NC_003552.1,3804560,3805162,-
MA_RS16035,MA3066,"MA3066,MA_3066",MA_RS16035,protein_coding,NC_003552.1,3805155,3807803,-
MA_RS16040,MA3067,"MA3067,MA_3067",MA_RS16040,protein_coding,NC_003552.1,3807793,3808845,-
MA_RS16045,MA3068,"MA3068,MA_3068",MA_RS16045,protein_coding,NC_003552.1,3808862,3809224,-
MA_RS16050,MA3069,"MA3069,MA_3069",MA_RS16050,protein_coding,NC_003552.1,3809243,3810043,-
MA_RS16055,MA3070,"MA3070,MA_3070",MA_RS16055,protein_coding,NC_003552.1,3810040,3810519,-
MA_RS16060,MA3071,"MA3071,MA_3071",MA_RS16060,protein_coding,NC_003552.1,3810608,3812605,-
MA_RS16065,MA3072,"MA3072,MA_3072",MA_RS16065,protein_coding,NC_003552.1,3813420,3813788,+
MA_RS16070,MA3073,"MA3073,MA_3073",hmgA,protein_coding,NC_003552.1,3814373,3815629,+
MA_RS16075,MA3074,"MA3074,MA_3074",MA_RS16075,protein_coding,NC_003552.1,3816152,3816370,-
MA_RS16080,MA3075,"MA3075,MA_3075",MA_RS16080,protein_coding,NC_003552.1,3816808,3818577,+
MA_RS16085,MA3076,"MA3076,MA_3076",MA_RS16085,protein_coding,NC_003552.1,3818564,3819415,+
MA_RS16090,MA3077,"MA3077,MA_3077",MA_RS16090,protein_coding,NC_003552.1,3819862,3820461,+
MA_RS16095,MA3078,"MA3078,MA_3078",MA_RS16095,protein_coding,NC_003552.1,3820531,3821238,+
MA_RS16100,MA3079,"MA3079,MA_3079",MA_RS16100,protein_coding,NC_003552.1,3821549,3822043,+
MA_RS16105,MA3080,"MA3080,MA_3080",MA_RS16105,protein_coding,NC_003552.1,3822043,3822558,+
MA_RS16110,MA3081,"MA3081,MA_3081",MA_RS16110,protein_coding,NC_003552.1,3822684,3823472,+
MA_RS16115,MA3082,"MA3082,MA_3082",MA_RS16115,protein_coding,NC_003552.1,3823526,3825361,+
MA_RS16120,MA3083,"MA3083,MA_3083",flaJ,protein_coding,NC_003552.1,3825358,3826920,+
MA_RS16125,MA3084,"MA3084,MA_3084",MA_RS16125,protein_coding,NC_003552.1,3827038,3827919,+
MA_RS16135,MA3085,"MA3085,MA_3085",hacA,protein_coding,NC_003552.1,3828455,3829729,-
MA_RS16140,MA3086,"MA3086,MA_3086",MA_RS16140,protein_coding,NC_003552.1,3829974,3830873,-
MA_RS16145,MA3087,"MA3087,MA_3087",MA_RS16145,protein_coding,NC_003552.1,3831310,3833994,-
MA_RS16155,MA3088,"MA3088,MA_3088",MA_RS16155,protein_coding,NC_003552.1,3835344,3836306,+
MA_RS16160,MA3089,"MA3089,MA_3089",MA_RS16160,protein_coding,NC_003552.1,3836260,3836697,+
MA_RS16165,MA3090,"MA3090,MA_3090",MA_RS16165,protein_coding,NC_003552.1,3836890,3837099,+
MA_RS16170,MA3091,"MA3091,MA_3091",MA_RS16170,protein_coding,NC_003552.1,3837172,3839439,+
MA_RS16180,MA3092,"MA3092,MA_3092",MA_RS16180,protein_coding,NC_003552.1,3839790,3840665,+
MA_RS16185,MA3093,"MA3093,MA_3093",MA_RS16185,protein_coding,NC_003552.1,3841261,3842259,+
MA_RS16190,MA3094,"MA3094,MA_3094",pstC,protein_coding,NC_003552.1,3842337,3843317,+
MA_RS16195,MA3095,"MA3095,MA_3095",pstA,protein_coding,NC_003552.1,3843314,3844216,+
MA_RS16200,MA3096,"MA3096,MA_3096",MA_RS16200,protein_coding,NC_003552.1,3844209,3846071,+
MA_RS16205,MA3097,"MA3097,MA_3097",MA_RS16205,protein_coding,NC_003552.1,3846068,3847219,+
MA_RS16210,MA3098,"MA3098,MA_3098",MA_RS16210,protein_coding,NC_003552.1,3847216,3848577,+
MA_RS16215,MA3099,"MA3099,MA_3099",MA_RS16215,protein_coding,NC_003552.1,3848826,3849467,-
MA_RS16220,MA3100,"MA3100,MA_3100",MA_RS16220,protein_coding,NC_003552.1,3849589,3850698,+
MA_RS24730,MA_3101,MA_3101,MA_RS24730,protein_coding,NC_003552.1,3851064,3855476,+
MA_RS16230,MA3102,"MA3102,MA_3102",MA_RS16230,protein_coding,NC_003552.1,3855581,3856399,+
MA_RS27315,,,MA_RS27315,protein_coding,NC_003552.1,3857172,3857339,+
MA_RS16240,MA3103,"MA3103,MA_3103",MA_RS16240,protein_coding,NC_003552.1,3857637,3858101,-
MA_RS16245,MA3104,"MA3104,MA_3104",MA_RS16245,protein_coding,NC_003552.1,3859133,3860137,+
MA_RS16250,MA3105,"MA3105,MA_3105",MA_RS16250,protein_coding,NC_003552.1,3861507,3861746,+
MA_RS16255,MA3107,"MA3107,MA_3107",MA_RS16255,protein_coding,NC_003552.1,3862275,3862517,+
MA_RS16260,MA3108,"MA3108,MA_3108",MA_RS16260,protein_coding,NC_003552.1,3862878,3864863,-
MA_RS29495,,,MA_RS29495,protein_coding,NC_003552.1,3865059,3865190,-
MA_RS16265,MA3109,"MA3109,MA_3109",MA_RS16265,protein_coding,NC_003552.1,3865215,3866804,-
MA_RS16270,MA3110,"MA3110,MA_3110",MA_RS16270,protein_coding,NC_003552.1,3867455,3867709,-
MA_RS16275,MA3111,"MA3111,MA_3111",MA_RS16275,protein_coding,NC_003552.1,3867810,3868289,-
MA_RS16285,MA3113,"MA3113,MA_3113",MA_RS16285,protein_coding,NC_003552.1,3868573,3868992,+
MA_RS16290,MA3114,"MA3114,MA_3114",MA_RS16290,protein_coding,NC_003552.1,3869108,3869608,-
MA_RS16295,MA3115,"MA3115,MA_3115",MA_RS16295,protein_coding,NC_003552.1,3869747,3871033,+
MA_RS16300,MA3117,"MA3117,MA_3117",MA_RS16300,protein_coding,NC_003552.1,3871970,3872506,+
MA_RS16305,MA3118,"MA3118,MA_3118",MA_RS16305,protein_coding,NC_003552.1,3872796,3873818,+
MA_RS16310,MA3119,"MA3119,MA_3119",MA_RS16310,protein_coding,NC_003552.1,3874134,3874814,+
MA_RS16315,MA3120,"MA3120,MA_3120",MA_RS16315,protein_coding,NC_003552.1,3874988,3876439,+
MA_RS16320,MA3121,"MA3121,MA_3121",MA_RS16320,protein_coding,NC_003552.1,3877165,3878382,+
MA_RS16325,MA3122,"MA3122,MA_3122",MA_RS16325,protein_coding,NC_003552.1,3878876,3880135,+
MA_RS16330,MA3123,"MA3123,MA_3123",istB,protein_coding,NC_003552.1,3880287,3881060,-
MA_RS16335,MA3124,"MA3124,MA_3124",istA,protein_coding,NC_003552.1,3881057,3882301,-
MA_RS16340,MA3125,"MA3125,MA_3125",MA_RS16340,protein_coding,NC_003552.1,3882609,3883076,+
MA_RS16345,MA3126,"MA3126,MA_3126",hdrB,protein_coding,NC_003552.1,3883171,3884115,-
MA_RS16350,MA3127,"MA3127,MA_3127",hdrC,protein_coding,NC_003552.1,3884069,3884812,-
MA_RS16355,MA3128,"MA3128,MA_3128",hdrA,protein_coding,NC_003552.1,3884809,3887226,-
MA_RS16360,MA3129,"MA3129,MA_3129",MA_RS16360,protein_coding,NC_003552.1,3887818,3888219,+
MA_RS16370,MA3130,"MA3130,MA_3130",MA_RS16370,protein_coding,NC_003552.1,3888942,3889352,+
MA_RS27325,,,MA_RS27325,protein_coding,NC_003552.1,3889627,3889797,+
MA_RS16375,MAt4714,MAt4714,MA_RS16375,tRNA,NC_003552.1,3889908,3889984,-
MA_RS16380,MAt4715,MAt4715,MA_RS16380,tRNA,NC_003552.1,3890046,3890122,-
MA_RS16385,MAt4716,MAt4716,MA_RS16385,tRNA,NC_003552.1,3890350,3890421,+
MA_RS16390,MA3132,"MA3132,MA_3132",MA_RS16390,protein_coding,NC_003552.1,3890533,3891027,+
MA_RS28875,MA_3133,MA_3133,MA_RS28875,protein_coding,NC_003552.1,3891085,3893955,-
MA_RS16400,MA3134,"MA3134,MA_3134",MA_RS16400,protein_coding,NC_003552.1,3894682,3895251,+
MA_RS16405,MA3135,"MA3135,MA_3135",MA_RS16405,protein_coding,NC_003552.1,3895584,3896246,+
MA_RS16410,MA3136,"MA3136,MA_3136",MA_RS16410,protein_coding,NC_003552.1,3896427,3896909,+
MA_RS16415,MA3137,"MA3137,MA_3137",MA_RS16415,protein_coding,NC_003552.1,3896913,3897458,+
MA_RS16420,MA3138,"MA3138,MA_3138",MA_RS16420,protein_coding,NC_003552.1,3897603,3898091,+
MA_RS16425,MA3139,"MA3139,MA_3139",MA_RS16425,protein_coding,NC_003552.1,3898288,3898686,+
MA_RS16430,MA3140,"MA3140,MA_3140",MA_RS16430,protein_coding,NC_003552.1,3898826,3900004,+
MA_RS16435,MA3142,"MA3142,MA_3142",MA_RS16435,protein_coding,NC_003552.1,3900706,3901761,+
MA_RS16440,MA3143,"MA3143,MA_3143",MA_RS16440,protein_coding,NC_003552.1,3901865,3902461,+
MA_RS16450,MA3145,"MA3145,MA_3145",MA_RS16450,protein_coding,NC_003552.1,3903082,3905562,-
MA_RS16455,MA3146,"MA3146,MA_3146",MA_RS16455,protein_coding,NC_003552.1,3905559,3907436,-
MA_RS16460,MA3147,"MA3147,MA_3147",MA_RS16460,protein_coding,NC_003552.1,3907440,3908321,-
MA_RS16465,MA3148,"MA3148,MA_3148",MA_RS16465,protein_coding,NC_003552.1,3908500,3909474,-
MA_RS16470,MA3149,"MA3149,MA_3149",MA_RS16470,protein_coding,NC_003552.1,3909758,3910651,-
MA_RS16475,MA3150,"MA3150,MA_3150",pheA,protein_coding,NC_003552.1,3910958,3911914,-
MA_RS16480,MA3151,"MA3151,MA_3151",MA_RS16480,protein_coding,NC_003552.1,3912087,3912959,-
MA_RS16485,MA3152,"MA3152,MA_3152",MA_RS16485,protein_coding,NC_003552.1,3913113,3913460,-
MA_RS16490,MA3153,"MA3153,MA_3153",MA_RS16490,protein_coding,NC_003552.1,3913960,3915297,+
MA_RS16495,MA3154,"MA3154,MA_3154",MA_RS16495,protein_coding,NC_003552.1,3915507,3916370,+
MA_RS16500,MA3155,"MA3155,MA_3155",MA_RS16500,protein_coding,NC_003552.1,3916423,3917181,+
MA_RS16505,MA3156,"MA3156,MA_3156",MA_RS16505,protein_coding,NC_003552.1,3917632,3918156,-
MA_RS16510,MA3157,"MA3157,MA_3157",MA_RS16510,protein_coding,NC_003552.1,3918237,3918503,-
MA_RS16515,MA3158,"MA3158,MA_3158",MA_RS16515,protein_coding,NC_003552.1,3918500,3919417,-
MA_RS28880,MA_3159,MA_3159,MA_RS28880,protein_coding,NC_003552.1,3919642,3919782,-
MA_RS16520,MA3160,"MA3160,MA_3160",MA_RS16520,protein_coding,NC_003552.1,3920088,3920456,-
MA_RS16525,MA3161,"MA3161,MA_3161",MA_RS16525,protein_coding,NC_003552.1,3920604,3921059,-
MA_RS16530,MA3162,"MA3162,MA_3162",MA_RS16530,protein_coding,NC_003552.1,3921294,3921638,-
MA_RS16535,MA3163,"MA3163,MA_3163",MA_RS16535,protein_coding,NC_003552.1,3921681,3922019,-
MA_RS16545,MA3165,"MA3165,MA_3165",MA_RS16545,protein_coding,NC_003552.1,3922462,3923121,-
MA_RS16550,MA3166,"MA3166,MA_3166",MA_RS16550,protein_coding,NC_003552.1,3923398,3923754,+
MA_RS16555,MA3167,"MA3167,MA_3167",MA_RS16555,protein_coding,NC_003552.1,3923806,3924477,-
MA_RS16560,MA3168,"MA3168,MA_3168",MA_RS16560,protein_coding,NC_003552.1,3924701,3926107,+
MA_RS16565,MA3169,"MA3169,MA_3169",MA_RS16565,protein_coding,NC_003552.1,3926232,3927356,-
MA_RS16570,MA3170,"MA3170,MA_3170",MA_RS16570,protein_coding,NC_003552.1,3927809,3928537,+
MA_RS16575,MA3171,"MA3171,MA_3171",MA_RS16575,protein_coding,NC_003552.1,3929439,3930263,+
MA_RS16580,MA3172,"MA3172,MA_3172",MA_RS16580,protein_coding,NC_003552.1,3930265,3931647,+
MA_RS16585,MA3173,"MA3173,MA_3173",MA_RS16585,protein_coding,NC_003552.1,3931687,3932931,+
MA_RS16590,MA3174,"MA3174,MA_3174",MA_RS16590,protein_coding,NC_003552.1,3933308,3934621,-
MA_RS16595,MA3175,"MA3175,MA_3175",MA_RS16595,protein_coding,NC_003552.1,3935436,3935876,+
MA_RS28885,MA_3176,MA_3176,MA_RS28885,protein_coding,NC_003552.1,3935952,3937268,+
MA_RS16605,MA3177,"MA3177,MA_3177",MA_RS16605,protein_coding,NC_003552.1,3937322,3938326,-
MA_RS16610,MA3178,"MA3178,MA_3178",MA_RS16610,protein_coding,NC_003552.1,3938849,3939340,-
MA_RS16615,MA3179,"MA3179,MA_3179",MA_RS16615,protein_coding,NC_003552.1,3939908,3941719,-
MA_RS16620,MA3181,"MA3181,MA_3181",MA_RS16620,protein_coding,NC_003552.1,3942319,3943806,+
MA_RS16625,MA3182,"MA3182,MA_3182",MA_RS16625,protein_coding,NC_003552.1,3943904,3945109,-
MA_RS16630,MA3184,"MA3184,MA_3184",MA_RS16630,protein_coding,NC_003552.1,3945099,3945944,-
MA_RS16635,MA3185,"MA3185,MA_3185",MA_RS16635,protein_coding,NC_003552.1,3946024,3947487,-
MA_RS16640,MA3186,"MA3186,MA_3186",MA_RS16640,protein_coding,NC_003552.1,3947551,3947730,-
MA_RS24735,MA_3187,MA_3187,MA_RS24735,protein_coding,NC_003552.1,3948380,3949309,+
MA_RS16655,MA3189,"MA3189,MA_3189",MA_RS16655,protein_coding,NC_003552.1,3949954,3950412,+
MA_RS28890,,,MA_RS28890,protein_coding,NC_003552.1,3950453,3950584,+
MA_RS16665,MA3191,"MA3191,MA_3191",MA_RS16665,protein_coding,NC_003552.1,3950872,3952308,+
MA_RS29500,,,MA_RS29500,protein_coding,NC_003552.1,3952445,3952579,+
MA_RS16670,,,MA_RS16670,protein_coding,NC_003552.1,3952721,3952906,+
MA_RS16680,MA3192,"MA3192,MA_3192",MA_RS16680,protein_coding,NC_003552.1,3953868,3954266,+
MA_RS16685,MA3193,"MA3193,MA_3193",purF,protein_coding,NC_003552.1,3954367,3955803,-
MA_RS25780,MA_3194,MA_3194,MA_RS25780,protein_coding,NC_003552.1,3955853,3956023,-
MA_RS16690,MA3195,"MA3195,MA_3195",MA_RS16690,protein_coding,NC_003552.1,3956167,3956385,-
MA_RS16700,MA3197,"MA3197,MA_3197",thiD,protein_coding,NC_003552.1,3956923,3958266,+
MA_RS16705,MA3198,"MA3198,MA_3198",MA_RS16705,protein_coding,NC_003552.1,3958639,3959937,+
MA_RS16710,MA3199,"MA3199,MA_3199",MA_RS16710,protein_coding,NC_003552.1,3960359,3960766,-
MA_RS16715,MA3200,"MA3200,MA_3200",MA_RS16715,protein_coding,NC_003552.1,3961385,3961798,-
MA_RS16720,MA3201,"MA3201,MA_3201",hisD,protein_coding,NC_003552.1,3961899,3963200,-
MA_RS16725,MA3203,"MA3203,MA_3203",MA_RS16725,protein_coding,NC_003552.1,3963804,3965996,-
MA_RS16730,MA3204,"MA3204,MA_3204",MA_RS16730,protein_coding,NC_003552.1,3966236,3968002,-
MA_RS16735,,,MA_RS16735,protein_coding,NC_003552.1,3968552,3968965,-
MA_RS16740,MA3206,"MA3206,MA_3206",MA_RS16740,protein_coding,NC_003552.1,3969442,3970461,-
MA_RS16745,MA3207,"MA3207,MA_3207",MA_RS16745,protein_coding,NC_003552.1,3970674,3971573,-
MA_RS16750,MA3208,"MA3208,MA_3208",MA_RS16750,protein_coding,NC_003552.1,3972228,3972893,+
MA_RS29505,,,MA_RS29505,protein_coding,NC_003552.1,3973240,3973428,+
MA_RS29510,MA_3209,MA_3209,MA_RS29510,protein_coding,NC_003552.1,3973421,3973750,+
MA_RS16760,MA3210,"MA3210,MA_3210",MA_RS16760,protein_coding,NC_003552.1,3973902,3975188,-
MA_RS16765,MA3211,"MA3211,MA_3211",MA_RS16765,protein_coding,NC_003552.1,3975606,3976013,-
MA_RS16770,MA3212,"MA3212,MA_3212",trxA,protein_coding,NC_003552.1,3976647,3976913,-
MA_RS16775,MA3214,"MA3214,MA_3214",MA_RS16775,protein_coding,NC_003552.1,3978321,3979349,+
MA_RS28895,,,MA_RS28895,protein_coding,NC_003552.1,3979606,3979935,+
MA_RS16785,MA3216,"MA3216,MA_3216",MA_RS16785,protein_coding,NC_003552.1,3980257,3981219,+
MA_RS16790,MA3217,"MA3217,MA_3217",MA_RS16790,protein_coding,NC_003552.1,3981398,3982420,+
MA_RS28900,MA_3218,MA_3218,MA_RS28900,protein_coding,NC_003552.1,3982554,3983084,+
MA_RS16800,MA3219,"MA3219,MA_3219",MA_RS16800,protein_coding,NC_003552.1,3983312,3984304,-
MA_RS27345,MA_3220,MA_3220,MA_RS27345,protein_coding,NC_003552.1,3984600,3984785,-
MA_RS25790,,,MA_RS25790,protein_coding,NC_003552.1,3985443,3986125,-
MA_RS16820,MA3223,"MA3223,MA_3223",MA_RS16820,protein_coding,NC_003552.1,3986142,3986876,-
MA_RS16825,MA3224,"MA3224,MA_3224",MA_RS16825,protein_coding,NC_003552.1,3986878,3987381,-
MA_RS16830,,,MA_RS16830,protein_coding,NC_003552.1,3987712,3987924,+
MA_RS16835,MA3225,"MA3225,MA_3225",MA_RS16835,protein_coding,NC_003552.1,3987956,3988303,+
MA_RS16840,MA3226,"MA3226,MA_3226",MA_RS16840,protein_coding,NC_003552.1,3988317,3988781,+
MA_RS16845,MA3227,"MA3227,MA_3227",MA_RS16845,protein_coding,NC_003552.1,3988783,3989640,+
MA_RS16850,MA3228,"MA3228,MA_3228",MA_RS16850,protein_coding,NC_003552.1,3989650,3989940,+
MA_RS24745,MA_3229,MA_3229,MA_RS24745,protein_coding,NC_003552.1,3989937,3992813,+
MA_RS16860,MA3230,"MA3230,MA_3230",MA_RS16860,protein_coding,NC_003552.1,3992915,3993355,+
MA_RS16865,MA3231,"MA3231,MA_3231",MA_RS16865,protein_coding,NC_003552.1,3993372,3994694,+
MA_RS16870,MA3232,"MA3232,MA_3232",MA_RS16870,protein_coding,NC_003552.1,3994761,3996173,+
MA_RS16875,MA3233,"MA3233,MA_3233",MA_RS16875,protein_coding,NC_003552.1,3996183,3996563,+
MA_RS16880,MA3234,"MA3234,MA_3234",MA_RS16880,protein_coding,NC_003552.1,3996728,3996961,+
MA_RS16885,MA3235,"MA3235,MA_3235",MA_RS16885,protein_coding,NC_003552.1,3997412,3997690,-
MA_RS16890,MA3236,"MA3236,MA_3236",MA_RS16890,protein_coding,NC_003552.1,3998154,3998543,+
MA_RS16895,MA3237,"MA3237,MA_3237",MA_RS16895,protein_coding,NC_003552.1,3998708,3999217,-
MA_RS16900,MA3238,"MA3238,MA_3238",MA_RS16900,protein_coding,NC_003552.1,3999683,4000027,+
MA_RS16905,MA3239,"MA3239,MA_3239",MA_RS16905,protein_coding,NC_003552.1,4000122,4000535,-
MA_RS16915,MA3241,"MA3241,MA_3241",MA_RS16915,protein_coding,NC_003552.1,4001183,4001716,-
MA_RS16920,MA3242,"MA3242,MA_3242",MA_RS16920,protein_coding,NC_003552.1,4001796,4003316,-
MA_RS16925,MA3243,"MA3243,MA_3243",MA_RS16925,protein_coding,NC_003552.1,4003751,4004626,-
MA_RS16930,MA3245,"MA3245,MA_3245",MA_RS16930,protein_coding,NC_003552.1,4005101,4005310,-
MA_RS16935,MA3246,"MA3246,MA_3246",MA_RS16935,protein_coding,NC_003552.1,4006355,4006576,-
MA_RS16940,MA3247,"MA3247,MA_3247",MA_RS16940,protein_coding,NC_003552.1,4007726,4008895,-
MA_RS16945,MA3248,"MA3248,MA_3248",MA_RS16945,protein_coding,NC_003552.1,4009011,4010162,-
MA_RS16950,MA3249,"MA3249,MA_3249",MA_RS16950,protein_coding,NC_003552.1,4010394,4010657,-
MA_RS16955,MA3250,"MA3250,MA_3250",MA_RS16955,protein_coding,NC_003552.1,4011141,4012598,+
MA_RS27350,,,MA_RS27350,protein_coding,NC_003552.1,4013843,4013998,-
MA_RS29830,,,MA_RS29830,protein_coding,NC_003552.1,4013986,4014198,-
MA_RS16965,MA3252,"MA3252,MA_3252",ala,protein_coding,NC_003552.1,4014549,4015529,-
MA_RS16970,MA3253,"MA3253,MA_3253",MA_RS16970,protein_coding,NC_003552.1,4015756,4016457,+
MA_RS16975,MA3254,"MA3254,MA_3254",MA_RS16975,protein_coding,NC_003552.1,4016558,4017610,-
MA_RS16980,,,MA_RS16980,protein_coding,NC_003552.1,4017775,4017954,+
MA_RS16985,MA3256,"MA3256,MA_3256",MA_RS16985,protein_coding,NC_003552.1,4018164,4018502,-
MA_RS16990,MA3257,"MA3257,MA_3257",MA_RS16990,protein_coding,NC_003552.1,4018727,4019743,-
MA_RS17000,MA3258,"MA3258,MA_3258",MA_RS17000,protein_coding,NC_003552.1,4020519,4020908,-
MA_RS17005,MA3259,"MA3259,MA_3259",MA_RS17005,protein_coding,NC_003552.1,4021451,4022233,+
MA_RS17010,MA3260,"MA3260,MA_3260",MA_RS17010,protein_coding,NC_003552.1,4022524,4023711,-
MA_RS17015,MA3261,"MA3261,MA_3261",MA_RS17015,protein_coding,NC_003552.1,4024641,4025045,+
MA_RS17020,MA3262,"MA3262,MA_3262",MA_RS17020,protein_coding,NC_003552.1,4025609,4026325,-
MA_RS17025,MA3263,"MA3263,MA_3263",MA_RS17025,protein_coding,NC_003552.1,4026327,4026824,-
MA_RS17030,MA3264,"MA3264,MA_3264",nifS,protein_coding,NC_003552.1,4027135,4028328,+
MA_RS29515,,,MA_RS29515,protein_coding,NC_003552.1,4028318,4028446,+
MA_RS17035,MA3265,"MA3265,MA_3265",nifU,protein_coding,NC_003552.1,4028484,4028864,+
MA_RS27355,,,MA_RS27355,protein_coding,NC_003552.1,4030490,4030648,-
MA_RS24750,MA_3266,MA_3266,MA_RS24750,protein_coding,NC_003552.1,4031131,4032540,+
MA_RS17045,MA3267,"MA3267,MA_3267",MA_RS17045,protein_coding,NC_003552.1,4032537,4033394,+
MA_RS17050,MA3268,"MA3268,MA_3268",mptN,protein_coding,NC_003552.1,4033545,4034519,+
MA_RS17060,MA3269,"MA3269,MA_3269",pth2,protein_coding,NC_003552.1,4034862,4035209,+
MA_RS17065,MA3270,"MA3270,MA_3270",MA_RS17065,protein_coding,NC_003552.1,4035322,4036572,+
MA_RS17070,MA3271,"MA3271,MA_3271",truD,protein_coding,NC_003552.1,4036752,4038068,+
MA_RS28905,MA_3272,MA_3272,MA_RS28905,protein_coding,NC_003552.1,4038330,4038674,-
MA_RS28910,MA_3273,MA_3273,MA_RS28910,protein_coding,NC_003552.1,4038763,4039476,-
MA_RS28915,MA_3274,MA_3274,MA_RS28915,protein_coding,NC_003552.1,4039700,4040179,-
MA_RS17090,MA3275,"MA3275,MA_3275",MA_RS17090,protein_coding,NC_003552.1,4040221,4041486,-
MA_RS17095,MA3276,"MA3276,MA_3276",MA_RS17095,protein_coding,NC_003552.1,4041577,4042056,-
MA_RS17100,MA3277,"MA3277,MA_3277",MA_RS17100,protein_coding,NC_003552.1,4042338,4042802,+
MA_RS17105,MA3278,"MA3278,MA_3278",MA_RS17105,protein_coding,NC_003552.1,4042885,4043472,-
MA_RS27360,,,MA_RS27360,protein_coding,NC_003552.1,4044056,4044232,-
MA_RS17110,MA3279,"MA3279,MA_3279",pyrG,protein_coding,NC_003552.1,4044545,4046149,-
MA_RS17115,MA3280,"MA3280,MA_3280",MA_RS17115,protein_coding,NC_003552.1,4046751,4047488,-
MA_RS17120,MA3281,"MA3281,MA_3281",MA_RS17120,protein_coding,NC_003552.1,4047503,4047685,-
MA_RS17125,MA3282,"MA3282,MA_3282",cooS,protein_coding,NC_003552.1,4048445,4050319,+
MA_RS17130,MA3283,"MA3283,MA_3283",MA_RS17130,protein_coding,NC_003552.1,4050333,4050848,+
MA_RS17135,MA3284,"MA3284,MA_3284",MA_RS17135,protein_coding,NC_003552.1,4051470,4051928,+
MA_RS17140,MA3285,"MA3285,MA_3285",MA_RS17140,protein_coding,NC_003552.1,4052174,4053112,+
MA_RS17145,MA3286,"MA3286,MA_3286",MA_RS17145,protein_coding,NC_003552.1,4054283,4054735,+
MA_RS17150,MA3287,"MA3287,MA_3287",MA_RS17150,protein_coding,NC_003552.1,4054908,4056218,-
MA_RS17155,MA3288,"MA3288,MA_3288",MA_RS17155,protein_coding,NC_003552.1,4056220,4057560,-
MA_RS17160,MA3289,"MA3289,MA_3289",lonB,protein_coding,NC_003552.1,4057563,4059695,-
MA_RS17165,MA3290,"MA3290,MA_3290",MA_RS17165,protein_coding,NC_003552.1,4060152,4060916,+
MA_RS17170,MA3291,"MA3291,MA_3291",MA_RS17170,protein_coding,NC_003552.1,4060937,4061377,-
MA_RS17175,MA3292,"MA3292,MA_3292",MA_RS17175,protein_coding,NC_003552.1,4061901,4062671,+
MA_RS24755,MA_3293,MA_3293,MA_RS24755,protein_coding,NC_003552.1,4062907,4065069,+
MA_RS17185,MA3294,"MA3294,MA_3294",MA_RS17185,protein_coding,NC_003552.1,4065071,4067065,+
MA_RS17190,MA3295,"MA3295,MA_3295",MA_RS17190,protein_coding,NC_003552.1,4067628,4067837,-
MA_RS17195,MA3296,"MA3296,MA_3296",MA_RS17195,protein_coding,NC_003552.1,4068167,4068631,+
MA_RS17200,MA3297,"MA3297,MA_3297",MA_RS17200,protein_coding,NC_003552.1,4068958,4070208,+
MA_RS17205,MA3298,"MA3298,MA_3298",comE,protein_coding,NC_003552.1,4070349,4071512,+
MA_RS17210,MA3299,"MA3299,MA_3299",MA_RS17210,protein_coding,NC_003552.1,4072252,4073568,-
MA_RS17215,MAt4717,MAt4717,MA_RS17215,tRNA,NC_003552.1,4074007,4074080,+
MA_RS17220,MAt4718,MAt4718,MA_RS17220,tRNA,NC_003552.1,4074217,4074291,+
MA_RS17225,MAt4719,MAt4719,MA_RS17225,tRNA,NC_003552.1,4074315,4074386,+
MA_RS17230,MAt4720,MAt4720,MA_RS17230,tRNA,NC_003552.1,4074451,4074524,+
MA_RS17235,MAt4721,MAt4721,MA_RS17235,tRNA,NC_003552.1,4074661,4074735,+
MA_RS17240,MAt4722,MAt4722,MA_RS17240,tRNA,NC_003552.1,4074766,4074837,+
MA_RS29520,,,MA_RS29520,protein_coding,NC_003552.1,4075334,4075462,+
MA_RS17245,MA3300,"MA3300,MA_3300",MA_RS17245,protein_coding,NC_003552.1,4075459,4075671,+
MA_RS17250,,,MA_RS17250,protein_coding,NC_003552.1,4076053,4076202,+
MA_RS17255,MA3302,"MA3302,MA_3302",MA_RS17255,protein_coding,NC_003552.1,4076285,4076683,-
MA_RS17260,MA3304,"MA3304,MA_3304",ccsA,protein_coding,NC_003552.1,4077654,4078715,-
MA_RS17265,MA3305,"MA3305,MA_3305",MA_RS17265,protein_coding,NC_003552.1,4078740,4079759,-
MA_RS17270,MA3306,"MA3306,MA_3306",MA_RS17270,protein_coding,NC_003552.1,4080074,4080601,+
MA_RS17275,MA3307,"MA3307,MA_3307",pyrE,protein_coding,NC_003552.1,4080715,4081278,+
MA_RS17280,MA3308,"MA3308,MA_3308",MA_RS17280,protein_coding,NC_003552.1,4082139,4082465,+
MA_RS17285,MA3309,"MA3309,MA_3309",purD,protein_coding,NC_003552.1,4082468,4083787,+
MA_RS17290,MA3310,"MA3310,MA_3310",argF,protein_coding,NC_003552.1,4083894,4084802,+
MA_RS17295,MAt4723,MAt4723,MA_RS17295,tRNA,NC_003552.1,4085009,4085093,+
MA_RS25805,,,MA_RS25805,protein_coding,NC_003552.1,4085189,4085871,+
MA_RS17310,MA3313,"MA3313,MA_3313",MA_RS17310,protein_coding,NC_003552.1,4085987,4087639,+
MA_RS28920,,,MA_RS28920,protein_coding,NC_003552.1,4087984,4088184,+
MA_RS17315,MA3314,"MA3314,MA_3314",MA_RS17315,protein_coding,NC_003552.1,4088181,4089269,+
MA_RS17320,MA3315,"MA3315,MA_3315",MA_RS17320,protein_coding,NC_003552.1,4089772,4090179,+
MA_RS25815,MA_3316,MA_3316,MA_RS25815,protein_coding,NC_003552.1,4090228,4090404,-
MA_RS17325,MA3317,"MA3317,MA_3317",MA_RS17325,protein_coding,NC_003552.1,4090840,4091982,+
MA_RS28090,,,MA_RS28090,protein_coding,NC_003552.1,4092248,4092388,-
MA_RS17335,MA3320,"MA3320,MA_3320",MA_RS17335,protein_coding,NC_003552.1,4092873,4093244,+
MA_RS17340,MA3321,"MA3321,MA_3321",MA_RS17340,protein_coding,NC_003552.1,4093414,4093659,+
MA_RS17350,MA3322,"MA3322,MA_3322",MA_RS17350,protein_coding,NC_003552.1,4094503,4095105,+
MA_RS17355,MA3323,"MA3323,MA_3323",uvrB,protein_coding,NC_003552.1,4095206,4097218,-
MA_RS17360,MA3324,"MA3324,MA_3324",uvrC,protein_coding,NC_003552.1,4097327,4098877,-
MA_RS17365,MA3325,"MA3325,MA_3325",uvrA,protein_coding,NC_003552.1,4099022,4102003,-
MA_RS17370,MA3326,"MA3326,MA_3326",istA,protein_coding,NC_003552.1,4103011,4104255,+
MA_RS17375,MA3327,"MA3327,MA_3327",istB,protein_coding,NC_003552.1,4104252,4105025,+
MA_RS17380,MA3328,"MA3328,MA_3328",MA_RS17380,protein_coding,NC_003552.1,4105285,4106184,+
MA_RS17385,,,MA_RS17385,protein_coding,NC_003552.1,4106672,4106881,-
MA_RS17390,MA3329,"MA3329,MA_3329",MA_RS17390,protein_coding,NC_003552.1,4107698,4108132,-
MA_RS17395,MA3330,"MA3330,MA_3330",MA_RS17395,protein_coding,NC_003552.1,4108455,4110347,-
MA_RS27370,,,MA_RS27370,protein_coding,NC_003552.1,4112130,4112294,+
MA_RS17400,MA3332,"MA3332,MA_3332",MA_RS17400,protein_coding,NC_003552.1,4112515,4114851,+
MA_RS17405,MA3334,"MA3334,MA_3334",MA_RS17405,protein_coding,NC_003552.1,4115174,4117471,+
MA_RS27970,,,MA_RS27970,protein_coding,NC_003552.1,4117720,4117872,+
MA_RS17410,MA3335,"MA3335,MA_3335",MA_RS17410,protein_coding,NC_003552.1,4117915,4118400,+
MA_RS17425,MA3338,"MA3338,MA_3338",MA_RS17425,protein_coding,NC_003552.1,4120235,4121842,-
MA_RS17430,MA3339,"MA3339,MA_3339",MA_RS17430,protein_coding,NC_003552.1,4122739,4123704,-
MA_RS17435,MA3341,"MA3341,MA_3341",MA_RS17435,protein_coding,NC_003552.1,4123846,4124655,-
MA_RS17440,,,MA_RS17440,protein_coding,NC_003552.1,4124927,4125106,-
MA_RS17445,MA3342,"MA3342,MA_3342",MA_RS17445,protein_coding,NC_003552.1,4125718,4126935,-
MA_RS17450,MA3343,"MA3343,MA_3343",MA_RS17450,protein_coding,NC_003552.1,4127344,4128171,-
MA_RS17455,MA3344,"MA3344,MA_3344",MA_RS17455,protein_coding,NC_003552.1,4128173,4128976,-
MA_RS17460,MA3345,"MA3345,MA_3345",MA_RS17460,protein_coding,NC_003552.1,4129117,4130124,-
MA_RS17465,MA3346,"MA3346,MA_3346",MA_RS17465,protein_coding,NC_003552.1,4130863,4132884,-
MA_RS17470,MA3347,"MA3347,MA_3347",MA_RS17470,protein_coding,NC_003552.1,4133305,4134123,-
MA_RS17475,MA3348,"MA3348,MA_3348",MA_RS17475,protein_coding,NC_003552.1,4134664,4135251,-
MA_RS17480,MA3349,"MA3349,MA_3349",MA_RS17480,protein_coding,NC_003552.1,4135350,4136297,-
MA_RS25820,MA_3350,MA_3350,MA_RS25820,protein_coding,NC_003552.1,4136818,4137387,-
MA_RS17490,MA3351,"MA3351,MA_3351",MA_RS17490,protein_coding,NC_003552.1,4137842,4138378,-
MA_RS17505,MA3353,"MA3353,MA_3353",istB,protein_coding,NC_003552.1,4140043,4140816,-
MA_RS17510,MA3354,"MA3354,MA_3354",istA,protein_coding,NC_003552.1,4140813,4142057,-
MA_RS29675,,,MA_RS29675,protein_coding,NC_003552.1,4143302,4143463,+
MA_RS27975,,,MA_RS27975,protein_coding,NC_003552.1,4143856,4144062,+
MA_RS17520,MA3356,"MA3356,MA_3356",MA_RS17520,protein_coding,NC_003552.1,4144268,4144834,-
MA_RS17525,MA3357,"MA3357,MA_3357",MA_RS17525,protein_coding,NC_003552.1,4145879,4146724,+
MA_RS17530,MA3358,"MA3358,MA_3358",MA_RS17530,protein_coding,NC_003552.1,4146834,4147619,-
MA_RS17535,MA3359,"MA3359,MA_3359",MA_RS17535,protein_coding,NC_003552.1,4147616,4148698,-
MA_RS17540,,,MA_RS17540,protein_coding,NC_003552.1,4149667,4149855,-
MA_RS17545,MA3360,"MA3360,MA_3360",MA_RS17545,protein_coding,NC_003552.1,4150204,4151085,-
MA_RS17550,MA3361,"MA3361,MA_3361",tnpB,protein_coding,NC_003552.1,4151276,4152388,-
MA_RS17560,MA3365,"MA3365,MA_3365",MA_RS17560,protein_coding,NC_003552.1,4153088,4154605,+
MA_RS17565,MA3366,"MA3366,MA_3366",MA_RS17565,protein_coding,NC_003552.1,4155441,4156466,+
MA_RS17570,MA3367,"MA3367,MA_3367",MA_RS17570,protein_coding,NC_003552.1,4156509,4156787,-
MA_RS25835,MA_3368,MA_3368,MA_RS25835,protein_coding,NC_003552.1,4157233,4161576,+
MA_RS17580,MA3369,"MA3369,MA_3369",MA_RS17580,protein_coding,NC_003552.1,4162200,4163939,+
MA_RS24765,MA_3370,MA_3370,MA_RS24765,protein_coding,NC_003552.1,4164504,4167884,+
MA_RS17590,MA3371,"MA3371,MA_3371",MA_RS17590,protein_coding,NC_003552.1,4167998,4168489,-
MA_RS17595,MA3372,"MA3372,MA_3372",anfO,protein_coding,NC_003552.1,4168769,4169398,-
MA_RS17605,MA3373,"MA3373,MA_3373",ilvD,protein_coding,NC_003552.1,4169891,4171552,+
MA_RS25840,,,MA_RS25840,protein_coding,NC_003552.1,4171715,4172397,-
MA_RS17620,MA3376,"MA3376,MA_3376",MA_RS17620,protein_coding,NC_003552.1,4172585,4172860,+
MA_RS17625,MA3377,"MA3377,MA_3377",MA_RS17625,protein_coding,NC_003552.1,4173579,4175303,+
MA_RS17630,MA3378,"MA3378,MA_3378",MA_RS17630,protein_coding,NC_003552.1,4175534,4175815,-
MA_RS27385,,,MA_RS27385,protein_coding,NC_003552.1,4175976,4176140,-
MA_RS17635,MA3379,"MA3379,MA_3379",MA_RS17635,protein_coding,NC_003552.1,4176650,4177969,-
MA_RS17640,MA3380,"MA3380,MA_3380",MA_RS17640,protein_coding,NC_003552.1,4178279,4179148,+
MA_RS17645,MA3381,"MA3381,MA_3381",MA_RS17645,protein_coding,NC_003552.1,4179205,4180386,-
MA_RS17650,MA3382,"MA3382,MA_3382",MA_RS17650,protein_coding,NC_003552.1,4180820,4182340,+
MA_RS17655,MA3383,"MA3383,MA_3383",MA_RS17655,protein_coding,NC_003552.1,4182760,4183080,-
MA_RS27390,MA_3384,MA_3384,MA_RS27390,protein_coding,NC_003552.1,4183089,4183310,-
MA_RS17665,MA3385,"MA3385,MA_3385",MA_RS17665,protein_coding,NC_003552.1,4183734,4184420,+
MA_RS28930,MA_3386,MA_3386,MA_RS28930,protein_coding,NC_003552.1,4184814,4185341,+
MA_RS17675,MA3387,"MA3387,MA_3387",MA_RS17675,protein_coding,NC_003552.1,4185724,4186977,-
MA_RS17680,MA3388,"MA3388,MA_3388",MA_RS17680,protein_coding,NC_003552.1,4187242,4188516,+
MA_RS17685,MA3389,"MA3389,MA_3389",MA_RS17685,protein_coding,NC_003552.1,4188616,4189404,-
MA_RS17690,,,MA_RS17690,protein_coding,NC_003552.1,4189707,4192769,+
MA_RS17695,MA3391,"MA3391,MA_3391",MA_RS17695,protein_coding,NC_003552.1,4192845,4193162,+
MA_RS17700,,,MA_RS17700,protein_coding,NC_003552.1,4193555,4193740,+
MA_RS17705,MA3392,"MA3392,MA_3392",MA_RS17705,protein_coding,NC_003552.1,4194107,4194841,-
MA_RS17710,MA3393,"MA3393,MA_3393",MA_RS17710,protein_coding,NC_003552.1,4194877,4195659,-
MA_RS17720,,,MA_RS17720,protein_coding,NC_003552.1,4196570,4198987,+
MA_RS17725,MA3395,"MA3395,MA_3395",MA_RS17725,protein_coding,NC_003552.1,4199079,4199771,+
MA_RS17730,MA3396,"MA3396,MA_3396",MA_RS17730,protein_coding,NC_003552.1,4199826,4200647,+
MA_RS17735,MA3397,"MA3397,MA_3397",MA_RS17735,protein_coding,NC_003552.1,4200644,4201759,+
MA_RS17745,MA3398,"MA3398,MA_3398",MA_RS17745,protein_coding,NC_003552.1,4202439,4203377,-
MA_RS17750,MA3399,"MA3399,MA_3399",MA_RS17750,protein_coding,NC_003552.1,4203378,4204424,-
MA_RS17755,MA3400,"MA3400,MA_3400",MA_RS17755,protein_coding,NC_003552.1,4204779,4205276,+
MA_RS17760,MA3401,"MA3401,MA_3401",MA_RS17760,protein_coding,NC_003552.1,4205412,4205774,+
MA_RS27395,,,MA_RS27395,protein_coding,NC_003552.1,4206119,4206274,-
MA_RS17765,MA3402,"MA3402,MA_3402",MA_RS17765,protein_coding,NC_003552.1,4206480,4207034,+
MA_RS17770,,,MA_RS17770,protein_coding,NC_003552.1,4207219,4207398,-
MA_RS17775,MA3404,"MA3404,MA_3404",MA_RS17775,protein_coding,NC_003552.1,4207535,4208299,-
MA_RS17780,MA3405,"MA3405,MA_3405",MA_RS17780,protein_coding,NC_003552.1,4208576,4210861,-
MA_RS17785,MA3406,"MA3406,MA_3406",MA_RS17785,protein_coding,NC_003552.1,4211729,4212007,-
MA_RS17790,MA3407,"MA3407,MA_3407",MA_RS17790,protein_coding,NC_003552.1,4212213,4212686,+
MA_RS17795,MA3408,"MA3408,MA_3408",ppsA,protein_coding,NC_003552.1,4213024,4215432,+
MA_RS17800,,,MA_RS17800,protein_coding,NC_003552.1,4215701,4215895,+
MA_RS17805,MA3410,"MA3410,MA_3410",MA_RS17805,protein_coding,NC_003552.1,4216405,4217676,+
MA_RS17810,MA3411,"MA3411,MA_3411",MA_RS17810,protein_coding,NC_003552.1,4217735,4218373,-
MA_RS17815,,,MA_RS17815,protein_coding,NC_003552.1,4218710,4218910,+
MA_RS27405,,,MA_RS27405,protein_coding,NC_003552.1,4218927,4219085,-
MA_RS17825,MA3413,"MA3413,MA_3413",MA_RS17825,protein_coding,NC_003552.1,4219624,4220040,+
MA_RS17830,,,MA_RS17830,protein_coding,NC_003552.1,4220142,4220411,+
MA_RS17835,MA3415,"MA3415,MA_3415",MA_RS17835,protein_coding,NC_003552.1,4220480,4221142,-
MA_RS17840,MA3416,"MA3416,MA_3416",MA_RS17840,protein_coding,NC_003552.1,4221402,4222013,-
MA_RS17845,MA3418,"MA3418,MA_3418",MA_RS17845,protein_coding,NC_003552.1,4222732,4225041,-
MA_RS17850,,,MA_RS17850,protein_coding,NC_003552.1,4225232,4225492,+
MA_RS17855,MA3419,"MA3419,MA_3419",MA_RS17855,protein_coding,NC_003552.1,4225583,4226425,-
MA_RS17860,MA3420,"MA3420,MA_3420",MA_RS17860,protein_coding,NC_003552.1,4226499,4226798,-
MA_RS25855,MA_3422,MA_3422,MA_RS25855,protein_coding,NC_003552.1,4227273,4227431,+
MA_RS25860,,,MA_RS25860,protein_coding,NC_003552.1,4227527,4227682,-
MA_RS25865,,,MA_RS25865,protein_coding,NC_003552.1,4227865,4228017,-
MA_RS17870,MA3423,"MA3423,MA_3423",MA_RS17870,protein_coding,NC_003552.1,4227956,4228285,-
MA_RS17875,MA3424,"MA3424,MA_3424",MA_RS17875,protein_coding,NC_003552.1,4228546,4229478,+
MA_RS25870,MA_3425,MA_3425,MA_RS25870,protein_coding,NC_003552.1,4229506,4229676,+
MA_RS17880,MA3426,"MA3426,MA_3426",MA_RS17880,protein_coding,NC_003552.1,4229746,4230369,-
MA_RS17885,MA3427,"MA3427,MA_3427",MA_RS17885,protein_coding,NC_003552.1,4230362,4230733,-
MA_RS17890,MA3428,"MA3428,MA_3428",MA_RS17890,protein_coding,NC_003552.1,4231049,4231519,-
MA_RS17895,MA3429,"MA3429,MA_3429",MA_RS17895,protein_coding,NC_003552.1,4231676,4231990,-
MA_RS17900,MA3430,"MA3430,MA_3430",MA_RS17900,protein_coding,NC_003552.1,4232597,4234789,+
MA_RS17905,MA3431,"MA3431,MA_3431",MA_RS17905,protein_coding,NC_003552.1,4234953,4235192,-
MA_RS17910,MA3432,"MA3432,MA_3432",MA_RS17910,protein_coding,NC_003552.1,4235341,4236678,-
MA_RS17915,MA3433,"MA3433,MA_3433",istB,protein_coding,NC_003552.1,4237655,4238428,-
MA_RS29525,,,MA_RS29525,protein_coding,NC_003552.1,4240273,4240407,+
MA_RS17925,MAt4724,MAt4724,MA_RS17925,tRNA,NC_003552.1,4240739,4240810,+
MA_RS17935,MA3436,"MA3436,MA_3436",MA_RS17935,protein_coding,NC_003552.1,4241130,4242080,-
MA_RS17940,MA3437,"MA3437,MA_3437",MA_RS17940,protein_coding,NC_003552.1,4242276,4243091,+
MA_RS17945,MA3438,"MA3438,MA_3438",MA_RS17945,protein_coding,NC_003552.1,4243091,4243429,+
MA_RS17950,MA3439,"MA3439,MA_3439",MA_RS17950,protein_coding,NC_003552.1,4243519,4244376,+
MA_RS17955,MA3440,"MA3440,MA_3440",MA_RS17955,protein_coding,NC_003552.1,4244421,4245488,-
MA_RS17960,MA3441,"MA3441,MA_3441",MA_RS17960,protein_coding,NC_003552.1,4245761,4246270,-
MA_RS27410,MA_3442,MA_3442,MA_RS27410,protein_coding,NC_003552.1,4246484,4246960,-
MA_RS17975,MA3443,"MA3443,MA_3443",MA_RS17975,protein_coding,NC_003552.1,4248370,4249350,+
MA_RS17980,MA3444,"MA3444,MA_3444",MA_RS17980,protein_coding,NC_003552.1,4249381,4250268,+
MA_RS17985,,,MA_RS17985,protein_coding,NC_003552.1,4250357,4250536,-
MA_RS17990,MA3445,"MA3445,MA_3445",rsgA,protein_coding,NC_003552.1,4250720,4251829,+
MA_RS17995,MA3446,"MA3446,MA_3446",MA_RS17995,protein_coding,NC_003552.1,4252153,4253205,+
MA_RS18000,MA3447,"MA3447,MA_3447",MA_RS18000,protein_coding,NC_003552.1,4253913,4254275,-
MA_RS18005,MA3448,"MA3448,MA_3448",amrS,protein_coding,NC_003552.1,4254467,4255495,+
MA_RS18010,MA3449,"MA3449,MA_3449",MA_RS18010,protein_coding,NC_003552.1,4255870,4256634,+
MA_RS18015,MA3450,"MA3450,MA_3450",MA_RS18015,protein_coding,NC_003552.1,4256782,4257411,+
MA_RS18020,MA3451,"MA3451,MA_3451",MA_RS18020,protein_coding,NC_003552.1,4257411,4258685,+
MA_RS18025,MA3452,"MA3452,MA_3452",MA_RS18025,protein_coding,NC_003552.1,4258734,4259828,+
MA_RS27415,,,MA_RS27415,protein_coding,NC_003552.1,4259848,4259991,+
MA_RS18030,MA3453,"MA3453,MA_3453",MA_RS18030,protein_coding,NC_003552.1,4259985,4260764,+
MA_RS18035,,,MA_RS18035,protein_coding,NC_003552.1,4261079,4261264,+
MA_RS18040,MA3454,"MA3454,MA_3454",MA_RS18040,protein_coding,NC_003552.1,4262067,4262825,-
MA_RS18045,MA3455,"MA3455,MA_3455",MA_RS18045,protein_coding,NC_003552.1,4262837,4264453,-
MA_RS18050,MA3456,"MA3456,MA_3456",MA_RS18050,protein_coding,NC_003552.1,4264481,4265446,-
MA_RS18055,MA3457,"MA3457,MA_3457",nikD,protein_coding,NC_003552.1,4265458,4266270,-
MA_RS18060,MA3458,"MA3458,MA_3458",nikC,protein_coding,NC_003552.1,4266254,4267123,-
MA_RS18065,MA4673,"MA4673,MA_4673",nikB,protein_coding,NC_003552.1,4267136,4268065,-
MA_RS18070,MA3459,"MA3459,MA_3459",MA_RS18070,protein_coding,NC_003552.1,4268347,4269096,-
MA_RS18075,MA3460,"MA3460,MA_3460",MA_RS18075,protein_coding,NC_003552.1,4269957,4270346,-
MA_RS18080,MA3461,"MA3461,MA_3461",MA_RS18080,protein_coding,NC_003552.1,4270669,4272243,+
MA_RS18085,MA3462,"MA3462,MA_3462",nikB,protein_coding,NC_003552.1,4272267,4273208,+
MA_RS18090,MA3463,"MA3463,MA_3463",nikC,protein_coding,NC_003552.1,4273192,4274091,+
MA_RS18095,MA3464,"MA3464,MA_3464",MA_RS18095,protein_coding,NC_003552.1,4274088,4275119,+
MA_RS18100,MA3465,"MA3465,MA_3465",MA_RS18100,protein_coding,NC_003552.1,4275107,4275805,+
MA_RS18105,MA3466,"MA3466,MA_3466",MA_RS18105,protein_coding,NC_003552.1,4276107,4277201,+
MA_RS18110,,,MA_RS18110,protein_coding,NC_003552.1,4277493,4277657,-
MA_RS18115,MA3467,"MA3467,MA_3467",MA_RS18115,protein_coding,NC_003552.1,4277937,4279088,+
MA_RS18120,MA3468,"MA3468,MA_3468",MA_RS18120,protein_coding,NC_003552.1,4279368,4279850,-
MA_RS18125,MA3469,"MA3469,MA_3469",MA_RS18125,protein_coding,NC_003552.1,4280294,4280620,-
MA_RS24770,MA_3471,MA_3471,MA_RS24770,protein_coding,NC_003552.1,4282879,4295529,-
MA_RS18150,MA3472,"MA3472,MA_3472",MA_RS18150,protein_coding,NC_003552.1,4295936,4296760,-
MA_RS27420,,,MA_RS27420,protein_coding,NC_003552.1,4296888,4297052,-
MA_RS18155,,,MA_RS18155,protein_coding,NC_003552.1,4297696,4299429,-
MA_RS18160,,,MA_RS18160,protein_coding,NC_003552.1,4299445,4301181,-
MA_RS18165,MA3475,"MA3475,MA_3475",MA_RS18165,protein_coding,NC_003552.1,4302118,4302429,-
MA_RS18170,MA3476,"MA3476,MA_3476",MA_RS18170,protein_coding,NC_003552.1,4302429,4302884,-
MA_RS18175,MA3477,"MA3477,MA_3477",feoB,protein_coding,NC_003552.1,4302898,4304895,-
MA_RS18180,MA3478,"MA3478,MA_3478",MA_RS18180,protein_coding,NC_003552.1,4304888,4305130,-
MA_RS18185,MA3479,"MA3479,MA_3479",MA_RS18185,protein_coding,NC_003552.1,4305144,4305392,-
MA_RS18190,,,MA_RS18190,protein_coding,NC_003552.1,4305708,4306040,+
MA_RS18195,MA3481,"MA3481,MA_3481",MA_RS18195,protein_coding,NC_003552.1,4306548,4308644,-
MA_RS18200,MA3482,"MA3482,MA_3482",amrS,protein_coding,NC_003552.1,4308896,4309954,+
MA_RS18210,MA3484,"MA3484,MA_3484",MA_RS18210,protein_coding,NC_003552.1,4310451,4310972,-
MA_RS18215,MA3485,"MA3485,MA_3485",MA_RS18215,protein_coding,NC_003552.1,4311140,4311454,-
MA_RS18220,MA3486,"MA3486,MA_3486",MA_RS18220,protein_coding,NC_003552.1,4311675,4312022,-
MA_RS18225,MA4666,"MA4666,MA_4666",tatC,protein_coding,NC_003552.1,4312106,4312891,-
MA_RS18230,MA4667,"MA4667,MA_4667",tatC,protein_coding,NC_003552.1,4313773,4314552,+
MA_RS27425,,,MA_RS27425,protein_coding,NC_003552.1,4314558,4314698,+
MA_RS25880,MA_3489,MA_3489,MA_RS25880,protein_coding,NC_003552.1,4315028,4315918,+
MA_RS29835,,,MA_RS29835,protein_coding,NC_003552.1,4321068,4321610,-
MA_RS18245,,,MA_RS18245,protein_coding,NC_003552.1,4322717,4323376,-
MA_RS18250,,,MA_RS18250,protein_coding,NC_003552.1,4323426,4323959,-
MA_RS18255,MA3492,"MA3492,MA_3492",MA_RS18255,protein_coding,NC_003552.1,4324668,4325804,+
MA_RS18260,MA3493,"MA3493,MA_3493",MA_RS18260,protein_coding,NC_003552.1,4326496,4327782,+
MA_RS18265,,,MA_RS18265,protein_coding,NC_003552.1,4327963,4328154,+
MA_RS18270,MA3494,"MA3494,MA_3494",MA_RS18270,protein_coding,NC_003552.1,4328285,4329073,+
MA_RS18275,MA3495,"MA3495,MA_3495",MA_RS18275,protein_coding,NC_003552.1,4329656,4330816,+
MA_RS18280,MA3496,"MA3496,MA_3496",MA_RS18280,protein_coding,NC_003552.1,4331551,4332102,-
MA_RS18285,MA3497,"MA3497,MA_3497",MA_RS18285,protein_coding,NC_003552.1,4332323,4334374,-
MA_RS18290,MA3498,"MA3498,MA_3498",MA_RS18290,protein_coding,NC_003552.1,4334745,4336667,-
MA_RS18295,MA3499,"MA3499,MA_3499",MA_RS18295,protein_coding,NC_003552.1,4337027,4337215,+
MA_RS18300,MA3500,"MA3500,MA_3500",MA_RS18300,protein_coding,NC_003552.1,4337212,4337493,+
MA_RS18305,MA3501,"MA3501,MA_3501",MA_RS18305,protein_coding,NC_003552.1,4337841,4338578,+
MA_RS18310,MA3502,"MA3502,MA_3502",MA_RS18310,protein_coding,NC_003552.1,4338617,4340170,-
MA_RS18325,MA3505,"MA3505,MA_3505",istB,protein_coding,NC_003552.1,4341627,4342400,-
MA_RS18330,MA3506,"MA3506,MA_3506",istA,protein_coding,NC_003552.1,4342397,4343641,-
MA_RS18340,MA3508,"MA3508,MA_3508",MA_RS18340,protein_coding,NC_003552.1,4345284,4345715,-
MA_RS18345,MA3509,"MA3509,MA_3509",MA_RS18345,protein_coding,NC_003552.1,4346148,4346792,+
MA_RS18355,MA3512,"MA3512,MA_3512",cofE,protein_coding,NC_003552.1,4348062,4348868,-
MA_RS18360,MA3513,"MA3513,MA_3513",MA_RS18360,protein_coding,NC_003552.1,4349120,4349932,-
MA_RS18370,MA3514,"MA3514,MA_3514",MA_RS18370,protein_coding,NC_003552.1,4350294,4351172,-
MA_RS18375,MA3515,"MA3515,MA_3515",MA_RS18375,protein_coding,NC_003552.1,4351197,4351811,-
MA_RS18380,MA3516,"MA3516,MA_3516",folP,protein_coding,NC_003552.1,4351814,4353040,-
MA_RS18390,MA3519,"MA3519,MA_3519",MA_RS18390,protein_coding,NC_003552.1,4354473,4355345,-
MA_RS18395,MA3520,"MA3520,MA_3520",glyA,protein_coding,NC_003552.1,4355362,4356600,-
MA_RS27435,MA_3521,MA_3521,MA_RS27435,protein_coding,NC_003552.1,4356870,4357202,+
MA_RS18400,MA3522,"MA3522,MA_3522",purN,protein_coding,NC_003552.1,4357221,4357829,-
MA_RS18405,MA3523,"MA3523,MA_3523",MA_RS18405,protein_coding,NC_003552.1,4358028,4358213,+
MA_RS18410,MA3524,"MA3524,MA_3524",MA_RS18410,protein_coding,NC_003552.1,4358429,4359415,-
MA_RS18415,MA3525,"MA3525,MA_3525",MA_RS18415,protein_coding,NC_003552.1,4359569,4360855,+
MA_RS18420,MA3526,"MA3526,MA_3526",MA_RS18420,protein_coding,NC_003552.1,4360928,4361743,-
MA_RS18425,MA3527,"MA3527,MA_3527",MA_RS18425,protein_coding,NC_003552.1,4362400,4364760,+
MA_RS18430,MA3528,"MA3528,MA_3528",MA_RS18430,protein_coding,NC_003552.1,4364937,4365191,+
MA_RS18445,MA3531,"MA3531,MA_3531",MA_RS18445,protein_coding,NC_003552.1,4367611,4368078,+
MA_RS28945,,,MA_RS28945,protein_coding,NC_003552.1,4368097,4368294,+
MA_RS18450,MA3532,"MA3532,MA_3532",MA_RS18450,protein_coding,NC_003552.1,4368371,4369192,+
MA_RS18455,MA3533,"MA3533,MA_3533",MA_RS18455,protein_coding,NC_003552.1,4369251,4369592,+
MA_RS18460,MA3534,"MA3534,MA_3534",MA_RS18460,protein_coding,NC_003552.1,4369749,4370474,+
MA_RS18465,MA3535,"MA3535,MA_3535",MA_RS18465,protein_coding,NC_003552.1,4370564,4371088,+
MA_RS28095,,,MA_RS28095,protein_coding,NC_003552.1,4372039,4372194,+
MA_RS18475,MA3537,"MA3537,MA_3537",MA_RS18475,protein_coding,NC_003552.1,4373078,4373428,+
MA_RS18480,MA3538,"MA3538,MA_3538",MA_RS18480,protein_coding,NC_003552.1,4373508,4374032,-
MA_RS18485,MA3539,"MA3539,MA_3539",MA_RS18485,protein_coding,NC_003552.1,4374398,4374895,+
MA_RS27440,,,MA_RS27440,protein_coding,NC_003552.1,4375078,4375215,+
MA_RS18490,MA3540,"MA3540,MA_3540",MA_RS18490,protein_coding,NC_003552.1,4375212,4375481,+
MA_RS18495,MA3541,"MA3541,MA_3541",MA_RS18495,protein_coding,NC_003552.1,4375670,4376635,+
MA_RS18500,MA3542,"MA3542,MA_3542",MA_RS18500,protein_coding,NC_003552.1,4376853,4380035,-
MA_RS24775,MA_3543,MA_3543,MA_RS24775,protein_coding,NC_003552.1,4380273,4382156,-
MA_RS18510,MA3544,"MA3544,MA_3544",MA_RS18510,protein_coding,NC_003552.1,4382665,4383345,-
MA_RS18515,MA3545,"MA3545,MA_3545",radA,protein_coding,NC_003552.1,4383412,4384389,-
MA_RS18520,MA3546,"MA3546,MA_3546",MA_RS18520,protein_coding,NC_003552.1,4384686,4385156,+
MA_RS18525,MA3547,"MA3547,MA_3547",MA_RS18525,protein_coding,NC_003552.1,4385227,4385559,+
MA_RS18530,MA3548,"MA3548,MA_3548",MA_RS18530,protein_coding,NC_003552.1,4385729,4386562,+
MA_RS18535,MA3549,"MA3549,MA_3549",MA_RS18535,protein_coding,NC_003552.1,4386697,4387737,-
MA_RS18540,MA3550,"MA3550,MA_3550",MA_RS18540,protein_coding,NC_003552.1,4388167,4388484,-
MA_RS27445,,,MA_RS27445,protein_coding,NC_003552.1,4388529,4388708,+
MA_RS18545,MA3551,"MA3551,MA_3551",MA_RS18545,protein_coding,NC_003552.1,4388806,4390167,-
MA_RS18550,MA3552,"MA3552,MA_3552",cbiQ,protein_coding,NC_003552.1,4390179,4390961,-
MA_RS18555,MA3553,"MA3553,MA_3553",MA_RS18555,protein_coding,NC_003552.1,4391075,4391413,-
MA_RS18560,MA3554,"MA3554,MA_3554",MA_RS18560,protein_coding,NC_003552.1,4391410,4392117,-
MA_RS18565,MA3555,"MA3555,MA_3555",MA_RS18565,protein_coding,NC_003552.1,4393034,4393495,-
MA_RS18570,MA3556,"MA3556,MA_3556",MA_RS18570,protein_coding,NC_003552.1,4393762,4396350,-
MA_RS18585,MA3559,"MA3559,MA_3559",cca,protein_coding,NC_003552.1,4398038,4399402,+
MA_RS18590,MA3560,"MA3560,MA_3560",MA_RS18590,protein_coding,NC_003552.1,4399565,4403035,+
MA_RS18595,MA3561,"MA3561,MA_3561",MA_RS18595,protein_coding,NC_003552.1,4403068,4403916,-
MA_RS18600,MA3562,"MA3562,MA_3562",MA_RS18600,protein_coding,NC_003552.1,4403903,4405333,-
MA_RS18605,MA3563,"MA3563,MA_3563",pfkC,protein_coding,NC_003552.1,4405536,4407011,-
MA_RS18610,MA3564,"MA3564,MA_3564",argJ,protein_coding,NC_003552.1,4407353,4408540,-
MA_RS18615,MA3565,"MA3565,MA_3565",MA_RS18615,protein_coding,NC_003552.1,4408558,4409022,-
MA_RS18620,MA3566,"MA3566,MA_3566",argC,protein_coding,NC_003552.1,4409097,4410110,-
MA_RS28955,,,MA_RS28955,protein_coding,NC_003552.1,4410309,4410506,-
MA_RS28960,MA_3567,MA_3567,MA_RS28960,protein_coding,NC_003552.1,4410496,4410795,-
MA_RS18630,MA3568,"MA3568,MA_3568",MA_RS18630,protein_coding,NC_003552.1,4411026,4411448,+
MA_RS27450,,,MA_RS27450,protein_coding,NC_003552.1,4411986,4412153,+
MA_RS18635,MA3570,"MA3570,MA_3570",MA_RS18635,protein_coding,NC_003552.1,4412358,4412780,+
MA_RS27455,MA_3571,MA_3571,MA_RS27455,protein_coding,NC_003552.1,4412954,4413157,+
MA_RS18640,MA3572,"MA3572,MA_3572",MA_RS18640,protein_coding,NC_003552.1,4413147,4414142,+
MA_RS29530,MA_3573,MA_3573,MA_RS29530,protein_coding,NC_003552.1,4414493,4414735,+
MA_RS29535,MA_3574,MA_3574,MA_RS29535,protein_coding,NC_003552.1,4414870,4415346,+
MA_RS18650,MA3575,"MA3575,MA_3575",MA_RS18650,protein_coding,NC_003552.1,4415422,4416240,-
MA_RS29845,,,MA_RS29845,protein_coding,NC_003552.1,4416493,4416588,+
MA_RS18655,MA3576,"MA3576,MA_3576",MA_RS18655,protein_coding,NC_003552.1,4416867,4417964,+
MA_RS18660,MA3577,"MA3577,MA_3577",MA_RS18660,protein_coding,NC_003552.1,4418082,4419338,-
MA_RS25900,MA_3578,MA_3578,MA_RS25900,protein_coding,NC_003552.1,4419809,4420324,+
MA_RS18670,,,MA_RS18670,protein_coding,NC_003552.1,4420969,4421208,-
MA_RS18675,MA3580,"MA3580,MA_3580",MA_RS18675,protein_coding,NC_003552.1,4421460,4421816,-
MA_RS18680,MA3581,"MA3581,MA_3581",MA_RS18680,protein_coding,NC_003552.1,4421829,4422080,+
MA_RS18685,MA3582,"MA3582,MA_3582",MA_RS18685,protein_coding,NC_003552.1,4422124,4422810,-
MA_RS18690,MA3583,"MA3583,MA_3583",MA_RS18690,protein_coding,NC_003552.1,4422813,4424021,-
MA_RS18695,MA3584,"MA3584,MA_3584",MA_RS18695,protein_coding,NC_003552.1,4424034,4425263,-
MA_RS18700,MA3585,"MA3585,MA_3585",MA_RS18700,protein_coding,NC_003552.1,4425560,4425880,-
MA_RS18705,MA3586,"MA3586,MA_3586",MA_RS18705,protein_coding,NC_003552.1,4426354,4426998,-
MA_RS18715,,,MA_RS18715,protein_coding,NC_003552.1,4427972,4428268,-
MA_RS18720,,,MA_RS18720,protein_coding,NC_003552.1,4428554,4429021,-
MA_RS18725,MA3589,"MA3589,MA_3589",MA_RS18725,protein_coding,NC_003552.1,4430115,4430573,+
MA_RS18730,MA4663,"MA4663,MA_4663",MA_RS18730,protein_coding,NC_003552.1,4431200,4432420,-
MA_RS18735,MA3591,"MA3591,MA_3591",MA_RS18735,protein_coding,NC_003552.1,4432692,4433291,-
MA_RS18740,MA3592,"MA3592,MA_3592",MA_RS18740,protein_coding,NC_003552.1,4433538,4434788,-
MA_RS18745,MA3593,"MA3593,MA_3593",MA_RS18745,protein_coding,NC_003552.1,4435107,4435718,+
MA_RS18750,MA3594,"MA3594,MA_3594",MA_RS18750,protein_coding,NC_003552.1,4436002,4436298,+
MA_RS18755,MA3595,"MA3595,MA_3595",MA_RS18755,protein_coding,NC_003552.1,4436432,4436626,+
MA_RS18760,MA3596,"MA3596,MA_3596",MA_RS18760,protein_coding,NC_003552.1,4436838,4437032,+
MA_RS24790,MA_3597,MA_3597,MA_RS24790,protein_coding,NC_003552.1,4437145,4437669,-
MA_RS18770,MA3598,"MA3598,MA_3598",MA_RS18770,protein_coding,NC_003552.1,4438049,4439476,-
MA_RS18775,MA3599,"MA3599,MA_3599",MA_RS18775,protein_coding,NC_003552.1,4439689,4441152,-
MA_RS18780,MA3600,"MA3600,MA_3600",MA_RS18780,protein_coding,NC_003552.1,4441158,4442033,-
MA_RS18785,MA3601,"MA3601,MA_3601",MA_RS18785,protein_coding,NC_003552.1,4442030,4442659,-
MA_RS18790,MA3602,"MA3602,MA_3602",MA_RS18790,protein_coding,NC_003552.1,4443030,4443776,-
MA_RS18795,MA3603,"MA3603,MA_3603",MA_RS18795,protein_coding,NC_003552.1,4443938,4444216,-
MA_RS18800,MA3604,"MA3604,MA_3604",MA_RS18800,protein_coding,NC_003552.1,4444381,4445754,-
MA_RS27460,,,MA_RS27460,protein_coding,NC_003552.1,4446575,4446730,+
MA_RS18805,MA3606,"MA3606,MA_3606",MA_RS18805,protein_coding,NC_003552.1,4446722,4447948,-
MA_RS18810,MA3607,"MA3607,MA_3607",pta,protein_coding,NC_003552.1,4448053,4449054,-
MA_RS18815,MA3608,"MA3608,MA_3608",MA_RS18815,protein_coding,NC_003552.1,4449310,4449879,+
MA_RS18820,MA3609,"MA3609,MA_3609",MA_RS18820,protein_coding,NC_003552.1,4450117,4451886,+
MA_RS18825,MA3610,"MA3610,MA_3610",MA_RS18825,protein_coding,NC_003552.1,4452427,4452921,+
MA_RS29540,,,MA_RS29540,protein_coding,NC_003552.1,4452978,4453106,+
MA_RS18830,MA3611,"MA3611,MA_3611",MA_RS18830,protein_coding,NC_003552.1,4453085,4453876,+
MA_RS18835,MA3612,"MA3612,MA_3612",MA_RS18835,protein_coding,NC_003552.1,4454041,4457514,+
MA_RS18840,MA3613,"MA3613,MA_3613",mtaA,protein_coding,NC_003552.1,4457617,4458657,+
MA_RS18845,MA3614,"MA3614,MA_3614",MA_RS18845,protein_coding,NC_003552.1,4459184,4460323,+
MA_RS18850,MA3615,"MA3615,MA_3615",MA_RS18850,protein_coding,NC_003552.1,4460696,4461403,-
MA_RS18860,MA3617,"MA3617,MA_3617",MA_RS18860,protein_coding,NC_003552.1,4462303,4462668,-
MA_RS18865,MA3618,"MA3618,MA_3618",MA_RS18865,protein_coding,NC_003552.1,4462758,4463411,-
MA_RS18870,MA3619,"MA3619,MA_3619",MA_RS18870,protein_coding,NC_003552.1,4463699,4463983,-
MA_RS25905,MA_3620,MA_3620,MA_RS25905,protein_coding,NC_003552.1,4464357,4464896,-
MA_RS18880,MA3621,"MA3621,MA_3621",MA_RS18880,protein_coding,NC_003552.1,4465222,4465896,-
MA_RS18885,MA3622,"MA3622,MA_3622",hflX,protein_coding,NC_003552.1,4466571,4467848,-
MA_RS18890,MA3623,"MA3623,MA_3623",MA_RS18890,protein_coding,NC_003552.1,4467851,4468246,-
MA_RS18895,MA3624,"MA3624,MA_3624",endA,protein_coding,NC_003552.1,4468439,4469491,-
MA_RS18905,MA3626,"MA3626,MA_3626",cfbB,protein_coding,NC_003552.1,4469811,4471304,-
MA_RS18910,MA3627,"MA3627,MA_3627",cfbC,protein_coding,NC_003552.1,4471450,4472247,-
MA_RS18915,MA3628,"MA3628,MA_3628",cfbD,protein_coding,NC_003552.1,4472423,4473535,-
MA_RS18920,MA3630,"MA3630,MA_3630",cfbE,protein_coding,NC_003552.1,4473872,4475290,-
MA_RS18925,MA3631,"MA3631,MA_3631",cfbA,protein_coding,NC_003552.1,4475317,4475709,-
MA_RS18930,MA3632,"MA3632,MA_3632",MA_RS18930,protein_coding,NC_003552.1,4476320,4478251,+
MA_RS18935,,,MA_RS18935,protein_coding,NC_003552.1,4478589,4479065,-
MA_RS18940,MA3633,"MA3633,MA_3633",MA_RS18940,protein_coding,NC_003552.1,4479515,4480285,-
MA_RS18945,MA3634,"MA3634,MA_3634",MA_RS18945,protein_coding,NC_003552.1,4480698,4480952,-
MA_RS18950,MA3635,"MA3635,MA_3635",MA_RS18950,protein_coding,NC_003552.1,4481236,4482048,-
MA_RS18955,MA3636,"MA3636,MA_3636",MA_RS18955,protein_coding,NC_003552.1,4482164,4482517,-
MA_RS18960,MA3637,"MA3637,MA_3637",MA_RS18960,protein_coding,NC_003552.1,4482900,4483250,-
MA_RS18965,MA3638,"MA3638,MA_3638",MA_RS18965,protein_coding,NC_003552.1,4483667,4484944,-
MA_RS18970,MA3639,"MA3639,MA_3639",MA_RS18970,protein_coding,NC_003552.1,4485322,4487499,+
MA_RS18975,MA3640,"MA3640,MA_3640",MA_RS18975,protein_coding,NC_003552.1,4487738,4488871,+
MA_RS18980,MA3641,"MA3641,MA_3641",MA_RS18980,protein_coding,NC_003552.1,4488896,4489966,+
MA_RS18985,MA3642,"MA3642,MA_3642",MA_RS18985,protein_coding,NC_003552.1,4489963,4490718,+
MA_RS18990,MA3643,"MA3643,MA_3643",MA_RS18990,protein_coding,NC_003552.1,4491032,4491430,+
MA_RS19000,MA3644,"MA3644,MA_3644",MA_RS19000,protein_coding,NC_003552.1,4492443,4492730,-
MA_RS28975,,,MA_RS28975,protein_coding,NC_003552.1,4493022,4493210,-
MA_RS19005,MA3645,"MA3645,MA_3645",ltrA,protein_coding,NC_003552.1,4493729,4495222,+
MA_RS19010,MA3646,"MA3646,MA_3646",MA_RS19010,protein_coding,NC_003552.1,4495495,4496739,-
MA_RS27475,,,MA_RS27475,protein_coding,NC_003552.1,4499499,4499645,+
MA_RS29855,,,MA_RS29855,protein_coding,NC_003552.1,4499748,4499927,+
MA_RS19020,MA3649,"MA3649,MA_3649",MA_RS19020,protein_coding,NC_003552.1,4500391,4500684,+
MA_RS19025,MA3650,"MA3650,MA_3650",MA_RS19025,protein_coding,NC_003552.1,4501637,4502437,-
MA_RS19035,,,MA_RS19035,protein_coding,NC_003552.1,4503157,4503333,-
MA_RS19040,MA3652,"MA3652,MA_3652",MA_RS19040,protein_coding,NC_003552.1,4503602,4504606,-
MA_RS24800,MA_3654,MA_3654,MA_RS24800,protein_coding,NC_003552.1,4505521,4505991,-
MA_RS19055,MA3655,"MA3655,MA_3655",MA_RS19055,protein_coding,NC_003552.1,4506486,4507166,+
MA_RS19060,MA3656,"MA3656,MA_3656",MA_RS19060,protein_coding,NC_003552.1,4507960,4508202,+
MA_RS19065,MA3657,"MA3657,MA_3657",MA_RS19065,protein_coding,NC_003552.1,4508624,4509754,+
MA_RS19070,MA3658,"MA3658,MA_3658",MA_RS19070,protein_coding,NC_003552.1,4510122,4510694,-
MA_RS19075,MA3660,"MA3660,MA_3660",MA_RS19075,protein_coding,NC_003552.1,4511154,4511882,-
MA_RS19080,MA3661,"MA3661,MA_3661",MA_RS19080,protein_coding,NC_003552.1,4512479,4513615,-
MA_RS19085,MA3662,"MA3662,MA_3662",MA_RS19085,protein_coding,NC_003552.1,4513829,4514626,-
MA_RS28980,,,MA_RS28980,protein_coding,NC_003552.1,4515422,4515568,+
MA_RS24805,MA_3664,MA_3664,MA_RS24805,protein_coding,NC_003552.1,4515648,4517282,-
MA_RS29545,,,MA_RS29545,protein_coding,NC_003552.1,4517507,4517629,-
MA_RS19100,,,MA_RS19100,protein_coding,NC_003552.1,4517626,4517811,-
MA_RS19105,MA3665,"MA3665,MA_3665",MA_RS19105,protein_coding,NC_003552.1,4518093,4520309,-
MA_RS19110,MA3666,"MA3666,MA_3666",cas5b,protein_coding,NC_003552.1,4520330,4520953,-
MA_RS19115,MA3667,"MA3667,MA_3667",cas7i,protein_coding,NC_003552.1,4520955,4521956,-
MA_RS19120,MA3668,"MA3668,MA_3668",cas8a1,protein_coding,NC_003552.1,4521959,4523323,-
MA_RS29550,,,MA_RS29550,protein_coding,NC_003552.1,4525702,4525833,+
MA_RS19125,MA3669,"MA3669,MA_3669",cas2,protein_coding,NC_003552.1,4525863,4526126,-
MA_RS19130,MA3670,"MA3670,MA_3670",cas1b,protein_coding,NC_003552.1,4526128,4527129,-
MA_RS19135,MA3671,"MA3671,MA_3671",cas4,protein_coding,NC_003552.1,4527195,4527782,-
MA_RS19140,MA3672,"MA3672,MA_3672",cas6,protein_coding,NC_003552.1,4527795,4528535,-
MA_RS19145,MA3673,"MA3673,MA_3673",MA_RS19145,protein_coding,NC_003552.1,4529199,4529918,-
MA_RS19150,MA3674,"MA3674,MA_3674",MA_RS19150,protein_coding,NC_003552.1,4530054,4530548,+
MA_RS19155,MA3675,"MA3675,MA_3675",MA_RS19155,protein_coding,NC_003552.1,4530801,4531157,-
MA_RS19160,MA3676,"MA3676,MA_3676",MA_RS19160,protein_coding,NC_003552.1,4531728,4532552,+
MA_RS19165,MA3677,"MA3677,MA_3677",MA_RS19165,protein_coding,NC_003552.1,4532713,4533507,+
MA_RS19170,MA3678,"MA3678,MA_3678",MA_RS19170,protein_coding,NC_003552.1,4534112,4534918,+
MA_RS19175,MA3679,"MA3679,MA_3679",MA_RS19175,protein_coding,NC_003552.1,4535295,4537088,+
MA_RS19180,MA3680,"MA3680,MA_3680",MA_RS19180,protein_coding,NC_003552.1,4537146,4538174,+
MA_RS19185,MA3682,"MA3682,MA_3682",MA_RS19185,protein_coding,NC_003552.1,4538527,4539690,+
MA_RS19190,MA3683,"MA3683,MA_3683",MA_RS19190,protein_coding,NC_003552.1,4540138,4541253,+
MA_RS19195,MA3684,"MA3684,MA_3684",MA_RS19195,protein_coding,NC_003552.1,4541474,4542109,-
MA_RS19200,MA3685,"MA3685,MA_3685",MA_RS19200,protein_coding,NC_003552.1,4542185,4542634,-
MA_RS19205,MA3686,"MA3686,MA_3686",MA_RS19205,protein_coding,NC_003552.1,4542926,4543996,-
MA_RS19210,MA3687,"MA3687,MA_3687",MA_RS19210,protein_coding,NC_003552.1,4544730,4545599,+
MA_RS19215,MA3688,"MA3688,MA_3688",MA_RS19215,protein_coding,NC_003552.1,4545709,4546452,+
MA_RS19220,MA3689,"MA3689,MA_3689",MA_RS19220,protein_coding,NC_003552.1,4546753,4547916,+
MA_RS19225,MA3690,"MA3690,MA_3690",MA_RS19225,protein_coding,NC_003552.1,4548286,4549512,+
MA_RS19230,MA3691,"MA3691,MA_3691",MA_RS19230,protein_coding,NC_003552.1,4549509,4549874,+
MA_RS19235,MA3692,"MA3692,MA_3692",MA_RS19235,protein_coding,NC_003552.1,4549933,4550517,+
MA_RS19240,MA3693,"MA3693,MA_3693",spt4,protein_coding,NC_003552.1,4550549,4550734,+
MA_RS19245,MA3694,"MA3694,MA_3694",MA_RS19245,protein_coding,NC_003552.1,4550736,4551323,+
MA_RS19250,MA3695,"MA3695,MA_3695",MA_RS19250,protein_coding,NC_003552.1,4551304,4551609,+
MA_RS19255,MA3696,"MA3696,MA_3696",MA_RS19255,protein_coding,NC_003552.1,4551631,4551780,+
MA_RS19260,,,MA_RS19260,protein_coding,NC_003552.1,4552297,4552479,+
MA_RS28985,MA_3698,MA_3698,MA_RS28985,protein_coding,NC_003552.1,4553226,4559276,-
MA_RS28990,MA_3699,MA_3699,MA_RS28990,protein_coding,NC_003552.1,4560677,4568131,-
MA_RS28995,MA_3700,MA_3700,MA_RS28995,protein_coding,NC_003552.1,4569639,4575284,-
MA_RS19285,,,MA_RS19285,protein_coding,NC_003552.1,4577047,4577331,-
MA_RS19290,MA3702,"MA3702,MA_3702",MA_RS19290,protein_coding,NC_003552.1,4577576,4578097,-
MA_RS19295,MA3703,"MA3703,MA_3703",MA_RS19295,protein_coding,NC_003552.1,4578346,4579473,-
MA_RS19300,MA3704,"MA3704,MA_3704",MA_RS19300,protein_coding,NC_003552.1,4580938,4584000,+
MA_RS19305,MA3705,"MA3705,MA_3705",MA_RS19305,protein_coding,NC_003552.1,4584164,4585807,+
MA_RS19310,MA3706,"MA3706,MA_3706",MA_RS19310,protein_coding,NC_003552.1,4585800,4586354,+
MA_RS19315,MA3707,"MA3707,MA_3707",MA_RS19315,protein_coding,NC_003552.1,4586552,4586905,-
MA_RS19320,MA3708,"MA3708,MA_3708",MA_RS19320,protein_coding,NC_003552.1,4587223,4587831,+
MA_RS19325,MA3709,"MA3709,MA_3709",MA_RS19325,protein_coding,NC_003552.1,4587863,4588600,-
MA_RS19330,MA3710,"MA3710,MA_3710",MA_RS19330,protein_coding,NC_003552.1,4588810,4588995,-
MA_RS19335,MA3711,"MA3711,MA_3711",MA_RS19335,protein_coding,NC_003552.1,4589153,4590214,+
MA_RS29000,,,MA_RS29000,protein_coding,NC_003552.1,4590622,4590798,+
MA_RS19350,MA3713,"MA3713,MA_3713",MA_RS19350,protein_coding,NC_003552.1,4591864,4592412,-
MA_RS19360,MA3715,"MA3715,MA_3715",nadE,protein_coding,NC_003552.1,4594139,4595203,-
MA_RS19365,MA3716,"MA3716,MA_3716",MA_RS19365,protein_coding,NC_003552.1,4595383,4596405,-
MA_RS19370,MA3717,"MA3717,MA_3717",MA_RS19370,protein_coding,NC_003552.1,4596386,4597864,-
MA_RS19375,MA3718,"MA3718,MA_3718",MA_RS19375,protein_coding,NC_003552.1,4597870,4598115,-
MA_RS19380,MA3719,"MA3719,MA_3719",MA_RS19380,protein_coding,NC_003552.1,4598317,4598997,-
MA_RS19385,MA3720,"MA3720,MA_3720",tnpB,protein_coding,NC_003552.1,4599140,4600252,-
MA_RS19395,MA3722,"MA3722,MA_3722",MA_RS19395,protein_coding,NC_003552.1,4601313,4601582,+
MA_RS19400,MA3723,"MA3723,MA_3723",uppS,protein_coding,NC_003552.1,4602144,4603085,+
MA_RS19415,MA3726,"MA3726,MA_3726",MA_RS19415,protein_coding,NC_003552.1,4603699,4605792,+
MA_RS19420,MA3727,"MA3727,MA_3727",MA_RS19420,protein_coding,NC_003552.1,4605922,4606155,+
MA_RS19425,MA3728,"MA3728,MA_3728",MA_RS19425,protein_coding,NC_003552.1,4606226,4606747,+
MA_RS19430,MA3729,"MA3729,MA_3729",MA_RS19430,protein_coding,NC_003552.1,4607006,4607407,+
MA_RS19435,MA3730,"MA3730,MA_3730",MA_RS19435,protein_coding,NC_003552.1,4607398,4607958,+
MA_RS19440,MA3731,"MA3731,MA_3731",MA_RS19440,protein_coding,NC_003552.1,4607997,4608518,-
MA_RS19445,MA3732,"MA3732,MA_3732",fpoF,protein_coding,NC_003552.1,4608584,4609624,-
MA_RS19450,MA3733,"MA3733,MA_3733",mer,protein_coding,NC_003552.1,4609732,4610718,-
MA_RS19455,,,MA_RS19455,protein_coding,NC_003552.1,4611134,4611325,+
MA_RS19460,MA4664,"MA4664,MA_4664",MA_RS19460,protein_coding,NC_003552.1,4611437,4611562,+
MA_RS19465,MA3734,"MA3734,MA_3734",MA_RS19465,protein_coding,NC_003552.1,4611673,4611903,+
MA_RS19470,MA3735,"MA3735,MA_3735",MA_RS19470,protein_coding,NC_003552.1,4611915,4612139,+
MA_RS19475,MA3736,"MA3736,MA_3736",MA_RS19475,protein_coding,NC_003552.1,4612316,4612669,+
MA_RS19480,MA3737,"MA3737,MA_3737",MA_RS19480,protein_coding,NC_003552.1,4612744,4613109,+
MA_RS19485,MA3739,"MA3739,MA_3739",MA_RS19485,protein_coding,NC_003552.1,4613372,4614754,+
MA_RS19490,MA3740,"MA3740,MA_3740",MA_RS19490,protein_coding,NC_003552.1,4614881,4615570,+
MA_RS19495,MA3741,"MA3741,MA_3741",afpA,protein_coding,NC_003552.1,4615729,4616352,+
MA_RS19500,MA3742,"MA3742,MA_3742",MA_RS19500,protein_coding,NC_003552.1,4616419,4616925,+
MA_RS19505,MA3743,"MA3743,MA_3743",MA_RS19505,protein_coding,NC_003552.1,4616947,4618155,+
MA_RS27535,,,MA_RS27535,protein_coding,NC_003552.1,4618386,4618550,+
MA_RS19510,MA3744,"MA3744,MA_3744",MA_RS19510,protein_coding,NC_003552.1,4619166,4619561,-
MA_RS19515,MA3745,"MA3745,MA_3745",MA_RS19515,protein_coding,NC_003552.1,4619633,4621261,+
MA_RS19520,MA3746,"MA3746,MA_3746",MA_RS19520,protein_coding,NC_003552.1,4621281,4621751,-
MA_RS27540,,,MA_RS27540,protein_coding,NC_003552.1,4621897,4622043,+
MA_RS19525,MA3747,"MA3747,MA_3747",MA_RS19525,protein_coding,NC_003552.1,4622223,4622867,-
MA_RS19530,MA3748,"MA3748,MA_3748",MA_RS19530,protein_coding,NC_003552.1,4623061,4624056,-
MA_RS19535,MA3749,"MA3749,MA_3749",MA_RS19535,protein_coding,NC_003552.1,4624122,4624682,-
MA_RS19540,MA3750,"MA3750,MA_3750",MA_RS19540,protein_coding,NC_003552.1,4624840,4625697,-
MA_RS19545,MA3751,"MA3751,MA_3751",hacB,protein_coding,NC_003552.1,4625867,4626364,-
MA_RS19550,MA3752,"MA3752,MA_3752",MA_RS19550,protein_coding,NC_003552.1,4626627,4629149,-
MA_RS19555,MA3753,"MA3753,MA_3753",MA_RS19555,protein_coding,NC_003552.1,4629672,4632224,-
MA_RS19560,MA3754,"MA3754,MA_3754",MA_RS19560,protein_coding,NC_003552.1,4632720,4635251,-
MA_RS19565,MA3755,"MA3755,MA_3755",MA_RS19565,protein_coding,NC_003552.1,4635365,4636519,-
MA_RS19570,MA3756,"MA3756,MA_3756",MA_RS19570,protein_coding,NC_003552.1,4636598,4637701,+
MA_RS19575,MA3757,"MA3757,MA_3757",MA_RS19575,protein_coding,NC_003552.1,4637764,4638819,+
MA_RS19580,MA3758,"MA3758,MA_3758",MA_RS19580,protein_coding,NC_003552.1,4638822,4639850,-
MA_RS19585,MA3759,"MA3759,MA_3759",istA,protein_coding,NC_003552.1,4640190,4641434,+
MA_RS19590,MA3760,"MA3760,MA_3760",istB,protein_coding,NC_003552.1,4641431,4642204,+
MA_RS19595,MA3761,"MA3761,MA_3761",MA_RS19595,protein_coding,NC_003552.1,4642505,4643791,-
MA_RS19605,MA3763,"MA3763,MA_3763",MA_RS19605,protein_coding,NC_003552.1,4644917,4646104,-
MA_RS19610,MA3764,"MA3764,MA_3764",MA_RS19610,protein_coding,NC_003552.1,4646743,4648221,+
MA_RS24810,MA_3765,MA_3765,MA_RS24810,protein_coding,NC_003552.1,4648379,4650403,-
MA_RS19620,MA3766,"MA3766,MA_3766",MA_RS19620,protein_coding,NC_003552.1,4650400,4651572,-
MA_RS19625,MA3767,"MA3767,MA_3767",MA_RS19625,protein_coding,NC_003552.1,4651574,4652434,-
MA_RS19630,,,MA_RS19630,protein_coding,NC_003552.1,4652525,4654285,-
MA_RS19635,,,MA_RS19635,protein_coding,NC_003552.1,4654392,4655426,-
MA_RS19640,,,MA_RS19640,protein_coding,NC_003552.1,4655398,4656066,-
MA_RS19650,MA3773,"MA3773,MA_3773",MA_RS19650,protein_coding,NC_003552.1,4658383,4658802,-
MA_RS29005,MA_3774,MA_3774,MA_RS29005,protein_coding,NC_003552.1,4658973,4659692,-
MA_RS19665,MA3776,"MA3776,MA_3776",MA_RS19665,protein_coding,NC_003552.1,4660355,4660648,-
MA_RS19670,MA3777,"MA3777,MA_3777",MA_RS19670,protein_coding,NC_003552.1,4660769,4661485,-
MA_RS19675,MA3778,"MA3778,MA_3778",rfbD,protein_coding,NC_003552.1,4661482,4662291,-
MA_RS19680,MA3779,"MA3779,MA_3779",rfbB,protein_coding,NC_003552.1,4662264,4663220,-
MA_RS19685,MA3780,"MA3780,MA_3780",rfbC,protein_coding,NC_003552.1,4663301,4663852,-
MA_RS19690,MA3781,"MA3781,MA_3781",MA_RS19690,protein_coding,NC_003552.1,4663862,4665244,-
MA_RS19695,MA3782,"MA3782,MA_3782",MA_RS19695,protein_coding,NC_003552.1,4665789,4666853,-
MA_RS19700,MA3783,"MA3783,MA_3783",arsM,protein_coding,NC_003552.1,4667261,4668010,-
MA_RS19705,MA3784,"MA3784,MA_3784",MA_RS19705,protein_coding,NC_003552.1,4668027,4668413,-
MA_RS29555,,,MA_RS29555,protein_coding,NC_003552.1,4668423,4668557,+
MA_RS19710,,,MA_RS19710,protein_coding,NC_003552.1,4668577,4668795,-
MA_RS19715,MA3786,"MA3786,MA_3786",MA_RS19715,protein_coding,NC_003552.1,4669652,4670497,+
MA_RS19720,MA3787,"MA3787,MA_3787",gltA,protein_coding,NC_003552.1,4670515,4671924,+
MA_RS19725,MA3788,"MA3788,MA_3788",MA_RS19725,protein_coding,NC_003552.1,4672148,4673104,-
MA_RS19730,MAt4725,MAt4725,MA_RS19730,tRNA,NC_003552.1,4673785,4673856,-
MA_RS19735,MA3789,"MA3789,MA_3789",MA_RS19735,protein_coding,NC_003552.1,4674201,4674743,-
MA_RS27550,,,MA_RS27550,protein_coding,NC_003552.1,4674981,4675169,+
MA_RS19745,MA3790,"MA3790,MA_3790",ilvC,protein_coding,NC_003552.1,4675144,4676151,-
MA_RS19750,MA3791,"MA3791,MA_3791",ilvN,protein_coding,NC_003552.1,4676513,4676998,-
MA_RS19755,MA3792,"MA3792,MA_3792",MA_RS19755,protein_coding,NC_003552.1,4676998,4678692,-
MA_RS19760,MA3793,"MA3793,MA_3793",MA_RS19760,protein_coding,NC_003552.1,4678982,4680469,-
MA_RS19765,MA3794,"MA3794,MA_3794",MA_RS19765,protein_coding,NC_003552.1,4680788,4681960,+
MA_RS19770,MA3796,"MA3796,MA_3796",MA_RS19770,protein_coding,NC_003552.1,4682311,4682886,-
MA_RS19775,MA3797,"MA3797,MA_3797",MA_RS19775,protein_coding,NC_003552.1,4682886,4684619,-
MA_RS19785,MA3798,"MA3798,MA_3798",MA_RS19785,protein_coding,NC_003552.1,4685239,4686039,+
MA_RS19790,MA3799,"MA3799,MA_3799",MA_RS19790,protein_coding,NC_003552.1,4686036,4686767,+
MA_RS19800,MA3801,"MA3801,MA_3801",MA_RS19800,protein_coding,NC_003552.1,4688183,4688572,-
MA_RS19805,,,MA_RS19805,protein_coding,NC_003552.1,4688692,4689072,-
MA_RS19810,MA3802,"MA3802,MA_3802",MA_RS19810,protein_coding,NC_003552.1,4689069,4689695,-
MA_RS19815,MA3803,"MA3803,MA_3803",MA_RS19815,protein_coding,NC_003552.1,4689706,4690095,-
MA_RS19820,MA3804,"MA3804,MA_3804",MA_RS19820,protein_coding,NC_003552.1,4690165,4690506,-
MA_RS24815,MA_3805,MA_3805,MA_RS24815,protein_coding,NC_003552.1,4690506,4692974,-
MA_RS27555,,,MA_RS27555,protein_coding,NC_003552.1,4692985,4693125,-
MA_RS19830,MA3806,"MA3806,MA_3806",MA_RS19830,protein_coding,NC_003552.1,4693155,4693391,-
MA_RS19835,,,MA_RS19835,protein_coding,NC_003552.1,4693394,4693612,-
MA_RS29560,,,MA_RS29560,protein_coding,NC_003552.1,4693658,4693792,-
MA_RS19840,MA3808,"MA3808,MA_3808",MA_RS19840,protein_coding,NC_003552.1,4693789,4694595,-
MA_RS19845,MA3809,"MA3809,MA_3809",MA_RS19845,protein_coding,NC_003552.1,4694599,4694973,-
MA_RS19850,MA3810,"MA3810,MA_3810",MA_RS19850,protein_coding,NC_003552.1,4694970,4695401,-
MA_RS19855,MA3811,"MA3811,MA_3811",MA_RS19855,protein_coding,NC_003552.1,4695402,4695650,-
MA_RS27560,,,MA_RS27560,protein_coding,NC_003552.1,4695652,4695804,-
MA_RS19860,MA3812,"MA3812,MA_3812",MA_RS19860,protein_coding,NC_003552.1,4695795,4696523,-
MA_RS19865,MA3813,"MA3813,MA_3813",MA_RS19865,protein_coding,NC_003552.1,4696520,4697140,-
MA_RS19870,MA3814,"MA3814,MA_3814",MA_RS19870,protein_coding,NC_003552.1,4697147,4697530,-
MA_RS19875,MA3815,"MA3815,MA_3815",MA_RS19875,protein_coding,NC_003552.1,4697536,4697799,-
MA_RS19880,MA3816,"MA3816,MA_3816",MA_RS19880,protein_coding,NC_003552.1,4697810,4698718,-
MA_RS19885,MA3817,"MA3817,MA_3817",MA_RS19885,protein_coding,NC_003552.1,4698730,4699176,-
MA_RS19890,MA3818,"MA3818,MA_3818",MA_RS19890,protein_coding,NC_003552.1,4699176,4699859,-
MA_RS19895,MA3819,"MA3819,MA_3819",MA_RS19895,protein_coding,NC_003552.1,4699820,4700152,-
MA_RS19900,MA3820,"MA3820,MA_3820",MA_RS19900,protein_coding,NC_003552.1,4700665,4702293,+
MA_RS19910,MA3821,"MA3821,MA_3821",MA_RS19910,protein_coding,NC_003552.1,4702654,4703355,+
MA_RS19915,,,MA_RS19915,protein_coding,NC_003552.1,4703651,4703863,-
MA_RS19920,MA3823,"MA3823,MA_3823",MA_RS19920,protein_coding,NC_003552.1,4703860,4705266,-
MA_RS27565,,,MA_RS27565,protein_coding,NC_003552.1,4705266,4705433,-
MA_RS19925,MA3824,"MA3824,MA_3824",MA_RS19925,protein_coding,NC_003552.1,4705435,4706667,-
MA_RS19930,MA3825,"MA3825,MA_3825",MA_RS19930,protein_coding,NC_003552.1,4706673,4707002,-
MA_RS19935,MA3826,"MA3826,MA_3826",terL,protein_coding,NC_003552.1,4707089,4708570,-
MA_RS19940,MA3827,"MA3827,MA_3827",MA_RS19940,protein_coding,NC_003552.1,4708583,4708795,-
MA_RS19945,MA3828,"MA3828,MA_3828",MA_RS19945,protein_coding,NC_003552.1,4708831,4709313,-
MA_RS19950,MA3829,"MA3829,MA_3829",MA_RS19950,protein_coding,NC_003552.1,4709398,4711473,-
MA_RS19955,MA3830,"MA3830,MA_3830",MA_RS19955,protein_coding,NC_003552.1,4711499,4711948,-
MA_RS19960,MA3831,"MA3831,MA_3831",MA_RS19960,protein_coding,NC_003552.1,4712231,4712575,-
MA_RS19965,MA3832,"MA3832,MA_3832",MA_RS19965,protein_coding,NC_003552.1,4712576,4712983,-
MA_RS19970,MA3833,"MA3833,MA_3833",MA_RS19970,protein_coding,NC_003552.1,4713083,4713646,-
MA_RS19975,MA3834,"MA3834,MA_3834",MA_RS19975,protein_coding,NC_003552.1,4713762,4714460,-
MA_RS19980,MA3835,"MA3835,MA_3835",MA_RS19980,protein_coding,NC_003552.1,4714457,4715053,-
MA_RS27570,,,MA_RS27570,protein_coding,NC_003552.1,4715050,4715187,-
MA_RS19985,,,MA_RS19985,protein_coding,NC_003552.1,4715201,4715524,-
MA_RS19990,,,MA_RS19990,protein_coding,NC_003552.1,4715496,4715840,-
MA_RS19995,MAt4726,MAt4726,MA_RS19995,tRNA,NC_003552.1,4715877,4715951,-
MA_RS27575,,,MA_RS27575,protein_coding,NC_003552.1,4716191,4716358,-
MA_RS20000,MA3837,"MA3837,MA_3837",MA_RS20000,protein_coding,NC_003552.1,4716474,4716686,-
MA_RS20005,,,MA_RS20005,protein_coding,NC_003552.1,4716690,4716896,-
MA_RS20010,,,MA_RS20010,protein_coding,NC_003552.1,4716893,4717183,-
MA_RS27580,,,MA_RS27580,protein_coding,NC_003552.1,4717180,4717353,-
MA_RS20015,,,MA_RS20015,protein_coding,NC_003552.1,4717353,4717541,-
MA_RS27995,,,MA_RS27995,protein_coding,NC_003552.1,4717547,4717720,-
MA_RS27585,,,MA_RS27585,protein_coding,NC_003552.1,4717948,4718103,-
MA_RS20025,MA3839,"MA3839,MA_3839",MA_RS20025,protein_coding,NC_003552.1,4718197,4718607,+
MA_RS20030,MA3840,"MA3840,MA_3840",MA_RS20030,protein_coding,NC_003552.1,4718639,4719718,-
MA_RS20035,MA3841,"MA3841,MA_3841",MA_RS20035,protein_coding,NC_003552.1,4719816,4720733,-
MA_RS24820,MA_3842,MA_3842,MA_RS24820,protein_coding,NC_003552.1,4722647,4724227,+
MA_RS26010,MA_3843,MA_3843,MA_RS26010,protein_coding,NC_003552.1,4725091,4725426,+
MA_RS26015,MA_3844,MA_3844,MA_RS26015,protein_coding,NC_003552.1,4725631,4726236,+
MA_RS20060,MA3845,"MA3845,MA_3845",MA_RS20060,protein_coding,NC_003552.1,4726397,4726738,+
MA_RS20065,MA3846,"MA3846,MA_3846",MA_RS20065,protein_coding,NC_003552.1,4727146,4728294,-
MA_RS26020,,,MA_RS26020,protein_coding,NC_003552.1,4728727,4729408,-
MA_RS20075,MA3849,"MA3849,MA_3849",MA_RS20075,protein_coding,NC_003552.1,4729726,4730811,-
MA_RS20080,MA3850,"MA3850,MA_3850",MA_RS20080,protein_coding,NC_003552.1,4731282,4731635,+
MA_RS20085,MA3851,"MA3851,MA_3851",MA_RS20085,protein_coding,NC_003552.1,4731759,4732763,+
MA_RS20100,MA3853,"MA3853,MA_3853",MA_RS20100,protein_coding,NC_003552.1,4734881,4736185,+
MA_RS20105,MA3854,"MA3854,MA_3854",MA_RS20105,protein_coding,NC_003552.1,4736582,4737019,+
MA_RS20110,MA3855,"MA3855,MA_3855",MA_RS20110,protein_coding,NC_003552.1,4737389,4737742,+
MA_RS20115,MA3856,"MA3856,MA_3856",MA_RS20115,protein_coding,NC_003552.1,4737766,4738743,+
MA_RS20120,MA3857,"MA3857,MA_3857",MA_RS20120,protein_coding,NC_003552.1,4738775,4739356,-
MA_RS20125,MA3858,"MA3858,MA_3858",MA_RS20125,protein_coding,NC_003552.1,4739810,4740241,-
MA_RS20130,MA3859,"MA3859,MA_3859",MA_RS20130,protein_coding,NC_003552.1,4740235,4740864,-
MA_RS20135,MA3860,"MA3860,MA_3860",cdhA,protein_coding,NC_003552.1,4742325,4744742,+
MA_RS20140,MA3861,"MA3861,MA_3861",cdhB,protein_coding,NC_003552.1,4744745,4745257,+
MA_RS20145,MA3862,"MA3862,MA_3862",cdhC,protein_coding,NC_003552.1,4745282,4746694,+
MA_RS20150,MA3863,"MA3863,MA_3863",MA_RS20150,protein_coding,NC_003552.1,4746750,4747511,+
MA_RS20155,MA3864,"MA3864,MA_3864",cdhD,protein_coding,NC_003552.1,4747748,4749058,+
MA_RS20160,MA3865,"MA3865,MA_3865",acsC,protein_coding,NC_003552.1,4749062,4750468,+
MA_RS20165,MA3866,"MA3866,MA_3866",MA_RS20165,protein_coding,NC_003552.1,4750814,4751563,-
MA_RS20170,MA3867,"MA3867,MA_3867",MA_RS20170,protein_coding,NC_003552.1,4751551,4752381,-
MA_RS20175,MA3868,"MA3868,MA_3868",MA_RS20175,protein_coding,NC_003552.1,4752717,4753442,+
MA_RS20180,MA3869,"MA3869,MA_3869",MA_RS20180,protein_coding,NC_003552.1,4753758,4754822,+
MA_RS20185,MA3870,"MA3870,MA_3870",MA_RS20185,protein_coding,NC_003552.1,4754776,4756035,+
MA_RS20190,MA3871,"MA3871,MA_3871",MA_RS20190,protein_coding,NC_003552.1,4756155,4756649,+
MA_RS20195,MA4682,"MA4682,MA_4682",MA_RS20195,protein_coding,NC_003552.1,4756660,4757172,+
MA_RS20200,MA3873,"MA3873,MA_3873",psmB,protein_coding,NC_003552.1,4757421,4758053,+
MA_RS20205,MA3874,"MA3874,MA_3874",MA_RS20205,protein_coding,NC_003552.1,4758169,4760082,+
MA_RS20210,MA3875,"MA3875,MA_3875",MA_RS20210,protein_coding,NC_003552.1,4760131,4760772,-
MA_RS20215,MA3876,"MA3876,MA_3876",ftsZ,protein_coding,NC_003552.1,4761788,4762966,+
MA_RS20220,MA3877,"MA3877,MA_3877",MA_RS20220,protein_coding,NC_003552.1,4763170,4764651,+
MA_RS20225,MA3878,"MA3878,MA_3878",MA_RS20225,protein_coding,NC_003552.1,4764688,4765146,+
MA_RS20230,MA3879,"MA3879,MA_3879",MA_RS20230,protein_coding,NC_003552.1,4765835,4767865,-
MA_RS20235,MA3880,"MA3880,MA_3880",MA_RS20235,protein_coding,NC_003552.1,4768898,4770913,+
MA_RS20240,MA3881,"MA3881,MA_3881",MA_RS20240,protein_coding,NC_003552.1,4772145,4773272,+
MA_RS20245,MA3882,"MA3882,MA_3882",MA_RS20245,protein_coding,NC_003552.1,4773481,4774644,+
MA_RS20250,MA3883,"MA3883,MA_3883",MA_RS20250,protein_coding,NC_003552.1,4774824,4775309,+
MA_RS20255,MA3884,"MA3884,MA_3884",sepF,protein_coding,NC_003552.1,4775533,4775913,+
MA_RS20260,MA3885,"MA3885,MA_3885",MA_RS20260,protein_coding,NC_003552.1,4775910,4776554,+
MA_RS20265,MA3886,"MA3886,MA_3886",proS,protein_coding,NC_003552.1,4776875,4778317,+
MA_RS20275,MA3887,"MA3887,MA_3887",cobT,protein_coding,NC_003552.1,4779134,4780183,+
MA_RS20285,MAt4727,MAt4727,MA_RS20285,tRNA,NC_003552.1,4781698,4781770,+
MA_RS20290,MAt4728,MAt4728,MA_RS20290,tRNA,NC_003552.1,4781878,4781952,+
MA_RS20295,MAt4729,MAt4729,MA_RS20295,tRNA,NC_003552.1,4782051,4782123,+
MA_RS20300,MA3889,"MA3889,MA_3889",MA_RS20300,protein_coding,NC_003552.1,4782554,4783477,+
MA_RS20305,MA3890,"MA3890,MA_3890",pyk,protein_coding,NC_003552.1,4783582,4785015,+
MA_RS20310,MA3891,"MA3891,MA_3891",MA_RS20310,protein_coding,NC_003552.1,4785195,4786118,+
MA_RS20315,MA3892,"MA3892,MA_3892",MA_RS20315,protein_coding,NC_003552.1,4786416,4786739,+
MA_RS20320,MA3893,"MA3893,MA_3893",MA_RS20320,protein_coding,NC_003552.1,4787124,4787522,+
MA_RS20325,MA3894,"MA3894,MA_3894",MA_RS20325,protein_coding,NC_003552.1,4787607,4788797,-
MA_RS20330,MA3895,"MA3895,MA_3895",nifH,protein_coding,NC_003552.1,4789281,4790102,+
MA_RS20335,MA3896,"MA3896,MA_3896",MA_RS20335,protein_coding,NC_003552.1,4790131,4790448,+
MA_RS20340,MA3897,"MA3897,MA_3897",MA_RS20340,protein_coding,NC_003552.1,4790475,4790852,+
MA_RS20345,MA3898,"MA3898,MA_3898",nifD,protein_coding,NC_003552.1,4790855,4792441,+
MA_RS20350,MA3899,"MA3899,MA_3899",nifK,protein_coding,NC_003552.1,4792469,4793839,+
MA_RS20355,MA3900,"MA3900,MA_3900",nifE,protein_coding,NC_003552.1,4793975,4795525,+
MA_RS20360,MA3901,"MA3901,MA_3901",MA_RS20360,protein_coding,NC_003552.1,4795539,4797116,+
MA_RS20365,MA3902,"MA3902,MA_3902",modB,protein_coding,NC_003552.1,4797309,4797974,+
MA_RS20370,MA3903,"MA3903,MA_3903",MA_RS20370,protein_coding,NC_003552.1,4797994,4799124,+
MA_RS20375,,,MA_RS20375,protein_coding,NC_003552.1,4800096,4800287,+
MA_RS20380,MA3904,"MA3904,MA_3904",MA_RS20380,protein_coding,NC_003552.1,4800408,4801163,+
MA_RS20385,MA3905,"MA3905,MA_3905",MA_RS20385,protein_coding,NC_003552.1,4801166,4802752,+
MA_RS20390,MA3906,"MA3906,MA_3906",MA_RS20390,protein_coding,NC_003552.1,4802764,4803723,+
MA_RS20395,MA3907,"MA3907,MA_3907",nikC,protein_coding,NC_003552.1,4803824,4804615,+
MA_RS20400,MA3908,"MA3908,MA_3908",MA_RS20400,protein_coding,NC_003552.1,4804631,4805611,+
MA_RS20405,MA3909,"MA3909,MA_3909",MA_RS20405,protein_coding,NC_003552.1,4805598,4806521,+
MA_RS20410,,,MA_RS20410,protein_coding,NC_003552.1,4806605,4806820,-
MA_RS20415,MA3910,"MA3910,MA_3910",MA_RS20415,protein_coding,NC_003552.1,4806819,4807592,+
MA_RS20420,MA3911,"MA3911,MA_3911",MA_RS20420,protein_coding,NC_003552.1,4807674,4808243,-
MA_RS20425,MA3912,"MA3912,MA_3912",MA_RS20425,protein_coding,NC_003552.1,4808583,4809896,+
MA_RS29010,,,MA_RS29010,protein_coding,NC_003552.1,4810212,4810505,-
MA_RS20435,MA3914,"MA3914,MA_3914",MA_RS20435,protein_coding,NC_003552.1,4810647,4813475,-
MA_RS20440,MA3915,"MA3915,MA_3915",MA_RS20440,protein_coding,NC_003552.1,4814120,4815001,-
MA_RS20445,MA3916,"MA3916,MA_3916",MA_RS20445,protein_coding,NC_003552.1,4815215,4815559,+
MA_RS20450,MA3917,"MA3917,MA_3917",MA_RS20450,protein_coding,NC_003552.1,4815571,4816764,+
MA_RS20455,MA3918,"MA3918,MA_3918",MA_RS20455,protein_coding,NC_003552.1,4817101,4818315,+
MA_RS20460,MA3919,"MA3919,MA_3919",MA_RS20460,protein_coding,NC_003552.1,4818534,4819298,-
MA_RS20465,MA3920,"MA3920,MA_3920",MA_RS20465,protein_coding,NC_003552.1,4819318,4820295,-
MA_RS20470,MA3921,"MA3921,MA_3921",MA_RS20470,protein_coding,NC_003552.1,4820292,4821266,-
MA_RS20475,MA3922,"MA3922,MA_3922",MA_RS20475,protein_coding,NC_003552.1,4821407,4822504,-
MA_RS20480,MA3923,"MA3923,MA_3923",MA_RS20480,protein_coding,NC_003552.1,4822742,4823218,+
MA_RS20485,MA3924,"MA3924,MA_3924",MA_RS20485,protein_coding,NC_003552.1,4823833,4824630,+
MA_RS20490,MA3925,"MA3925,MA_3925",MA_RS20490,protein_coding,NC_003552.1,4824967,4825764,+
MA_RS20495,MA3926,"MA3926,MA_3926",MA_RS20495,protein_coding,NC_003552.1,4825801,4826181,+
MA_RS20500,MA3927,"MA3927,MA_3927",MA_RS20500,protein_coding,NC_003552.1,4826221,4826565,+
MA_RS20505,MA3928,"MA3928,MA_3928",tusB,protein_coding,NC_003552.1,4826643,4826942,+
MA_RS20510,MA3929,"MA3929,MA_3929",MA_RS20510,protein_coding,NC_003552.1,4827095,4827379,+
MA_RS29015,,,MA_RS29015,protein_coding,NC_003552.1,4827462,4827608,+
MA_RS29020,,,MA_RS29020,protein_coding,NC_003552.1,4827732,4827824,+
MA_RS29025,MA_3930,MA_3930,MA_RS29025,protein_coding,NC_003552.1,4828015,4828629,-
MA_RS29030,,,MA_RS29030,protein_coding,NC_003552.1,4829010,4829156,+
MA_RS20525,MA3932,"MA3932,MA_3932",MA_RS20525,protein_coding,NC_003552.1,4829257,4830099,-
MA_RS20530,MA3933,"MA3933,MA_3933",MA_RS20530,protein_coding,NC_003552.1,4830182,4830634,-
MA_RS20535,MA3934,"MA3934,MA_3934",crcB,protein_coding,NC_003552.1,4831442,4831837,+
MA_RS20540,MA3935,"MA3935,MA_3935",MA_RS20540,protein_coding,NC_003552.1,4831834,4832163,+
MA_RS29680,MA_3936,MA_3936,MA_RS29680,protein_coding,NC_003552.1,4832095,4832562,-
MA_RS20545,MA3937,"MA3937,MA_3937",MA_RS20545,protein_coding,NC_003552.1,4832922,4833974,+
MA_RS20550,MA3938,"MA3938,MA_3938",MA_RS20550,protein_coding,NC_003552.1,4834086,4834319,+
MA_RS20555,MA3939,"MA3939,MA_3939",MA_RS20555,protein_coding,NC_003552.1,4834442,4834825,+
MA_RS20560,MA3940,"MA3940,MA_3940",MA_RS20560,protein_coding,NC_003552.1,4835022,4835282,+
MA_RS28100,,,MA_RS28100,protein_coding,NC_003552.1,4835548,4835712,-
MA_RS20565,MA3941,"MA3941,MA_3941",MA_RS20565,protein_coding,NC_003552.1,4835991,4836962,+
MA_RS20570,MA3942,"MA3942,MA_3942",MA_RS20570,protein_coding,NC_003552.1,4837070,4837300,+
MA_RS20575,MA3943,"MA3943,MA_3943",MA_RS20575,protein_coding,NC_003552.1,4837429,4837749,+
MA_RS20580,MA3944,"MA3944,MA_3944",MA_RS20580,protein_coding,NC_003552.1,4838053,4838940,+
MA_RS20585,MA3945,"MA3945,MA_3945",arsB,protein_coding,NC_003552.1,4838933,4839982,+
MA_RS20590,MA3946,"MA3946,MA_3946",MA_RS20590,protein_coding,NC_003552.1,4840075,4840449,-
MA_RS20595,MA3947,"MA3947,MA_3947",MA_RS20595,protein_coding,NC_003552.1,4840813,4841193,+
MA_RS20600,MA3949,"MA3949,MA_3949",MA_RS20600,protein_coding,NC_003552.1,4842768,4843088,+
MA_RS20605,MA3950,"MA3950,MA_3950",MA_RS20605,protein_coding,NC_003552.1,4843185,4844606,-
MA_RS20610,MA3951,"MA3951,MA_3951",MA_RS20610,protein_coding,NC_003552.1,4845037,4845741,-
MA_RS20615,MA3952,"MA3952,MA_3952",MA_RS20615,protein_coding,NC_003552.1,4846101,4846478,+
MA_RS20620,MA3953,"MA3953,MA_3953",MA_RS20620,protein_coding,NC_003552.1,4846545,4846886,-
MA_RS27595,,,MA_RS27595,protein_coding,NC_003552.1,4847077,4847250,-
MA_RS20625,MA3954,"MA3954,MA_3954",MA_RS20625,protein_coding,NC_003552.1,4847430,4847969,-
MA_RS20630,,,MA_RS20630,protein_coding,NC_003552.1,4848137,4848562,+
MA_RS20635,MA3956,"MA3956,MA_3956",MA_RS20635,protein_coding,NC_003552.1,4849066,4850733,+
MA_RS20645,MA3957,"MA3957,MA_3957",MA_RS20645,protein_coding,NC_003552.1,4854227,4854868,+
MA_RS20650,MA3958,"MA3958,MA_3958",MA_RS20650,protein_coding,NC_003552.1,4854881,4856122,+
MA_RS20655,MA3959,"MA3959,MA_3959",MA_RS20655,protein_coding,NC_003552.1,4856166,4857380,+
MA_RS20665,MA3960,"MA3960,MA_3960",MA_RS20665,protein_coding,NC_003552.1,4858207,4858833,+
MA_RS20670,MA3961,"MA3961,MA_3961",MA_RS20670,protein_coding,NC_003552.1,4859010,4860266,+
MA_RS20675,MA3962,"MA3962,MA_3962",MA_RS20675,protein_coding,NC_003552.1,4860546,4861925,-
MA_RS27600,,,MA_RS27600,protein_coding,NC_003552.1,4862280,4862438,+
MA_RS20680,MA3963,"MA3963,MA_3963",MA_RS20680,protein_coding,NC_003552.1,4862486,4863700,+
MA_RS20685,MA3965,"MA3965,MA_3965",MA_RS20685,protein_coding,NC_003552.1,4864192,4864800,+
MA_RS20690,MA3966,"MA3966,MA_3966",MA_RS20690,protein_coding,NC_003552.1,4864919,4865647,+
MA_RS20695,MA3967,"MA3967,MA_3967",MA_RS20695,protein_coding,NC_003552.1,4865796,4867532,-
MA_RS20700,MA3968,"MA3968,MA_3968",MA_RS20700,protein_coding,NC_003552.1,4867967,4868206,-
MA_RS20705,MA3969,"MA3969,MA_3969",MA_RS20705,protein_coding,NC_003552.1,4868548,4869291,-
MA_RS20710,MA3970,"MA3970,MA_3970",MA_RS20710,protein_coding,NC_003552.1,4869298,4869447,-
MA_RS20715,MA3971,"MA3971,MA_3971",purB,protein_coding,NC_003552.1,4870008,4871354,+
MA_RS20725,MA3972,"MA3972,MA_3972",MA_RS20725,protein_coding,NC_003552.1,4872860,4874485,-
MA_RS26045,MA_3973,MA_3973,ffs,SRP_RNA,NC_003552.1,4874795,4875109,+
MA_RS20730,MAt4730,MAt4730,MA_RS20730,tRNA,NC_003552.1,4875260,4875344,+
MA_RS20735,MA3974,"MA3974,MA_3974",MA_RS20735,protein_coding,NC_003552.1,4875542,4876240,+
MA_RS27605,,,MA_RS27605,protein_coding,NC_003552.1,4876306,4876458,-
MA_RS20740,MA3975,"MA3975,MA_3975",MA_RS20740,protein_coding,NC_003552.1,4877571,4879268,+
MA_RS20745,MA3976,"MA3976,MA_3976",MA_RS20745,protein_coding,NC_003552.1,4879279,4881228,+
MA_RS29565,,,MA_RS29565,protein_coding,NC_003552.1,4881286,4881420,-
MA_RS20750,MA3977,"MA3977,MA_3977",MA_RS20750,protein_coding,NC_003552.1,4881480,4882094,+
MA_RS20755,MA3978,"MA3978,MA_3978",ablB,protein_coding,NC_003552.1,4882134,4883009,-
MA_RS20760,MA3979,"MA3979,MA_3979",ablA,protein_coding,NC_003552.1,4883154,4884413,-
MA_RS20765,MA3980,"MA3980,MA_3980",MA_RS20765,protein_coding,NC_003552.1,4884750,4884971,-
MA_RS20770,MA3981,"MA3981,MA_3981",MA_RS20770,protein_coding,NC_003552.1,4885036,4887024,+
MA_RS20775,MA3983,"MA3983,MA_3983",MA_RS20775,protein_coding,NC_003552.1,4887852,4888235,+
MA_RS20780,MA3984,"MA3984,MA_3984",MA_RS20780,protein_coding,NC_003552.1,4888332,4888535,+
MA_RS20785,,,MA_RS20785,protein_coding,NC_003552.1,4889159,4889338,+
MA_RS20790,,,MA_RS20790,protein_coding,NC_003552.1,4889586,4889792,+
MA_RS20795,MA3986,"MA3986,MA_3986",speB,protein_coding,NC_003552.1,4890319,4891194,-
MA_RS20800,MA3987,"MA3987,MA_3987",MA_RS20800,protein_coding,NC_003552.1,4891272,4891658,-
MA_RS20805,MA3988,"MA3988,MA_3988",MA_RS20805,protein_coding,NC_003552.1,4891995,4893206,-
MA_RS20810,MA3989,"MA3989,MA_3989",MA_RS20810,protein_coding,NC_003552.1,4893518,4895242,-
MA_RS20815,MA3990,"MA3990,MA_3990",MA_RS20815,protein_coding,NC_003552.1,4895502,4895939,+
MA_RS20820,MA4674,"MA4674,MA_4674",MA_RS20820,protein_coding,NC_003552.1,4895962,4896609,-
MA_RS20825,MA3991,"MA3991,MA_3991",MA_RS20825,protein_coding,NC_003552.1,4897151,4897627,-
MA_RS20830,MA3992,"MA3992,MA_3992",MA_RS20830,protein_coding,NC_003552.1,4897768,4898703,-
MA_RS20835,MA3993,"MA3993,MA_3993",MA_RS20835,protein_coding,NC_003552.1,4898705,4899304,-
MA_RS20840,MA3994,"MA3994,MA_3994",MA_RS20840,protein_coding,NC_003552.1,4899312,4900559,-
MA_RS20845,MA3995,"MA3995,MA_3995",MA_RS20845,protein_coding,NC_003552.1,4900556,4901059,-
MA_RS20850,MA3996,"MA3996,MA_3996",MA_RS20850,protein_coding,NC_003552.1,4901065,4901508,-
MA_RS20855,MA3997,"MA3997,MA_3997",MA_RS20855,protein_coding,NC_003552.1,4901678,4903255,-
MA_RS20860,MA3998,"MA3998,MA_3998",atwA,protein_coding,NC_003552.1,4903296,4904909,-
MA_RS20865,MA3999,"MA3999,MA_3999",MA_RS20865,protein_coding,NC_003552.1,4905152,4905955,-
MA_RS20870,MA4000,"MA4000,MA_4000",MA_RS20870,protein_coding,NC_003552.1,4906076,4906969,-
MA_RS20875,,,MA_RS20875,protein_coding,NC_003552.1,4907489,4907824,+
MA_RS20880,MA4002,"MA4002,MA_4002",MA_RS20880,protein_coding,NC_003552.1,4909264,4909566,+
MA_RS24830,MA_4003,MA_4003,MA_RS24830,protein_coding,NC_003552.1,4909666,4911591,+
MA_RS20890,MA4004,"MA4004,MA_4004",fen,protein_coding,NC_003552.1,4911960,4912976,+
MA_RS20895,MA4005,"MA4005,MA_4005",MA_RS20895,protein_coding,NC_003552.1,4913001,4914008,+
MA_RS20900,MA4006,"MA4006,MA_4006",MA_RS20900,protein_coding,NC_003552.1,4914135,4915091,-
MA_RS20905,MA4007,"MA4007,MA_4007",gpmI,protein_coding,NC_003552.1,4915648,4917195,-
MA_RS20910,MA4008,"MA4008,MA_4008",MA_RS20910,protein_coding,NC_003552.1,4917467,4918072,+
MA_RS20915,MA4009,"MA4009,MA_4009",MA_RS20915,protein_coding,NC_003552.1,4918449,4918814,+
MA_RS20920,MA4010,"MA4010,MA_4010",MA_RS20920,protein_coding,NC_003552.1,4920379,4921302,+
MA_RS20925,MA4011,"MA4011,MA_4011",MA_RS20925,protein_coding,NC_003552.1,4921563,4922348,-
MA_RS20930,MA4012,"MA4012,MA_4012",purH,protein_coding,NC_003552.1,4923111,4924727,-
MA_RS20935,MA4013,"MA4013,MA_4013",MA_RS20935,protein_coding,NC_003552.1,4925125,4926477,+
MA_RS20940,MA4014,"MA4014,MA_4014",nth,protein_coding,NC_003552.1,4926667,4927371,+
MA_RS20945,,,MA_RS20945,protein_coding,NC_003552.1,4927598,4927903,-
MA_RS20950,MA4015,"MA4015,MA_4015",cbiM,protein_coding,NC_003552.1,4927900,4928565,-
MA_RS20955,MA4016,"MA4016,MA_4016",MA_RS20955,protein_coding,NC_003552.1,4929267,4929872,+
MA_RS20960,MA4017,"MA4017,MA_4017",MA_RS20960,protein_coding,NC_003552.1,4930203,4931075,+
MA_RS20965,MA4018,"MA4018,MA_4018",MA_RS20965,protein_coding,NC_003552.1,4931068,4931889,+
MA_RS20970,MA4019,"MA4019,MA_4019",cbiQ,protein_coding,NC_003552.1,4931963,4932769,-
MA_RS20975,MA4020,"MA4020,MA_4020",MA_RS20975,protein_coding,NC_003552.1,4932805,4933785,-
MA_RS20985,MA4021,"MA4021,MA_4021",MA_RS20985,protein_coding,NC_003552.1,4934097,4934927,-
MA_RS20990,MA4022,"MA4022,MA_4022",cbiQ,protein_coding,NC_003552.1,4934934,4935869,-
MA_RS20995,MA4023,"MA4023,MA_4023",cbiM,protein_coding,NC_003552.1,4935909,4936904,-
MA_RS27615,,,MA_RS27615,protein_coding,NC_003552.1,4937532,4937696,-
MA_RS21010,MA4026,"MA4026,MA_4026",MA_RS21010,protein_coding,NC_003552.1,4938476,4940665,+
MA_RS21015,MA4027,"MA4027,MA_4027",dinB,protein_coding,NC_003552.1,4941117,4942214,+
MA_RS21020,MA4028,"MA4028,MA_4028",MA_RS21020,protein_coding,NC_003552.1,4942695,4942949,+
MA_RS29570,,,MA_RS29570,protein_coding,NC_003552.1,4943522,4943644,+
MA_RS21035,MA4030,"MA4030,MA_4030",MA_RS21035,protein_coding,NC_003552.1,4945740,4946027,+
MA_RS27620,,,MA_RS27620,protein_coding,NC_003552.1,4946274,4946492,-
MA_RS21045,MA4032,"MA4032,MA_4032",MA_RS21045,protein_coding,NC_003552.1,4946514,4947110,-
MA_RS21050,MA4033,"MA4033,MA_4033",MA_RS21050,protein_coding,NC_003552.1,4947282,4948652,-
MA_RS21055,MA4034,"MA4034,MA_4034",MA_RS21055,protein_coding,NC_003552.1,4948917,4951190,-
MA_RS21065,MA4035,"MA4035,MA_4035",MA_RS21065,protein_coding,NC_003552.1,4952253,4953092,-
MA_RS21070,MA4036,"MA4036,MA_4036",MA_RS21070,protein_coding,NC_003552.1,4953439,4954365,-
MA_RS21075,MA4037,"MA4037,MA_4037",MA_RS21075,protein_coding,NC_003552.1,4954371,4954886,-
MA_RS21080,MA4038,"MA4038,MA_4038",MA_RS21080,protein_coding,NC_003552.1,4955120,4955497,-
MA_RS21085,MA4039,"MA4039,MA_4039",MA_RS21085,protein_coding,NC_003552.1,4955985,4956803,-
MA_RS21090,MA4040,"MA4040,MA_4040",MA_RS21090,protein_coding,NC_003552.1,4956944,4957684,+
MA_RS21095,MA4041,"MA4041,MA_4041",MA_RS21095,protein_coding,NC_003552.1,4957728,4958777,+
MA_RS21100,MA4042,"MA4042,MA_4042",MA_RS21100,protein_coding,NC_003552.1,4958795,4959967,+
MA_RS21105,MA4043,"MA4043,MA_4043",MA_RS21105,protein_coding,NC_003552.1,4959974,4960372,+
MA_RS21110,MA4044,"MA4044,MA_4044",cyaB,protein_coding,NC_003552.1,4960473,4961003,+
MA_RS21115,MA4045,"MA4045,MA_4045",MA_RS21115,protein_coding,NC_003552.1,4961234,4962013,-
MA_RS21120,MA4046,"MA4046,MA_4046",metG,protein_coding,NC_003552.1,4962351,4964477,-
MA_RS21125,MA4047,"MA4047,MA_4047",sppA,protein_coding,NC_003552.1,4964806,4966035,+
MA_RS21130,MA4048,"MA4048,MA_4048",serS,protein_coding,NC_003552.1,4966172,4967437,+
MA_RS21140,MA4050,"MA4050,MA_4050",MA_RS21140,protein_coding,NC_003552.1,4967646,4969622,-
MA_RS21145,MA4051,"MA4051,MA_4051",MA_RS21145,protein_coding,NC_003552.1,4969619,4970425,-
MA_RS21150,MA4052,"MA4052,MA_4052",MA_RS21150,protein_coding,NC_003552.1,4970469,4971659,-
MA_RS21155,MA4053,"MA4053,MA_4053",MA_RS21155,protein_coding,NC_003552.1,4971656,4972765,-
MA_RS21165,MA4055,"MA4055,MA_4055",purL,protein_coding,NC_003552.1,4973230,4975377,-
MA_RS21170,MA4057,"MA4057,MA_4057",MA_RS21170,protein_coding,NC_003552.1,4975823,4976740,+
MA_RS21175,MA4058,"MA4058,MA_4058",MA_RS21175,protein_coding,NC_003552.1,4976923,4977162,-
MA_RS21180,MA4059,"MA4059,MA_4059",yciH,protein_coding,NC_003552.1,4977707,4978015,+
MA_RS21185,MA4060,"MA4060,MA_4060",MA_RS21185,protein_coding,NC_003552.1,4978223,4978588,+
MA_RS21190,MA4061,"MA4061,MA_4061",MA_RS21190,protein_coding,NC_003552.1,4978585,4979811,+
MA_RS21195,MA4062,"MA4062,MA_4062",MA_RS21195,protein_coding,NC_003552.1,4980059,4980874,+
MA_RS21200,MA4063,"MA4063,MA_4063",purC,protein_coding,NC_003552.1,4981095,4981808,-
MA_RS21205,MA4064,"MA4064,MA_4064",MA_RS21205,protein_coding,NC_003552.1,4982291,4983577,+
MA_RS21210,MA4065,"MA4065,MA_4065",MA_RS21210,protein_coding,NC_003552.1,4983574,4984314,+
MA_RS21215,MA4066,"MA4066,MA_4066",MA_RS21215,protein_coding,NC_003552.1,4984508,4985896,+
MA_RS21220,,,MA_RS21220,protein_coding,NC_003552.1,4986194,4986520,+
MA_RS27625,,,MA_RS27625,protein_coding,NC_003552.1,4986559,4986732,+
MA_RS21225,MA4067,"MA4067,MA_4067",MA_RS21225,protein_coding,NC_003552.1,4986888,4987121,+
MA_RS21230,MA4068,"MA4068,MA_4068",MA_RS21230,protein_coding,NC_003552.1,4987413,4987895,-
MA_RS21235,MA4069,"MA4069,MA_4069",MA_RS21235,protein_coding,NC_003552.1,4988051,4989001,-
MA_RS21240,MA4070,"MA4070,MA_4070",MA_RS21240,protein_coding,NC_003552.1,4989218,4989547,+
MA_RS21245,MA4071,"MA4071,MA_4071",MA_RS21245,protein_coding,NC_003552.1,4989866,4990417,+
MA_RS21250,MA4072,"MA4072,MA_4072",MA_RS21250,protein_coding,NC_003552.1,4990537,4990863,+
MA_RS21260,MA4074,"MA4074,MA_4074",ftsA,protein_coding,NC_003552.1,4991487,4992845,+
MA_RS21265,MA4075,"MA4075,MA_4075",nikR,protein_coding,NC_003552.1,4993189,4993611,+
MA_RS21270,MA4076,"MA4076,MA_4076",MA_RS21270,protein_coding,NC_003552.1,4993713,4994069,-
MA_RS21275,MA4077,"MA4077,MA_4077",MA_RS21275,protein_coding,NC_003552.1,4994383,4996134,-
MA_RS21280,MA4078,"MA4078,MA_4078",MA_RS21280,protein_coding,NC_003552.1,4996458,4998629,-
MA_RS21285,MA4079,"MA4079,MA_4079",MA_RS21285,protein_coding,NC_003552.1,4999225,5000655,+
MA_RS21290,,,MA_RS21290,protein_coding,NC_003552.1,5000865,5001134,-
MA_RS21295,MA4081,"MA4081,MA_4081",MA_RS21295,protein_coding,NC_003552.1,5001782,5003095,-
MA_RS21300,MA4082,"MA4082,MA_4082",MA_RS21300,protein_coding,NC_003552.1,5003360,5006089,+
MA_RS21305,MA4083,"MA4083,MA_4083",MA_RS21305,protein_coding,NC_003552.1,5006170,5007351,-
MA_RS21310,MA4084,"MA4084,MA_4084",MA_RS21310,protein_coding,NC_003552.1,5007383,5008042,-
MA_RS21320,MA4085,"MA4085,MA_4085",MA_RS21320,protein_coding,NC_003552.1,5008379,5010058,-
MA_RS21325,MA4086,"MA4086,MA_4086",MA_RS21325,protein_coding,NC_003552.1,5010139,5010432,+
MA_RS21330,MA4087,"MA4087,MA_4087",glp,protein_coding,NC_003552.1,5010454,5011647,+
MA_RS21335,MA4088,"MA4088,MA_4088",crcB,protein_coding,NC_003552.1,5011801,5012181,+
MA_RS21340,MA4089,"MA4089,MA_4089",crcB,protein_coding,NC_003552.1,5012185,5012553,+
MA_RS28005,MA_4090,MA_4090,MA_RS28005,protein_coding,NC_003552.1,5012735,5013007,+
MA_RS27635,,,MA_RS27635,protein_coding,NC_003552.1,5013010,5013183,-
MA_RS21345,MA4091,"MA4091,MA_4091",MA_RS21345,protein_coding,NC_003552.1,5013762,5014478,+
MA_RS27640,,,MA_RS27640,protein_coding,NC_003552.1,5014591,5014740,+
MA_RS21355,MA4092,"MA4092,MA_4092",MA_RS21355,protein_coding,NC_003552.1,5015185,5015868,-
MA_RS21360,MA4093,"MA4093,MA_4093",MA_RS21360,protein_coding,NC_003552.1,5016080,5016934,-
MA_RS21365,MA4094,"MA4094,MA_4094",MA_RS21365,protein_coding,NC_003552.1,5017020,5017481,-
MA_RS21370,MA4095,"MA4095,MA_4095",MA_RS21370,protein_coding,NC_003552.1,5017501,5018610,-
MA_RS27645,,,MA_RS27645,protein_coding,NC_003552.1,5018895,5019071,+
MA_RS21375,MA4097,"MA4097,MA_4097",MA_RS21375,protein_coding,NC_003552.1,5019162,5019488,+
MA_RS21380,MA4098,"MA4098,MA_4098",MA_RS21380,protein_coding,NC_003552.1,5019631,5020065,+
MA_RS21385,MA4099,"MA4099,MA_4099",MA_RS21385,protein_coding,NC_003552.1,5020502,5020918,-
MA_RS21395,MA4100,"MA4100,MA_4100",MA_RS21395,protein_coding,NC_003552.1,5021763,5023106,+
MA_RS21400,MA4101,"MA4101,MA_4101",proB,protein_coding,NC_003552.1,5023245,5024402,+
MA_RS21405,MA4102,"MA4102,MA_4102",proC,protein_coding,NC_003552.1,5024676,5025488,+
MA_RS21410,MA4103,"MA4103,MA_4103",MA_RS21410,protein_coding,NC_003552.1,5026451,5027116,-
MA_RS21415,MA4104,"MA4104,MA_4104",MA_RS21415,protein_coding,NC_003552.1,5027438,5028418,+
MA_RS21420,MA4105,"MA4105,MA_4105",MA_RS21420,protein_coding,NC_003552.1,5028445,5029545,+
MA_RS21425,MA4106,"MA4106,MA_4106",MA_RS21425,protein_coding,NC_003552.1,5029914,5030093,+
MA_RS26065,,,MA_RS26065,protein_coding,NC_003552.1,5030157,5030839,-
MA_RS21440,MA4109,"MA4109,MA_4109",ftsY,protein_coding,NC_003552.1,5031007,5032260,-
MA_RS21445,MA4110,"MA4110,MA_4110",pfdA,protein_coding,NC_003552.1,5032473,5032901,-
MA_RS21450,MA4111,"MA4111,MA_4111",rpl18a,protein_coding,NC_003552.1,5032907,5033083,-
MA_RS21455,MA4112,"MA4112,MA_4112",MA_RS21455,protein_coding,NC_003552.1,5033138,5033794,-
MA_RS21460,MA4113,"MA4113,MA_4113",MA_RS21460,protein_coding,NC_003552.1,5033826,5034095,-
MA_RS26070,MA_4114,MA_4114,MA_RS26070,protein_coding,NC_003552.1,5034115,5034270,-
MA_RS21465,MA4115,"MA4115,MA_4115",MA_RS21465,protein_coding,NC_003552.1,5034570,5035172,-
MA_RS21470,MA4116,"MA4116,MA_4116",MA_RS21470,protein_coding,NC_003552.1,5035178,5035546,-
MA_RS21475,MA4117,"MA4117,MA_4117",MA_RS21475,protein_coding,NC_003552.1,5035636,5036085,-
MA_RS21480,MA4118,"MA4118,MA_4118",MA_RS21480,protein_coding,NC_003552.1,5036381,5037655,-
MA_RS21485,MA4119,"MA4119,MA_4119",MA_RS21485,protein_coding,NC_003552.1,5038093,5038470,-
MA_RS21490,MA4120,"MA4120,MA_4120",MA_RS21490,protein_coding,NC_003552.1,5038452,5038697,-
MA_RS27650,,,MA_RS27650,protein_coding,NC_003552.1,5039302,5039517,+
MA_RS21495,MA4121,"MA4121,MA_4121",MA_RS21495,protein_coding,NC_003552.1,5039654,5039875,+
MA_RS21500,MA4122,"MA4122,MA_4122",MA_RS21500,protein_coding,NC_003552.1,5040083,5041369,-
MA_RS21510,MAt4731,MAt4731,MA_RS21510,tRNA,NC_003552.1,5042745,5042819,+
MA_RS21515,MA4124,"MA4124,MA_4124",MA_RS21515,protein_coding,NC_003552.1,5042936,5043307,-
MA_RS21520,MA4125,"MA4125,MA_4125",MA_RS21520,protein_coding,NC_003552.1,5043454,5043672,+
MA_RS21525,MA4126,"MA4126,MA_4126",MA_RS21525,protein_coding,NC_003552.1,5043673,5043915,+
MA_RS21530,MA4127,"MA4127,MA_4127",MA_RS21530,protein_coding,NC_003552.1,5044148,5044756,-
MA_RS21535,MA4128,"MA4128,MA_4128",MA_RS21535,protein_coding,NC_003552.1,5045217,5045450,-
MA_RS21540,MA4129,"MA4129,MA_4129",MA_RS21540,protein_coding,NC_003552.1,5046162,5046599,+
MA_RS29575,,,MA_RS29575,protein_coding,NC_003552.1,5046612,5046743,+
MA_RS21545,,,MA_RS21545,protein_coding,NC_003552.1,5046757,5047002,+
MA_RS21550,MA4131,"MA4131,MA_4131",MA_RS21550,protein_coding,NC_003552.1,5047389,5048819,+
MA_RS21555,MA4132,"MA4132,MA_4132",istA,protein_coding,NC_003552.1,5049499,5050743,+
MA_RS21560,MA4133,"MA4133,MA_4133",istB,protein_coding,NC_003552.1,5050740,5051513,+
MA_RS21570,MA4134,"MA4134,MA_4134",MA_RS21570,protein_coding,NC_003552.1,5051833,5052066,+
MA_RS21575,MA4135,"MA4135,MA_4135",MA_RS21575,protein_coding,NC_003552.1,5053011,5054297,+
MA_RS29040,MA_4136,MA_4136,MA_RS29040,protein_coding,NC_003552.1,5054324,5054731,-
MA_RS21580,MA4137,"MA4137,MA_4137",MA_RS21580,protein_coding,NC_003552.1,5054882,5056855,-
MA_RS21585,MA4138,"MA4138,MA_4138",MA_RS21585,protein_coding,NC_003552.1,5057025,5057351,-
MA_RS21590,MA4139,"MA4139,MA_4139",MA_RS21590,protein_coding,NC_003552.1,5057437,5058006,-
MA_RS21595,MA4140,"MA4140,MA_4140",MA_RS21595,protein_coding,NC_003552.1,5058003,5058491,-
MA_RS27660,MA_4141,MA_4141,MA_RS27660,protein_coding,NC_003552.1,5058488,5058892,-
MA_RS21605,MA4142,"MA4142,MA_4142",MA_RS21605,protein_coding,NC_003552.1,5059128,5059394,-
MA_RS21610,MA4143,"MA4143,MA_4143",MA_RS21610,protein_coding,NC_003552.1,5059391,5059966,-
MA_RS21620,MA4144,"MA4144,MA_4144",MA_RS21620,protein_coding,NC_003552.1,5060557,5061516,+
MA_RS21625,MA4145,"MA4145,MA_4145",MA_RS21625,protein_coding,NC_003552.1,5061543,5061995,+
MA_RS21630,MA4147,"MA4147,MA_4147",MA_RS21630,protein_coding,NC_003552.1,5062220,5063749,+
MA_RS21635,MA4148,"MA4148,MA_4148",MA_RS21635,protein_coding,NC_003552.1,5063968,5064426,+
MA_RS21640,MAt4732,MAt4732,MA_RS21640,tRNA,NC_003552.1,5064612,5064696,-
MA_RS21645,MAt4733,MAt4733,MA_RS21645,tRNA,NC_003552.1,5064764,5064835,-
MA_RS29860,,,MA_RS29860,protein_coding,NC_003552.1,5065945,5066049,+
MA_RS21650,MA4149,"MA4149,MA_4149",MA_RS21650,protein_coding,NC_003552.1,5066075,5066455,+
MA_RS21655,MA4150,"MA4150,MA_4150",MA_RS21655,protein_coding,NC_003552.1,5066431,5067318,+
MA_RS21660,MA4151,"MA4151,MA_4151",MA_RS21660,protein_coding,NC_003552.1,5067457,5068638,+
MA_RS21665,MA4152,"MA4152,MA_4152",ahaH,protein_coding,NC_003552.1,5069683,5070012,+
MA_RS21670,MA4153,"MA4153,MA_4153",MA_RS21670,protein_coding,NC_003552.1,5070005,5071951,+
MA_RS21675,MA4154,"MA4154,MA_4154",MA_RS21675,protein_coding,NC_003552.1,5071956,5072204,+
MA_RS21680,MA4155,"MA4155,MA_4155",MA_RS21680,protein_coding,NC_003552.1,5072405,5072956,+
MA_RS21685,MA4156,"MA4156,MA_4156",MA_RS21685,protein_coding,NC_003552.1,5072963,5074045,+
MA_RS21690,MA4157,"MA4157,MA_4157",MA_RS21690,protein_coding,NC_003552.1,5074045,5074350,+
MA_RS21695,MA4158,"MA4158,MA_4158",MA_RS21695,protein_coding,NC_003552.1,5074341,5076077,+
MA_RS21700,MA4159,"MA4159,MA_4159",MA_RS21700,protein_coding,NC_003552.1,5076080,5077462,+
MA_RS21705,MA4160,"MA4160,MA_4160",MA_RS21705,protein_coding,NC_003552.1,5077468,5078097,+
MA_RS21710,MA4161,"MA4161,MA_4161",hypF,protein_coding,NC_003552.1,5078583,5080907,+
MA_RS21715,MA4162,"MA4162,MA_4162",MA_RS21715,protein_coding,NC_003552.1,5081050,5081514,+
MA_RS21720,MA4163,"MA4163,MA_4163",MA_RS21720,protein_coding,NC_003552.1,5081539,5083230,-
MA_RS21735,MA4164,"MA4164,MA_4164",MA_RS21735,protein_coding,NC_003552.1,5084184,5084978,+
MA_RS21740,MA4165,"MA4165,MA_4165",MA_RS21740,protein_coding,NC_003552.1,5085048,5086082,+
MA_RS21745,MA4166,"MA4166,MA_4166",MA_RS21745,protein_coding,NC_003552.1,5086340,5087707,+
MA_RS29580,,,MA_RS29580,protein_coding,NC_003552.1,5088261,5088383,-
MA_RS21750,MA4167,"MA4167,MA_4167",MA_RS21750,protein_coding,NC_003552.1,5088682,5089536,+
MA_RS21755,MA4168,"MA4168,MA_4168",MA_RS21755,protein_coding,NC_003552.1,5090220,5090411,+
MA_RS21760,MA4169,"MA4169,MA_4169",MA_RS21760,protein_coding,NC_003552.1,5091455,5091862,+
MA_RS21765,MA4170,"MA4170,MA_4170",MA_RS21765,protein_coding,NC_003552.1,5092840,5093718,-
MA_RS21770,MA4171,"MA4171,MA_4171",MA_RS21770,protein_coding,NC_003552.1,5093970,5094392,-
MA_RS21775,MA4172,"MA4172,MA_4172",MA_RS21775,protein_coding,NC_003552.1,5094804,5095697,-
MA_RS21780,MA4173,"MA4173,MA_4173",MA_RS21780,protein_coding,NC_003552.1,5096138,5096503,+
MA_RS21785,MA4174,"MA4174,MA_4174",MA_RS21785,protein_coding,NC_003552.1,5097380,5098420,+
MA_RS21790,MA4175,"MA4175,MA_4175",MA_RS21790,protein_coding,NC_003552.1,5098421,5100175,+
MA_RS21795,MA4176,"MA4176,MA_4176",MA_RS21795,protein_coding,NC_003552.1,5100180,5101046,+
MA_RS21800,MA4177,"MA4177,MA_4177",MA_RS21800,protein_coding,NC_003552.1,5101057,5101446,+
MA_RS21805,MA4178,"MA4178,MA_4178",MA_RS21805,protein_coding,NC_003552.1,5101449,5102750,+
MA_RS27665,MA_4179,MA_4179,MA_RS27665,protein_coding,NC_003552.1,5103005,5103181,+
MA_RS21810,MA4180,"MA4180,MA_4180",MA_RS21810,protein_coding,NC_003552.1,5103325,5103987,-
MA_RS21815,MA4181,"MA4181,MA_4181",MA_RS21815,protein_coding,NC_003552.1,5103950,5104774,-
MA_RS29865,MA_4182,MA_4182,MA_RS29865,protein_coding,NC_003552.1,5105102,5105572,-
MA_RS26290,,,MA_RS26290,protein_coding,NC_003552.1,5105536,5105790,-
MA_RS21825,MA4183,"MA4183,MA_4183",ltrA,protein_coding,NC_003552.1,5105843,5107090,-
MA_RS27670,,,MA_RS27670,protein_coding,NC_003552.1,5107126,5107311,-
MA_RS21830,MA4184,"MA4184,MA_4184",MA_RS21830,protein_coding,NC_003552.1,5107594,5108508,-
MA_RS21835,MA4185,"MA4185,MA_4185",MA_RS21835,protein_coding,NC_003552.1,5108939,5109790,-
MA_RS29045,,,MA_RS29045,protein_coding,NC_003552.1,5110845,5111315,-
MA_RS29050,,,MA_RS29050,protein_coding,NC_003552.1,5111370,5111732,-
MA_RS21850,MA4188,"MA4188,MA_4188",MA_RS21850,protein_coding,NC_003552.1,5112881,5113606,-
MA_RS21860,MAt4734,MAt4734,MA_RS21860,tRNA,NC_003552.1,5114025,5114096,-
MA_RS21865,MA4189,"MA4189,MA_4189",MA_RS21865,protein_coding,NC_003552.1,5114285,5114839,-
MA_RS21870,MA4190,"MA4190,MA_4190",MA_RS21870,protein_coding,NC_003552.1,5114867,5115181,-
MA_RS21880,MA4191,"MA4191,MA_4191",MA_RS21880,protein_coding,NC_003552.1,5115974,5116348,+
MA_RS21885,,,MA_RS21885,protein_coding,NC_003552.1,5116986,5117288,+
MA_RS21890,MA4193,"MA4193,MA_4193",MA_RS21890,protein_coding,NC_003552.1,5117417,5118415,-
MA_RS21895,MA4194,"MA4194,MA_4194",MA_RS21895,protein_coding,NC_003552.1,5118713,5118889,+
MA_RS21900,MA4195,"MA4195,MA_4195",nifB,protein_coding,NC_003552.1,5118988,5119959,-
MA_RS21905,MA4196,"MA4196,MA_4196",queD,protein_coding,NC_003552.1,5120172,5120525,-
MA_RS21910,MA4197,"MA4197,MA_4197",MA_RS21910,protein_coding,NC_003552.1,5120652,5121419,-
MA_RS21915,MA4198,"MA4198,MA_4198",MA_RS21915,protein_coding,NC_003552.1,5121420,5121980,-
MA_RS21920,MA4199,"MA4199,MA_4199",queC,protein_coding,NC_003552.1,5122105,5122800,-
MA_RS21925,MA4200,"MA4200,MA_4200",MA_RS21925,protein_coding,NC_003552.1,5123013,5123513,+
MA_RS21930,MA4201,"MA4201,MA_4201",MA_RS21930,protein_coding,NC_003552.1,5123731,5124153,+
MA_RS21935,MA4202,"MA4202,MA_4202",MA_RS21935,protein_coding,NC_003552.1,5124165,5124866,-
MA_RS21940,MA4203,"MA4203,MA_4203",MA_RS21940,protein_coding,NC_003552.1,5125035,5126963,-
MA_RS21945,MA4204,"MA4204,MA_4204",MA_RS21945,protein_coding,NC_003552.1,5127315,5128016,+
MA_RS21950,MA4205,"MA4205,MA_4205",MA_RS21950,protein_coding,NC_003552.1,5128215,5129048,-
MA_RS21955,MA4206,"MA4206,MA_4206",MA_RS21955,protein_coding,NC_003552.1,5129045,5130046,-
MA_RS21960,MA4207,"MA4207,MA_4207",MA_RS21960,protein_coding,NC_003552.1,5130958,5132367,+
MA_RS21965,MA4208,"MA4208,MA_4208",MA_RS21965,protein_coding,NC_003552.1,5132369,5132716,+
MA_RS21970,MA4209,"MA4209,MA_4209",MA_RS21970,protein_coding,NC_003552.1,5132804,5133235,+
MA_RS21975,MA4210,"MA4210,MA_4210",MA_RS21975,protein_coding,NC_003552.1,5133965,5134531,-
MA_RS21990,,,MA_RS21990,protein_coding,NC_003552.1,5136553,5136852,+
MA_RS21995,,,MA_RS21995,protein_coding,NC_003552.1,5136933,5137241,+
MA_RS22000,MA4213,"MA4213,MA_4213",MA_RS22000,protein_coding,NC_003552.1,5137379,5137603,+
MA_RS22005,MA4214,"MA4214,MA_4214",MA_RS22005,protein_coding,NC_003552.1,5137862,5138344,-
MA_RS22015,MA4216,"MA4216,MA_4216",glnA,protein_coding,NC_003552.1,5138708,5140051,+
MA_RS22025,MA4217,"MA4217,MA_4217",MA_RS22025,protein_coding,NC_003552.1,5140863,5141915,+
MA_RS22030,MA4218,"MA4218,MA_4218",MA_RS22030,protein_coding,NC_003552.1,5141912,5143423,+
MA_RS22035,MA4219,"MA4219,MA_4219",MA_RS22035,protein_coding,NC_003552.1,5143426,5144169,+
MA_RS22040,MA4220,"MA4220,MA_4220",MA_RS22040,protein_coding,NC_003552.1,5144176,5145213,+
MA_RS22045,MA4221,"MA4221,MA_4221",MA_RS22045,protein_coding,NC_003552.1,5145289,5145774,-
MA_RS22050,MA4222,"MA4222,MA_4222",MA_RS22050,protein_coding,NC_003552.1,5145829,5146947,-
MA_RS22055,MA4223,"MA4223,MA_4223",MA_RS22055,protein_coding,NC_003552.1,5147328,5147864,+
MA_RS26090,,,MA_RS26090,protein_coding,NC_003552.1,5148264,5148946,-
MA_RS22070,MA_4226,MA_4226,MA_RS22070,protein_coding,NC_003552.1,5149194,5149964,+
MA_RS22075,MA4227,"MA4227,MA_4227",MA_RS22075,protein_coding,NC_003552.1,5150148,5151632,-
MA_RS22080,MA4228,"MA4228,MA_4228",MA_RS22080,protein_coding,NC_003552.1,5151565,5152506,-
MA_RS27685,,,MA_RS27685,protein_coding,NC_003552.1,5153184,5153327,-
MA_RS22090,MA4229,"MA4229,MA_4229",MA_RS22090,protein_coding,NC_003552.1,5153360,5153773,-
MA_RS22095,MA4230,"MA4230,MA_4230",MA_RS22095,protein_coding,NC_003552.1,5153922,5154824,-
MA_RS26095,,,MA_RS26095,protein_coding,NC_003552.1,5155391,5155549,+
MA_RS22100,MA4232,"MA4232,MA_4232",MA_RS22100,protein_coding,NC_003552.1,5155626,5156819,-
MA_RS22105,MA4233,"MA4233,MA_4233",MA_RS22105,protein_coding,NC_003552.1,5157331,5157870,+
MA_RS22110,MA4234,"MA4234,MA_4234",MA_RS22110,protein_coding,NC_003552.1,5158022,5159614,-
MA_RS22115,MA4235,"MA4235,MA_4235",npdG,protein_coding,NC_003552.1,5160168,5160875,+
MA_RS22120,MA4236,"MA4236,MA_4236",hdrC,protein_coding,NC_003552.1,5161627,5162112,+
MA_RS22125,MA4237,"MA4237,MA_4237",hdrB,protein_coding,NC_003552.1,5162128,5163030,+
MA_RS22130,MA4238,"MA4238,MA_4238",MA_RS22130,protein_coding,NC_003552.1,5163181,5163642,-
MA_RS22135,MA4239,"MA4239,MA_4239",MA_RS22135,protein_coding,NC_003552.1,5163707,5164240,-
MA_RS22140,MA4240,"MA4240,MA_4240",MA_RS22140,protein_coding,NC_003552.1,5164806,5165504,-
MA_RS22145,MA4241,"MA4241,MA_4241",MA_RS22145,protein_coding,NC_003552.1,5165662,5166594,-
MA_RS22150,MA4242,"MA4242,MA_4242",MA_RS22150,protein_coding,NC_003552.1,5166591,5167445,-
MA_RS22155,MA4243,"MA4243,MA_4243",MA_RS22155,protein_coding,NC_003552.1,5167491,5167865,-
MA_RS22160,MA4244,"MA4244,MA_4244",MA_RS22160,protein_coding,NC_003552.1,5167961,5168332,-
MA_RS22165,MA4245,"MA4245,MA_4245",MA_RS22165,protein_coding,NC_003552.1,5168548,5168886,+
MA_RS22170,MA4246,"MA4246,MA_4246",MA_RS22170,protein_coding,NC_003552.1,5168938,5169780,+
MA_RS22175,MA4247,"MA4247,MA_4247",MA_RS22175,protein_coding,NC_003552.1,5170319,5171890,+
MA_RS22180,MA4248,"MA4248,MA_4248",MA_RS22180,protein_coding,NC_003552.1,5172034,5172792,+
MA_RS22185,MA4249,"MA4249,MA_4249",MA_RS22185,protein_coding,NC_003552.1,5172925,5173704,-
MA_RS22190,MA4250,"MA4250,MA_4250",nikB,protein_coding,NC_003552.1,5174024,5174971,+
MA_RS22195,MA4251,"MA4251,MA_4251",MA_RS22195,protein_coding,NC_003552.1,5174955,5175785,+
MA_RS22200,MA4252,"MA4252,MA_4252",MA_RS22200,protein_coding,NC_003552.1,5175782,5176765,+
MA_RS22205,MA4253,"MA4253,MA_4253",MA_RS22205,protein_coding,NC_003552.1,5176758,5177699,+
MA_RS22210,MA4254,"MA4254,MA_4254",MA_RS22210,protein_coding,NC_003552.1,5177955,5178440,+
MA_RS22215,MA4255,"MA4255,MA_4255",MA_RS22215,protein_coding,NC_003552.1,5178588,5179238,+
MA_RS22220,MA4256,"MA4256,MA_4256",MA_RS22220,protein_coding,NC_003552.1,5179342,5179770,-
MA_RS22225,MA4257,"MA4257,MA_4257",MA_RS22225,protein_coding,NC_003552.1,5179835,5180281,-
MA_RS22230,MA4258,"MA4258,MA_4258",MA_RS22230,protein_coding,NC_003552.1,5180615,5181337,-
MA_RS22235,MA4259,"MA4259,MA_4259",cobJ,protein_coding,NC_003552.1,5181327,5182127,-
MA_RS22240,,,MA_RS22240,protein_coding,NC_003552.1,5182096,5182452,-
MA_RS22245,,,MA_RS22245,protein_coding,NC_003552.1,5182525,5183037,-
MA_RS22250,MA4261,"MA4261,MA_4261",MA_RS22250,protein_coding,NC_003552.1,5183061,5183789,-
MA_RS22255,MA4262,"MA4262,MA_4262",MA_RS22255,protein_coding,NC_003552.1,5183807,5184415,-
MA_RS22260,MA4263,"MA4263,MA_4263",cbiT,protein_coding,NC_003552.1,5184506,5185060,-
MA_RS22265,MA4264,"MA4264,MA_4264",MA_RS22265,protein_coding,NC_003552.1,5185846,5187177,+
MA_RS22270,MA4265,"MA4265,MA_4265",MA_RS22270,protein_coding,NC_003552.1,5187268,5188296,-
MA_RS22275,MA4266,"MA4266,MA_4266",MA_RS22275,protein_coding,NC_003552.1,5188650,5189492,+
MA_RS22280,MA4267,"MA4267,MA_4267",MA_RS22280,protein_coding,NC_003552.1,5189799,5190284,-
MA_RS22285,MA4268,"MA4268,MA_4268",MA_RS22285,protein_coding,NC_003552.1,5190315,5191640,+
MA_RS22290,MA4269,"MA4269,MA_4269",MA_RS22290,protein_coding,NC_003552.1,5191775,5192365,+
MA_RS22295,MA4270,"MA4270,MA_4270",MA_RS22295,protein_coding,NC_003552.1,5192362,5192592,+
MA_RS22300,MA4271,"MA4271,MA_4271",ftsZ,protein_coding,NC_003552.1,5192880,5194004,+
MA_RS22305,MA4272,"MA4272,MA_4272",MA_RS22305,protein_coding,NC_003552.1,5194431,5194646,+
MA_RS22310,MA4273,"MA4273,MA_4273",MA_RS22310,protein_coding,NC_003552.1,5194643,5195101,+
MA_RS22315,MA4274,"MA4274,MA_4274",MA_RS22315,protein_coding,NC_003552.1,5195216,5195701,+
MA_RS22320,MA4275,"MA4275,MA_4275",MA_RS22320,protein_coding,NC_003552.1,5195933,5196574,+
MA_RS22325,MA4276,"MA4276,MA_4276",MA_RS22325,protein_coding,NC_003552.1,5196575,5197618,+
MA_RS22330,MA4277,"MA4277,MA_4277",rpl12p,protein_coding,NC_003552.1,5197662,5197976,+
MA_RS22335,MA4278,"MA4278,MA_4278",MA_RS22335,protein_coding,NC_003552.1,5198467,5199267,-
MA_RS29870,,,MA_RS29870,protein_coding,NC_003552.1,5200311,5200466,+
MA_RS22340,MA4279,"MA4279,MA_4279",MA_RS22340,protein_coding,NC_003552.1,5200517,5201509,+
MA_RS26105,MA_4280,MA_4280,MA_RS26105,protein_coding,NC_003552.1,5201813,5202082,-
MA_RS22345,MA4281,"MA4281,MA_4281",MA_RS22345,protein_coding,NC_003552.1,5202101,5202388,-
MA_RS28110,,,MA_RS28110,protein_coding,NC_003552.1,5202388,5202543,-
MA_RS22350,MA4282,MA4282,MA_RS22350,protein_coding,NC_003552.1,5203040,5203213,-
MA_RS27695,,,MA_RS27695,protein_coding,NC_003552.1,5203506,5203649,-
MA_RS29585,MA_4283,MA_4283,MA_RS29585,protein_coding,NC_003552.1,5203679,5204062,-
MA_RS22360,,,MA_RS22360,protein_coding,NC_003552.1,5204663,5204854,+
MA_RS27700,,,MA_RS27700,protein_coding,NC_003552.1,5205054,5205176,-
MA_RS22365,MA4284,"MA4284,MA_4284",MA_RS22365,protein_coding,NC_003552.1,5208153,5212328,+
MA_RS22370,MA4285,"MA4285,MA_4285",MA_RS22370,protein_coding,NC_003552.1,5213634,5218865,+
MA_RS29590,MA_4287,MA_4287,MA_RS29590,protein_coding,NC_003552.1,5219872,5226369,+
MA_RS22385,MA4289,"MA4289,MA_4289",MA_RS22385,protein_coding,NC_003552.1,5227553,5232757,+
MA_RS22390,MA4290,"MA4290,MA_4290",MA_RS22390,protein_coding,NC_003552.1,5233948,5235249,+
MA_RS22395,MA4291,"MA4291,MA_4291",MA_RS22395,protein_coding,NC_003552.1,5235309,5241005,+
MA_RS27730,,,MA_RS27730,protein_coding,NC_003552.1,5242069,5242233,-
MA_RS22400,MA4292,"MA4292,MA_4292",MA_RS22400,protein_coding,NC_003552.1,5242439,5248462,+
MA_RS22415,MA4293,"MA4293,MA_4293",MA_RS22415,protein_coding,NC_003552.1,5249161,5250288,-
MA_RS22420,MA4294,"MA4294,MA_4294",MA_RS22420,protein_coding,NC_003552.1,5250432,5251925,-
MA_RS22425,MA4295,"MA4295,MA_4295",MA_RS22425,protein_coding,NC_003552.1,5252544,5258900,-
MA_RS26120,MA_4297,MA_4297,MA_RS26120,protein_coding,NC_003552.1,5262623,5268076,+
MA_RS22440,MA4298,"MA4298,MA_4298",MA_RS22440,protein_coding,NC_003552.1,5268189,5269091,+
MA_RS22445,MA4299,"MA4299,MA_4299",MA_RS22445,protein_coding,NC_003552.1,5269127,5272654,+
MA_RS22455,MA4301,"MA4301,MA_4301",MA_RS22455,protein_coding,NC_003552.1,5273285,5277154,+
MA_RS22465,MA4302,"MA4302,MA_4302",MA_RS22465,protein_coding,NC_003552.1,5277805,5279088,-
MA_RS22470,MA4304,"MA4304,MA_4304",MA_RS22470,protein_coding,NC_003552.1,5279626,5280378,+
MA_RS22480,MA4305,"MA4305,MA_4305",MA_RS22480,protein_coding,NC_003552.1,5282175,5288021,+
MA_RS22485,MA4306,"MA4306,MA_4306",MA_RS22485,protein_coding,NC_003552.1,5289131,5292370,+
MA_RS22500,MA4309,"MA4309,MA_4309",MA_RS22500,protein_coding,NC_003552.1,5293762,5297550,+
MA_RS22510,MA4310,"MA4310,MA_4310",MA_RS22510,protein_coding,NC_003552.1,5298435,5300219,+
MA_RS22520,MA4312,"MA4312,MA_4312",MA_RS22520,protein_coding,NC_003552.1,5300960,5307049,+
MA_RS22530,MA4314,"MA4314,MA_4314",MA_RS22530,protein_coding,NC_003552.1,5308010,5309686,+
MA_RS24845,MA_4315,MA_4315,MA_RS24845,protein_coding,NC_003552.1,5309826,5314724,+
MA_RS22545,MA4317,"MA4317,MA_4317",MA_RS22545,protein_coding,NC_003552.1,5316590,5318104,-
MA_RS22550,MA4318,"MA4318,MA_4318",MA_RS22550,protein_coding,NC_003552.1,5318214,5319002,-
MA_RS22555,MA4319,"MA4319,MA_4319",MA_RS22555,protein_coding,NC_003552.1,5319155,5319898,-
MA_RS29075,,,MA_RS29075,protein_coding,NC_003552.1,5319977,5320156,+
MA_RS22565,MA4320,"MA4320,MA_4320",MA_RS22565,protein_coding,NC_003552.1,5320320,5321363,-
MA_RS22570,MA4321,"MA4321,MA_4321",MA_RS22570,protein_coding,NC_003552.1,5321353,5322153,-
MA_RS22575,MA4322,"MA4322,MA_4322",MA_RS22575,protein_coding,NC_003552.1,5322426,5322896,-
MA_RS26125,MA_4323,MA_4323,MA_RS26125,protein_coding,NC_003552.1,5323196,5323408,+
MA_RS22585,MA4324,"MA4324,MA_4324",MA_RS22585,protein_coding,NC_003552.1,5323950,5324468,-
MA_RS22590,MA4325,"MA4325,MA_4325",MA_RS22590,protein_coding,NC_003552.1,5325191,5326297,+
MA_RS22595,MA4326,"MA4326,MA_4326",MA_RS22595,protein_coding,NC_003552.1,5326341,5327447,+
MA_RS22600,MA4327,"MA4327,MA_4327",MA_RS22600,protein_coding,NC_003552.1,5327491,5328585,+
MA_RS22605,MA4328,"MA4328,MA_4328",MA_RS22605,protein_coding,NC_003552.1,5328637,5329812,+
MA_RS22610,MA4329,"MA4329,MA_4329",thiC,protein_coding,NC_003552.1,5330038,5331324,-
MA_RS22615,MA4330,"MA4330,MA_4330",aglJ,protein_coding,NC_003552.1,5331776,5332693,-
MA_RS22620,MA4331,"MA4331,MA_4331",MA_RS22620,protein_coding,NC_003552.1,5332823,5333374,-
MA_RS22625,MA4332,"MA4332,MA_4332",scpB,protein_coding,NC_003552.1,5333569,5334684,-
MA_RS22630,MA4333,"MA4333,MA_4333",MA_RS22630,protein_coding,NC_003552.1,5334730,5335815,-
MA_RS22635,MA4334,"MA4334,MA_4334",smc,protein_coding,NC_003552.1,5335808,5339335,-
MA_RS22640,MA4335,"MA4335,MA_4335",MA_RS22640,protein_coding,NC_003552.1,5339390,5340346,-
MA_RS22650,MA4336,"MA4336,MA_4336",MA_RS22650,protein_coding,NC_003552.1,5341151,5341330,-
MA_RS22660,MA4337,"MA4337,MA_4337",feoB,protein_coding,NC_003552.1,5342219,5344198,-
MA_RS22665,MA4338,"MA4338,MA_4338",MA_RS22665,protein_coding,NC_003552.1,5344243,5344908,-
MA_RS22670,MA4339,"MA4339,MA_4339",MA_RS22670,protein_coding,NC_003552.1,5345170,5345625,-
MA_RS22675,MAt4735,MAt4735,MA_RS22675,tRNA,NC_003552.1,5346020,5346094,-
MA_RS22685,MA4340,"MA4340,MA_4340",MA_RS22685,protein_coding,NC_003552.1,5346561,5347124,+
MA_RS22690,MA4341,"MA4341,MA_4341",MA_RS22690,protein_coding,NC_003552.1,5347197,5348021,+
MA_RS22695,MA4342,"MA4342,MA_4342",MA_RS22695,protein_coding,NC_003552.1,5347997,5348848,+
MA_RS22700,MA4343,"MA4343,MA_4343",MA_RS22700,protein_coding,NC_003552.1,5349005,5349778,+
MA_RS22705,MA4344,"MA4344,MA_4344",MA_RS22705,protein_coding,NC_003552.1,5350223,5350570,+
MA_RS22710,MA4345,"MA4345,MA_4345",MA_RS22710,protein_coding,NC_003552.1,5350567,5351934,+
MA_RS22715,MA4346,"MA4346,MA_4346",MA_RS22715,protein_coding,NC_003552.1,5352029,5352580,+
MA_RS22720,MA4347,"MA4347,MA_4347",MA_RS22720,protein_coding,NC_003552.1,5352667,5353314,-
MA_RS22730,MAt4736,MAt4736,MA_RS22730,tRNA,NC_003552.1,5354606,5354680,-
MA_RS22735,MA4349,"MA4349,MA_4349",ilvE,protein_coding,NC_003552.1,5355028,5355906,+
MA_RS22740,MA4350,"MA4350,MA_4350",MA_RS22740,protein_coding,NC_003552.1,5356225,5358165,+
MA_RS27745,,,MA_RS27745,protein_coding,NC_003552.1,5358450,5358617,+
MA_RS22745,MA4351,"MA4351,MA_4351",MA_RS22745,protein_coding,NC_003552.1,5359324,5360418,+
MA_RS22750,MA4352,"MA4352,MA_4352",MA_RS22750,protein_coding,NC_003552.1,5360712,5362823,-
MA_RS29085,,,MA_RS29085,protein_coding,NC_003552.1,5363064,5363714,-
MA_RS29090,,,MA_RS29090,protein_coding,NC_003552.1,5363711,5364037,-
MA_RS29095,,,MA_RS29095,protein_coding,NC_003552.1,5363953,5364243,-
MA_RS22760,,,MA_RS22760,protein_coding,NC_003552.1,5364476,5364667,+
MA_RS22765,MA4354,"MA4354,MA_4354",MA_RS22765,protein_coding,NC_003552.1,5364709,5366466,-
MA_RS22770,MA4355,"MA4355,MA_4355",MA_RS22770,protein_coding,NC_003552.1,5366948,5368060,-
MA_RS22780,MAt4737,MAt4737,MA_RS22780,tRNA,NC_003552.1,5370305,5370377,+
MA_RS29100,MA_4356,MA_4356,MA_RS29100,protein_coding,NC_003552.1,5370797,5371207,-
MA_RS22790,MA4357,"MA4357,MA_4357",MA_RS22790,protein_coding,NC_003552.1,5371270,5371992,-
MA_RS22795,MA4358,"MA4358,MA_4358",MA_RS22795,protein_coding,NC_003552.1,5371985,5372614,-
MA_RS22800,MA4359,"MA4359,MA_4359",MA_RS22800,protein_coding,NC_003552.1,5372836,5373828,-
MA_RS22805,MA4360,"MA4360,MA_4360",MA_RS22805,protein_coding,NC_003552.1,5373829,5374731,-
MA_RS22810,MA4361,"MA4361,MA_4361",MA_RS22810,protein_coding,NC_003552.1,5374734,5375951,-
MA_RS22815,MA4362,"MA4362,MA_4362",MA_RS22815,protein_coding,NC_003552.1,5376449,5378020,+
MA_RS22820,MA4363,"MA4363,MA_4363",MA_RS22820,protein_coding,NC_003552.1,5378384,5380321,+
MA_RS22825,MA4364,"MA4364,MA_4364",MA_RS22825,protein_coding,NC_003552.1,5380318,5380962,+
MA_RS22830,MA4365,"MA4365,MA_4365",MA_RS22830,protein_coding,NC_003552.1,5381639,5382892,-
MA_RS22835,MA4366,"MA4366,MA_4366",MA_RS22835,protein_coding,NC_003552.1,5382885,5383796,-
MA_RS22840,MA4367,"MA4367,MA_4367",MA_RS22840,protein_coding,NC_003552.1,5383911,5384582,+
MA_RS22845,MA4368,"MA4368,MA_4368",MA_RS22845,protein_coding,NC_003552.1,5385309,5387255,+
MA_RS22850,MA4369,"MA4369,MA_4369",MA_RS22850,protein_coding,NC_003552.1,5387252,5388193,+
MA_RS22855,MA4370,"MA4370,MA_4370",MA_RS22855,protein_coding,NC_003552.1,5388190,5388876,+
MA_RS22860,MA4371,"MA4371,MA_4371",MA_RS22860,protein_coding,NC_003552.1,5388873,5390423,+
MA_RS22865,MA4372,"MA4372,MA_4372",MA_RS22865,protein_coding,NC_003552.1,5390436,5392073,+
MA_RS22870,MA4373,"MA4373,MA_4373",MA_RS22870,protein_coding,NC_003552.1,5392120,5392632,+
MA_RS22875,MA4374,"MA4374,MA_4374",MA_RS22875,protein_coding,NC_003552.1,5392805,5393707,+
MA_RS27750,,,MA_RS27750,protein_coding,NC_003552.1,5393757,5393924,+
MA_RS22880,MA4375,"MA4375,MA_4375",MA_RS22880,protein_coding,NC_003552.1,5394084,5394869,+
MA_RS22885,MA4376,"MA4376,MA_4376",MA_RS22885,protein_coding,NC_003552.1,5395128,5395493,-
MA_RS22890,MA4377,"MA4377,MA_4377",MA_RS22890,protein_coding,NC_003552.1,5395465,5398551,-
MA_RS22895,MA4378,"MA4378,MA_4378",MA_RS22895,protein_coding,NC_003552.1,5399129,5401918,-
MA_RS22900,MA4379,"MA4379,MA_4379",mtaA,protein_coding,NC_003552.1,5402478,5403497,+
MA_RS22905,MA4380,"MA4380,MA_4380",MA_RS22905,protein_coding,NC_003552.1,5403822,5405441,+
MA_RS22910,MA4381,"MA4381,MA_4381",MA_RS22910,protein_coding,NC_003552.1,5406278,5407747,+
MA_RS22915,MA4382,"MA4382,MA_4382",MA_RS22915,protein_coding,NC_003552.1,5408423,5409589,+
MA_RS22920,MA4383,"MA4383,MA_4383",MA_RS22920,protein_coding,NC_003552.1,5409794,5410492,-
MA_RS22925,MA4384,"MA4384,MA_4384",MA_RS22925,protein_coding,NC_003552.1,5411710,5413605,+
MA_RS22930,MA4385,"MA4385,MA_4385",MA_RS22930,protein_coding,NC_003552.1,5413906,5414277,+
MA_RS22935,MA4386,"MA4386,MA_4386",MA_RS22935,protein_coding,NC_003552.1,5414799,5416406,+
MA_RS22945,MA4389,"MA4389,MA_4389",MA_RS22945,protein_coding,NC_003552.1,5417074,5418177,+
MA_RS22955,MA4391,"MA4391,MA_4391",mtaC,protein_coding,NC_003552.1,5419261,5420037,+
MA_RS22960,MA4392,"MA4392,MA_4392",mtaB,protein_coding,NC_003552.1,5420052,5421437,+
MA_RS22965,MA4393,"MA4393,MA_4393",MA_RS22965,protein_coding,NC_003552.1,5421493,5422074,+
MA_RS22970,MA4394,"MA4394,MA_4394",MA_RS22970,protein_coding,NC_003552.1,5422491,5423459,+
MA_RS22975,MA4395,"MA4395,MA_4395",MA_RS22975,protein_coding,NC_003552.1,5424079,5426094,+
MA_RS22980,MA4396,"MA4396,MA_4396",MA_RS22980,protein_coding,NC_003552.1,5426252,5428180,+
MA_RS22985,MA4397,"MA4397,MA_4397",MA_RS22985,protein_coding,NC_003552.1,5428320,5429105,+
MA_RS22990,MA4398,"MA4398,MA_4398",MA_RS22990,protein_coding,NC_003552.1,5429469,5430257,+
MA_RS22995,MA4399,"MA4399,MA_4399",cdhA,protein_coding,NC_003552.1,5430882,5433299,-
MA_RS23000,MA4400,"MA4400,MA_4400",MA_RS23000,protein_coding,NC_003552.1,5433732,5434151,-
MA_RS23005,MAt4738,MAt4738,MA_RS23005,tRNA,NC_003552.1,5434398,5434469,-
MA_RS23010,MA4401,"MA4401,MA_4401",MA_RS23010,protein_coding,NC_003552.1,5434643,5435827,+
MA_RS23015,MA4402,"MA4402,MA_4402",MA_RS23015,protein_coding,NC_003552.1,5435952,5436626,+
MA_RS23020,MA4403,"MA4403,MA_4403",MA_RS23020,protein_coding,NC_003552.1,5436633,5437160,+
MA_RS23025,MA4404,"MA4404,MA_4404",MA_RS23025,protein_coding,NC_003552.1,5437758,5438732,+
MA_RS23030,MA4405,"MA4405,MA_4405",MA_RS23030,protein_coding,NC_003552.1,5438765,5439427,+
MA_RS23035,MA4406,"MA4406,MA_4406",MA_RS23035,protein_coding,NC_003552.1,5439875,5440618,+
MA_RS23040,MA4407,"MA4407,MA_4407",MA_RS23040,protein_coding,NC_003552.1,5440600,5441823,+
MA_RS29105,,,MA_RS29105,protein_coding,NC_003552.1,5441996,5442148,+
MA_RS27760,,,MA_RS27760,protein_coding,NC_003552.1,5442176,5442340,+
MA_RS23045,MA4408,"MA4408,MA_4408",MA_RS23045,protein_coding,NC_003552.1,5442559,5442918,+
MA_RS23050,MA4409,"MA4409,MA_4409",MA_RS23050,protein_coding,NC_003552.1,5442924,5443541,+
MA_RS23055,MA4410,"MA4410,MA_4410",MA_RS23055,protein_coding,NC_003552.1,5443811,5446861,+
MA_RS23060,MA4411,"MA4411,MA_4411",MA_RS23060,protein_coding,NC_003552.1,5447513,5448121,-
MA_RS23065,MA4413,"MA4413,MA_4413",thsB,protein_coding,NC_003552.1,5449038,5450669,+
MA_RS23070,MA4414,"MA4414,MA_4414",MA_RS23070,protein_coding,NC_003552.1,5451040,5451429,-
MA_RS23075,MA4415,"MA4415,MA_4415",MA_RS23075,protein_coding,NC_003552.1,5451434,5452192,-
MA_RS23080,MA4416,"MA4416,MA_4416",MA_RS23080,protein_coding,NC_003552.1,5452624,5453211,+
MA_RS23085,MA4417,"MA4417,MA_4417",MA_RS23085,protein_coding,NC_003552.1,5453482,5453775,-
MA_RS29110,,,MA_RS29110,protein_coding,NC_003552.1,5453814,5454023,-
MA_RS23090,MA4418,"MA4418,MA_4418",MA_RS23090,protein_coding,NC_003552.1,5454266,5454709,-
MA_RS23095,MA4419,"MA4419,MA_4419",tgtA,protein_coding,NC_003552.1,5454844,5456316,+
MA_RS23100,MA4420,"MA4420,MA_4420",MA_RS23100,protein_coding,NC_003552.1,5456590,5457531,+
MA_RS23105,MA4421,"MA4421,MA_4421",MA_RS23105,protein_coding,NC_003552.1,5457549,5458706,+
MA_RS23110,MA4422,"MA4422,MA_4422",MA_RS23110,protein_coding,NC_003552.1,5458893,5460032,+
MA_RS24850,,,MA_RS24850,protein_coding,NC_003552.1,5460162,5460659,-
MA_RS23120,MA4424,"MA4424,MA_4424",MA_RS23120,protein_coding,NC_003552.1,5465382,5469998,-
MA_RS23125,MA4425,"MA4425,MA_4425",MA_RS23125,protein_coding,NC_003552.1,5470206,5470577,-
MA_RS23130,MA4426,"MA4426,MA_4426",MA_RS23130,protein_coding,NC_003552.1,5470498,5471319,-
MA_RS23135,MA4427,"MA4427,MA_4427",MA_RS23135,protein_coding,NC_003552.1,5471316,5471993,-
MA_RS23140,MA4428,"MA4428,MA_4428",MA_RS23140,protein_coding,NC_003552.1,5472663,5473520,-
MA_RS23145,MA4429,"MA4429,MA_4429",serB,protein_coding,NC_003552.1,5473561,5474256,-
MA_RS23150,MA4430,"MA4430,MA_4430",MA_RS23150,protein_coding,NC_003552.1,5474669,5475499,+
MA_RS27765,,,MA_RS27765,protein_coding,NC_003552.1,5475474,5475641,-
MA_RS23155,MA4431,"MA4431,MA_4431",MA_RS23155,protein_coding,NC_003552.1,5475714,5476154,-
MA_RS23160,MA4432,"MA4432,MA_4432",MA_RS23160,protein_coding,NC_003552.1,5476219,5476881,-
MA_RS23165,MA4433,"MA4433,MA_4433",tmk,protein_coding,NC_003552.1,5477043,5477663,+
MA_RS23170,MA4434,"MA4434,MA_4434",MA_RS23170,protein_coding,NC_003552.1,5477773,5478045,-
MA_RS23175,MA4435,"MA4435,MA_4435",MA_RS23175,protein_coding,NC_003552.1,5478183,5478920,-
MA_RS23180,MA4436,"MA4436,MA_4436",MA_RS23180,protein_coding,NC_003552.1,5479033,5479737,+
MA_RS23185,MA4437,"MA4437,MA_4437",MA_RS23185,protein_coding,NC_003552.1,5479856,5480425,+
MA_RS23190,MA4438,"MA4438,MA_4438",MA_RS23190,protein_coding,NC_003552.1,5480808,5482556,-
MA_RS23195,MA4440,"MA4440,MA_4440",MA_RS23195,protein_coding,NC_003552.1,5483251,5484156,-
MA_RS23205,MA4442,"MA4442,MA_4442",MA_RS23205,protein_coding,NC_003552.1,5486734,5488488,+
MA_RS23210,MA4444,"MA4444,MA_4444",MA_RS23210,protein_coding,NC_003552.1,5489742,5491823,+
MA_RS23215,MA4445,"MA4445,MA_4445",MA_RS23215,protein_coding,NC_003552.1,5492009,5492371,+
MA_RS23220,MA4446,"MA4446,MA_4446",MA_RS23220,protein_coding,NC_003552.1,5492647,5494242,-
MA_RS23225,,,MA_RS23225,protein_coding,NC_003552.1,5494923,5495126,+
MA_RS23230,MA4448,"MA4448,MA_4448",MA_RS23230,protein_coding,NC_003552.1,5495669,5496604,+
MA_RS23235,MA4449,"MA4449,MA_4449",MA_RS23235,protein_coding,NC_003552.1,5496815,5498752,+
MA_RS23240,MA4450,"MA4450,MA_4450",MA_RS23240,protein_coding,NC_003552.1,5498846,5500306,+
MA_RS23245,MA4451,"MA4451,MA_4451",MA_RS23245,protein_coding,NC_003552.1,5500491,5500781,-
MA_RS23250,MA4452,"MA4452,MA_4452",MA_RS23250,protein_coding,NC_003552.1,5500850,5502064,-
MA_RS23255,MA4453,"MA4453,MA_4453",MA_RS23255,protein_coding,NC_003552.1,5502109,5503035,-
MA_RS23260,MA4454,"MA4454,MA_4454",MA_RS23260,protein_coding,NC_003552.1,5503019,5504074,-
MA_RS23265,MA4455,"MA4455,MA_4455",MA_RS23265,protein_coding,NC_003552.1,5504058,5505131,-
MA_RS23270,MA4456,"MA4456,MA_4456",MA_RS23270,protein_coding,NC_003552.1,5505729,5506010,-
MA_RS23275,MA4457,"MA4457,MA_4457",MA_RS23275,protein_coding,NC_003552.1,5506259,5507542,+
MA_RS23280,MA4458,"MA4458,MA_4458",MA_RS23280,protein_coding,NC_003552.1,5507514,5507738,+
MA_RS23285,MA4459,"MA4459,MA_4459",galU,protein_coding,NC_003552.1,5507807,5508694,-
MA_RS23290,MA4460,"MA4460,MA_4460",MA_RS23290,protein_coding,NC_003552.1,5508886,5509836,+
MA_RS23295,MA4461,"MA4461,MA_4461",MA_RS23295,protein_coding,NC_003552.1,5510012,5511484,-
MA_RS27770,,,MA_RS27770,protein_coding,NC_003552.1,5512656,5512808,+
MA_RS27775,,,MA_RS27775,protein_coding,NC_003552.1,5512950,5513123,+
MA_RS23305,MA4463,"MA4463,MA_4463",MA_RS23305,protein_coding,NC_003552.1,5513764,5514681,-
MA_RS23310,MA4464,"MA4464,MA_4464",MA_RS23310,protein_coding,NC_003552.1,5514764,5515660,-
MA_RS27780,,,MA_RS27780,protein_coding,NC_003552.1,5515811,5516053,+
MA_RS23315,MA4465,"MA4465,MA_4465",MA_RS23315,protein_coding,NC_003552.1,5516195,5517082,+
MA_RS23320,MA4466,"MA4466,MA_4466",MA_RS23320,protein_coding,NC_003552.1,5517084,5517959,+
MA_RS29115,MA_4467,MA_4467,MA_RS29115,protein_coding,NC_003552.1,5518244,5518495,+
MA_RS29120,MA_4468,MA_4468,MA_RS29120,protein_coding,NC_003552.1,5518498,5519031,+
MA_RS23330,MA4469,"MA4469,MA_4469",MA_RS23330,protein_coding,NC_003552.1,5519140,5519904,+
MA_RS23335,MA4470,"MA4470,MA_4470",MA_RS23335,protein_coding,NC_003552.1,5520335,5520676,+
MA_RS23340,MA4472,"MA4472,MA_4472",MA_RS23340,protein_coding,NC_003552.1,5521340,5521534,+
MA_RS23345,MA4473,"MA4473,MA_4473",dapA,protein_coding,NC_003552.1,5521605,5522480,+
MA_RS23350,MA4474,"MA4474,MA_4474",dapB,protein_coding,NC_003552.1,5522477,5523268,+
MA_RS23355,MA4475,"MA4475,MA_4475",MA_RS23355,protein_coding,NC_003552.1,5523713,5524129,-
MA_RS23360,MA4476,"MA4476,MA_4476",MA_RS23360,protein_coding,NC_003552.1,5524151,5524672,-
MA_RS23365,MA4477,"MA4477,MA_4477",MA_RS23365,protein_coding,NC_003552.1,5524703,5525113,-
MA_RS27785,,,MA_RS27785,protein_coding,NC_003552.1,5525142,5525315,-
MA_RS23370,MA4478,"MA4478,MA_4478",MA_RS23370,protein_coding,NC_003552.1,5525346,5526404,-
MA_RS23375,MA4479,"MA4479,MA_4479",MA_RS23375,protein_coding,NC_003552.1,5526705,5527112,-
MA_RS23380,MA4480,"MA4480,MA_4480",MA_RS23380,protein_coding,NC_003552.1,5527105,5528610,-
MA_RS23385,MA4481,"MA4481,MA_4481",MA_RS23385,protein_coding,NC_003552.1,5528744,5530627,-
MA_RS23390,MA4482,"MA4482,MA_4482",MA_RS23390,protein_coding,NC_003552.1,5531119,5531544,-
MA_RS23395,MA4483,"MA4483,MA_4483",MA_RS23395,protein_coding,NC_003552.1,5531741,5532658,+
MA_RS23400,MA4484,"MA4484,MA_4484",MA_RS23400,protein_coding,NC_003552.1,5533072,5533428,-
MA_RS23405,MA4485,"MA4485,MA_4485",MA_RS23405,protein_coding,NC_003552.1,5533711,5534166,+
MA_RS23410,MA4486,"MA4486,MA_4486",MA_RS23410,protein_coding,NC_003552.1,5534201,5534809,+
MA_RS23415,MA4487,"MA4487,MA_4487",MA_RS23415,protein_coding,NC_003552.1,5534806,5535525,+
MA_RS23420,MA4488,"MA4488,MA_4488",MA_RS23420,protein_coding,NC_003552.1,5535531,5536145,+
MA_RS23425,MA4489,"MA4489,MA_4489",MA_RS23425,protein_coding,NC_003552.1,5536163,5536747,+
MA_RS23430,MA4490,"MA4490,MA_4490",MA_RS23430,protein_coding,NC_003552.1,5536748,5537377,+
MA_RS23435,MA4491,"MA4491,MA_4491",MA_RS23435,protein_coding,NC_003552.1,5537374,5538006,+
MA_RS23440,MA4492,"MA4492,MA_4492",MA_RS23440,protein_coding,NC_003552.1,5538003,5538614,+
MA_RS23445,MA4493,"MA4493,MA_4493",MA_RS23445,protein_coding,NC_003552.1,5538615,5539238,+
MA_RS23450,MA4494,"MA4494,MA_4494",MA_RS23450,protein_coding,NC_003552.1,5539239,5539865,+
MA_RS23455,,,MA_RS23455,protein_coding,NC_003552.1,5539866,5540600,+
MA_RS23460,MA4497,"MA4497,MA_4497",MA_RS23460,protein_coding,NC_003552.1,5540602,5541339,+
MA_RS23465,MA4498,"MA4498,MA_4498",MA_RS23465,protein_coding,NC_003552.1,5541496,5542242,+
MA_RS23470,MA4499,"MA4499,MA_4499",MA_RS23470,protein_coding,NC_003552.1,5542381,5543094,+
MA_RS23475,MA4500,"MA4500,MA_4500",MA_RS23475,protein_coding,NC_003552.1,5543178,5543651,-
MA_RS23480,MA4501,"MA4501,MA_4501",pyrI,protein_coding,NC_003552.1,5543788,5544258,-
MA_RS23485,MA4502,"MA4502,MA_4502",pyrB,protein_coding,NC_003552.1,5544255,5545181,-
MA_RS23490,MA4503,"MA4503,MA_4503",MA_RS23490,protein_coding,NC_003552.1,5545287,5545766,-
MA_RS23495,MA4504,"MA4504,MA_4504",hxlA,protein_coding,NC_003552.1,5546145,5547416,+
MA_RS23500,MA4505,"MA4505,MA_4505",MA_RS23500,protein_coding,NC_003552.1,5547697,5548491,+
MA_RS29125,,,MA_RS29125,protein_coding,NC_003552.1,5548793,5548948,+
MA_RS23510,MA4506,"MA4506,MA_4506",MA_RS23510,protein_coding,NC_003552.1,5549375,5551633,-
MA_RS23515,MA4507,"MA4507,MA_4507",recQ,protein_coding,NC_003552.1,5551963,5554692,-
MA_RS23525,MA4510,"MA4510,MA_4510",MA_RS23525,protein_coding,NC_003552.1,5556573,5556920,-
MA_RS23530,MA4511,"MA4511,MA_4511",guaA,protein_coding,NC_003552.1,5557403,5558320,+
MA_RS23535,MA4512,"MA4512,MA_4512",MA_RS23535,protein_coding,NC_003552.1,5558508,5559338,+
MA_RS23540,MA4513,"MA4513,MA_4513",MA_RS23540,protein_coding,NC_003552.1,5559546,5560586,+
MA_RS23545,MA4514,"MA4514,MA_4514",MA_RS23545,protein_coding,NC_003552.1,5560623,5561129,-
MA_RS23550,MA4515,"MA4515,MA_4515",argB,protein_coding,NC_003552.1,5561189,5562088,-
MA_RS23555,MA4516,"MA4516,MA_4516",MA_RS23555,protein_coding,NC_003552.1,5562428,5562712,-
MA_RS23560,MA4517,"MA4517,MA_4517",mptA,protein_coding,NC_003552.1,5563124,5564080,+
MA_RS23565,MA4518,"MA4518,MA_4518",MA_RS23565,protein_coding,NC_003552.1,5564326,5564652,+
MA_RS23570,MA4519,"MA4519,MA_4519",MA_RS23570,protein_coding,NC_003552.1,5564730,5566163,-
MA_RS23575,MA4520,"MA4520,MA_4520",MA_RS23575,protein_coding,NC_003552.1,5566780,5567943,+
MA_RS23580,MA4521,"MA4521,MA_4521",MA_RS23580,protein_coding,NC_003552.1,5568124,5568780,-
MA_RS23585,MA4522,"MA4522,MA_4522",gatC,protein_coding,NC_003552.1,5569184,5569465,+
MA_RS23590,MA4523,"MA4523,MA_4523",gatA,protein_coding,NC_003552.1,5569478,5570905,+
MA_RS23595,MA4524,"MA4524,MA_4524",gatB,protein_coding,NC_003552.1,5570906,5572393,+
MA_RS23600,MA4525,"MA4525,MA_4525",MA_RS23600,protein_coding,NC_003552.1,5572481,5573281,-
MA_RS23605,MA4527,"MA4527,MA_4527",MA_RS23605,protein_coding,NC_003552.1,5573662,5574213,+
MA_RS29595,,,MA_RS29595,protein_coding,NC_003552.1,5574599,5574733,-
MA_RS23615,MA4529,"MA4529,MA_4529",istB,protein_coding,NC_003552.1,5575241,5576014,-
MA_RS23625,MA4531,"MA4531,MA_4531",MA_RS23625,protein_coding,NC_003552.1,5578136,5579431,-
MA_RS23630,MA4532,"MA4532,MA_4532",MA_RS23630,protein_coding,NC_003552.1,5579604,5580386,-
MA_RS23635,MA4533,"MA4533,MA_4533",MA_RS23635,protein_coding,NC_003552.1,5580377,5581396,-
MA_RS23640,MA4534,"MA4534,MA_4534",MA_RS23640,protein_coding,NC_003552.1,5581389,5583155,-
MA_RS23645,MA4535,"MA4535,MA_4535",MA_RS23645,protein_coding,NC_003552.1,5583299,5583805,-
MA_RS23650,MA4536,"MA4536,MA_4536",MA_RS23650,protein_coding,NC_003552.1,5583808,5584920,-
MA_RS23655,MA4537,"MA4537,MA_4537",MA_RS23655,protein_coding,NC_003552.1,5585398,5586486,-
MA_RS23660,MA4538,"MA4538,MA_4538",MA_RS23660,protein_coding,NC_003552.1,5586613,5587455,-
MA_RS24870,,,MA_RS24870,protein_coding,NC_003552.1,5587734,5587946,-
MA_RS24875,,,MA_RS24875,protein_coding,NC_003552.1,5587974,5588408,-
MA_RS23670,MA4540,"MA4540,MA_4540",MA_RS23670,protein_coding,NC_003552.1,5588911,5589507,+
MA_RS23675,MA4541,"MA4541,MA_4541",MA_RS23675,protein_coding,NC_003552.1,5589531,5590442,+
MA_RS23680,MA4542,"MA4542,MA_4542",htpX,protein_coding,NC_003552.1,5591063,5591923,+
MA_RS27790,,,MA_RS27790,protein_coding,NC_003552.1,5591865,5592143,-
MA_RS23685,MA4543,"MA4543,MA_4543",MA_RS23685,protein_coding,NC_003552.1,5592477,5593130,+
MA_RS23690,MA4544,"MA4544,MA_4544",aroA,protein_coding,NC_003552.1,5593231,5594523,+
MA_RS23695,MA4545,"MA4545,MA_4545",MA_RS23695,protein_coding,NC_003552.1,5595442,5596422,+
MA_RS23700,MA4546,"MA4546,MA_4546",mcrA,protein_coding,NC_003552.1,5596675,5598387,-
MA_RS23705,MA4547,"MA4547,MA_4547",mcrG,protein_coding,NC_003552.1,5598398,5599144,-
MA_RS23710,MA4548,"MA4548,MA_4548",mcrC,protein_coding,NC_003552.1,5599146,5599766,-
MA_RS23715,MA4549,"MA4549,MA_4549",mcrD,protein_coding,NC_003552.1,5599773,5600285,-
MA_RS23720,MA4550,"MA4550,MA_4550",mcrB,protein_coding,NC_003552.1,5600310,5601614,-
MA_RS23725,MA4551,"MA4551,MA_4551",mmp10,protein_coding,NC_003552.1,5602034,5603269,+
MA_RS23730,MA4552,"MA4552,MA_4552",MA_RS23730,protein_coding,NC_003552.1,5603630,5607067,-
MA_RS23735,MA4553,"MA4553,MA_4553",MA_RS23735,protein_coding,NC_003552.1,5607101,5607346,-
MA_RS23740,MA4554,"MA4554,MA_4554",MA_RS23740,protein_coding,NC_003552.1,5607440,5608522,-
MA_RS23745,MA4555,"MA4555,MA_4555",rbcL,protein_coding,NC_003552.1,5608659,5609945,-
MA_RS29600,,,MA_RS29600,protein_coding,NC_003552.1,5610106,5610234,+
MA_RS23750,MA4556,"MA4556,MA_4556",MA_RS23750,protein_coding,NC_003552.1,5610284,5611435,-
MA_RS23755,,,MA_RS23755,protein_coding,NC_003552.1,5612118,5612507,-
MA_RS23765,MA4558,"MA4558,MA_4558",MA_RS23765,protein_coding,NC_003552.1,5612969,5614909,-
MA_RS27795,,,MA_RS27795,protein_coding,NC_003552.1,5615266,5615442,+
MA_RS23770,MA4559,"MA4559,MA_4559",mtaA,protein_coding,NC_003552.1,5615561,5616667,-
MA_RS23775,MA4560,"MA4560,MA_4560",MA_RS23775,protein_coding,NC_003552.1,5616747,5617538,-
MA_RS23780,MA4561,"MA4561,MA_4561",msmS,protein_coding,NC_003552.1,5617561,5620557,-
MA_RS23785,MA4562,"MA4562,MA_4562",MA_RS23785,protein_coding,NC_003552.1,5620642,5622606,-
MA_RS23790,MA4563,"MA4563,MA_4563",MA_RS23790,protein_coding,NC_003552.1,5622844,5624799,-
MA_RS23795,MA4564,"MA4564,MA_4564",MA_RS23795,protein_coding,NC_003552.1,5625260,5625952,-
MA_RS23800,MA4565,"MA4565,MA_4565",MA_RS23800,protein_coding,NC_003552.1,5626276,5626458,-
MA_RS23805,MA4566,"MA4566,MA_4566",mnhG,protein_coding,NC_003552.1,5626836,5627207,-
MA_RS23810,MA4567,"MA4567,MA_4567",MA_RS23810,protein_coding,NC_003552.1,5627207,5627422,-
MA_RS23815,MA4568,"MA4568,MA_4568",MA_RS23815,protein_coding,NC_003552.1,5627479,5627976,-
MA_RS23820,MA4569,"MA4569,MA_4569",MA_RS23820,protein_coding,NC_003552.1,5627973,5629541,-
MA_RS23825,MA4570,"MA4570,MA_4570",MA_RS23825,protein_coding,NC_003552.1,5629538,5629963,-
MA_RS23830,MA4665,"MA4665,MA_4665",MA_RS23830,protein_coding,NC_003552.1,5629956,5630411,-
MA_RS23835,MA4572,"MA4572,MA_4572",mbhE,protein_coding,NC_003552.1,5630411,5632831,-
MA_RS23845,MA4573,"MA4573,MA_4573",hsp20,protein_coding,NC_003552.1,5634197,5634694,-
MA_RS23850,MA4574,"MA4574,MA_4574",hsp20,protein_coding,NC_003552.1,5634728,5635252,-
MA_RS23855,MA4575,"MA4575,MA_4575",MA_RS23855,protein_coding,NC_003552.1,5635412,5637673,-
MA_RS23860,MA4576,"MA4576,MA_4576",MA_RS23860,protein_coding,NC_003552.1,5637670,5638362,-
MA_RS27800,,,MA_RS27800,protein_coding,NC_003552.1,5638496,5638666,-
MA_RS23865,MA4577,"MA4577,MA_4577",MA_RS23865,protein_coding,NC_003552.1,5638852,5640279,+
MA_RS23870,MA4578,"MA4578,MA_4578",MA_RS23870,protein_coding,NC_003552.1,5640367,5641071,-
MA_RS24880,MA_4579,MA_4579,MA_RS24880,protein_coding,NC_003552.1,5641088,5642140,-
MA_RS23885,MA4580,"MA4580,MA_4580",MA_RS23885,protein_coding,NC_003552.1,5642426,5642884,-
MA_RS27805,,,MA_RS27805,protein_coding,NC_003552.1,5643243,5643386,-
MA_RS23895,MA4581,"MA4581,MA_4581",MA_RS23895,protein_coding,NC_003552.1,5643518,5644192,-
MA_RS23900,MA4582,"MA4582,MA_4582",MA_RS23900,protein_coding,NC_003552.1,5644562,5645344,+
MA_RS23905,MA4583,"MA4583,MA_4583",MA_RS23905,protein_coding,NC_003552.1,5645326,5645706,-
MA_RS23910,MA4584,"MA4584,MA_4584",MA_RS23910,protein_coding,NC_003552.1,5645778,5646116,-
MA_RS23915,MA4585,"MA4585,MA_4585",MA_RS23915,protein_coding,NC_003552.1,5646265,5647107,+
MA_RS29130,MA_4586,MA_4586,MA_RS29130,protein_coding,NC_003552.1,5647234,5647611,-
MA_RS23925,MAt4739,MAt4739,MA_RS23925,tRNA,NC_003552.1,5648188,5648262,+
MA_RS23930,MAt4740,MAt4740,MA_RS23930,tRNA,NC_003552.1,5648321,5648395,+
MA_RS23935,MA4587,"MA4587,MA_4587",MA_RS23935,protein_coding,NC_003552.1,5648960,5650282,+
MA_RS29135,MA_4588,MA_4588,MA_RS29135,protein_coding,NC_003552.1,5650614,5659469,-
MA_RS29140,MA_4589,MA_4589,MA_RS29140,protein_coding,NC_003552.1,5660489,5664559,-
MA_RS23955,MA4590,"MA4590,MA_4590",MA_RS23955,protein_coding,NC_003552.1,5665776,5666345,-
MA_RS23960,MA4591,"MA4591,MA_4591",MA_RS23960,protein_coding,NC_003552.1,5666859,5667656,+
MA_RS23965,MA4592,"MA4592,MA_4592",MA_RS23965,protein_coding,NC_003552.1,5667764,5668906,+
MA_RS23970,MA4593,"MA4593,MA_4593",aroD,protein_coding,NC_003552.1,5669066,5669794,+
MA_RS23975,MA4594,"MA4594,MA_4594",MA_RS23975,protein_coding,NC_003552.1,5669791,5670633,+
MA_RS23980,MA4595,"MA4595,MA_4595",MA_RS23980,protein_coding,NC_003552.1,5670630,5672060,+
MA_RS23985,MA4596,"MA4596,MA_4596",MA_RS23985,protein_coding,NC_003552.1,5672228,5673673,+
MA_RS23990,MA4597,"MA4597,MA_4597",MA_RS23990,protein_coding,NC_003552.1,5673842,5674669,-
MA_RS23995,MA4598,"MA4598,MA_4598",MA_RS23995,protein_coding,NC_003552.1,5674672,5675625,-
MA_RS24000,MA4599,"MA4599,MA_4599",MA_RS24000,protein_coding,NC_003552.1,5675625,5676449,-
MA_RS24005,MA4600,"MA4600,MA_4600",MA_RS24005,protein_coding,NC_003552.1,5676452,5677450,-
MA_RS24010,MA4601,"MA4601,MA_4601",MA_RS24010,protein_coding,NC_003552.1,5677467,5679218,-
MA_RS24015,MA4602,"MA4602,MA_4602",MA_RS24015,protein_coding,NC_003552.1,5679220,5679873,-
MA_RS24025,MA4604,"MA4604,MA_4604",MA_RS24025,protein_coding,NC_003552.1,5680339,5681460,+
MA_RS24030,MA4605,"MA4605,MA_4605",MA_RS24030,protein_coding,NC_003552.1,5681476,5682543,+
MA_RS24035,MA4606,"MA4606,MA_4606",MA_RS24035,protein_coding,NC_003552.1,5682540,5683418,+
MA_RS24040,MA4607,"MA4607,MA_4607",tpiA,protein_coding,NC_003552.1,5683577,5684245,-
MA_RS24045,MA4608,"MA4608,MA_4608",MA_RS24045,protein_coding,NC_003552.1,5684306,5685484,-
MA_RS24050,MA4609,"MA4609,MA_4609",nth,protein_coding,NC_003552.1,5685710,5686324,-
MA_RS27820,,,MA_RS27820,tRNA,NC_003552.1,5686501,5686572,-
MA_RS24055,MAt4742,MAt4742,MA_RS24055,tRNA,NC_003552.1,5686644,5686715,-
MA_RS24060,MA4610,"MA4610,MA_4610",MA_RS24060,protein_coding,NC_003552.1,5686878,5687486,-
MA_RS24065,MA4611,"MA4611,MA_4611",MA_RS24065,protein_coding,NC_003552.1,5688069,5690120,+
MA_RS24070,MA4612,"MA4612,MA_4612",rrf,rRNA,NC_003552.1,5690268,5690389,-
MA_RS24075,MA4613,"MA4613,MA_4613",MA_RS24075,rRNA,NC_003552.1,5690464,5693367,-
MA_RS24080,MA4614,"MA4614,MA_4614",MA_RS24080,rRNA,NC_003552.1,5693557,5695034,-
MA_RS24085,MA4615,"MA4615,MA_4615",MA_RS24085,protein_coding,NC_003552.1,5695744,5697291,+
MA_RS24090,MA4616,"MA4616,MA_4616",MA_RS24090,protein_coding,NC_003552.1,5697439,5698197,+
MA_RS24095,MA4617,"MA4617,MA_4617",MA_RS24095,protein_coding,NC_003552.1,5698281,5698922,+
MA_RS24100,MA4618,"MA4618,MA_4618",MA_RS24100,protein_coding,NC_003552.1,5699337,5701181,+
MA_RS24890,MA_4619,MA_4619,MA_RS24890,protein_coding,NC_003552.1,5701530,5702285,-
MA_RS24110,MA4620,"MA4620,MA_4620",MA_RS24110,protein_coding,NC_003552.1,5702451,5703056,+
MA_RS24115,MA4621,"MA4621,MA_4621",MA_RS24115,protein_coding,NC_003552.1,5703053,5704480,+
MA_RS24120,MA4622,"MA4622,MA_4622",MA_RS24120,protein_coding,NC_003552.1,5704594,5705016,+
MA_RS24125,MA4623,"MA4623,MA_4623",MA_RS24125,protein_coding,NC_003552.1,5705259,5705462,-
MA_RS24130,MA4624,"MA4624,MA_4624",MA_RS24130,protein_coding,NC_003552.1,5705567,5705824,-
MA_RS24135,MA4625,"MA4625,MA_4625",MA_RS24135,protein_coding,NC_003552.1,5706346,5706981,-
MA_RS24140,MA4626,"MA4626,MA_4626",ltrA,protein_coding,NC_003552.1,5707034,5708281,-
MA_RS27825,,,MA_RS27825,protein_coding,NC_003552.1,5708317,5708502,-
MA_RS29605,,,MA_RS29605,protein_coding,NC_003552.1,5708785,5709069,-
MA_RS24145,MA4627,"MA4627,MA_4627",MA_RS24145,protein_coding,NC_003552.1,5709066,5709695,-
MA_RS24150,MA4628,"MA4628,MA_4628",MA_RS24150,protein_coding,NC_003552.1,5710125,5711000,-
MA_RS24155,MA4629,"MA4629,MA_4629",MA_RS24155,protein_coding,NC_003552.1,5711892,5712449,-
MA_RS24160,MA4630,"MA4630,MA_4630",MA_RS24160,protein_coding,NC_003552.1,5712868,5714019,-
MA_RS24165,MA4631,"MA4631,MA_4631",MA_RS24165,protein_coding,NC_003552.1,5714025,5715395,-
MA_RS24170,MA4632,"MA4632,MA_4632",arcS,protein_coding,NC_003552.1,5715639,5717516,+
MA_RS24175,MA4633,"MA4633,MA_4633",rimI,protein_coding,NC_003552.1,5717720,5718250,+
MA_RS24180,MA4634,"MA4634,MA_4634",MA_RS24180,protein_coding,NC_003552.1,5718234,5718512,-
MA_RS24185,MA4635,"MA4635,MA_4635",dnaG,protein_coding,NC_003552.1,5718926,5720485,-
MA_RS24190,MA4636,"MA4636,MA_4636",MA_RS24190,protein_coding,NC_003552.1,5722007,5723473,+
MA_RS24195,MA4637,"MA4637,MA_4637",rtcA,protein_coding,NC_003552.1,5723568,5724635,+
MA_RS24200,MA4638,"MA4638,MA_4638",MA_RS24200,protein_coding,NC_003552.1,5724787,5725410,-
MA_RS24205,MA4640,"MA4640,MA_4640",MA_RS24205,protein_coding,NC_003552.1,5726681,5727370,+
MA_RS24210,MA4641,"MA4641,MA_4641",MA_RS24210,protein_coding,NC_003552.1,5727367,5727996,+
MA_RS24215,MA4642,"MA4642,MA_4642",MA_RS24215,protein_coding,NC_003552.1,5728022,5728405,+
MA_RS24220,MA4643,"MA4643,MA_4643",MA_RS24220,protein_coding,NC_003552.1,5728534,5732778,+
MA_RS24225,MA4644,"MA4644,MA_4644",MA_RS24225,protein_coding,NC_003552.1,5733216,5734280,-
MA_RS24230,MA4645,"MA4645,MA_4645",MA_RS24230,protein_coding,NC_003552.1,5735021,5736475,+
MA_RS24240,MA4647,"MA4647,MA_4647",MA_RS24240,protein_coding,NC_003552.1,5737506,5738135,+
MA_RS24245,MA4648,"MA4648,MA_4648",MA_RS24245,protein_coding,NC_003552.1,5738490,5739284,+
MA_RS24250,MA4649,"MA4649,MA_4649",MA_RS24250,protein_coding,NC_003552.1,5739655,5740656,+
MA_RS24255,MA4650,"MA4650,MA_4650",MA_RS24255,protein_coding,NC_003552.1,5741085,5741930,+
MA_RS24260,MA4651,"MA4651,MA_4651",MA_RS24260,protein_coding,NC_003552.1,5742241,5743017,+
MA_RS24265,MA4652,"MA4652,MA_4652",MA_RS24265,protein_coding,NC_003552.1,5743231,5744022,-
MA_RS24270,MA4653,"MA4653,MA_4653",MA_RS24270,protein_coding,NC_003552.1,5744219,5745391,+
MA_RS24275,MA4654,"MA4654,MA_4654",MA_RS24275,protein_coding,NC_003552.1,5745796,5746848,+
MA_RS24280,MA4655,"MA4655,MA_4655",MA_RS24280,protein_coding,NC_003552.1,5746967,5747449,+
MA_RS24285,MA4656,"MA4656,MA_4656",MA_RS24285,protein_coding,NC_003552.1,5747851,5748690,+
MA_RS27830,,,MA_RS27830,protein_coding,NC_003552.1,5748723,5748986,+
MA_RS24295,MA4658,"MA4658,MA_4658",MA_RS24295,protein_coding,NC_003552.1,5748991,5749764,-
MA_RS24300,MA4659,"MA4659,MA_4659",MA_RS24300,protein_coding,NC_003552.1,5750026,5750505,-
MA_RS24305,MA4660,"MA4660,MA_4660",MA_RS24305,protein_coding,NC_003552.1,5750684,5751244,-
